モード,条件,順番,名前,Lv,HP,攻撃,防御,速度,固有ID,勝率検証
第一章,1:floor-boss-10,1,⚔️ 黒鉄の剣王,14,486,54,20,25,floor-boss-10,未実戦検証
第一章,2:floor-boss-20,1,⚔️ 翠風の鏡術師,21,1090,321,29,77,floor-boss-20,未実戦検証
第一章,3:floor-boss-30,1,⚔️ 熔城の城塞公,31,1343,160,56,27,floor-boss-30,未実戦検証
第一章,4:floor-boss-40,1,⚔️ 氷迅の疾風侯,41,1755,170,65,51,floor-boss-40,未実戦検証
第一章,5:floor-boss-50,1,⚔️ 星祷の命紡ぎ,52,3752,163,180,54,floor-boss-50,未実戦検証
第一章,6:floor-boss-60,1,⚔️ 深潮の封陣卿,62,2037,154,154,75,floor-boss-60,未実戦検証
第一章,7:floor-boss-70,1,⚔️ 瘴牙の双牙将,72,4990,993,201,71,floor-boss-70,未実戦検証
第一章,8:floor-boss-80,1,⚔️ 虚鐘の葬鐘守,82,7138,229,301,38,floor-boss-80,未実戦検証
第一章,9:floor-boss-90,1,⚔️ 火冠の冠位竜,93,13523,651,472,68,floor-boss-90,未実戦検証
第一章,10:abyss_gluttony,1,⚔️ 深淵Ⅰ 暴食,103,19525,855,627,36,abyss_gluttony,未実戦検証
第一章,11:floor-boss-110,1,⚔️ 玄熔の剣王,113,5006,313,241,104,floor-boss-110,未実戦検証
第一章,12:floor-boss-120,1,⚔️ 裂焔の鏡術師,124,4082,193,156,110,floor-boss-120,未実戦検証
第一章,13:floor-boss-130,1,⚔️ 火脈の城塞公,134,5701,338,238,81,floor-boss-130,未実戦検証
第一章,14:floor-boss-140,1,⚔️ 熔迅の疾風侯,144,5022,456,239,205,floor-boss-140,未実戦検証
第一章,15:floor-boss-150,1,⚔️ 炉心の命紡ぎ,155,8401,362,337,187,floor-boss-150,未実戦検証
第一章,16:floor-boss-160,1,⚔️ 薄氷の封陣卿,165,10072,467,571,153,floor-boss-160,未実戦検証
第一章,17:floor-boss-170,1,⚔️ 霜牙の双牙将,175,19924,1476,925,215,floor-boss-170,未実戦検証
第一章,18:floor-boss-180,1,⚔️ 氷鐘の葬鐘守,185,30979,868,1166,83,floor-boss-180,未実戦検証
第一章,19:floor-boss-190,1,⚔️ 零冠の冠位竜,196,4518,320,200,210,floor-boss-190,未実戦検証
第一章,20:abyss_wrath,1,⚔️ 深淵Ⅱ 憤怒,206,29544,3244,1572,251,abyss_wrath,未実戦検証
第一章,21:floor-boss-210,1,⚔️ 胞鋼の剣王,216,11929,640,391,190,floor-boss-210,未実戦検証
第一章,22:floor-boss-220,1,⚔️ 菌鏡の鏡術師,227,13695,348,471,150,floor-boss-220,未実戦検証
第一章,23:floor-boss-230,1,⚔️ 殖城の城塞公,237,18211,428,829,91,floor-boss-230,未実戦検証
第一章,24:floor-boss-240,1,⚔️ 瘴迅の疾風侯,247,7392,919,271,493,floor-boss-240,未実戦検証
第一章,25:floor-boss-250,1,⚔️ 腐命の命紡ぎ,258,14676,595,544,177,floor-boss-250,未実戦検証
第一章,26:floor-boss-260,1,⚔️ 帯電の封陣卿,268,32944,588,1341,200,floor-boss-260,未実戦検証
第一章,27:floor-boss-270,1,⚔️ 紫牙の双牙将,278,27948,2141,935,238,floor-boss-270,未実戦検証
第一章,28:floor-boss-280,1,⚔️ 雷鐘の葬鐘守,288,11035,547,603,111,floor-boss-280,未実戦検証
第一章,29:floor-boss-290,1,⚔️ 轟冠の冠位竜,299,22879,2781,842,404,floor-boss-290,未実戦検証
第一章,30:abyss_envy,1,⚔️ 深淵Ⅲ 嫉妬,309,29400,2970,1418,354,abyss_envy,未実戦検証
第一章,31:floor-boss-310,1,⚔️ 古門の剣王,319,10350,1265,558,289,floor-boss-310,未実戦検証
第一章,32:floor-boss-320,1,⚔️ 苔鏡の鏡術師,330,9995,870,1001,727,floor-boss-320,未実戦検証
第一章,33:floor-boss-330,1,⚔️ 崩塞の城塞公,340,16762,1139,707,243,floor-boss-330,未実戦検証
第一章,34:floor-boss-340,1,⚔️ 封迅の疾風侯,350,10989,1683,694,891,floor-boss-340,未実戦検証
第一章,35:floor-boss-350,1,⚔️ 祭命の命紡ぎ,361,17682,1168,832,376,floor-boss-350,未実戦検証
第一章,36:floor-boss-360,1,⚔️ 芽嵐の封陣卿,371,26753,1714,889,597,floor-boss-360,未実戦検証
第一章,37:floor-boss-370,1,⚔️ 絡牙の双牙将,381,26331,4775,808,2239,floor-boss-370,未実戦検証
第一章,38:floor-boss-380,1,⚔️ 燐鐘の葬鐘守,391,33110,1899,1300,205,floor-boss-380,未実戦検証
第一章,39:floor-boss-390,1,⚔️ 樹冠の冠位竜,402,61291,3898,3026,349,floor-boss-390,未実戦検証
第一章,40:abyss_sloth,1,⚔️ 深淵Ⅳ 怠惰,412,71931,1566,4694,98,abyss_sloth,未実戦検証
第一章,41:floor-boss-410,1,⚔️ 巡耀の剣王,422,14768,1233,662,557,floor-boss-410,未実戦検証
第一章,42:floor-boss-420,1,⚔️ 星鏡の鏡術師,433,16423,1095,587,522,floor-boss-420,未実戦検証
第一章,43:floor-boss-430,1,⚔️ 礼城の城塞公,443,15280,474,618,217,floor-boss-430,未実戦検証
第一章,44:floor-boss-440,1,⚔️ 天迅の疾風侯,453,21791,3142,1575,771,floor-boss-440,未実戦検証
第一章,45:floor-boss-450,1,⚔️ 神庭の命紡ぎ,464,32702,2124,1541,600,floor-boss-450,未実戦検証
第一章,46:floor-boss-460,1,⚔️ 裂界の封陣卿,474,43002,1913,1216,118,floor-boss-460,未実戦検証
第一章,47:floor-boss-470,1,⚔️ 星骸の双牙将,484,38055,2994,1758,951,floor-boss-470,未実戦検証
第一章,48:floor-boss-480,1,⚔️ 重鐘の葬鐘守,494,61167,1639,2723,273,floor-boss-480,未実戦検証
第一章,49:floor-boss-490,1,⚔️ 虚冠の冠位竜,505,50656,3859,2187,798,floor-boss-490,未実戦検証
第一章,50:abyss_greed,1,⚔️ 深淵Ⅴ 強欲,515,70276,3107,1730,507,abyss_greed,未実戦検証
第一章,51:floor-boss-510,1,⚔️ 浅潮の剣王,525,13051,1616,413,987,floor-boss-510,未実戦検証
第一章,52:floor-boss-520,1,⚔️ 藻鏡の鏡術師,536,34080,982,1218,721,floor-boss-520,未実戦検証
第一章,53:floor-boss-530,1,⚔️ 圧城の城塞公,546,23107,1545,1039,539,floor-boss-530,未実戦検証
第一章,54:floor-boss-540,1,⚔️ 深迅の疾風侯,556,34988,4628,2335,1861,floor-boss-540,未実戦検証
第一章,55:floor-boss-550,1,⚔️ 海命の命紡ぎ,567,68439,2579,3308,312,floor-boss-550,未実戦検証
第一章,56:floor-boss-560,1,⚔️ 境鎖の封陣卿,577,36840,2545,1356,1000,floor-boss-560,未実戦検証
第一章,57:floor-boss-570,1,⚔️ 裂雷の双牙将,587,41992,3508,1106,347,floor-boss-570,未実戦検証
第一章,58:floor-boss-580,1,⚔️ 熔鐘の葬鐘守,597,20299,1555,685,540,floor-boss-580,未実戦検証
第一章,59:floor-boss-590,1,⚔️ 凍界の冠位竜,608,36880,2699,1398,1115,floor-boss-590,未実戦検証
第一章,60:abyss_lust,1,⚔️ 深淵Ⅵ 色欲,618,55065,2107,1908,716,abyss_lust,未実戦検証
第一章,61:floor-boss-610,1,⚔️ 炉牙の剣王,628,26066,2051,1552,784,floor-boss-610,未実戦検証
第一章,62:floor-boss-620,1,⚔️ 焔鏡の鏡術師,639,17775,1219,540,891,floor-boss-620,未実戦検証
第一章,63:floor-boss-630,1,⚔️ 脈塞の城塞公,649,78169,2361,3201,261,floor-boss-630,未実戦検証
第一章,64:floor-boss-640,1,⚔️ 熔駆の疾風侯,659,21686,4342,1002,1287,floor-boss-640,未実戦検証
第一章,65:floor-boss-650,1,⚔️ 火命の命紡ぎ,670,68478,2125,2646,272,floor-boss-650,未実戦検証
第一章,66:floor-boss-660,1,⚔️ 氷鎖の封陣卿,680,79601,2008,2749,757,floor-boss-660,未実戦検証
第一章,67:floor-boss-670,1,⚔️ 霜極の双牙将,690,61978,8450,1987,988,floor-boss-670,未実戦検証
第一章,68:floor-boss-680,1,⚔️ 晶鐘の葬鐘守,700,29425,2854,2142,377,floor-boss-680,未実戦検証
第一章,69:floor-boss-690,1,⚔️ 極冠の冠位竜,711,78282,5334,5179,719,floor-boss-690,未実戦検証
第一章,70:abyss_pride,1,⚔️ 深淵Ⅶ 傲慢,721,182684,8809,8399,265,abyss_pride,未実戦検証
第一章,71:floor-boss-710,1,⚔️ 胞刃の剣王,731,22728,3103,983,1278,floor-boss-710,未実戦検証
第一章,72:floor-boss-720,1,⚔️ 糸幻の鏡術師,742,51463,1427,1731,373,floor-boss-720,未実戦検証
第一章,73:floor-boss-730,1,⚔️ 殖殿の城塞公,752,57863,2525,2435,611,floor-boss-730,未実戦検証
第一章,74:floor-boss-740,1,⚔️ 瘴翔の疾風侯,762,48985,9958,3300,2131,floor-boss-740,未実戦検証
第一章,75:floor-boss-750,1,⚔️ 腐母の命紡ぎ,773,88271,2718,4067,895,floor-boss-750,未実戦検証
第一章,76:floor-boss-760,1,⚔️ 電鎖の封陣卿,783,66246,3649,4175,1548,floor-boss-760,未実戦検証
第一章,77:floor-boss-770,1,⚔️ 裂極の双牙将,793,29621,3126,1388,1437,floor-boss-770,未実戦検証
第一章,78:floor-boss-780,1,⚔️ 晶葬の葬鐘守,803,47694,3758,2040,1271,floor-boss-780,未実戦検証
第一章,79:floor-boss-790,1,⚔️ 天轟の冠位竜,814,72407,4749,3023,1500,floor-boss-790,未実戦検証
第一章,80:ten_time,1,⚔️ 十神Ⅰ 時間,824,88174,1424,4620,1050,ten_time,未実戦検証
第一章,80:ten_space,1,⚔️ 十神Ⅱ 空間,824,216472,9047,9127,171,ten_space,未実戦検証
第一章,80:ten_life,1,⚔️ 十神Ⅲ 生命,824,87805,648,4301,1143,ten_life,未実戦検証
第一章,81:floor-boss-810,1,⚔️ 白晶の剣王,834,36224,3510,1782,1042,floor-boss-810,未実戦検証
第一章,82:floor-boss-820,1,⚔️ 翠鏡の鏡術師,845,33421,2013,1301,724,floor-boss-820,未実戦検証
第一章,83:floor-boss-830,1,⚔️ 白亜の城塞公,855,117583,4293,5568,594,floor-boss-830,未実戦検証
第一章,84:floor-boss-840,1,⚔️ 瑠璃の疾風侯,865,61665,9084,2204,1031,floor-boss-840,未実戦検証
第一章,85:floor-boss-850,1,⚔️ 花苑の命紡ぎ,876,135206,3360,3921,524,floor-boss-850,未実戦検証
第一章,86:floor-boss-860,1,⚔️ 風詩の封陣卿,886,20944,864,1050,433,floor-boss-860,未実戦検証
第一章,87:floor-boss-870,1,⚔️ 双花の双牙将,896,64507,10142,4933,2911,floor-boss-870,未実戦検証
第一章,88:floor-boss-880,1,⚔️ 星鈴の葬鐘守,906,38004,1304,1762,369,floor-boss-880,未実戦検証
第一章,89:floor-boss-890,1,⚔️ 天花の冠位竜,917,34396,2335,1430,630,floor-boss-890,未実戦検証
第一章,90:ten_death,1,⚔️ 十神Ⅳ 死,927,167388,9822,8391,730,ten_death,未実戦検証
第一章,90:ten_fate,1,⚔️ 十神Ⅴ 運命,927,104458,8766,3002,1992,ten_fate,未実戦検証
第一章,90:ten_chaos,1,⚔️ 十神Ⅵ 混沌,927,170807,9321,8402,649,ten_chaos,未実戦検証
第一章,91:floor-boss-910,1,⚔️ 聖幕の剣王,937,140499,11601,6336,1196,floor-boss-910,未実戦検証
第一章,92:floor-boss-920,1,⚔️ 星譜の鏡術師,948,84249,3340,3212,1214,floor-boss-920,未実戦検証
第一章,93:floor-boss-930,1,⚔️ 楽殿の城塞公,958,225810,9872,6084,391,floor-boss-930,未実戦検証
第一章,94:floor-boss-940,1,⚔️ 光翼の疾風侯,968,137580,8782,5375,941,floor-boss-940,未実戦検証
第一章,95:floor-boss-950,1,⚔️ 天唱の命紡ぎ,979,118938,3135,4752,1233,floor-boss-950,未実戦検証
第一章,96:floor-boss-960,1,⚔️ 月幕の封陣卿,989,97661,2699,3494,1714,floor-boss-960,未実戦検証
第一章,97:floor-boss-970,1,⚔️ 双奏の双牙将,999,60634,6714,2312,1752,floor-boss-970,未実戦検証
第一章,98:floor-boss-980,1,⚔️ 夜想の葬鐘守,1009,124474,4830,6039,1638,floor-boss-980,未実戦検証
第一章,99:floor-boss-990,1,⚔️ 終星の冠位竜,1020,96818,10381,5635,2435,floor-boss-990,未実戦検証
第一章,100:ten_dominion,1,⚔️ 十神Ⅶ 支配,1030,298057,3956,5943,1079,ten_dominion,未実戦検証
第一章,100:ten_creation,1,⚔️ 十神Ⅷ 創造,1030,360782,3469,10027,1656,ten_creation,未実戦検証
第一章,100:ten_end,1,⚔️ 十神Ⅸ 終焉,1030,157879,3560,2740,1679,ten_end,未実戦検証
第一章,100:ten_divinity,1,⚔️ 十神Ⅹ 神格,1030,874987,20048,17504,697,ten_divinity,未実戦検証
欠片試練,floor-boss-10,1,⚔️ 黒鉄の剣王〈欠片試練〉,10,1028,41,17,21,floor-boss-10,未実戦検証
欠片試練,floor-boss-10,2,黒鉄の随伴・1,5,403,22,8,3,,未実戦検証
欠片試練,floor-boss-10,3,黒鉄の随伴・2,3,378,19,10,11,,未実戦検証
欠片試練,floor-boss-10,4,黒鉄の随伴・3,1,423,24,15,16,,未実戦検証
欠片試練,floor-boss-20,1,⚔️ 翠風の鏡術師〈欠片試練〉,20,1998,57,39,24,floor-boss-20,未実戦検証
欠片試練,floor-boss-20,2,翠風の随伴・1,15,1049,86,34,21,,未実戦検証
欠片試練,floor-boss-20,3,翠風の随伴・2,13,2144,199,79,42,,未実戦検証
欠片試練,floor-boss-20,4,翠風の随伴・3,11,304,23,7,32,,未実戦検証
欠片試練,floor-boss-30,1,⚔️ 熔城の城塞公〈欠片試練〉,30,3308,138,43,48,floor-boss-30,未実戦検証
欠片試練,floor-boss-30,2,熔城の随伴・1,25,1477,46,63,22,,未実戦検証
欠片試練,floor-boss-30,3,熔城の随伴・2,23,1683,132,54,56,,未実戦検証
欠片試練,floor-boss-30,4,熔城の随伴・3,21,2554,185,89,77,,未実戦検証
欠片試練,floor-boss-40,1,⚔️ 氷迅の疾風侯〈欠片試練〉,40,4509,194,63,41,floor-boss-40,未実戦検証
欠片試練,floor-boss-40,2,氷迅の随伴・1,35,2411,110,94,51,,未実戦検証
欠片試練,floor-boss-40,3,氷迅の随伴・2,33,7105,244,262,40,,未実戦検証
欠片試練,floor-boss-40,4,氷迅の随伴・3,31,3841,179,213,44,,未実戦検証
欠片試練,floor-boss-50,1,⚔️ 星祷の命紡ぎ〈欠片試練〉,50,15254,117,237,44,floor-boss-50,未実戦検証
欠片試練,floor-boss-50,2,星祷の随伴・1,45,5068,225,162,80,,未実戦検証
欠片試練,floor-boss-50,3,⚔️ 星祷の随伴・2,43,1563,209,50,68,,未実戦検証
欠片試練,floor-boss-50,4,⚔️ 星祷の随伴・3,41,2206,96,74,28,,未実戦検証
欠片試練,floor-boss-60,1,⚔️ 深潮の封陣卿〈欠片試練〉,60,4910,110,86,56,floor-boss-60,未実戦検証
欠片試練,floor-boss-60,2,深潮の随伴・1,55,7765,378,242,62,,未実戦検証
欠片試練,floor-boss-60,3,深潮の随伴・2,53,833,68,21,35,,未実戦検証
欠片試練,floor-boss-60,4,⚔️ 深潮の随伴・3,51,2951,111,109,29,,未実戦検証
欠片試練,floor-boss-70,1,⚔️ 瘴牙の双牙将〈欠片試練〉,70,13360,1056,191,70,floor-boss-70,未実戦検証
欠片試練,floor-boss-70,2,⚔️ 瘴牙の随伴・1,65,5323,347,172,73,,未実戦検証
欠片試練,floor-boss-70,3,瘴牙の随伴・2,63,5162,270,165,71,,未実戦検証
欠片試練,floor-boss-70,4,⚔️ 瘴牙の随伴・3,61,6239,398,321,69,,未実戦検証
欠片試練,floor-boss-80,1,⚔️ 虚鐘の葬鐘守〈欠片試練〉,80,20104,454,409,26,floor-boss-80,未実戦検証
欠片試練,floor-boss-80,2,虚鐘の随伴・1,75,1314,86,38,71,,未実戦検証
欠片試練,floor-boss-80,3,⚔️ 虚鐘の随伴・2,73,1620,251,62,99,,未実戦検証
欠片試練,floor-boss-80,4,⚔️ 虚鐘の随伴・3,71,5275,545,174,124,,未実戦検証
欠片試練,floor-boss-90,1,⚔️ 火冠の冠位竜〈欠片試練〉,90,37833,728,510,58,floor-boss-90,未実戦検証
欠片試練,floor-boss-90,2,⚔️ 火冠の随伴・1,85,15553,1095,486,102,,未実戦検証
欠片試練,floor-boss-90,3,⚔️ 火冠の随伴・2,83,2696,307,122,70,,未実戦検証
欠片試練,floor-boss-90,4,⚔️ 火冠の随伴・3,81,19402,471,807,46,,未実戦検証
欠片試練,floor-boss-110,1,⚔️ 玄熔の剣王〈欠片試練〉,110,14368,483,459,31,floor-boss-110,未実戦検証
欠片試練,floor-boss-110,2,⚔️ 玄熔の随伴・1,105,1250,163,39,118,,未実戦検証
欠片試練,floor-boss-110,3,⚔️ 玄熔の随伴・2,103,7294,264,298,52,,未実戦検証
欠片試練,floor-boss-110,4,⚔️ 玄熔の随伴・3,101,12208,744,478,185,,未実戦検証
欠片試練,floor-boss-120,1,⚔️ 裂焔の鏡術師〈欠片試練〉,120,11138,228,171,151,floor-boss-120,未実戦検証
欠片試練,floor-boss-120,2,⚔️ 裂焔の随伴・1,115,5396,331,332,64,,未実戦検証
欠片試練,floor-boss-120,3,⚔️ 裂焔の随伴・2,113,8779,563,532,102,,未実戦検証
欠片試練,floor-boss-120,4,裂焔の随伴・3,111,3194,158,128,54,,未実戦検証
欠片試練,floor-boss-130,1,⚔️ 火脈の城塞公〈欠片試練〉,130,16138,592,342,72,floor-boss-130,未実戦検証
欠片試練,floor-boss-130,2,⚔️ 火脈の随伴・1,125,3602,380,142,129,,未実戦検証
欠片試練,floor-boss-130,3,火脈の随伴・2,123,2123,207,78,145,,未実戦検証
欠片試練,floor-boss-130,4,火脈の随伴・3,121,7862,624,244,81,,未実戦検証
欠片試練,floor-boss-140,1,⚔️ 熔迅の疾風侯〈欠片試練〉,140,13713,615,276,195,floor-boss-140,未実戦検証
欠片試練,floor-boss-140,2,⚔️ 熔迅の随伴・1,135,2065,156,111,143,,未実戦検証
欠片試練,floor-boss-140,3,熔迅の随伴・2,133,8355,334,311,55,,未実戦検証
欠片試練,floor-boss-140,4,⚔️ 熔迅の随伴・3,131,12179,686,483,211,,未実戦検証
欠片試練,floor-boss-150,1,⚔️ 炉心の命紡ぎ〈欠片試練〉,150,29357,452,388,186,floor-boss-150,未実戦検証
欠片試練,floor-boss-150,2,⚔️ 炉心の随伴・1,145,2864,358,216,169,,未実戦検証
欠片試練,floor-boss-150,3,⚔️ 炉心の随伴・2,143,4091,434,208,169,,未実戦検証
欠片試練,floor-boss-150,4,⚔️ 炉心の随伴・3,141,5687,691,238,183,,未実戦検証
欠片試練,floor-boss-160,1,⚔️ 薄氷の封陣卿〈欠片試練〉,160,25986,443,483,136,floor-boss-160,未実戦検証
欠片試練,floor-boss-160,2,⚔️ 薄氷の随伴・1,155,4380,409,244,80,,未実戦検証
欠片試練,floor-boss-160,3,薄氷の随伴・2,153,6454,588,252,198,,未実戦検証
欠片試練,floor-boss-160,4,⚔️ 薄氷の随伴・3,151,3599,261,119,143,,未実戦検証
欠片試練,floor-boss-170,1,⚔️ 霜牙の双牙将〈欠片試練〉,170,52866,1706,806,148,floor-boss-170,未実戦検証
欠片試練,floor-boss-170,2,霜牙の随伴・1,165,15668,844,853,158,,未実戦検証
欠片試練,floor-boss-170,3,霜牙の随伴・2,163,11678,337,461,86,,未実戦検証
欠片試練,floor-boss-170,4,⚔️ 霜牙の随伴・3,161,16478,1663,586,155,,未実戦検証
欠片試練,floor-boss-180,1,⚔️ 氷鐘の葬鐘守〈欠片試練〉,180,86440,991,1447,111,floor-boss-180,未実戦検証
欠片試練,floor-boss-180,2,⚔️ 氷鐘の随伴・1,175,36489,1043,1468,146,,未実戦検証
欠片試練,floor-boss-180,3,氷鐘の随伴・2,173,2359,85,83,62,,未実戦検証
欠片試練,floor-boss-180,4,⚔️ 氷鐘の随伴・3,171,7948,401,291,107,,未実戦検証
欠片試練,floor-boss-190,1,⚔️ 零冠の冠位竜〈欠片試練〉,190,12005,401,233,198,floor-boss-190,未実戦検証
欠片試練,floor-boss-190,2,零冠の随伴・1,185,7176,653,351,160,,未実戦検証
欠片試練,floor-boss-190,3,⚔️ 零冠の随伴・2,183,12833,718,457,9,,未実戦検証
欠片試練,floor-boss-190,4,零冠の随伴・3,181,8796,591,387,217,,未実戦検証
欠片試練,floor-boss-210,1,⚔️ 胞鋼の剣王〈欠片試練〉,210,31885,709,458,203,floor-boss-210,未実戦検証
欠片試練,floor-boss-210,2,胞鋼の随伴・1,205,4734,369,133,162,,未実戦検証
欠片試練,floor-boss-210,3,⚔️ 胞鋼の随伴・2,203,7341,733,591,633,,未実戦検証
欠片試練,floor-boss-210,4,胞鋼の随伴・3,201,13916,1177,485,316,,未実戦検証
欠片試練,floor-boss-220,1,⚔️ 菌鏡の鏡術師〈欠片試練〉,220,44497,385,795,78,floor-boss-220,未実戦検証
欠片試練,floor-boss-220,2,⚔️ 菌鏡の随伴・1,215,35537,1011,1514,141,,未実戦検証
欠片試練,floor-boss-220,3,菌鏡の随伴・2,213,21845,945,935,189,,未実戦検証
欠片試練,floor-boss-220,4,菌鏡の随伴・3,211,12071,827,479,160,,未実戦検証
欠片試練,floor-boss-230,1,⚔️ 殖城の城塞公〈欠片試練〉,230,49887,548,980,67,floor-boss-230,未実戦検証
欠片試練,floor-boss-230,2,⚔️ 殖城の随伴・1,225,5720,448,349,63,,未実戦検証
欠片試練,floor-boss-230,3,殖城の随伴・2,223,12538,341,415,79,,未実戦検証
欠片試練,floor-boss-230,4,⚔️ 殖城の随伴・3,221,5318,176,209,85,,未実戦検証
欠片試練,floor-boss-240,1,⚔️ 瘴迅の疾風侯〈欠片試練〉,240,19771,1401,303,456,floor-boss-240,未実戦検証
欠片試練,floor-boss-240,2,⚔️ 瘴迅の随伴・1,235,6787,440,464,113,,未実戦検証
欠片試練,floor-boss-240,3,瘴迅の随伴・2,233,5993,598,215,281,,未実戦検証
欠片試練,floor-boss-240,4,瘴迅の随伴・3,231,10704,704,466,230,,未実戦検証
欠片試練,floor-boss-250,1,⚔️ 腐命の命紡ぎ〈欠片試練〉,250,50371,845,799,322,floor-boss-250,未実戦検証
欠片試練,floor-boss-250,2,⚔️ 腐命の随伴・1,245,7970,592,478,83,,未実戦検証
欠片試練,floor-boss-250,3,腐命の随伴・2,243,13457,319,447,91,,未実戦検証
欠片試練,floor-boss-250,4,腐命の随伴・3,241,6397,136,195,61,,未実戦検証
欠片試練,floor-boss-260,1,⚔️ 帯電の封陣卿〈欠片試練〉,260,89615,735,1536,154,floor-boss-260,未実戦検証
欠片試練,floor-boss-260,2,帯電の随伴・1,255,14062,1082,440,375,,未実戦検証
欠片試練,floor-boss-260,3,帯電の随伴・2,253,5669,101,208,61,,未実戦検証
欠片試練,floor-boss-260,4,⚔️ 帯電の随伴・3,251,12590,1433,441,351,,未実戦検証
欠片試練,floor-boss-270,1,⚔️ 紫牙の双牙将〈欠片試練〉,270,76665,2499,1246,271,floor-boss-270,未実戦検証
欠片試練,floor-boss-270,2,⚔️ 紫牙の随伴・1,265,31344,1624,1337,208,,未実戦検証
欠片試練,floor-boss-270,3,⚔️ 紫牙の随伴・2,263,12956,950,657,342,,未実戦検証
欠片試練,floor-boss-270,4,紫牙の随伴・3,261,6465,631,226,343,,未実戦検証
欠片試練,floor-boss-280,1,⚔️ 雷鐘の葬鐘守〈欠片試練〉,280,26906,787,446,91,floor-boss-280,未実戦検証
欠片試練,floor-boss-280,2,⚔️ 雷鐘の随伴・1,275,5762,483,254,217,,未実戦検証
欠片試練,floor-boss-280,3,雷鐘の随伴・2,273,42557,1137,1772,169,,未実戦検証
欠片試練,floor-boss-280,4,⚔️ 雷鐘の随伴・3,271,7438,380,595,105,,未実戦検証
欠片試練,floor-boss-290,1,⚔️ 轟冠の冠位竜〈欠片試練〉,290,60337,2943,992,390,floor-boss-290,未実戦検証
欠片試練,floor-boss-290,2,⚔️ 轟冠の随伴・1,285,13850,1121,793,142,,未実戦検証
欠片試練,floor-boss-290,3,⚔️ 轟冠の随伴・2,283,19295,1369,883,393,,未実戦検証
欠片試練,floor-boss-290,4,⚔️ 轟冠の随伴・3,281,32188,2496,1561,733,,未実戦検証
欠片試練,floor-boss-310,1,⚔️ 古門の剣王〈欠片試練〉,310,25460,1235,642,249,floor-boss-310,未実戦検証
欠片試練,floor-boss-310,2,古門の随伴・1,305,34625,817,1452,119,,未実戦検証
欠片試練,floor-boss-310,3,⚔️ 古門の随伴・2,303,5096,448,277,189,,未実戦検証
欠片試練,floor-boss-310,4,⚔️ 古門の随伴・3,301,9440,1104,1090,135,,未実戦検証
欠片試練,floor-boss-320,1,⚔️ 苔鏡の鏡術師〈欠片試練〉,320,18620,767,284,363,floor-boss-320,未実戦検証
欠片試練,floor-boss-320,2,苔鏡の随伴・1,315,66047,1837,2556,130,,未実戦検証
欠片試練,floor-boss-320,3,⚔️ 苔鏡の随伴・2,313,12688,661,400,139,,未実戦検証
欠片試練,floor-boss-320,4,⚔️ 苔鏡の随伴・3,311,22757,1069,1068,248,,未実戦検証
欠片試練,floor-boss-330,1,⚔️ 崩塞の城塞公〈欠片試練〉,330,37234,1397,818,161,floor-boss-330,未実戦検証
欠片試練,floor-boss-330,2,⚔️ 崩塞の随伴・1,325,8147,1138,322,357,,未実戦検証
欠片試練,floor-boss-330,3,⚔️ 崩塞の随伴・2,323,14854,660,757,38,,未実戦検証
欠片試練,floor-boss-330,4,⚔️ 崩塞の随伴・3,321,12591,794,420,561,,未実戦検証
欠片試練,floor-boss-340,1,⚔️ 封迅の疾風侯〈欠片試練〉,340,26145,1638,451,1018,floor-boss-340,未実戦検証
欠片試練,floor-boss-340,2,⚔️ 封迅の随伴・1,335,14268,641,499,117,,未実戦検証
欠片試練,floor-boss-340,3,封迅の随伴・2,333,13361,1296,467,343,,未実戦検証
欠片試練,floor-boss-340,4,⚔️ 封迅の随伴・3,331,38260,2169,1389,590,,未実戦検証
欠片試練,floor-boss-350,1,⚔️ 祭命の命紡ぎ〈欠片試練〉,350,59404,1482,950,338,floor-boss-350,未実戦検証
欠片試練,floor-boss-350,2,⚔️ 祭命の随伴・1,345,19155,529,798,89,,未実戦検証
欠片試練,floor-boss-350,3,祭命の随伴・2,343,54693,1070,1867,119,,未実戦検証
欠片試練,floor-boss-350,4,⚔️ 祭命の随伴・3,341,50084,3492,1402,751,,未実戦検証
欠片試練,floor-boss-360,1,⚔️ 芽嵐の封陣卿〈欠片試練〉,360,70781,2793,2019,522,floor-boss-360,未実戦検証
欠片試練,floor-boss-360,2,⚔️ 芽嵐の随伴・1,355,23385,2474,835,605,,未実戦検証
欠片試練,floor-boss-360,3,⚔️ 芽嵐の随伴・2,353,7244,795,348,313,,未実戦検証
欠片試練,floor-boss-360,4,⚔️ 芽嵐の随伴・3,351,9237,771,296,436,,未実戦検証
欠片試練,floor-boss-370,1,⚔️ 絡牙の双牙将〈欠片試練〉,370,57999,4324,933,609,floor-boss-370,未実戦検証
欠片試練,floor-boss-370,2,⚔️ 絡牙の随伴・1,365,15157,2060,542,1372,,未実戦検証
欠片試練,floor-boss-370,3,⚔️ 絡牙の随伴・2,363,3765,376,111,499,,未実戦検証
欠片試練,floor-boss-370,4,⚔️ 絡牙の随伴・3,361,11127,931,405,676,,未実戦検証
欠片試練,floor-boss-380,1,⚔️ 燐鐘の葬鐘守〈欠片試練〉,380,100274,2276,1659,276,floor-boss-380,未実戦検証
欠片試練,floor-boss-380,2,⚔️ 燐鐘の随伴・1,375,19168,1420,822,413,,未実戦検証
欠片試練,floor-boss-380,3,燐鐘の随伴・2,373,6799,590,300,303,,未実戦検証
欠片試練,floor-boss-380,4,燐鐘の随伴・3,371,6556,741,206,293,,未実戦検証
欠片試練,floor-boss-390,1,⚔️ 樹冠の冠位竜〈欠片試練〉,390,177468,3366,3195,400,floor-boss-390,未実戦検証
欠片試練,floor-boss-390,2,樹冠の随伴・1,385,40794,1991,1456,275,,未実戦検証
欠片試練,floor-boss-390,3,樹冠の随伴・2,383,7076,546,196,369,,未実戦検証
欠片試練,floor-boss-390,4,⚔️ 樹冠の随伴・3,381,21259,1457,791,340,,未実戦検証
欠片試練,floor-boss-410,1,⚔️ 巡耀の剣王〈欠片試練〉,410,45167,1426,1100,368,floor-boss-410,未実戦検証
欠片試練,floor-boss-410,2,巡耀の随伴・1,405,23814,760,979,153,,未実戦検証
欠片試練,floor-boss-410,3,巡耀の随伴・2,403,23974,1356,908,373,,未実戦検証
欠片試練,floor-boss-410,4,⚔️ 巡耀の随伴・3,401,66559,4567,2552,468,,未実戦検証
欠片試練,floor-boss-420,1,⚔️ 星鏡の鏡術師〈欠片試練〉,420,41775,1670,507,765,floor-boss-420,未実戦検証
欠片試練,floor-boss-420,2,⚔️ 星鏡の随伴・1,415,9053,1080,459,476,,未実戦検証
欠片試練,floor-boss-420,3,⚔️ 星鏡の随伴・2,413,14551,916,480,417,,未実戦検証
欠片試練,floor-boss-420,4,星鏡の随伴・3,411,9878,959,269,238,,未実戦検証
欠片試練,floor-boss-430,1,⚔️ 礼城の城塞公〈欠片試練〉,430,42613,616,798,126,floor-boss-430,未実戦検証
欠片試練,floor-boss-430,2,⚔️ 礼城の随伴・1,425,48870,3003,1924,544,,未実戦検証
欠片試練,floor-boss-430,3,⚔️ 礼城の随伴・2,423,8497,964,394,533,,未実戦検証
欠片試練,floor-boss-430,4,礼城の随伴・3,421,30864,1400,1182,454,,未実戦検証
欠片試練,floor-boss-440,1,⚔️ 天迅の疾風侯〈欠片試練〉,440,46838,2904,1060,955,floor-boss-440,未実戦検証
欠片試練,floor-boss-440,2,⚔️ 天迅の随伴・1,435,7288,1163,1086,677,,未実戦検証
欠片試練,floor-boss-440,3,天迅の随伴・2,433,8902,618,294,378,,未実戦検証
欠片試練,floor-boss-440,4,⚔️ 天迅の随伴・3,431,35615,1877,1489,499,,未実戦検証
欠片試練,floor-boss-450,1,⚔️ 神庭の命紡ぎ〈欠片試練〉,450,104089,2365,1542,680,floor-boss-450,未実戦検証
欠片試練,floor-boss-450,2,神庭の随伴・1,445,15823,844,501,393,,未実戦検証
欠片試練,floor-boss-450,3,神庭の随伴・2,443,74576,2269,1997,374,,未実戦検証
欠片試練,floor-boss-450,4,⚔️ 神庭の随伴・3,441,65897,4397,2267,840,,未実戦検証
欠片試練,floor-boss-460,1,⚔️ 裂界の封陣卿〈欠片試練〉,460,109414,2063,1373,154,floor-boss-460,未実戦検証
欠片試練,floor-boss-460,2,⚔️ 裂界の随伴・1,455,75059,4097,3004,446,,未実戦検証
欠片試練,floor-boss-460,3,裂界の随伴・2,453,33799,2585,1306,140,,未実戦検証
欠片試練,floor-boss-460,4,⚔️ 裂界の随伴・3,451,8918,500,283,349,,未実戦検証
欠片試練,floor-boss-470,1,⚔️ 星骸の双牙将〈欠片試練〉,470,95254,3388,1817,937,floor-boss-470,未実戦検証
欠片試練,floor-boss-470,2,⚔️ 星骸の随伴・1,465,60698,3287,1889,424,,未実戦検証
欠片試練,floor-boss-470,3,⚔️ 星骸の随伴・2,463,48232,4994,1801,694,,未実戦検証
欠片試練,floor-boss-470,4,⚔️ 星骸の随伴・3,461,7125,720,230,502,,未実戦検証
欠片試練,floor-boss-480,1,⚔️ 重鐘の葬鐘守〈欠片試練〉,480,152711,2355,3395,135,floor-boss-480,未実戦検証
欠片試練,floor-boss-480,2,⚔️ 重鐘の随伴・1,475,27340,2063,1102,352,,未実戦検証
欠片試練,floor-boss-480,3,⚔️ 重鐘の随伴・2,473,75779,4597,2920,390,,未実戦検証
欠片試練,floor-boss-480,4,⚔️ 重鐘の随伴・3,471,6240,428,234,658,,未実戦検証
欠片試練,floor-boss-490,1,⚔️ 虚冠の冠位竜〈欠片試練〉,490,144260,2970,2203,694,floor-boss-490,未実戦検証
欠片試練,floor-boss-490,2,虚冠の随伴・1,485,5662,412,115,476,,未実戦検証
欠片試練,floor-boss-490,3,⚔️ 虚冠の随伴・2,483,7718,911,234,677,,未実戦検証
欠片試練,floor-boss-490,4,虚冠の随伴・3,481,16259,1297,569,492,,未実戦検証
欠片試練,floor-boss-510,1,⚔️ 浅潮の剣王〈欠片試練〉,510,34864,2494,797,1214,floor-boss-510,未実戦検証
欠片試練,floor-boss-510,2,浅潮の随伴・1,505,15102,626,602,211,,未実戦検証
欠片試練,floor-boss-510,3,⚔️ 浅潮の随伴・2,503,18083,1699,660,531,,未実戦検証
欠片試練,floor-boss-510,4,浅潮の随伴・3,501,52648,3453,1688,500,,未実戦検証
欠片試練,floor-boss-520,1,⚔️ 藻鏡の鏡術師〈欠片試練〉,520,72212,1154,993,879,floor-boss-520,未実戦検証
欠片試練,floor-boss-520,2,⚔️ 藻鏡の随伴・1,515,9032,560,217,529,,未実戦検証
欠片試練,floor-boss-520,3,⚔️ 藻鏡の随伴・2,513,13022,775,597,368,,未実戦検証
欠片試練,floor-boss-520,4,⚔️ 藻鏡の随伴・3,511,30646,1453,1192,485,,未実戦検証
欠片試練,floor-boss-530,1,⚔️ 圧城の城塞公〈欠片試練〉,530,57219,1915,942,389,floor-boss-530,未実戦検証
欠片試練,floor-boss-530,2,⚔️ 圧城の随伴・1,525,51916,3446,1955,418,,未実戦検証
欠片試練,floor-boss-530,3,⚔️ 圧城の随伴・2,523,93465,5076,3744,699,,未実戦検証
欠片試練,floor-boss-530,4,⚔️ 圧城の随伴・3,521,6537,422,167,689,,未実戦検証
欠片試練,floor-boss-540,1,⚔️ 深迅の疾風侯〈欠片試練〉,540,74458,3756,1100,1568,floor-boss-540,未実戦検証
欠片試練,floor-boss-540,2,⚔️ 深迅の随伴・1,535,75165,2388,2942,515,,未実戦検証
欠片試練,floor-boss-540,3,⚔️ 深迅の随伴・2,533,44636,4119,1766,262,,未実戦検証
欠片試練,floor-boss-540,4,深迅の随伴・3,531,12361,848,480,543,,未実戦検証
欠片試練,floor-boss-550,1,⚔️ 海命の命紡ぎ〈欠片試練〉,550,214937,1718,2789,436,floor-boss-550,未実戦検証
欠片試練,floor-boss-550,2,⚔️ 海命の随伴・1,545,7169,285,188,426,,未実戦検証
欠片試練,floor-boss-550,3,⚔️ 海命の随伴・2,543,58724,1538,1815,292,,未実戦検証
欠片試練,floor-boss-550,4,⚔️ 海命の随伴・3,541,169801,4555,5225,376,,未実戦検証
欠片試練,floor-boss-560,1,⚔️ 境鎖の封陣卿〈欠片試練〉,560,90223,3198,1792,880,floor-boss-560,未実戦検証
欠片試練,floor-boss-560,2,⚔️ 境鎖の随伴・1,555,9095,608,315,586,,未実戦検証
欠片試練,floor-boss-560,3,⚔️ 境鎖の随伴・2,553,8808,963,333,726,,未実戦検証
欠片試練,floor-boss-560,4,境鎖の随伴・3,551,21210,1195,729,540,,未実戦検証
欠片試練,floor-boss-570,1,⚔️ 裂雷の双牙将〈欠片試練〉,570,124258,3584,1365,417,floor-boss-570,未実戦検証
欠片試練,floor-boss-570,2,⚔️ 裂雷の随伴・1,565,87618,6693,3133,469,,未実戦検証
欠片試練,floor-boss-570,3,⚔️ 裂雷の随伴・2,563,39476,2286,1049,115,,未実戦検証
欠片試練,floor-boss-570,4,裂雷の随伴・3,561,55853,2441,1712,304,,未実戦検証
欠片試練,floor-boss-580,1,⚔️ 熔鐘の葬鐘守〈欠片試練〉,580,48011,1579,730,552,floor-boss-580,未実戦検証
欠片試練,floor-boss-580,2,⚔️ 熔鐘の随伴・1,575,35589,2995,1237,366,,未実戦検証
欠片試練,floor-boss-580,3,⚔️ 熔鐘の随伴・2,573,61385,3760,2454,911,,未実戦検証
欠片試練,floor-boss-580,4,⚔️ 熔鐘の随伴・3,571,20037,1579,925,401,,未実戦検証
欠片試練,floor-boss-590,1,⚔️ 凍界の冠位竜〈欠片試練〉,590,74751,3446,1290,1018,floor-boss-590,未実戦検証
欠片試練,floor-boss-590,2,⚔️ 凍界の随伴・1,585,10796,969,531,640,,未実戦検証
欠片試練,floor-boss-590,3,⚔️ 凍界の随伴・2,583,44671,5180,2805,894,,未実戦検証
欠片試練,floor-boss-590,4,⚔️ 凍界の随伴・3,581,9313,506,372,284,,未実戦検証
欠片試練,floor-boss-610,1,⚔️ 炉牙の剣王〈欠片試練〉,610,50094,1876,1242,894,floor-boss-610,未実戦検証
欠片試練,floor-boss-610,2,⚔️ 炉牙の随伴・1,605,17195,1787,719,520,,未実戦検証
欠片試練,floor-boss-610,3,⚔️ 炉牙の随伴・2,603,11144,1162,512,654,,未実戦検証
欠片試練,floor-boss-610,4,⚔️ 炉牙の随伴・3,601,41332,3334,1375,393,,未実戦検証
欠片試練,floor-boss-620,1,⚔️ 焔鏡の鏡術師〈欠片試練〉,620,44790,1376,751,825,floor-boss-620,未実戦検証
欠片試練,floor-boss-620,2,⚔️ 焔鏡の随伴・1,615,38807,2209,1474,640,,未実戦検証
欠片試練,floor-boss-620,3,⚔️ 焔鏡の随伴・2,613,67631,2971,2236,255,,未実戦検証
欠片試練,floor-boss-620,4,⚔️ 焔鏡の随伴・3,611,107172,8493,3573,515,,未実戦検証
欠片試練,floor-boss-630,1,⚔️ 脈塞の城塞公〈欠片試練〉,630,190844,2452,2991,347,floor-boss-630,未実戦検証
欠片試練,floor-boss-630,2,脈塞の随伴・1,625,58419,3123,1813,380,,未実戦検証
欠片試練,floor-boss-630,3,⚔️ 脈塞の随伴・2,623,18268,886,730,116,,未実戦検証
欠片試練,floor-boss-630,4,脈塞の随伴・3,621,46643,1315,1723,220,,未実戦検証
欠片試練,floor-boss-640,1,⚔️ 熔駆の疾風侯〈欠片試練〉,640,51452,4538,1020,1260,floor-boss-640,未実戦検証
欠片試練,floor-boss-640,2,⚔️ 熔駆の随伴・1,635,38460,3063,1341,985,,未実戦検証
欠片試練,floor-boss-640,3,⚔️ 熔駆の随伴・2,633,59963,4306,2089,1290,,未実戦検証
欠片試練,floor-boss-640,4,⚔️ 熔駆の随伴・3,631,11710,2301,1262,612,,未実戦検証
欠片試練,floor-boss-650,1,⚔️ 火命の命紡ぎ〈欠片試練〉,650,202983,1906,2122,618,floor-boss-650,未実戦検証
欠片試練,floor-boss-650,2,⚔️ 火命の随伴・1,645,9318,935,366,842,,未実戦検証
欠片試練,floor-boss-650,3,⚔️ 火命の随伴・2,643,54940,3756,1669,513,,未実戦検証
欠片試練,floor-boss-650,4,⚔️ 火命の随伴・3,641,145415,6126,4472,441,,未実戦検証
欠片試練,floor-boss-660,1,⚔️ 氷鎖の封陣卿〈欠片試練〉,660,158933,3248,2913,765,floor-boss-660,未実戦検証
欠片試練,floor-boss-660,2,⚔️ 氷鎖の随伴・1,655,27850,935,1339,254,,未実戦検証
欠片試練,floor-boss-660,3,⚔️ 氷鎖の随伴・2,653,135664,4784,4972,449,,未実戦検証
欠片試練,floor-boss-660,4,氷鎖の随伴・3,651,18508,492,936,128,,未実戦検証
欠片試練,floor-boss-670,1,⚔️ 霜極の双牙将〈欠片試練〉,670,184255,7561,2443,995,floor-boss-670,未実戦検証
欠片試練,floor-boss-670,2,⚔️ 霜極の随伴・1,665,27472,2415,1109,725,,未実戦検証
欠片試練,floor-boss-670,3,⚔️ 霜極の随伴・2,663,9278,672,269,303,,未実戦検証
欠片試練,floor-boss-670,4,⚔️ 霜極の随伴・3,661,23924,1361,673,519,,未実戦検証
欠片試練,floor-boss-680,1,⚔️ 晶鐘の葬鐘守〈欠片試練〉,680,64670,1229,1280,373,floor-boss-680,未実戦検証
欠片試練,floor-boss-680,2,⚔️ 晶鐘の随伴・1,675,56200,9442,9130,2369,,未実戦検証
欠片試練,floor-boss-680,3,⚔️ 晶鐘の随伴・2,673,16688,833,729,296,,未実戦検証
欠片試練,floor-boss-680,4,⚔️ 晶鐘の随伴・3,671,46943,3011,1508,502,,未実戦検証
欠片試練,floor-boss-690,1,⚔️ 極冠の冠位竜〈欠片試練〉,690,174273,3531,3627,289,floor-boss-690,未実戦検証
欠片試練,floor-boss-690,2,⚔️ 極冠の随伴・1,685,10104,972,317,431,,未実戦検証
欠片試練,floor-boss-690,3,⚔️ 極冠の随伴・2,683,38776,3127,1762,301,,未実戦検証
欠片試練,floor-boss-690,4,⚔️ 極冠の随伴・3,681,80590,6411,3545,1059,,未実戦検証
欠片試練,floor-boss-710,1,⚔️ 胞刃の剣王〈欠片試練〉,710,57526,3292,1013,1392,floor-boss-710,未実戦検証
欠片試練,floor-boss-710,2,⚔️ 胞刃の随伴・1,705,58926,4504,2078,1273,,未実戦検証
欠片試練,floor-boss-710,3,⚔️ 胞刃の随伴・2,703,24237,1771,891,211,,未実戦検証
欠片試練,floor-boss-710,4,⚔️ 胞刃の随伴・3,701,21282,1650,1359,948,,未実戦検証
欠片試練,floor-boss-720,1,⚔️ 糸幻の鏡術師〈欠片試練〉,720,127875,1610,2165,450,floor-boss-720,未実戦検証
欠片試練,floor-boss-720,2,糸幻の随伴・1,715,15146,390,432,157,,未実戦検証
欠片試練,floor-boss-720,3,⚔️ 糸幻の随伴・2,713,33716,1731,1832,610,,未実戦検証
欠片試練,floor-boss-720,4,⚔️ 糸幻の随伴・3,711,15507,620,693,242,,未実戦検証
欠片試練,floor-boss-730,1,⚔️ 殖殿の城塞公〈欠片試練〉,730,138300,3118,2797,421,floor-boss-730,未実戦検証
欠片試練,floor-boss-730,2,⚔️ 殖殿の随伴・1,725,77801,5292,3125,1065,,未実戦検証
欠片試練,floor-boss-730,3,⚔️ 殖殿の随伴・2,723,8205,466,297,664,,未実戦検証
欠片試練,floor-boss-730,4,⚔️ 殖殿の随伴・3,721,59502,3347,2352,1096,,未実戦検証
欠片試練,floor-boss-740,1,⚔️ 瘴翔の疾風侯〈欠片試練〉,740,104683,6687,2175,1761,floor-boss-740,未実戦検証
欠片試練,floor-boss-740,2,⚔️ 瘴翔の随伴・1,735,16220,1902,598,575,,未実戦検証
欠片試練,floor-boss-740,3,⚔️ 瘴翔の随伴・2,733,30182,2122,1357,554,,未実戦検証
欠片試練,floor-boss-740,4,瘴翔の随伴・3,731,79079,5201,3066,1023,,未実戦検証
欠片試練,floor-boss-750,1,⚔️ 腐母の命紡ぎ〈欠片試練〉,750,265817,2517,3616,1003,floor-boss-750,未実戦検証
欠片試練,floor-boss-750,2,⚔️ 腐母の随伴・1,745,56944,4623,1616,998,,未実戦検証
欠片試練,floor-boss-750,3,⚔️ 腐母の随伴・2,743,12177,1692,327,786,,未実戦検証
欠片試練,floor-boss-750,4,腐母の随伴・3,741,15747,1200,472,771,,未実戦検証
欠片試練,floor-boss-760,1,⚔️ 電鎖の封陣卿〈欠片試練〉,760,154686,2453,3124,1369,floor-boss-760,未実戦検証
欠片試練,floor-boss-760,2,⚔️ 電鎖の随伴・1,755,29246,1995,1036,657,,未実戦検証
欠片試練,floor-boss-760,3,⚔️ 電鎖の随伴・2,753,44719,2575,2026,990,,未実戦検証
欠片試練,floor-boss-760,4,⚔️ 電鎖の随伴・3,751,90907,5143,3921,1282,,未実戦検証
欠片試練,floor-boss-770,1,⚔️ 裂極の双牙将〈欠片試練〉,770,55134,2823,952,1453,floor-boss-770,未実戦検証
欠片試練,floor-boss-770,2,裂極の随伴・1,765,62236,5665,2603,901,,未実戦検証
欠片試練,floor-boss-770,3,⚔️ 裂極の随伴・2,763,69713,5132,2649,1201,,未実戦検証
欠片試練,floor-boss-770,4,⚔️ 裂極の随伴・3,761,21681,2138,843,1377,,未実戦検証
欠片試練,floor-boss-780,1,⚔️ 晶葬の葬鐘守〈欠片試練〉,780,105513,2422,1748,843,floor-boss-780,未実戦検証
欠片試練,floor-boss-780,2,⚔️ 晶葬の随伴・1,775,112937,3400,4373,570,,未実戦検証
欠片試練,floor-boss-780,3,⚔️ 晶葬の随伴・2,773,10375,1250,359,755,,未実戦検証
欠片試練,floor-boss-780,4,⚔️ 晶葬の随伴・3,771,21205,1849,1022,722,,未実戦検証
欠片試練,floor-boss-790,1,⚔️ 天轟の冠位竜〈欠片試練〉,790,143128,5316,2727,1233,floor-boss-790,未実戦検証
欠片試練,floor-boss-790,2,天轟の随伴・1,785,29487,1630,1045,648,,未実戦検証
欠片試練,floor-boss-790,3,⚔️ 天轟の随伴・2,783,40838,3450,2465,815,,未実戦検証
欠片試練,floor-boss-790,4,⚔️ 天轟の随伴・3,781,19722,2347,1078,952,,未実戦検証
欠片試練,floor-boss-810,1,⚔️ 白晶の剣王〈欠片試練〉,810,84154,3852,1636,1175,floor-boss-810,未実戦検証
欠片試練,floor-boss-810,2,⚔️ 白晶の随伴・1,805,45643,3684,3412,790,,未実戦検証
欠片試練,floor-boss-810,3,⚔️ 白晶の随伴・2,803,139069,5205,4979,782,,未実戦検証
欠片試練,floor-boss-810,4,⚔️ 白晶の随伴・3,801,24644,1840,1543,464,,未実戦検証
欠片試練,floor-boss-820,1,⚔️ 翠鏡の鏡術師〈欠片試練〉,820,76477,1084,1148,638,floor-boss-820,未実戦検証
欠片試練,floor-boss-820,2,翠鏡の随伴・1,815,35383,4150,1202,1176,,未実戦検証
欠片試練,floor-boss-820,3,翠鏡の随伴・2,813,7901,498,181,608,,未実戦検証
欠片試練,floor-boss-820,4,⚔️ 翠鏡の随伴・3,811,17041,1299,698,614,,未実戦検証
欠片試練,floor-boss-830,1,⚔️ 白亜の城塞公〈欠片試練〉,830,222510,4796,4613,485,floor-boss-830,未実戦検証
欠片試練,floor-boss-830,2,白亜の随伴・1,825,12145,1052,540,529,,未実戦検証
欠片試練,floor-boss-830,3,⚔️ 白亜の随伴・2,823,30571,2180,692,237,,未実戦検証
欠片試練,floor-boss-830,4,⚔️ 白亜の随伴・3,821,46703,3259,1636,426,,未実戦検証
欠片試練,floor-boss-840,1,⚔️ 瑠璃の疾風侯〈欠片試練〉,840,170538,7688,2668,1113,floor-boss-840,未実戦検証
欠片試練,floor-boss-840,2,⚔️ 瑠璃の随伴・1,835,83169,4180,3423,468,,未実戦検証
欠片試練,floor-boss-840,3,⚔️ 瑠璃の随伴・2,833,24290,1214,1466,181,,未実戦検証
欠片試練,floor-boss-840,4,⚔️ 瑠璃の随伴・3,831,30095,2036,1105,196,,未実戦検証
欠片試練,floor-boss-850,1,⚔️ 花苑の命紡ぎ〈欠片試練〉,850,423285,4237,4494,587,floor-boss-850,未実戦検証
欠片試練,floor-boss-850,2,⚔️ 花苑の随伴・1,845,276247,5054,8714,307,,未実戦検証
欠片試練,floor-boss-850,3,花苑の随伴・2,843,19177,700,719,296,,未実戦検証
欠片試練,floor-boss-850,4,花苑の随伴・3,841,25017,1020,669,335,,未実戦検証
欠片試練,floor-boss-860,1,⚔️ 風詩の封陣卿〈欠片試練〉,860,44543,1389,909,595,floor-boss-860,未実戦検証
欠片試練,floor-boss-860,2,⚔️ 風詩の随伴・1,855,16987,2661,999,640,,未実戦検証
欠片試練,floor-boss-860,3,⚔️ 風詩の随伴・2,853,59210,2605,2531,644,,未実戦検証
欠片試練,floor-boss-860,4,⚔️ 風詩の随伴・3,851,13421,821,462,528,,未実戦検証
欠片試練,floor-boss-870,1,⚔️ 双花の双牙将〈欠片試練〉,870,139011,9988,3660,1926,floor-boss-870,未実戦検証
欠片試練,floor-boss-870,2,⚔️ 双花の随伴・1,865,24043,2692,841,858,,未実戦検証
欠片試練,floor-boss-870,3,⚔️ 双花の随伴・2,863,35587,2635,929,394,,未実戦検証
欠片試練,floor-boss-870,4,⚔️ 双花の随伴・3,861,30939,2457,1098,1155,,未実戦検証
欠片試練,floor-boss-880,1,⚔️ 星鈴の葬鐘守〈欠片試練〉,880,102277,865,2106,265,floor-boss-880,未実戦検証
欠片試練,floor-boss-880,2,星鈴の随伴・1,875,14608,607,502,224,,未実戦検証
欠片試練,floor-boss-880,3,⚔️ 星鈴の随伴・2,873,32998,1842,1401,699,,未実戦検証
欠片試練,floor-boss-880,4,星鈴の随伴・3,871,73491,7422,2477,1162,,未実戦検証
欠片試練,floor-boss-890,1,⚔️ 天花の冠位竜〈欠片試練〉,890,95392,2341,1923,675,floor-boss-890,未実戦検証
欠片試練,floor-boss-890,2,⚔️ 天花の随伴・1,885,39657,1110,1333,343,,未実戦検証
欠片試練,floor-boss-890,3,⚔️ 天花の随伴・2,883,53580,2510,2001,586,,未実戦検証
欠片試練,floor-boss-890,4,天花の随伴・3,881,19966,1991,721,840,,未実戦検証
欠片試練,floor-boss-910,1,⚔️ 聖幕の剣王〈欠片試練〉,910,326686,9873,6514,1133,floor-boss-910,未実戦検証
欠片試練,floor-boss-910,2,⚔️ 聖幕の随伴・1,905,88689,5070,3419,966,,未実戦検証
欠片試練,floor-boss-910,3,聖幕の随伴・2,903,37706,961,1210,225,,未実戦検証
欠片試練,floor-boss-910,4,⚔️ 聖幕の随伴・3,901,94183,3058,3718,378,,未実戦検証
欠片試練,floor-boss-920,1,⚔️ 星譜の鏡術師〈欠片試練〉,920,192683,3282,3345,1285,floor-boss-920,未実戦検証
欠片試練,floor-boss-920,2,星譜の随伴・1,915,25129,1230,1301,164,,未実戦検証
欠片試練,floor-boss-920,3,星譜の随伴・2,913,35348,2524,1247,409,,未実戦検証
欠片試練,floor-boss-920,4,⚔️ 星譜の随伴・3,911,96466,4541,4444,959,,未実戦検証
欠片試練,floor-boss-930,1,⚔️ 楽殿の城塞公〈欠片試練〉,930,520756,8210,5984,138,floor-boss-930,未実戦検証
欠片試練,floor-boss-930,2,⚔️ 楽殿の随伴・1,925,103088,5490,5270,1083,,未実戦検証
欠片試練,floor-boss-930,3,⚔️ 楽殿の随伴・2,923,56177,3337,1724,448,,未実戦検証
欠片試練,floor-boss-930,4,⚔️ 楽殿の随伴・3,921,97372,3250,3632,460,,未実戦検証
欠片試練,floor-boss-940,1,⚔️ 光翼の疾風侯〈欠片試練〉,940,321924,8452,5551,814,floor-boss-940,未実戦検証
欠片試練,floor-boss-940,2,⚔️ 光翼の随伴・1,935,39294,3317,1958,954,,未実戦検証
欠片試練,floor-boss-940,3,⚔️ 光翼の随伴・2,933,57423,4938,2115,1253,,未実戦検証
欠片試練,floor-boss-940,4,⚔️ 光翼の随伴・3,931,18900,1244,796,328,,未実戦検証
欠片試練,floor-boss-950,1,⚔️ 天唱の命紡ぎ〈欠片試練〉,950,364588,3176,5014,1214,floor-boss-950,未実戦検証
欠片試練,floor-boss-950,2,⚔️ 天唱の随伴・1,945,33048,2063,2560,744,,未実戦検証
欠片試練,floor-boss-950,3,⚔️ 天唱の随伴・2,943,25844,1890,673,549,,未実戦検証
欠片試練,floor-boss-950,4,天唱の随伴・3,941,111490,1910,3280,419,,未実戦検証
欠片試練,floor-boss-960,1,⚔️ 月幕の封陣卿〈欠片試練〉,960,183743,2580,2976,1460,floor-boss-960,未実戦検証
欠片試練,floor-boss-960,2,⚔️ 月幕の随伴・1,955,54171,7392,3240,1634,,未実戦検証
欠片試練,floor-boss-960,3,⚔️ 月幕の随伴・2,953,214656,4965,9090,470,,未実戦検証
欠片試練,floor-boss-960,4,⚔️ 月幕の随伴・3,951,17606,1050,978,753,,未実戦検証
欠片試練,floor-boss-970,1,⚔️ 双奏の双牙将〈欠片試練〉,970,148715,8608,4644,1568,floor-boss-970,未実戦検証
欠片試練,floor-boss-970,2,双奏の随伴・1,965,91793,8208,3134,876,,未実戦検証
欠片試練,floor-boss-970,3,双奏の随伴・2,963,12356,847,329,373,,未実戦検証
欠片試練,floor-boss-970,4,双奏の随伴・3,961,14676,1447,495,674,,未実戦検証
欠片試練,floor-boss-980,1,⚔️ 夜想の葬鐘守〈欠片試練〉,980,238764,4522,5057,856,floor-boss-980,未実戦検証
欠片試練,floor-boss-980,2,夜想の随伴・1,975,15241,392,682,223,,未実戦検証
欠片試練,floor-boss-980,3,⚔️ 夜想の随伴・2,973,14864,1446,454,459,,未実戦検証
欠片試練,floor-boss-980,4,⚔️ 夜想の随伴・3,971,47018,2268,2222,572,,未実戦検証
欠片試練,floor-boss-990,1,⚔️ 終星の冠位竜〈欠片試練〉,990,206260,8579,3900,2045,floor-boss-990,未実戦検証
欠片試練,floor-boss-990,2,⚔️ 終星の随伴・1,985,18302,1482,967,782,,未実戦検証
欠片試練,floor-boss-990,3,⚔️ 終星の随伴・2,983,40056,2420,1593,620,,未実戦検証
欠片試練,floor-boss-990,4,⚔️ 終星の随伴・3,981,62066,6146,2220,1362,,未実戦検証
回廊,91,1,⚔️ 深淵Ⅰ 暴食,6700,57138869,286782,250126,4212,abyss_gluttony,未実戦検証
回廊,91,2,⚔️ 深淵眷属・1,6692,77134,9186,3403,7431,,未実戦検証
回廊,91,3,⚔️ 深淵眷属・2,6689,79918,7920,5032,1641,,未実戦検証
回廊,91,4,⚔️ 深淵眷属・3,6686,121481,15399,10490,5776,,未実戦検証
回廊,92,1,⚔️ 深淵Ⅱ 憤怒,6772,17076876,381305,156009,9483,abyss_wrath,未実戦検証
回廊,92,2,⚔️ 深淵眷属・1,6764,190683,19634,14310,1713,,未実戦検証
回廊,92,3,⚔️ 深淵眷属・2,6761,150686,22846,11152,3127,,未実戦検証
回廊,92,4,⚔️ 深淵眷属・3,6758,355589,23621,32431,2299,,未実戦検証
回廊,93,1,⚔️ 深淵Ⅲ 嫉妬,6844,11855776,269972,131309,15303,abyss_envy,未実戦検証
回廊,93,2,⚔️ 深淵眷属・1,6836,162526,22702,7456,8634,,未実戦検証
回廊,93,3,⚔️ 深淵眷属・2,6833,5,11501,9999999,246,,未実戦検証
回廊,93,4,⚔️ 深淵眷属・3,6830,111215,21305,9141,5888,,未実戦検証
回廊,94,1,⚔️ 深淵Ⅳ 怠惰,6916,20568955,98654,311639,1081,abyss_sloth,未実戦検証
回廊,94,2,⚔️ 深淵眷属・1,6908,118929,5935,9888,1943,,未実戦検証
回廊,94,3,⚔️ 深淵眷属・2,6905,98988,13139,4876,3523,,未実戦検証
回廊,94,4,⚔️ 深淵眷属・3,6902,290186,23004,38875,334,,未実戦検証
回廊,95,1,⚔️ 深淵Ⅴ 強欲,6988,12378275,154933,82753,19910,abyss_greed,未実戦検証
回廊,95,2,⚔️ 深淵眷属・1,6980,5,13485,9999999,195,,未実戦検証
回廊,95,3,⚔️ 深淵眷属・2,6977,133394,14435,12964,2300,,未実戦検証
回廊,95,4,深淵眷属・3,6974,138937,14654,13000,1958,,未実戦検証
回廊,96,1,⚔️ 深淵Ⅵ 色欲,7060,11356306,98019,84929,17116,abyss_lust,未実戦検証
回廊,96,2,⚔️ 深淵眷属・1,7052,136577,12346,17173,4559,,未実戦検証
回廊,96,3,⚔️ 深淵眷属・2,7049,207003,28418,16816,4622,,未実戦検証
回廊,96,4,⚔️ 深淵眷属・3,7046,266491,22053,23155,3862,,未実戦検証
回廊,97,1,⚔️ 深淵Ⅶ 傲慢,7132,27930179,372735,311935,7326,abyss_pride,未実戦検証
回廊,97,2,⚔️ 深淵眷属・1,7124,223437,17831,23032,1234,,未実戦検証
回廊,97,3,⚔️ 深淵眷属・2,7121,313975,29437,34091,3557,,未実戦検証
回廊,97,4,⚔️ 深淵眷属・3,7118,117627,18035,10005,6060,,未実戦検証
回廊,98,1,⚔️ 十神Ⅰ 時間,7204,28487712,150864,320818,30436,ten_time,未実戦検証
回廊,98,2,⚔️ 法則守・1,7196,201493,19519,18926,4782,,未実戦検証
回廊,98,3,⚔️ 法則守・2,7193,105058,19276,7622,3929,,未実戦検証
回廊,98,4,法則守・3,7190,93842,14674,6968,5670,,未実戦検証
回廊,99,1,⚔️ 十神Ⅱ 空間,7276,57422957,937411,438732,5841,ten_space,未実戦検証
回廊,99,2,⚔️ 法則守・1,7268,282922,39982,14288,6225,,未実戦検証
回廊,99,3,⚔️ 法則守・2,7265,125957,20609,11886,5960,,未実戦検証
回廊,99,4,⚔️ 法則守・3,7262,704561,53742,37948,531,,未実戦検証
回廊,100,1,⚔️ 十神Ⅲ 生命,7348,24073047,75176,240436,37028,ten_life,未実戦検証
回廊,100,2,⚔️ 法則守・1,7340,82028,6686,6939,5863,,未実戦検証
回廊,100,3,⚔️ 法則守・2,7337,137810,8388,10897,1379,,未実戦検証
回廊,100,4,法則守・3,7334,144670,7813,9683,1731,,未実戦検証
回廊,101,1,⚔️ 十神Ⅳ 死,7420,37259977,800195,414410,17716,ten_death,未実戦検証
回廊,101,2,⚔️ 法則守・1,7412,185958,33303,24772,6325,,未実戦検証
回廊,101,3,⚔️ 法則守・2,7409,229922,16039,22081,3809,,未実戦検証
回廊,101,4,⚔️ 法則守・3,7406,112384,12304,6366,2621,,未実戦検証
回廊,102,1,⚔️ 十神Ⅴ 運命,7492,21971778,669401,140854,37050,ten_fate,未実戦検証
回廊,102,2,⚔️ 法則守・1,7484,207280,17284,19852,2698,,未実戦検証
回廊,102,3,⚔️ 法則守・2,7481,118293,26103,9211,6685,,未実戦検証
回廊,102,4,⚔️ 法則守・3,7478,154226,26363,21905,7028,,未実戦検証
回廊,103,1,⚔️ 十神Ⅵ 混沌,7564,46081255,655544,374212,14948,ten_chaos,未実戦検証
回廊,103,2,⚔️ 法則守・1,7556,171653,25728,13953,4023,,未実戦検証
回廊,103,3,⚔️ 法則守・2,7553,5,16344,10614500,754,,未実戦検証
回廊,103,4,⚔️ 法則守・3,7550,91748,21276,7027,6402,,未実戦検証
回廊,104,1,⚔️ 十神Ⅶ 支配,7636,27068540,151282,201431,25864,ten_dominion,未実戦検証
回廊,104,2,⚔️ 法則守・1,7628,343595,37812,33825,5793,,未実戦検証
回廊,104,3,⚔️ 法則守・2,7625,183289,20750,17576,2767,,未実戦検証
回廊,104,4,⚔️ 法則守・3,7622,321156,21111,29907,4451,,未実戦検証
回廊,105,1,⚔️ 十神Ⅷ 創造,7708,31930346,127822,331946,27749,ten_creation,未実戦検証
回廊,105,2,⚔️ 法則守・1,7700,97210,16114,7309,5829,,未実戦検証
回廊,105,3,⚔️ 法則守・2,7697,306615,20749,31050,380,,未実戦検証
回廊,105,4,⚔️ 法則守・3,7694,139009,17460,14332,5577,,未実戦検証
回廊,106,1,⚔️ 十神Ⅸ 終焉,7780,15365544,187827,98887,32467,ten_end,未実戦検証
回廊,106,2,⚔️ 法則守・1,7772,106964,13142,4942,4243,,未実戦検証
回廊,106,3,⚔️ 法則守・2,7769,235678,22150,18711,3821,,未実戦検証
回廊,106,4,⚔️ 法則守・3,7766,120541,34323,16870,8538,,未実戦検証
回廊,107,1,⚔️ 十神Ⅹ 神格,7852,66548709,920697,504840,14853,ten_divinity,未実戦検証
回廊,107,2,⚔️ 法則守・1,7844,137995,34910,11608,11008,,未実戦検証
回廊,107,3,⚔️ 法則守・2,7841,186870,17771,18270,2468,,未実戦検証
回廊,107,4,⚔️ 法則守・3,7838,347493,28667,32133,2048,,未実戦検証
回廊,108,1,⚔️ 深淵Ⅰ 暴食,7924,13760038,179375,159292,3106,abyss_gluttony,未実戦検証
回廊,108,2,⚔️ 深淵Ⅱ 憤怒,7927,8124583,356699,124552,7912,abyss_wrath,未実戦検証
回廊,108,3,⚔️ 深淵Ⅲ 嫉妬,7930,5425485,175986,100172,10540,abyss_envy,未実戦検証
回廊,109,1,⚔️ 深淵Ⅳ 怠惰,7996,11644195,79132,292575,1166,abyss_sloth,未実戦検証
回廊,109,2,⚔️ 深淵Ⅴ 強欲,7999,5799186,132643,76199,8845,abyss_greed,未実戦検証
回廊,109,3,⚔️ 深淵Ⅵ 色欲,8002,5199112,76914,66803,14308,abyss_lust,未実戦検証
回廊,109,4,⚔️ 深淵Ⅶ 傲慢,8005,12242394,281834,224281,10994,abyss_pride,未実戦検証
回廊,110,1,⚔️ 十神Ⅰ 時間,8068,10469257,134675,203628,22171,ten_time,未実戦検証
回廊,110,2,⚔️ 十神Ⅱ 空間,8071,26585973,860362,341078,4540,ten_space,未実戦検証
回廊,110,3,⚔️ 十神Ⅴ 運命,8074,11678111,509078,138869,27504,ten_fate,未実戦検証
回廊,111,1,⚔️ 十神Ⅲ 生命,8140,10445690,59053,174977,21156,ten_life,未実戦検証
回廊,111,2,⚔️ 十神Ⅳ 死,8143,15691248,569906,295174,13880,ten_death,未実戦検証
回廊,111,3,⚔️ 十神Ⅷ 創造,8146,13177322,88605,230410,24047,ten_creation,未実戦検証
回廊,111,4,⚔️ 十神Ⅸ 終焉,8149,6035966,108679,65440,23369,ten_end,未実戦検証
回廊,112,1,⚔️ 十神Ⅵ 混沌,8212,15854279,456752,219691,13118,ten_chaos,未実戦検証
回廊,112,2,⚔️ 十神Ⅶ 支配,8215,10959386,118694,139591,16220,ten_dominion,未実戦検証
回廊,112,3,⚔️ 十神Ⅹ 神格,8218,33009718,646621,415388,10836,ten_divinity,未実戦検証
4対4,1,1,⚔️ 黒鉄の剣王〈4VS4 第1試練〉,1008,47862,1885,983,720,floor-boss-10,未実戦検証
4対4,1,2,⚔️ 黒鉄の護衛役,1006,18874,2394,1205,557,,未実戦検証
4対4,1,3,⚔️ 黒鉄の祈祷役,1005,28845,5308,3392,1443,,未実戦検証
4対4,1,4,⚔️ 黒鉄の妨害役,1004,31357,8271,2993,1350,,未実戦検証
4対4,2,1,⚔️ 翠風の鏡術師〈4VS4 第2試練〉,1011,72254,2138,1219,704,floor-boss-20,未実戦検証
4対4,2,2,翠風の護衛役,1009,75575,9235,4497,802,,未実戦検証
4対4,2,3,⚔️ 翠風の祈祷役,1008,28782,3628,2533,1258,,未実戦検証
4対4,2,4,⚔️ 翠風の妨害役,1007,19162,4780,1726,857,,未実戦検証
4対4,3,1,⚔️ 熔城の城塞公〈4VS4 第3試練〉,1014,96638,3428,2590,418,floor-boss-30,未実戦検証
4対4,3,2,⚔️ 熔城の護衛役,1012,27647,4005,1717,576,,未実戦検証
4対4,3,3,⚔️ 熔城の祈祷役,1011,50570,7322,4374,1433,,未実戦検証
4対4,3,4,⚔️ 熔城の妨害役,1010,27276,5578,2282,1115,,未実戦検証
4対4,4,1,⚔️ 氷迅の疾風侯〈4VS4 第4試練〉,1017,130807,4055,1625,1518,floor-boss-40,未実戦検証
4対4,4,2,氷迅の護衛役,1015,18860,1620,1060,655,,未実戦検証
4対4,4,3,⚔️ 氷迅の祈祷役,1014,24015,1822,2103,474,,未実戦検証
4対4,4,4,⚔️ 氷迅の妨害役,1013,62263,15481,23956,3938,,未実戦検証
4対4,5,1,⚔️ 星祷の命紡ぎ〈4VS4 第5試練〉,1020,271909,3223,4513,968,floor-boss-50,未実戦検証
4対4,5,2,星祷の護衛役,1018,45512,3411,4235,752,,未実戦検証
4対4,5,3,星祷の祈祷役,1017,27930,3423,2898,1283,,未実戦検証
4対4,5,4,星祷の妨害役,1016,58076,5859,5295,1343,,未実戦検証
4対4,6,1,⚔️ 深潮の封陣卿〈4VS4 第6試練〉,1023,102385,3053,3909,676,floor-boss-60,未実戦検証
4対4,6,2,深潮の護衛役,1021,144707,6307,11818,483,,未実戦検証
4対4,6,3,⚔️ 深潮の祈祷役,1020,35001,5803,4724,1082,,未実戦検証
4対4,6,4,⚔️ 深潮の妨害役,1019,69032,13330,5878,1502,,未実戦検証
4対4,7,1,⚔️ 瘴牙の双牙将〈4VS4 第7試練〉,1026,240586,19004,3457,1628,floor-boss-70,未実戦検証
4対4,7,2,⚔️ 瘴牙の護衛役,1024,96324,11109,6279,859,,未実戦検証
4対4,7,3,⚔️ 瘴牙の祈祷役,1023,34942,5222,3670,1502,,未実戦検証
4対4,7,4,⚔️ 瘴牙の妨害役,1022,81491,11665,7438,1067,,未実戦検証
4対4,8,1,⚔️ 虚鐘の葬鐘守〈4VS4 第8試練〉,1029,327303,4345,5089,578,floor-boss-80,未実戦検証
4対4,8,2,⚔️ 虚鐘の護衛役,1027,180669,9789,15715,491,,未実戦検証
4対4,8,3,⚔️ 虚鐘の祈祷役,1026,31005,3055,2720,949,,未実戦検証
4対4,8,4,⚔️ 虚鐘の妨害役,1025,76964,14357,6588,1657,,未実戦検証
4対4,9,1,⚔️ 火冠の冠位竜〈4VS4 第9試練〉,1032,605139,10786,7974,542,floor-boss-90,未実戦検証
4対4,9,2,火冠の護衛役,1030,30044,3133,1779,646,,未実戦検証
4対4,9,3,⚔️ 火冠の祈祷役,1029,68754,10152,5897,1837,,未実戦検証
4対4,9,4,⚔️ 火冠の妨害役,1028,20895,3520,1668,791,,未実戦検証
4対4,10,1,⚔️ 玄熔の剣王〈4VS4 第10試練〉,1035,186198,3712,3868,968,floor-boss-110,未実戦検証
4対4,10,2,⚔️ 玄熔の護衛役,1033,55057,3553,4763,852,,未実戦検証
4対4,10,3,玄熔の祈祷役,1032,76690,7963,6411,1739,,未実戦検証
4対4,10,4,⚔️ 玄熔の妨害役,1031,36321,4747,3916,1298,,未実戦検証
4対4,11,1,⚔️ 裂焔の鏡術師〈4VS4 第11試練〉,1032,164817,3085,2109,1187,floor-boss-120,未実戦検証
4対4,11,2,裂焔の護衛役,1030,59976,4552,4612,514,,未実戦検証
4対4,11,3,⚔️ 裂焔の祈祷役,1029,92677,13545,7532,2356,,未実戦検証
4対4,11,4,⚔️ 裂焔の妨害役,1028,24953,5145,1834,893,,未実戦検証
4対4,12,1,⚔️ 火脈の城塞公〈4VS4 第12試練〉,1035,225520,6390,3759,798,floor-boss-130,未実戦検証
4対4,12,2,⚔️ 火脈の護衛役,1033,55392,4962,3447,927,,未実戦検証
4対4,12,3,⚔️ 火脈の祈祷役,1032,93421,13851,8081,2128,,未実戦検証
4対4,12,4,⚔️ 火脈の妨害役,1031,14118,3345,1413,1749,,未実戦検証
4対4,13,1,⚔️ 熔迅の疾風侯〈4VS4 第13試練〉,1038,187630,8052,3631,1894,floor-boss-140,未実戦検証
4対4,13,2,⚔️ 熔迅の護衛役,1036,49014,5088,3061,908,,未実戦検証
4対4,13,3,熔迅の祈祷役,1035,82387,12113,7005,2080,,未実戦検証
4対4,13,4,⚔️ 熔迅の妨害役,1034,14138,4244,883,1656,,未実戦検証
4対4,14,1,⚔️ 炉心の命紡ぎ〈4VS4 第14試練〉,1041,396555,10303,4620,4155,floor-boss-150,未実戦検証
4対4,14,2,⚔️ 炉心の護衛役,1039,60119,5190,3620,807,,未実戦検証
4対4,14,3,⚔️ 炉心の祈祷役,1038,99074,13142,8540,2492,,未実戦検証
4対4,14,4,⚔️ 炉心の妨害役,1037,28381,5829,2736,922,,未実戦検証
4対4,15,1,⚔️ 薄氷の封陣卿〈4VS4 第15試練〉,1044,340775,5270,6677,1228,floor-boss-160,未実戦検証
4対4,15,2,⚔️ 薄氷の護衛役,1042,289850,13397,21485,1618,,未実戦検証
4対4,15,3,⚔️ 薄氷の祈祷役,1041,50756,4858,4860,744,,未実戦検証
4対4,15,4,薄氷の妨害役,1040,80430,30229,32203,5622,,未実戦検証
4対4,16,1,⚔️ 霜牙の双牙将〈4VS4 第16試練〉,1047,680973,17057,9534,1472,floor-boss-170,未実戦検証
4対4,16,2,⚔️ 霜牙の護衛役,1045,42164,3948,2394,1073,,未実戦検証
4対4,16,3,⚔️ 霜牙の祈祷役,1044,46888,4604,4023,721,,未実戦検証
4対4,16,4,⚔️ 霜牙の妨害役,1043,94503,34763,37499,6107,,未実戦検証
4対4,17,1,⚔️ 氷鐘の葬鐘守〈4VS4 第17試練〉,1050,1084826,10961,16198,381,floor-boss-180,未実戦検証
4対4,17,2,氷鐘の護衛役,1048,38076,3268,2142,1056,,未実戦検証
4対4,17,3,⚔️ 氷鐘の祈祷役,1047,64524,6117,6794,839,,未実戦検証
4対4,17,4,⚔️ 氷鐘の妨害役,1046,76878,8279,4750,299,,未実戦検証
4対4,18,1,⚔️ 零冠の冠位竜〈4VS4 第18試練〉,1053,143663,3578,2510,1534,floor-boss-190,未実戦検証
4対4,18,2,⚔️ 零冠の護衛役,1051,51005,6408,3977,965,,未実戦検証
4対4,18,3,零冠の祈祷役,1050,41168,3751,3477,726,,未実戦検証
4対4,18,4,⚔️ 零冠の妨害役,1049,104831,33581,41742,6684,,未実戦検証
4対4,19,1,⚔️ 胞鋼の剣王〈4VS4 第19試練〉,1056,294327,8610,3820,1358,floor-boss-210,未実戦検証
4対4,19,2,⚔️ 胞鋼の護衛役,1054,48127,6294,3423,970,,未実戦検証
4対4,19,3,⚔️ 胞鋼の祈祷役,1053,63375,9021,6720,2230,,未実戦検証
4対4,19,4,⚔️ 胞鋼の妨害役,1052,112159,13450,10568,2409,,未実戦検証
4対4,20,1,⚔️ 菌鏡の鏡術師〈4VS4 第20試練〉,1059,395139,3935,5279,851,floor-boss-220,未実戦検証
4対4,20,2,⚔️ 菌鏡の護衛役,1057,152615,9835,12436,650,,未実戦検証
4対4,20,3,⚔️ 菌鏡の祈祷役,1056,155762,13216,16213,2030,,未実戦検証
4対4,20,4,⚔️ 菌鏡の妨害役,1055,65922,12326,5764,1371,,未実戦検証
4対4,21,1,⚔️ 殖城の城塞公〈4VS4 第21試練〉,1056,587584,5817,10725,688,floor-boss-230,未実戦検証
4対4,21,2,⚔️ 殖城の護衛役,1054,77236,4778,5426,765,,未実戦検証
4対4,21,3,⚔️ 殖城の祈祷役,1053,59314,5757,5260,927,,未実戦検証
4対4,21,4,⚔️ 殖城の妨害役,1052,33259,2783,2884,824,,未実戦検証
4対4,22,1,⚔️ 瘴迅の疾風侯〈4VS4 第22試練〉,1059,226022,10839,3407,3426,floor-boss-240,未実戦検証
4対4,22,2,⚔️ 瘴迅の護衛役,1057,93726,5497,8406,1121,,未実戦検証
4対4,22,3,⚔️ 瘴迅の祈祷役,1056,76956,12169,8275,3150,,未実戦検証
4対4,22,4,⚔️ 瘴迅の妨害役,1055,67383,8466,7203,1958,,未実戦検証
4対4,23,1,⚔️ 腐命の命紡ぎ〈4VS4 第23試練〉,1062,562138,4498,6931,2102,floor-boss-250,未実戦検証
4対4,23,2,⚔️ 腐命の護衛役,1060,75934,4575,6481,1110,,未実戦検証
4対4,23,3,⚔️ 腐命の祈祷役,1059,31707,1801,3041,560,,未実戦検証
4対4,23,4,⚔️ 腐命の妨害役,1058,43808,3385,3769,791,,未実戦検証
4対4,24,1,⚔️ 帯電の封陣卿〈4VS4 第24試練〉,1065,1005178,6994,16205,1623,floor-boss-260,未実戦検証
4対4,24,2,⚔️ 帯電の護衛役,1063,320231,13959,27610,1156,,未実戦検証
4対4,24,3,⚔️ 帯電の祈祷役,1062,70899,5652,7675,1836,,未実戦検証
4対4,24,4,⚔️ 帯電の妨害役,1061,77729,12702,6720,1153,,未実戦検証
4対4,25,1,⚔️ 紫牙の双牙将〈4VS4 第25試練〉,1068,880868,26377,11502,1829,floor-boss-270,未実戦検証
4対4,25,2,⚔️ 紫牙の護衛役,1066,286989,17447,24639,1060,,未実戦検証
4対4,25,3,紫牙の祈祷役,1065,73093,8959,7588,2646,,未実戦検証
4対4,25,4,⚔️ 紫牙の妨害役,1064,82742,15873,7334,1188,,未実戦検証
4対4,26,1,⚔️ 雷鐘の葬鐘守〈4VS4 第26試練〉,1071,303232,4355,4457,788,floor-boss-280,未実戦検証
4対4,26,2,⚔️ 雷鐘の護衛役,1069,296986,17830,25524,1037,,未実戦検証
4対4,26,3,雷鐘の祈祷役,1068,60539,4673,5113,949,,未実戦検証
4対4,26,4,⚔️ 雷鐘の妨害役,1067,85581,16883,7529,1024,,未実戦検証
4対4,27,1,⚔️ 轟冠の冠位竜〈4VS4 第27試練〉,1074,677553,26966,9838,2458,floor-boss-290,未実戦検証
4対4,27,2,⚔️ 轟冠の護衛役,1072,309323,16426,26920,1141,,未実戦検証
4対4,27,3,⚔️ 轟冠の祈祷役,1071,86151,12502,8988,2973,,未実戦検証
4対4,27,4,⚔️ 轟冠の妨害役,1070,100229,13442,8603,1291,,未実戦検証
4対4,28,1,⚔️ 古門の剣王〈4VS4 第28試練〉,1077,256644,8981,5090,1846,floor-boss-310,未実戦検証
4対4,28,2,⚔️ 古門の護衛役,1075,68683,6765,6788,689,,未実戦検証
4対4,28,3,⚔️ 古門の祈祷役,1074,92298,13288,9696,2898,,未実戦検証
4対4,28,4,⚔️ 古門の妨害役,1073,46898,5293,3927,1455,,未実戦検証
4対4,29,1,⚔️ 苔鏡の鏡術師〈4VS4 第29試練〉,1080,226583,6171,3462,2458,floor-boss-320,未実戦検証
4対4,29,2,苔鏡の護衛役,1078,225451,10029,17774,771,,未実戦検証
4対4,29,3,⚔️ 苔鏡の祈祷役,1077,98871,13591,8613,2921,,未実戦検証
4対4,29,4,苔鏡の妨害役,1076,96158,22484,8712,3130,,未実戦検証
4対4,30,1,⚔️ 崩塞の城塞公〈4VS4 第30試練〉,1083,372424,9802,5806,1185,floor-boss-330,未実戦検証
4対4,30,2,⚔️ 崩塞の護衛役,1081,74445,4477,6418,1158,,未実戦検証
4対4,30,3,⚔️ 崩塞の祈祷役,1080,94649,11351,9710,3276,,未実戦検証
4対4,30,4,⚔️ 崩塞の妨害役,1079,52380,5814,4088,1637,,未実戦検証
4対4,31,1,⚔️ 封迅の疾風侯〈4VS4 第31試練〉,1080,292336,19266,4445,8567,floor-boss-340,未実戦検証
4対4,31,2,⚔️ 封迅の護衛役,1078,232324,15217,18575,1406,,未実戦検証
4対4,31,3,⚔️ 封迅の祈祷役,1077,112669,13954,10443,3343,,未実戦検証
4対4,31,4,⚔️ 封迅の妨害役,1076,125199,29343,11388,3695,,未実戦検証
4対4,32,1,⚔️ 祭命の命紡ぎ〈4VS4 第32試練〉,1083,652306,12972,9321,2373,floor-boss-350,未実戦検証
4対4,32,2,⚔️ 祭命の護衛役,1081,351945,31350,27984,1885,,未実戦検証
4対4,32,3,祭命の祈祷役,1080,175406,26677,20446,3173,,未実戦検証
4対4,32,4,⚔️ 祭命の妨害役,1079,132465,35579,12908,3665,,未実戦検証
4対4,33,1,⚔️ 芽嵐の封陣卿〈4VS4 第33試練〉,1086,724720,18518,9177,3879,floor-boss-360,未実戦検証
4対4,33,2,⚔️ 芽嵐の護衛役,1084,354684,37041,21444,2325,,未実戦検証
4対4,33,3,⚔️ 芽嵐の祈祷役,1083,79284,8671,6029,3039,,未実戦検証
4対4,33,4,⚔️ 芽嵐の妨害役,1082,70734,14643,6832,2242,,未実戦検証
4対4,34,1,⚔️ 絡牙の双牙将〈4VS4 第34試練〉,1089,612750,33254,9564,3969,floor-boss-370,未実戦検証
4対4,34,2,絡牙の護衛役,1087,313685,32480,18656,2229,,未実戦検証
4対4,34,3,⚔️ 絡牙の祈祷役,1086,114974,13323,9971,3299,,未実戦検証
4対4,34,4,⚔️ 絡牙の妨害役,1085,69396,17022,6422,2361,,未実戦検証
4対4,35,1,⚔️ 燐鐘の葬鐘守〈4VS4 第35試練〉,1092,880876,23619,13784,1738,floor-boss-380,未実戦検証
4対4,35,2,⚔️ 燐鐘の護衛役,1090,155818,6378,10452,908,,未実戦検証
4対4,35,3,⚔️ 燐鐘の祈祷役,1089,126048,17386,10741,4106,,未実戦検証
4対4,35,4,⚔️ 燐鐘の妨害役,1088,88262,15316,7999,2289,,未実戦検証
4対4,36,1,⚔️ 樹冠の冠位竜〈4VS4 第36試練〉,1095,1580669,33998,28321,2598,floor-boss-390,未実戦検証
4対4,36,2,⚔️ 樹冠の護衛役,1093,131895,6627,9664,983,,未実戦検証
4対4,36,3,⚔️ 樹冠の祈祷役,1092,122854,14407,10690,3574,,未実戦検証
4対4,36,4,⚔️ 樹冠の妨害役,1091,74175,15632,6892,2493,,未実戦検証
4対4,37,1,⚔️ 巡耀の剣王〈4VS4 第37試練〉,1098,379253,13994,6675,2606,floor-boss-410,未実戦検証
4対4,37,2,巡耀の護衛役,1096,170796,12803,15893,1678,,未実戦検証
4対4,37,3,⚔️ 巡耀の祈祷役,1095,222011,28321,25906,3691,,未実戦検証
4対4,37,4,⚔️ 巡耀の妨害役,1094,198609,23928,18356,4303,,未実戦検証
4対4,38,1,⚔️ 星鏡の鏡術師〈4VS4 第38試練〉,1101,410035,10898,5245,3180,floor-boss-420,未実戦検証
4対4,38,2,⚔️ 星鏡の護衛役,1099,326552,19948,22940,2975,,未実戦検証
4対4,38,3,⚔️ 星鏡の祈祷役,1098,118989,14586,12496,3682,,未実戦検証
4対4,38,4,⚔️ 星鏡の妨害役,1097,197877,23678,18667,3839,,未実戦検証
4対4,39,1,⚔️ 礼城の城塞公〈4VS4 第39試練〉,1104,358853,5491,5973,679,floor-boss-430,未実戦検証
4対4,39,2,⚔️ 礼城の護衛役,1102,205184,15789,19131,2097,,未実戦検証
4対4,39,3,⚔️ 礼城の祈祷役,1101,146084,14980,15031,3805,,未実戦検証
4対4,39,4,⚔️ 礼城の妨害役,1100,208875,29572,19375,3983,,未実戦検証
4対4,40,1,⚔️ 天迅の疾風侯〈4VS4 第40試練〉,1107,452783,20584,7127,5442,floor-boss-440,未実戦検証
4対4,40,2,⚔️ 天迅の護衛役,1105,206377,15814,19282,1951,,未実戦検証
4対4,40,3,⚔️ 天迅の祈祷役,1104,142519,14498,14600,3837,,未実戦検証
4対4,40,4,⚔️ 天迅の妨害役,1103,213461,25354,19856,4329,,未実戦検証
4対4,41,1,⚔️ 神庭の命紡ぎ〈4VS4 第41試練〉,1104,1109322,26417,19236,3882,floor-boss-450,未実戦検証
4対4,41,2,⚔️ 神庭の護衛役,1102,213403,15926,19896,2067,,未実戦検証
4対4,41,3,⚔️ 神庭の祈祷役,1101,63323,11339,7220,3554,,未実戦検証
4対4,41,4,⚔️ 神庭の妨害役,1100,211306,49035,19646,3838,,未実戦検証
4対4,42,1,⚔️ 裂界の封陣卿〈4VS4 第42試練〉,1107,1351732,16270,14466,622,floor-boss-460,未実戦検証
4対4,42,2,⚔️ 裂界の護衛役,1105,649748,28167,53099,1707,,未実戦検証
4対4,42,3,⚔️ 裂界の祈祷役,1104,109308,12814,9202,2514,,未実戦検証
4対4,42,4,⚔️ 裂界の妨害役,1103,227734,51957,19464,4289,,未実戦検証
4対4,43,1,⚔️ 星骸の双牙将〈4VS4 第43試練〉,1110,989749,36910,18564,5895,floor-boss-470,未実戦検証
4対4,43,2,⚔️ 星骸の護衛役,1108,213542,27723,20243,1464,,未実戦検証
4対4,43,3,⚔️ 星骸の祈祷役,1107,105971,10019,8945,2058,,未実戦検証
4対4,43,4,星骸の妨害役,1106,202866,46949,17296,4056,,未実戦検証
4対4,44,1,⚔️ 重鐘の葬鐘守〈4VS4 第44試練〉,1113,1532601,15021,27349,1817,floor-boss-480,未実戦検証
4対4,44,2,⚔️ 重鐘の護衛役,1111,128401,8618,13261,1285,,未実戦検証
4対4,44,3,重鐘の祈祷役,1110,96602,10688,8019,1966,,未実戦検証
4対4,44,4,重鐘の妨害役,1109,206735,47847,17627,4108,,未実戦検証
4対4,45,1,⚔️ 虚冠の冠位竜〈4VS4 第45試練〉,1116,1255225,30225,18953,4441,floor-boss-490,未実戦検証
4対4,45,2,虚冠の護衛役,1114,597238,26034,48776,1444,,未実戦検証
4対4,45,3,虚冠の祈祷役,1113,96572,9052,8016,1992,,未実戦検証
4対4,45,4,⚔️ 虚冠の妨害役,1112,53861,13536,5158,3772,,未実戦検証
4対4,46,1,⚔️ 浅潮の剣王〈4VS4 第46試練〉,1119,383184,15544,4549,5736,floor-boss-510,未実戦検証
4対4,46,2,⚔️ 浅潮の護衛役,1117,287466,26045,20899,1804,,未実戦検証
4対4,46,3,⚔️ 浅潮の祈祷役,1116,61390,7426,5912,2722,,未実戦検証
4対4,46,4,⚔️ 浅潮の妨害役,1115,310773,42471,25766,3363,,未実戦検証
4対4,47,1,⚔️ 藻鏡の鏡術師〈4VS4 第47試練〉,1122,697081,8411,10769,4230,floor-boss-520,未実戦検証
4対4,47,2,⚔️ 藻鏡の護衛役,1120,339715,24140,22913,1936,,未実戦検証
4対4,47,3,⚔️ 藻鏡の祈祷役,1119,63818,8218,6362,2404,,未実戦検証
4対4,47,4,⚔️ 藻鏡の妨害役,1118,118634,18273,10837,3162,,未実戦検証
4対4,48,1,⚔️ 圧城の城塞公〈4VS4 第48試練〉,1125,570967,17674,9015,2100,floor-boss-530,未実戦検証
4対4,48,2,⚔️ 圧城の護衛役,1123,345997,25509,23901,2457,,未実戦検証
4対4,48,3,⚔️ 圧城の祈祷役,1122,61086,8936,5867,2473,,未実戦検証
4対4,48,4,⚔️ 圧城の妨害役,1121,331966,53062,27801,2659,,未実戦検証
4対4,49,1,⚔️ 深迅の疾風侯〈4VS4 第49試練〉,1128,614408,37491,8599,9594,floor-boss-540,未実戦検証
4対4,49,2,⚔️ 深迅の護衛役,1126,296491,25019,21133,1876,,未実戦検証
4対4,49,3,⚔️ 深迅の祈祷役,1125,61630,8988,5972,2462,,未実戦検証
4対4,49,4,⚔️ 深迅の妨害役,1124,329071,45370,27694,2406,,未実戦検証
4対4,50,1,⚔️ 海命の命紡ぎ〈4VS4 第50試練〉,1131,2107669,16709,25911,2482,floor-boss-550,未実戦検証
4対4,50,2,⚔️ 海命の護衛役,1129,434353,23951,34161,2464,,未実戦検証
4対4,50,3,⚔️ 海命の祈祷役,1128,66383,8197,6380,3117,,未実戦検証
4対4,50,4,⚔️ 海命の妨害役,1127,151532,16068,14289,1972,,未実戦検証
4対4,51,1,⚔️ 境鎖の封陣卿〈4VS4 第51試練〉,1128,947746,30458,15413,5467,floor-boss-560,未実戦検証
4対4,51,2,⚔️ 境鎖の護衛役,1126,948222,33731,76280,1620,,未実戦検証
4対4,51,3,⚔️ 境鎖の祈祷役,1125,149078,11631,12041,2517,,未実戦検証
4対4,51,4,境鎖の妨害役,1124,47626,9021,3918,3323,,未実戦検証
4対4,52,1,⚔️ 裂雷の双牙将〈4VS4 第52試練〉,1131,1297283,35647,13423,2207,floor-boss-570,未実戦検証
4対4,52,2,⚔️ 裂雷の護衛役,1129,643679,26925,54045,1700,,未実戦検証
4対4,52,3,⚔️ 裂雷の祈祷役,1128,192428,19619,20229,4811,,未実戦検証
4対4,52,4,裂雷の妨害役,1127,159154,21453,13489,1806,,未実戦検証
4対4,53,1,⚔️ 熔鐘の葬鐘守〈4VS4 第53試練〉,1134,498786,14568,6878,2884,floor-boss-580,未実戦検証
4対4,53,2,熔鐘の護衛役,1132,130056,13571,7702,2032,,未実戦検証
4対4,53,3,熔鐘の祈祷役,1131,255823,31879,21742,6153,,未実戦検証
4対4,53,4,⚔️ 熔鐘の妨害役,1130,74983,13897,5135,2666,,未実戦検証
4対4,54,1,⚔️ 凍界の冠位竜〈4VS4 第54試練〉,1137,764209,27524,11431,6518,floor-boss-590,未実戦検証
4対4,54,2,⚔️ 凍界の護衛役,1135,118778,10251,6808,2710,,未実戦検証
4対4,54,3,⚔️ 凍界の祈祷役,1134,133667,10522,11428,1832,,未実戦検証
4対4,54,4,⚔️ 凍界の妨害役,1133,266609,97584,105351,14259,,未実戦検証
4対4,55,1,⚔️ 炉牙の剣王〈4VS4 第55試練〉,1140,527422,21043,12390,4888,floor-boss-610,未実戦検証
4対4,55,2,⚔️ 炉牙の護衛役,1138,180880,16060,10906,2159,,未実戦検証
4対4,55,3,炉牙の祈祷役,1137,257627,32107,21900,5336,,未実戦検証
4対4,55,4,⚔️ 炉牙の妨害役,1136,37049,9064,2276,4348,,未実戦検証
4対4,56,1,⚔️ 焔鏡の鏡術師〈4VS4 第56試練〉,1143,451218,9963,6315,5059,floor-boss-620,未実戦検証
4対4,56,2,⚔️ 焔鏡の護衛役,1141,179116,15806,10559,2312,,未実戦検証
4対4,56,3,⚔️ 焔鏡の祈祷役,1140,301954,43759,25701,5740,,未実戦検証
4対4,56,4,⚔️ 焔鏡の妨害役,1139,85323,19764,7817,2349,,未実戦検証
4対4,57,1,⚔️ 脈塞の城塞公〈4VS4 第57試練〉,1146,1693673,23486,28460,1752,floor-boss-630,未実戦検証
4対4,57,2,⚔️ 脈塞の護衛役,1144,180560,15416,10612,2251,,未実戦検証
4対4,57,3,⚔️ 脈塞の祈祷役,1143,307036,37279,26708,5717,,未実戦検証
4対4,57,4,⚔️ 脈塞の妨害役,1142,81543,17680,5567,2628,,未実戦検証
4対4,58,1,⚔️ 熔駆の疾風侯〈4VS4 第58試練〉,1149,537738,44206,8576,7819,floor-boss-640,未実戦検証
4対4,58,2,⚔️ 熔駆の護衛役,1147,160918,17835,11784,2233,,未実戦検証
4対4,58,3,⚔️ 熔駆の祈祷役,1146,314335,38942,26926,5823,,未実戦検証
4対4,58,4,熔駆の妨害役,1145,68842,15187,4593,2314,,未実戦検証
4対4,59,1,⚔️ 火命の命紡ぎ〈4VS4 第59試練〉,1152,2180281,22458,22051,2154,floor-boss-650,未実戦検証
4対4,59,2,⚔️ 火命の護衛役,1150,155562,16483,9342,2475,,未実戦検証
4対4,59,3,⚔️ 火命の祈祷役,1149,312050,38341,26479,6087,,未実戦検証
4対4,59,4,⚔️ 火命の妨害役,1148,80183,17594,5489,2472,,未実戦検証
4対4,60,1,⚔️ 氷鎖の封陣卿〈4VS4 第60試練〉,1155,1689401,19568,22708,4108,floor-boss-660,未実戦検証
4対4,60,2,⚔️ 氷鎖の護衛役,1153,135114,7181,8890,890,,未実戦検証
4対4,60,3,⚔️ 氷鎖の祈祷役,1152,143491,10660,11861,2509,,未実戦検証
4対4,60,4,⚔️ 氷鎖の妨害役,1151,292600,91565,116988,15314,,未実戦検証
4対4,61,1,⚔️ 霜極の双牙将〈4VS4 第61試練〉,1152,1694709,80087,20903,6761,floor-boss-670,未実戦検証
4対4,61,2,⚔️ 霜極の護衛役,1150,119443,9984,7908,454,,未実戦検証
4対4,61,3,⚔️ 霜極の祈祷役,1149,146392,13496,12484,2037,,未実戦検証
4対4,61,4,⚔️ 霜極の妨害役,1148,313830,115776,124097,16145,,未実戦検証
4対4,62,1,⚔️ 晶鐘の葬鐘守〈4VS4 第62試練〉,1155,706805,13296,8968,2395,floor-boss-680,未実戦検証
4対4,62,2,晶鐘の護衛役,1153,102859,6238,6425,446,,未実戦検証
4対4,62,3,⚔️ 晶鐘の祈祷役,1152,152901,14063,13234,2186,,未実戦検証
4対4,62,4,⚔️ 晶鐘の妨害役,1151,309450,96913,123112,19214,,未実戦検証
4対4,63,1,⚔️ 極冠の冠位竜〈4VS4 第63試練〉,1158,2001097,43629,39597,2046,floor-boss-690,未実戦検証
4対4,63,2,⚔️ 極冠の護衛役,1156,121093,7432,7620,589,,未実戦検証
4対4,63,3,極冠の祈祷役,1155,129979,10036,10984,1877,,未実戦検証
4対4,63,4,⚔️ 極冠の妨害役,1154,378631,98992,148982,16301,,未実戦検証
4対4,64,1,⚔️ 胞刃の剣王〈4VS4 第64試練〉,1161,587903,26946,10296,7283,floor-boss-710,未実戦検証
4対4,64,2,⚔️ 胞刃の護衛役,1159,170339,15031,10849,3423,,未実戦検証
4対4,64,3,⚔️ 胞刃の祈祷役,1158,232619,23708,23920,5572,,未実戦検証
4対4,64,4,⚔️ 胞刃の妨害役,1157,327003,45838,30390,5872,,未実戦検証
4対4,65,1,⚔️ 糸幻の鏡術師〈4VS4 第65試練〉,1164,1317571,11047,17201,2337,floor-boss-720,未実戦検証
4対4,65,2,⚔️ 糸幻の護衛役,1162,228877,8792,18812,1655,,未実戦検証
4対4,65,3,⚔️ 糸幻の祈祷役,1161,181860,12274,15365,2080,,未実戦検証
4対4,65,4,⚔️ 糸幻の妨害役,1160,104059,6904,8589,1693,,未実戦検証
4対4,66,1,⚔️ 殖殿の城塞公〈4VS4 第66試練〉,1167,1433446,24529,25631,2548,floor-boss-730,未実戦検証
4対4,66,2,殖殿の護衛役,1165,298626,26420,27788,2697,,未実戦検証
4対4,66,3,⚔️ 殖殿の祈祷役,1164,81522,17046,9584,5040,,未実戦検証
4対4,66,4,殖殿の妨害役,1163,274052,87312,109731,16166,,未実戦検証
4対4,67,1,⚔️ 瘴翔の疾風侯〈4VS4 第67試練〉,1170,1110651,57561,20578,9458,floor-boss-740,未実戦検証
4対4,67,2,⚔️ 瘴翔の護衛役,1168,338192,25191,31580,3048,,未実戦検証
4対4,67,3,⚔️ 瘴翔の祈祷役,1167,85145,18308,10721,5177,,未実戦検証
4対4,67,4,⚔️ 瘴翔の妨害役,1166,379930,99027,148974,16966,,未実戦検証
4対4,68,1,⚔️ 腐母の命紡ぎ〈4VS4 第68試練〉,1173,2905838,25847,38514,6343,floor-boss-750,未実戦検証
4対4,68,2,⚔️ 腐母の護衛役,1171,179303,16388,11191,2592,,未実戦検証
4対4,68,3,⚔️ 腐母の祈祷役,1170,197942,23814,20514,6876,,未実戦検証
4対4,68,4,⚔️ 腐母の妨害役,1169,407875,40652,37517,6563,,未実戦検証
4対4,69,1,⚔️ 電鎖の封陣卿〈4VS4 第69試練〉,1176,1628067,21186,30814,9415,floor-boss-760,未実戦検証
4対4,69,2,⚔️ 電鎖の護衛役,1174,831458,34774,69804,2191,,未実戦検証
4対4,69,3,⚔️ 電鎖の祈祷役,1173,304796,35459,31679,5356,,未実戦検証
4対4,69,4,⚔️ 電鎖の妨害役,1172,199981,31838,17478,2444,,未実戦検証
4対4,70,1,⚔️ 裂極の双牙将〈4VS4 第70試練〉,1179,589464,36190,12172,8352,floor-boss-770,未実戦検証
4対4,70,2,⚔️ 裂極の護衛役,1177,714163,35968,61224,2323,,未実戦検証
4対4,70,3,⚔️ 裂極の祈祷役,1176,101879,17630,12128,5352,,未実戦検証
4対4,70,4,⚔️ 裂極の妨害役,1175,200454,32250,17835,2446,,未実戦検証
4対4,71,1,⚔️ 晶葬の葬鐘守〈4VS4 第71試練〉,1176,1202926,23691,17574,6123,floor-boss-780,未実戦検証
4対4,71,2,⚔️ 晶葬の護衛役,1174,737874,37001,63147,2742,,未実戦検証
4対4,71,3,⚔️ 晶葬の祈祷役,1173,216145,26148,22437,7407,,未実戦検証
4対4,71,4,晶葬の妨害役,1172,183240,29637,15792,2792,,未実戦検証
4対4,72,1,⚔️ 天轟の冠位竜〈4VS4 第72試練〉,1179,1552022,46569,23327,7115,floor-boss-790,未実戦検証
4対4,72,2,⚔️ 天轟の護衛役,1177,725690,43122,61963,2346,,未実戦検証
4対4,72,3,⚔️ 天轟の祈祷役,1176,244415,27865,20802,7971,,未実戦検証
4対4,72,4,天轟の妨害役,1175,183763,29712,15833,2389,,未実戦検証
4対4,73,1,⚔️ 白晶の剣王〈4VS4 第73試練〉,1182,943163,37420,17365,7672,floor-boss-810,未実戦検証
4対4,73,2,⚔️ 白晶の護衛役,1180,161353,17223,10272,2995,,未実戦検証
4対4,73,3,⚔️ 白晶の祈祷役,1179,271220,28630,28385,6657,,未実戦検証
4対4,73,4,白晶の妨害役,1178,235682,55133,21353,7928,,未実戦検証
4対4,74,1,⚔️ 翠鏡の鏡術師〈4VS4 第74試練〉,1185,852740,10392,11265,3784,floor-boss-820,未実戦検証
4対4,74,2,⚔️ 翠鏡の護衛役,1183,164934,9950,13757,1811,,未実戦検証
4対4,74,3,翠鏡の祈祷役,1182,196559,24103,20414,6129,,未実戦検証
4対4,74,4,⚔️ 翠鏡の妨害役,1181,98026,9849,9497,2706,,未実戦検証
4対4,75,1,⚔️ 白亜の城塞公〈4VS4 第75試練〉,1188,2552831,54420,51364,2704,floor-boss-830,未実戦検証
4対4,75,2,⚔️ 白亜の護衛役,1186,169365,10293,14050,1763,,未実戦検証
4対4,75,3,白亜の祈祷役,1185,191112,23438,19847,6191,,未実戦検証
4対4,75,4,⚔️ 白亜の妨害役,1184,119107,13250,9444,3554,,未実戦検証
4対4,76,1,⚔️ 瑠璃の疾風侯〈4VS4 第76試練〉,1191,1647410,83882,23456,6694,floor-boss-840,未実戦検証
4対4,76,2,⚔️ 瑠璃の護衛役,1189,507629,26699,41016,2015,,未実戦検証
4対4,76,3,⚔️ 瑠璃の祈祷役,1188,271374,27855,27737,6444,,未実戦検証
4対4,76,4,⚔️ 瑠璃の妨害役,1187,669158,116799,50587,4321,,未実戦検証
4対4,77,1,⚔️ 花苑の命紡ぎ〈4VS4 第77試練〉,1194,4662423,41896,44618,2717,floor-boss-850,未実戦検証
4対4,77,2,⚔️ 花苑の護衛役,1192,532225,28226,42636,2471,,未実戦検証
4対4,77,3,⚔️ 花苑の祈祷役,1191,238351,29562,25073,7776,,未実戦検証
4対4,77,4,⚔️ 花苑の妨害役,1190,678074,100402,51310,4184,,未実戦検証
4対4,78,1,⚔️ 風詩の封陣卿〈4VS4 第78試練〉,1197,486926,4859,5615,3273,floor-boss-860,未実戦検証
4対4,78,2,⚔️ 風詩の護衛役,1195,744596,76201,45705,4546,,未実戦検証
4対4,78,3,風詩の祈祷役,1194,222060,26013,19227,6116,,未実戦検証
4対4,78,4,⚔️ 風詩の妨害役,1193,149962,36768,13955,4375,,未実戦検証
4対4,79,1,⚔️ 双花の双牙将〈4VS4 第79試練〉,1200,1488346,78717,25085,11703,floor-boss-870,未実戦検証
4対4,79,2,⚔️ 双花の護衛役,1198,756899,77420,45164,4924,,未実戦検証
4対4,79,3,双花の祈祷役,1197,220906,30538,19131,6176,,未実戦検証
4対4,79,4,⚔️ 双花の妨害役,1196,188052,32430,17291,4353,,未実戦検証
4対4,80,1,⚔️ 星鈴の葬鐘守〈4VS4 第80試練〉,1203,973524,6889,18547,950,floor-boss-880,未実戦検証
4対4,80,2,⚔️ 星鈴の護衛役,1201,760379,78224,45116,4816,,未実戦検証
4対4,80,3,⚔️ 星鈴の祈祷役,1200,258665,37223,21827,9328,,未実戦検証
4対4,80,4,⚔️ 星鈴の妨害役,1199,154875,32718,14311,4433,,未実戦検証
4対4,81,1,⚔️ 天花の冠位竜〈4VS4 第81試練〉,1200,1079881,19974,17140,4144,floor-boss-890,未実戦検証
4対4,81,2,⚔️ 天花の護衛役,1198,820741,99277,49053,5690,,未実戦検証
4対4,81,3,⚔️ 天花の祈祷役,1197,271669,38610,24190,7286,,未実戦検証
4対4,81,4,天花の妨害役,1196,136634,34157,12617,4405,,未実戦検証
4対4,82,1,⚔️ 聖幕の剣王〈4VS4 第82試練〉,1203,4379160,105047,82082,5710,floor-boss-910,未実戦検証
4対4,82,2,⚔️ 聖幕の護衛役,1201,362967,25765,30869,2140,,未実戦検証
4対4,82,3,⚔️ 聖幕の祈祷役,1200,500752,48526,52528,3907,,未実戦検証
4対4,82,4,⚔️ 聖幕の妨害役,1199,442140,52775,41002,7628,,未実戦検証
4対4,83,1,⚔️ 星譜の鏡術師〈4VS4 第83試練〉,1206,2585135,33383,39460,5869,floor-boss-920,未実戦検証
4対4,83,2,⚔️ 星譜の護衛役,1204,351922,25407,29608,2095,,未実戦検証
4対4,83,3,⚔️ 星譜の祈祷役,1203,496427,56588,51936,3899,,未実戦検証
4対4,83,4,⚔️ 星譜の妨害役,1202,446604,53961,43150,7527,,未実戦検証
4対4,84,1,⚔️ 楽殿の城塞公〈4VS4 第84試練〉,1209,6774798,85704,73451,728,floor-boss-930,未実戦検証
4対4,84,2,⚔️ 楽殿の護衛役,1207,435184,32204,40534,3601,,未実戦検証
4対4,84,3,楽殿の祈祷役,1206,215560,26433,22382,6908,,未実戦検証
4対4,84,4,楽殿の妨害役,1205,505213,67529,47980,3429,,未実戦検証
4対4,85,1,⚔️ 光翼の疾風侯〈4VS4 第85試練〉,1212,3593557,94210,61319,4587,floor-boss-940,未実戦検証
4対4,85,2,⚔️ 光翼の護衛役,1210,365055,26000,30955,2261,,未実戦検証
4対4,85,3,光翼の祈祷役,1209,450920,44047,47157,4403,,未実戦検証
4対4,85,4,⚔️ 光翼の妨害役,1208,551180,54528,50900,7571,,未実戦検証
4対4,86,1,⚔️ 天唱の命紡ぎ〈4VS4 第86試練〉,1215,4868324,32431,62422,6884,floor-boss-950,未実戦検証
4対4,86,2,⚔️ 天唱の護衛役,1213,710837,41784,47977,4536,,未実戦検証
4対4,86,3,⚔️ 天唱の祈祷役,1212,309928,30842,32242,7253,,未実戦検証
4対4,86,4,⚔️ 天唱の妨害役,1211,452785,64079,42021,8034,,未実戦検証
4対4,87,1,⚔️ 月幕の封陣卿〈4VS4 第87試練〉,1218,2054670,25912,30499,10156,floor-boss-960,未実戦検証
4対4,87,2,月幕の護衛役,1216,1316833,47821,105756,2550,,未実戦検証
4対4,87,3,⚔️ 月幕の祈祷役,1215,255163,19869,20873,3837,,未実戦検証
4対4,87,4,⚔️ 月幕の妨害役,1214,96462,23016,8870,5450,,未実戦検証
4対4,88,1,⚔️ 双奏の双牙将〈4VS4 第88試練〉,1221,1567154,59628,23562,10371,floor-boss-970,未実戦検証
4対4,88,2,⚔️ 双奏の護衛役,1219,1320439,56996,107973,3286,,未実戦検証
4対4,88,3,⚔️ 双奏の祈祷役,1218,212441,23209,17944,3779,,未実戦検証
4対4,88,4,⚔️ 双奏の妨害役,1217,95002,17857,7888,5672,,未実戦検証
4対4,89,1,⚔️ 夜想の葬鐘守〈4VS4 第89試練〉,1224,2737790,49382,52146,5596,floor-boss-980,未実戦検証
4対4,89,2,⚔️ 夜想の護衛役,1222,1555129,59384,123874,7135,,未実戦検証
4対4,89,3,⚔️ 夜想の祈祷役,1221,216443,20409,18686,4099,,未実戦検証
4対4,89,4,⚔️ 夜想の妨害役,1220,181837,26077,18117,5444,,未実戦検証
4対4,90,1,⚔️ 終星の冠位竜〈4VS4 第90試練〉,1227,2224573,71803,31424,12413,floor-boss-990,未実戦検証
4対4,90,2,⚔️ 終星の護衛役,1225,1347035,59251,110723,3096,,未実戦検証
4対4,90,3,終星の祈祷役,1224,183647,17219,15230,3618,,未実戦検証
4対4,90,4,⚔️ 終星の妨害役,1223,98902,18581,8810,6414,,未実戦検証
手動試練,abyss_gluttony:projection50,1,⚔️ 深淵Ⅰ 暴食,999,1039042,25187,17953,750,abyss_gluttony,未実戦検証
手動試練,abyss_gluttony:projection50,2,⚔️ 眷属・1,949,5133,1015,394,1014,,未実戦検証
手動試練,abyss_gluttony:projection50,3,眷属・2,936,4861,478,395,337,,未実戦検証
手動試練,abyss_gluttony:projection50,4,⚔️ 眷属・3,923,8072,1783,708,608,,未実戦検証
手動試練,abyss_gluttony:projection100,1,⚔️ 深淵Ⅰ 暴食,4999,6174876,150583,107007,2396,abyss_gluttony,未実戦検証
手動試練,abyss_gluttony:projection100,2,眷属・1,4949,20776,4536,1380,4280,,未実戦検証
手動試練,abyss_gluttony:projection100,3,⚔️ 眷属・2,4936,33778,4963,3661,1808,,未実戦検証
手動試練,abyss_gluttony:projection100,4,⚔️ 眷属・3,4923,47179,10690,4796,2931,,未実戦検証
手動試練,abyss_gluttony:manifest50,1,⚔️ 深淵Ⅰ 暴食,9999,50910630,1233068,874714,18618,abyss_gluttony,未実戦検証
手動試練,abyss_gluttony:manifest50,2,⚔️ 眷属・1,9949,222583,43253,18743,28003,,未実戦検証
手動試練,abyss_gluttony:manifest50,3,⚔️ 眷属・2,9936,291286,29600,25067,10728,,未実戦検証
手動試練,abyss_gluttony:manifest50,4,⚔️ 眷属・3,9923,365122,80251,32574,18218,,未実戦検証
手動試練,abyss_gluttony:manifest100,1,⚔️ 深淵Ⅰ 暴食,99999,3765993300,91006035,64641449,1252529,abyss_gluttony,未実戦検証
手動試練,abyss_gluttony:manifest100,2,⚔️ 眷属・1,99949,14559280,3692448,967918,1950688,,未実戦検証
手動試練,abyss_gluttony:manifest100,3,⚔️ 眷属・2,99936,17307477,2008145,1435146,698670,,未実戦検証
手動試練,abyss_gluttony:manifest100,4,⚔️ 眷属・3,99923,31701178,4881110,2829156,1221857,,未実戦検証
手動試練,abyss_wrath:projection50,1,⚔️ 深淵Ⅱ 憤怒,999,705203,41269,15859,1433,abyss_wrath,未実戦検証
手動試練,abyss_wrath:projection50,2,眷属・1,949,9847,1543,944,212,,未実戦検証
手動試練,abyss_wrath:projection50,3,⚔️ 眷属・2,936,11284,2447,1334,310,,未実戦検証
手動試練,abyss_wrath:projection50,4,眷属・3,923,15528,1932,2237,264,,未実戦検証
手動試練,abyss_wrath:projection100,1,⚔️ 深淵Ⅱ 憤怒,4999,4193127,244376,93422,7353,abyss_wrath,未実戦検証
手動試練,abyss_wrath:projection100,2,⚔️ 眷属・1,4949,69629,13426,6827,1856,,未実戦検証
手動試練,abyss_wrath:projection100,3,⚔️ 眷属・2,4936,73080,11933,8181,4597,,未実戦検証
手動試練,abyss_wrath:projection100,4,⚔️ 眷属・3,4923,121739,17620,18791,1487,,未実戦検証
手動試練,abyss_wrath:manifest50,1,⚔️ 深淵Ⅱ 憤怒,9999,34566660,1995948,765367,50189,abyss_wrath,未実戦検証
手動試練,abyss_wrath:manifest50,2,⚔️ 眷属・1,9949,609156,113050,63661,7135,,未実戦検証
手動試練,abyss_wrath:manifest50,3,⚔️ 眷属・2,9936,541481,118682,63483,17581,,未実戦検証
手動試練,abyss_wrath:manifest50,4,⚔️ 眷属・3,9923,941367,111532,137356,6572,,未実戦検証
手動試練,abyss_wrath:manifest100,1,⚔️ 深淵Ⅱ 憤怒,99999,2555855227,147388865,56265306,3609470,abyss_wrath,未実戦検証
手動試練,abyss_wrath:manifest100,2,⚔️ 眷属・1,99949,42082175,6492353,4034065,436107,,未実戦検証
手動試練,abyss_wrath:manifest100,3,⚔️ 眷属・2,99936,35902442,6328389,3925204,956207,,未実戦検証
手動試練,abyss_wrath:manifest100,4,⚔️ 眷属・3,99923,67568510,8256757,9723728,554118,,未実戦検証
手動試練,abyss_envy:projection50,1,⚔️ 深淵Ⅲ 嫉妬,999,479902,24056,12982,2364,abyss_envy,未実戦検証
手動試練,abyss_envy:projection50,2,⚔️ 眷属・1,949,7285,1593,617,669,,未実戦検証
手動試練,abyss_envy:projection50,3,眷属・2,936,5,957,9999999,29,,未実戦検証
手動試練,abyss_envy:projection50,4,⚔️ 眷属・3,923,7426,1774,799,1008,,未実戦検証
手動試練,abyss_envy:projection100,1,⚔️ 深淵Ⅲ 嫉妬,4999,2880749,151125,82415,12594,abyss_envy,未実戦検証
手動試練,abyss_envy:projection100,2,⚔️ 眷属・1,4949,35868,7070,2531,2846,,未実戦検証
手動試練,abyss_envy:projection100,3,⚔️ 眷属・2,4936,5,8250,9999999,361,,未実戦検証
手動試練,abyss_envy:projection100,4,⚔️ 眷属・3,4923,42518,10549,5452,7766,,未実戦検証
手動試練,abyss_envy:manifest50,1,⚔️ 深淵Ⅲ 嫉妬,9999,23566365,1173534,632022,85400,abyss_envy,未実戦検証
手動試練,abyss_envy:manifest50,2,⚔️ 眷属・1,9949,283409,54307,19254,16611,,未実戦検証
手動試練,abyss_envy:manifest50,3,眷属・2,9936,5,57850,39516500,827,,未実戦検証
手動試練,abyss_envy:manifest50,4,⚔️ 眷属・3,9923,331463,80293,39773,30227,,未実戦検証
手動試練,abyss_envy:manifest100,1,⚔️ 深淵Ⅲ 嫉妬,99999,1743207468,86586153,46706120,6111157,abyss_envy,未実戦検証
手動試練,abyss_envy:manifest100,2,⚔️ 眷属・1,99949,24796721,3917741,1634018,1116382,,未実戦検証
手動試練,abyss_envy:manifest100,3,⚔️ 眷属・2,99936,5,4058404,3324822000,60208,,未実戦検証
手動試練,abyss_envy:manifest100,4,⚔️ 眷属・3,99923,28158683,5778978,3288395,2038271,,未実戦検証
手動試練,abyss_sloth:projection50,1,⚔️ 深淵Ⅳ 怠惰,999,879299,11882,33035,839,abyss_sloth,未実戦検証
手動試練,abyss_sloth:projection50,2,⚔️ 眷属・1,949,11563,1057,1389,839,,未実戦検証
手動試練,abyss_sloth:projection50,3,眷属・2,936,5772,927,379,543,,未実戦検証
手動試練,abyss_sloth:projection50,4,⚔️ 眷属・3,923,17876,2253,3163,60,,未実戦検証
手動試練,abyss_sloth:projection100,1,⚔️ 深淵Ⅳ 怠惰,4999,5217083,65210,194354,1128,abyss_sloth,未実戦検証
手動試練,abyss_sloth:projection100,2,⚔️ 眷属・1,4949,62201,8594,10211,684,,未実戦検証
手動試練,abyss_sloth:projection100,3,眷属・2,4936,29767,5740,1993,2459,,未実戦検証
手動試練,abyss_sloth:projection100,4,⚔️ 眷属・3,4923,99616,10330,15935,205,,未実戦検証
手動試練,abyss_sloth:manifest50,1,⚔️ 深淵Ⅳ 怠惰,9999,43014483,533150,1603038,8719,abyss_sloth,未実戦検証
手動試練,abyss_sloth:manifest50,2,⚔️ 眷属・1,9949,377963,24265,44910,6234,,未実戦検証
手動試練,abyss_sloth:manifest50,3,⚔️ 眷属・2,9936,315432,55631,29625,15376,,未実戦検証
手動試練,abyss_sloth:manifest50,4,⚔️ 眷属・3,9923,780034,65929,122868,2035,,未実戦検証
手動試練,abyss_sloth:manifest100,1,⚔️ 深淵Ⅳ 怠惰,99999,3181483107,38959355,118158707,505983,abyss_sloth,未実戦検証
手動試練,abyss_sloth:manifest100,2,⚔️ 眷属・1,99949,27163253,1688445,3242449,424587,,未実戦検証
手動試練,abyss_sloth:manifest100,3,眷属・2,99936,18309827,4164457,1226792,1074112,,未実戦検証
手動試練,abyss_sloth:manifest100,4,⚔️ 眷属・3,99923,69255839,4596475,10703367,121871,,未実戦検証
手動試練,abyss_greed:projection50,1,⚔️ 深淵Ⅴ 強欲,999,517923,16569,8451,1800,abyss_greed,未実戦検証
手動試練,abyss_greed:projection50,2,⚔️ 眷属・1,949,5,1456,9999999,35,,未実戦検証
手動試練,abyss_greed:projection50,3,⚔️ 眷属・2,936,10537,1529,1481,444,,未実戦検証
手動試練,abyss_greed:projection50,4,⚔️ 眷属・3,923,10281,1684,1683,431,,未実戦検証
手動試練,abyss_greed:projection100,1,⚔️ 深淵Ⅴ 強欲,4999,3103507,106477,60307,8966,abyss_greed,未実戦検証
手動試練,abyss_greed:projection100,2,⚔️ 眷属・1,4949,5,7076,9999999,200,,未実戦検証
手動試練,abyss_greed:projection100,3,⚔️ 眷属・2,4936,66144,8663,9261,2521,,未実戦検証
手動試練,abyss_greed:projection100,4,⚔️ 眷属・3,4923,59777,8782,9016,1950,,未実戦検証
手動試練,abyss_greed:manifest50,1,⚔️ 深淵Ⅴ 強欲,9999,25340503,808459,408291,68946,abyss_greed,未実戦検証
手動試練,abyss_greed:manifest50,2,⚔️ 眷属・1,9949,5,57883,50398500,821,,未実戦検証
手動試練,abyss_greed:manifest50,3,⚔️ 眷属・2,9936,477788,53455,67614,14811,,未実戦検証
手動試練,abyss_greed:manifest50,4,⚔️ 眷属・3,9923,489922,82434,73265,10712,,未実戦検証
手動試練,abyss_greed:manifest100,1,⚔️ 深淵Ⅴ 強欲,99999,1872223147,59566127,30008628,4846566,abyss_greed,未実戦検証
手動試練,abyss_greed:manifest100,2,⚔️ 眷属・1,99949,5,4074583,3940244000,60024,,未実戦検証
手動試練,abyss_greed:manifest100,3,⚔️ 眷属・2,99936,34215364,3638786,4929010,785301,,未実戦検証
手動試練,abyss_greed:manifest100,4,⚔️ 眷属・3,99923,35796079,5034431,5357350,726858,,未実戦検証
手動試練,abyss_lust:projection50,1,⚔️ 深淵Ⅵ 色欲,999,455087,10768,8775,2324,abyss_lust,未実戦検証
手動試練,abyss_lust:projection50,2,⚔️ 眷属・1,949,6470,717,430,1427,,未実戦検証
手動試練,abyss_lust:projection50,3,⚔️ 眷属・2,936,16322,2492,1984,863,,未実戦検証
手動試練,abyss_lust:projection50,4,⚔️ 眷属・3,923,13498,2587,1891,835,,未実戦検証
手動試練,abyss_lust:projection100,1,⚔️ 深淵Ⅵ 色欲,4999,2722919,71927,56155,11703,abyss_lust,未実戦検証
手動試練,abyss_lust:projection100,2,⚔️ 眷属・1,4949,38646,4637,5493,5453,,未実戦検証
手動試練,abyss_lust:projection100,3,⚔️ 眷属・2,4936,90629,21922,12939,3840,,未実戦検証
手動試練,abyss_lust:projection100,4,⚔️ 眷属・3,4923,81469,14522,11585,3565,,未実戦検証
手動試練,abyss_lust:manifest50,1,⚔️ 深淵Ⅵ 色欲,9999,22276284,496498,407668,86924,abyss_lust,未実戦検証
手動試練,abyss_lust:manifest50,2,眷属・1,9949,168302,20951,13856,23358,,未実戦検証
手動試練,abyss_lust:manifest50,3,眷属・2,9936,542835,96673,66301,21372,,未実戦検証
手動試練,abyss_lust:manifest50,4,⚔️ 眷属・3,9923,679667,113194,97257,19868,,未実戦検証
手動試練,abyss_lust:manifest100,1,⚔️ 深淵Ⅵ 色欲,99999,1647910807,36700617,30119044,6325167,abyss_lust,未実戦検証
手動試練,abyss_lust:manifest100,2,⚔️ 眷属・1,99949,14172527,1749391,1171877,1697082,,未実戦検証
手動試練,abyss_lust:manifest100,3,⚔️ 眷属・2,99936,45840920,9479352,5597303,1553246,,未実戦検証
手動試練,abyss_lust:manifest100,4,⚔️ 眷属・3,99923,57574355,8072035,7924323,1372005,,未実戦検証
手動試練,abyss_pride:projection50,1,⚔️ 深淵Ⅶ 傲慢,999,1069202,36023,28039,1580,abyss_pride,未実戦検証
手動試練,abyss_pride:projection50,2,⚔️ 眷属・1,949,14201,2710,2248,358,,未実戦検証
手動試練,abyss_pride:projection50,3,⚔️ 眷属・2,936,18196,2637,2749,457,,未実戦検証
手動試練,abyss_pride:projection50,4,⚔️ 眷属・3,923,9874,1999,1322,1198,,未実戦検証
手動試練,abyss_pride:projection100,1,⚔️ 深淵Ⅶ 傲慢,4999,6384433,219054,171185,5662,abyss_pride,未実戦検証
手動試練,abyss_pride:projection100,2,⚔️ 眷属・1,4949,85646,12984,14366,1133,,未実戦検証
手動試練,abyss_pride:projection100,3,⚔️ 眷属・2,4936,111852,14411,16184,2207,,未実戦検証
手動試練,abyss_pride:projection100,4,眷属・3,4923,33523,8384,3982,5275,,未実戦検証
手動試練,abyss_pride:manifest50,1,⚔️ 深淵Ⅶ 傲慢,9999,52536116,1774744,1371304,45693,abyss_pride,未実戦検証
手動試練,abyss_pride:manifest50,2,⚔️ 眷属・1,9949,668515,81557,110040,7112,,未実戦検証
手動試練,abyss_pride:manifest50,3,⚔️ 眷属・2,9936,1111583,115468,157352,11024,,未実戦検証
手動試練,abyss_pride:manifest50,4,⚔️ 眷属・3,9923,375627,84158,54649,29105,,未実戦検証
手動試練,abyss_pride:manifest100,1,⚔️ 深淵Ⅶ 傲慢,99999,3887986262,131277305,101434141,3259527,abyss_pride,未実戦検証
手動試練,abyss_pride:manifest100,2,⚔️ 眷属・1,99949,59546593,5967271,9632357,429999,,未実戦検証
手動試練,abyss_pride:manifest100,3,⚔️ 眷属・2,99936,81777364,8333965,11574836,551875,,未実戦検証
手動試練,abyss_pride:manifest100,4,⚔️ 眷属・3,99923,28516849,5851845,3330648,2039561,,未実戦検証
手動試練,ten_time:projection50,1,⚔️ 十神Ⅰ 時間,999,1644888,32708,46455,6512,ten_time,未実戦検証
手動試練,ten_time:projection50,2,神兵・1,949,11911,1705,1783,450,,未実戦検証
手動試練,ten_time:projection50,3,⚔️ 神兵・2,936,9728,1476,1027,909,,未実戦検証
手動試練,ten_time:projection50,4,⚔️ 神兵・3,923,12107,2585,1309,1336,,未実戦検証
手動試練,ten_time:projection100,1,⚔️ 十神Ⅰ 時間,4999,9791098,190544,275395,34810,ten_time,未実戦検証
手動試練,ten_time:projection100,2,神兵・1,4949,73767,10555,11041,2503,,未実戦検証
手動試練,ten_time:projection100,3,⚔️ 神兵・2,4936,56550,10212,4132,3662,,未実戦検証
手動試練,ten_time:projection100,4,⚔️ 神兵・3,4923,58873,14343,7204,6434,,未実戦検証
手動試練,ten_time:manifest50,1,⚔️ 十神Ⅰ 時間,9999,80757988,1568208,2273249,265777,ten_time,未実戦検証
手動試練,ten_time:manifest50,2,⚔️ 神兵・1,9949,748926,105018,119893,14621,,未実戦検証
手動試練,ten_time:manifest50,3,⚔️ 神兵・2,9936,410495,81639,30723,27287,,未実戦検証
手動試練,ten_time:manifest50,4,⚔️ 神兵・3,9923,472796,112602,53579,49139,,未実戦検証
手動試練,ten_time:manifest100,1,⚔️ 十神Ⅰ 時間,99999,5974603773,115796397,168009795,19286349,ten_time,未実戦検証
手動試練,ten_time:manifest100,2,⚔️ 神兵・1,99949,51154251,8492877,7658249,1037533,,未実戦検証
手動試練,ten_time:manifest100,3,⚔️ 神兵・2,99936,35747890,5647663,2361785,1592109,,未実戦検証
手動試練,ten_time:manifest100,4,⚔️ 神兵・3,99923,33801434,9820781,4015138,2904639,,未実戦検証
手動試練,ten_space:projection50,1,⚔️ 十神Ⅱ 空間,999,3924854,168362,73776,1521,ten_space,未実戦検証
手動試練,ten_space:projection50,2,⚔️ 神兵・1,949,25190,5932,2224,641,,未実戦検証
手動試練,ten_space:projection50,3,⚔️ 神兵・2,936,10976,2639,1461,1227,,未実戦検証
手動試練,ten_space:projection50,4,⚔️ 神兵・3,923,54685,8413,4710,540,,未実戦検証
手動試練,ten_space:projection100,1,⚔️ 十神Ⅱ 空間,4999,23399328,999064,439115,6903,ten_space,未実戦検証
手動試練,ten_space:projection100,2,⚔️ 神兵・1,4949,153660,25316,12970,2096,,未実戦検証
手動試練,ten_space:projection100,3,⚔️ 神兵・2,4936,61057,14680,7256,6366,,未実戦検証
手動試練,ten_space:projection100,4,⚔️ 神兵・3,4923,302907,45341,24199,1810,,未実戦検証
手動試練,ten_space:manifest50,1,⚔️ 十神Ⅱ 空間,9999,193157587,8249294,3614318,69933,ten_space,未実戦検証
手動試練,ten_space:manifest50,2,⚔️ 神兵・1,9949,1197282,204419,92225,19182,,未実戦検証
手動試練,ten_space:manifest50,3,⚔️ 神兵・2,9936,460739,112692,54156,41794,,未実戦検証
手動試練,ten_space:manifest50,4,⚔️ 神兵・3,9923,2541130,433047,189444,32096,,未実戦検証
手動試練,ten_space:manifest100,1,⚔️ 十神Ⅱ 空間,99999,14292967204,609295183,267487592,3732269,ten_space,未実戦検証
手動試練,ten_space:manifest100,2,⚔️ 神兵・1,99949,88083359,17545435,6804382,949512,,未実戦検証
手動試練,ten_space:manifest100,3,神兵・2,99936,29708577,8778707,3530318,2796961,,未実戦検証
手動試練,ten_space:manifest100,4,⚔️ 神兵・3,99923,183637964,26584580,14086786,259468,,未実戦検証
手動試練,ten_life:projection50,1,⚔️ 十神Ⅲ 生命,999,1650271,13245,40940,6290,ten_life,未実戦検証
手動試練,ten_life:projection50,2,⚔️ 神兵・1,949,12438,2662,2449,1159,,未実戦検証
手動試練,ten_life:projection50,3,神兵・2,936,8928,667,1067,259,,未実戦検証
手動試練,ten_life:projection50,4,神兵・3,923,11680,1012,1252,368,,未実戦検証
手動試練,ten_life:projection100,1,⚔️ 十神Ⅲ 生命,4999,9784636,78538,238907,31940,ten_life,未実戦検証
手動試練,ten_life:projection100,2,⚔️ 神兵・1,4949,38436,5171,3709,5622,,未実戦検証
手動試練,ten_life:projection100,3,⚔️ 神兵・2,4936,71982,5056,9517,1570,,未実戦検証
手動試練,ten_life:projection100,4,⚔️ 神兵・3,4923,87688,9178,9516,1902,,未実戦検証
手動試練,ten_life:manifest50,1,⚔️ 十神Ⅲ 生命,9999,80649224,641317,1967333,241773,ten_life,未実戦検証
手動試練,ten_life:manifest50,2,⚔️ 神兵・1,9949,283025,35503,25350,34313,,未実戦検証
手動試練,ten_life:manifest50,3,⚔️ 神兵・2,9936,543013,40256,63522,10199,,未実戦検証
手動試練,ten_life:manifest50,4,⚔️ 神兵・3,9923,584815,72008,63152,13380,,未実戦検証
手動試練,ten_life:manifest100,1,⚔️ 十神Ⅲ 生命,99999,5962222486,47100427,145435618,17699388,ten_life,未実戦検証
手動試練,ten_life:manifest100,2,⚔️ 神兵・1,99949,20292492,2934849,1671154,2418596,,未実戦検証
手動試練,ten_life:manifest100,3,⚔️ 神兵・2,99936,38640466,2829611,4613025,605046,,未実戦検証
手動試練,ten_life:manifest100,4,⚔️ 神兵・3,99923,42346002,5095974,4612593,863790,,未実戦検証
手動試練,ten_death:projection50,1,⚔️ 十神Ⅳ 死,999,2942840,137655,78897,3280,ten_death,未実戦検証
手動試練,ten_death:projection50,2,神兵・1,949,8725,1642,791,751,,未実戦検証
手動試練,ten_death:projection50,3,⚔️ 神兵・2,936,16849,3015,3074,253,,未実戦検証
手動試練,ten_death:projection50,4,⚔️ 神兵・3,923,13899,2550,2287,998,,未実戦検証
手動試練,ten_death:projection100,1,⚔️ 十神Ⅳ 死,4999,17511054,819488,469297,17697,ten_death,未実戦検証
手動試練,ten_death:projection100,2,⚔️ 神兵・1,4949,76992,15080,8985,4584,,未実戦検証
手動試練,ten_death:projection100,3,⚔️ 神兵・2,4936,85361,9326,13336,1280,,未実戦検証
手動試練,ten_death:projection100,4,⚔️ 神兵・3,4923,53384,9657,4214,3514,,未実戦検証
手動試練,ten_death:manifest50,1,⚔️ 十神Ⅳ 死,9999,144494197,6743786,3871765,132776,ten_death,未実戦検証
手動試練,ten_death:manifest50,2,⚔️ 神兵・1,9949,531114,96426,51695,25098,,未実戦検証
手動試練,ten_death:manifest50,3,⚔️ 神兵・2,9936,668673,64202,109758,8339,,未実戦検証
手動試練,ten_death:manifest50,4,⚔️ 神兵・3,9923,410364,89148,26460,24518,,未実戦検証
手動試練,ten_death:manifest100,1,⚔️ 十神Ⅳ 死,99999,10688536795,498898247,285779722,9748409,ten_death,未実戦検証
手動試練,ten_death:manifest100,2,⚔️ 神兵・1,99949,37726392,6973115,3421753,1736154,,未実戦検証
手動試練,ten_death:manifest100,3,⚔️ 神兵・2,99936,49406563,5403640,8069175,569135,,未実戦検証
手動試練,ten_death:manifest100,4,⚔️ 神兵・3,99923,29516182,6600722,1977116,1590674,,未実戦検証
手動試練,ten_fate:projection50,1,⚔️ 十神Ⅴ 運命,999,1523674,142577,24186,7952,ten_fate,未実戦検証
手動試練,ten_fate:projection50,2,⚔️ 神兵・1,949,14561,2223,2172,551,,未実戦検証
手動試練,ten_fate:projection50,3,⚔️ 神兵・2,936,9382,2419,1164,1350,,未実戦検証
手動試練,ten_fate:projection50,4,神兵・3,923,7742,1668,617,1388,,未実戦検証
手動試練,ten_fate:projection100,1,⚔️ 十神Ⅴ 運命,4999,9090649,859234,145838,42572,ten_fate,未実戦検証
手動試練,ten_fate:projection100,2,⚔️ 神兵・1,4949,87126,12578,13537,2707,,未実戦検証
手動試練,ten_fate:projection100,3,⚔️ 神兵・2,4936,57265,14318,7226,6738,,未実戦検証
手動試練,ten_fate:projection100,4,神兵・3,4923,39730,10301,3217,6725,,未実戦検証
手動試練,ten_fate:manifest50,1,⚔️ 十神Ⅴ 運命,9999,74904660,7000225,1173038,322970,ten_fate,未実戦検証
手動試練,ten_fate:manifest50,2,⚔️ 神兵・1,9949,693505,100119,105086,15079,,未実戦検証
手動試練,ten_fate:manifest50,3,⚔️ 神兵・2,9936,464445,134298,55360,40992,,未実戦検証
手動試練,ten_fate:manifest50,4,神兵・3,9923,333047,86382,26966,52786,,未実戦検証
手動試練,ten_fate:manifest100,1,⚔️ 十神Ⅴ 運命,99999,5543439559,517795042,86530597,23544874,ten_fate,未実戦検証
手動試練,ten_fate:manifest100,2,⚔️ 神兵・1,99949,50938579,8450608,7624814,1038145,,未実戦検証
手動試練,ten_fate:manifest100,3,⚔️ 神兵・2,99936,33679727,8294290,4001755,2905862,,未実戦検証
手動試練,ten_fate:manifest100,4,⚔️ 神兵・3,99923,27921011,8406899,2260885,3310038,,未実戦検証
手動試練,ten_chaos:projection50,1,⚔️ 十神Ⅵ 混沌,999,2369364,106253,47980,3145,ten_chaos,未実戦検証
手動試練,ten_chaos:projection50,2,⚔️ 神兵・1,949,13282,2419,1657,1306,,未実戦検証
手動試練,ten_chaos:projection50,3,⚔️ 神兵・2,936,5,1912,9999999,40,,未実戦検証
手動試練,ten_chaos:projection50,4,⚔️ 神兵・3,923,7400,2862,900,1319,,未実戦検証
手動試練,ten_chaos:projection100,1,⚔️ 十神Ⅵ 混沌,4999,14156331,641712,295561,18287,ten_chaos,未実戦検証
手動試練,ten_chaos:projection100,2,⚔️ 神兵・1,4949,88201,11733,10731,4054,,未実戦検証
手動試練,ten_chaos:projection100,3,⚔️ 神兵・2,4936,5,11707,9999999,226,,未実戦検証
手動試練,ten_chaos:projection100,4,⚔️ 神兵・3,4923,40461,12232,4132,5886,,未実戦検証
手動試練,ten_chaos:manifest50,1,⚔️ 十神Ⅵ 混沌,9999,116587480,5206226,2360596,127406,ten_chaos,未実戦検証
手動試練,ten_chaos:manifest50,2,⚔️ 神兵・1,9949,577440,108972,71262,26422,,未実戦検証
手動試練,ten_chaos:manifest50,3,神兵・2,9936,5,69748,66339000,1159,,未実戦検証
手動試練,ten_chaos:manifest50,4,⚔️ 神兵・3,9923,364949,137732,40907,38940,,未実戦検証
手動試練,ten_chaos:manifest100,1,⚔️ 十神Ⅵ 混沌,99999,8629008570,385324258,174403813,9331661,ten_chaos,未実戦検証
手動試練,ten_chaos:manifest100,2,⚔️ 神兵・1,99949,42782622,7988304,5267033,1812524,,未実戦検証
手動試練,ten_chaos:manifest100,3,⚔️ 神兵・2,99936,5,5823406,4773394500,85399,,未実戦検証
手動試練,ten_chaos:manifest100,4,⚔️ 神兵・3,99923,21393511,8036966,1664594,2687708,,未実戦検証
手動試練,ten_dominion:projection50,1,⚔️ 十神Ⅶ 支配,999,1720445,32064,33377,4698,ten_dominion,未実戦検証
手動試練,ten_dominion:projection50,2,神兵・1,949,22609,2812,3255,339,,未実戦検証
手動試練,ten_dominion:projection50,3,⚔️ 神兵・2,936,14529,2487,2218,847,,未実戦検証
手動試練,ten_dominion:projection50,4,⚔️ 神兵・3,923,19600,2422,3351,373,,未実戦検証
手動試練,ten_dominion:projection100,1,⚔️ 十神Ⅶ 支配,4999,10204477,176034,187277,25788,ten_dominion,未実戦検証
手動試練,ten_dominion:projection100,2,⚔️ 神兵・1,4949,200147,21865,28661,2128,,未実戦検証
手動試練,ten_dominion:projection100,3,⚔️ 神兵・2,4936,86634,16456,13531,2630,,未実戦検証
手動試練,ten_dominion:projection100,4,⚔️ 神兵・3,4923,145572,16402,23874,1374,,未実戦検証
手動試練,ten_dominion:manifest50,1,⚔️ 十神Ⅶ 支配,9999,84035814,1430061,1533519,189435,ten_dominion,未実戦検証
手動試練,ten_dominion:manifest50,2,⚔️ 神兵・1,9949,1341840,165660,194012,14376,,未実戦検証
手動試練,ten_dominion:manifest50,3,⚔️ 神兵・2,9936,720642,126343,111914,15220,,未実戦検証
手動試練,ten_dominion:manifest50,4,⚔️ 神兵・3,9923,965032,136445,157295,8799,,未実戦検証
手動試練,ten_dominion:manifest100,1,⚔️ 十神Ⅶ 支配,99999,6213926043,105255769,113473988,13864912,ten_dominion,未実戦検証
手動試練,ten_dominion:manifest100,2,⚔️ 神兵・1,99949,96549482,11796614,13894236,787638,,未実戦検証
手動試練,ten_dominion:manifest100,3,⚔️ 神兵・2,99936,51353415,7222693,7687093,1037275,,未実戦検証
手動試練,ten_dominion:manifest100,4,⚔️ 神兵・3,99923,71146848,10093465,11705076,618034,,未実戦検証
手動試練,ten_creation:projection50,1,⚔️ 十神Ⅷ 創造,999,2070130,26247,53348,5859,ten_creation,未実戦検証
手動試練,ten_creation:projection50,2,⚔️ 神兵・1,949,7227,1591,761,1513,,未実戦検証
手動試練,ten_creation:projection50,3,⚔️ 神兵・2,936,27941,1893,4582,242,,未実戦検証
手動試練,ten_creation:projection50,4,⚔️ 神兵・3,923,11380,2375,1788,1192,,未実戦検証
手動試練,ten_creation:projection100,1,⚔️ 十神Ⅷ 創造,4999,12289267,153267,316744,29688,ten_creation,未実戦検証
手動試練,ten_creation:projection100,2,神兵・1,4949,28708,3573,2360,4928,,未実戦検証
手動試練,ten_creation:projection100,3,⚔️ 神兵・2,4936,138877,11801,21499,2157,,未実戦検証
手動試練,ten_creation:projection100,4,⚔️ 神兵・3,4923,57580,11908,7766,4467,,未実戦検証
手動試練,ten_creation:manifest50,1,⚔️ 十神Ⅷ 創造,9999,101198325,1222658,2583975,225685,ten_creation,未実戦検証
手動試練,ten_creation:manifest50,2,⚔️ 神兵・1,9949,275454,34885,23033,34923,,未実戦検証
手動試練,ten_creation:manifest50,3,⚔️ 神兵・2,9936,1133521,92263,176888,5018,,未実戦検証
手動試練,ten_creation:manifest50,4,⚔️ 神兵・3,9923,382205,60197,46196,28441,,未実戦検証
手動試練,ten_creation:manifest100,1,⚔️ 十神Ⅷ 創造,99999,7480562676,90258632,190761802,16519479,ten_creation,未実戦検証
手動試練,ten_creation:manifest100,2,⚔️ 神兵・1,99949,20147555,2468158,1664453,2417830,,未実戦検証
手動試練,ten_creation:manifest100,3,⚔️ 神兵・2,99936,83148919,7820855,13068696,175115,,未実戦検証
手動試練,ten_creation:manifest100,4,⚔️ 神兵・3,99923,32562502,4314871,3899283,2017044,,未実戦検証
手動試練,ten_end:projection50,1,⚔️ 十神Ⅸ 終焉,999,909765,24752,14575,6782,ten_end,未実戦検証
手動試練,ten_end:projection50,2,⚔️ 神兵・1,949,10434,3194,1280,709,,未実戦検証
手動試練,ten_end:projection50,3,⚔️ 神兵・2,936,13824,2585,1540,873,,未実戦検証
手動試練,ten_end:projection50,4,神兵・3,923,4917,1869,380,1128,,未実戦検証
手動試練,ten_end:projection100,1,⚔️ 十神Ⅸ 終焉,4999,5402447,148292,84729,38318,ten_end,未実戦検証
手動試練,ten_end:projection100,2,神兵・1,4949,34102,4813,2220,2477,,未実戦検証
手動試練,ten_end:projection100,3,⚔️ 神兵・2,4936,91533,16983,9947,3397,,未実戦検証
手動試練,ten_end:projection100,4,⚔️ 神兵・3,4923,61568,21847,10380,7103,,未実戦検証
手動試練,ten_end:manifest50,1,⚔️ 十神Ⅸ 終焉,9999,44534862,1197345,697852,268714,ten_end,未実戦検証
手動試練,ten_end:manifest50,2,⚔️ 神兵・1,9949,354311,50676,30953,16480,,未実戦検証
手動試練,ten_end:manifest50,3,⚔️ 神兵・2,9936,702296,149157,77800,19316,,未実戦検証
手動試練,ten_end:manifest50,4,⚔️ 神兵・3,9923,356549,93642,27031,38636,,未実戦検証
手動試練,ten_end:manifest100,1,⚔️ 十神Ⅸ 終焉,99999,3293968919,88390163,51529752,19697606,ten_end,未実戦検証
手動試練,ten_end:manifest100,2,神兵・1,99949,20830801,2939575,1357537,1379049,,未実戦検証
手動試練,ten_end:manifest100,3,⚔️ 神兵・2,99936,51078942,9005407,5587285,1360734,,未実戦検証
手動試練,ten_end:manifest100,4,⚔️ 神兵・3,99923,21479131,8067361,1671186,2686328,,未実戦検証
手動試練,ten_divinity:projection50,1,⚔️ 十神Ⅹ 神格,999,5037406,151995,93312,2921,ten_divinity,未実戦検証
手動試練,ten_divinity:projection50,2,神兵・1,949,7848,2310,930,1244,,未実戦検証
手動試練,ten_divinity:projection50,3,⚔️ 神兵・2,936,14359,2251,2082,644,,未実戦検証
手動試練,ten_divinity:projection50,4,⚔️ 神兵・3,923,32156,3796,4337,932,,未実戦検証
手動試練,ten_divinity:projection100,1,⚔️ 十神Ⅹ 神格,4999,30032246,903769,552920,15829,ten_divinity,未実戦検証
手動試練,ten_divinity:projection100,2,⚔️ 神兵・1,4949,62537,14461,8744,6753,,未実戦検証
手動試練,ten_divinity:projection100,3,⚔️ 神兵・2,4936,88153,12776,12720,2487,,未実戦検証
手動試練,ten_divinity:projection100,4,⚔️ 神兵・3,4923,163689,24063,23422,1817,,未実戦検証
手動試練,ten_divinity:manifest50,1,⚔️ 十神Ⅹ 神格,9999,247816890,7453497,4547070,110681,ten_divinity,未実戦検証
手動試練,ten_divinity:manifest50,2,⚔️ 神兵・1,9949,491174,147852,61443,41838,,未実戦検証
手動試練,ten_divinity:manifest50,3,⚔️ 神兵・2,9936,691321,98346,103612,17964,,未実戦検証
手動試練,ten_divinity:manifest50,4,⚔️ 神兵・3,9923,1645481,179299,245890,11058,,未実戦検証
手動試練,ten_divinity:manifest100,1,⚔️ 十神Ⅹ 神格,99999,18341667593,551330072,335773569,7997504,ten_divinity,未実戦検証
手動試練,ten_divinity:manifest100,2,⚔️ 神兵・1,99949,33830357,9824865,4024192,2904400,,未実戦検証
手動試練,ten_divinity:manifest100,3,⚔️ 神兵・2,99936,50932642,8454255,7623632,1037122,,未実戦検証
手動試練,ten_divinity:manifest100,4,神兵・3,99923,85201088,12492295,12266617,756538,,未実戦検証
第二章,"a1_patrol:{""area"": 1, ""challengeTier"": 0}",1,玻璃蠍シェルザ,1400,263539,35799,11895,9508,,未実戦検証
第二章,"a1_patrol:{""area"": 1, ""challengeTier"": 0}",2,芽灯虫コロル,1400,230521,21855,9616,12946,,未実戦検証
第二章,"a1_patrol:{""area"": 1, ""challengeTier"": 0}",3,棘盾獣バルク,1400,414347,20930,19379,7767,,未実戦検証
第二章,"a1_patrol:{""area"": 1, ""challengeTier"": 1}",1,玻璃蠍シェルザ,1652,347198,46766,15520,12277,,未実戦検証
第二章,"a1_patrol:{""area"": 1, ""challengeTier"": 1}",2,芽灯虫コロル,1652,303928,28854,12639,16691,,未実戦検証
第二章,"a1_patrol:{""area"": 1, ""challengeTier"": 1}",3,棘盾獣バルク,1652,545346,27247,25114,10123,,未実戦検証
第二章,"a1_patrol:{""area"": 1, ""challengeTier"": 2}",1,玻璃蠍シェルザ,1904,433322,58069,19258,15048,,未実戦検証
第二章,"a1_patrol:{""area"": 1, ""challengeTier"": 2}",2,芽灯虫コロル,1904,379489,36056,15753,20442,,未実戦検証
第二章,"a1_patrol:{""area"": 1, ""challengeTier"": 2}",3,棘盾獣バルク,1904,680227,33763,31034,12477,,未実戦検証
第二章,"a1_patrol:{""area"": 1, ""challengeTier"": 3}",1,玻璃蠍シェルザ,2156,521912,69711,23109,17823,,未実戦検証
第二章,"a1_patrol:{""area"": 1, ""challengeTier"": 3}",2,芽灯虫コロル,2156,457205,43463,18958,24198,,未実戦検証
第二章,"a1_patrol:{""area"": 1, ""challengeTier"": 3}",3,棘盾獣バルク,2156,818990,40476,37138,14831,,未実戦検証
第二章,"a1_patrol:{""area"": 1, ""challengeTier"": 4}",1,玻璃蠍シェルザ,2408,612969,81693,27073,20602,,未実戦検証
第二章,"a1_patrol:{""area"": 1, ""challengeTier"": 4}",2,芽灯虫コロル,2408,537078,51074,22253,27959,,未実戦検証
第二章,"a1_patrol:{""area"": 1, ""challengeTier"": 4}",3,棘盾獣バルク,2408,961638,47389,43428,17184,,未実戦検証
第二章,"a1_patrol:{""area"": 1, ""challengeTier"": 5}",1,玻璃蠍シェルザ,2660,706496,94014,31150,23382,,未実戦検証
第二章,"a1_patrol:{""area"": 1, ""challengeTier"": 5}",2,芽灯虫コロル,2660,619108,58888,25639,31724,,未実戦検証
第二章,"a1_patrol:{""area"": 1, ""challengeTier"": 5}",3,棘盾獣バルク,2660,1108175,54502,49903,19535,,未実戦検証
第二章,"a1_west:{""area"": 1, ""challengeTier"": 0}",1,【薬毒】ミレア,1460,330426,17339,12117,10156,,未実戦検証
第二章,"a1_west:{""area"": 1, ""challengeTier"": 0}",2,【薬毒】ヴィオラ,1460,234552,18309,8222,14239,,未実戦検証
第二章,"a1_west:{""area"": 1, ""challengeTier"": 0}",3,玻璃蠍シェルザ,1460,274476,34856,12022,11240,,未実戦検証
第二章,"a1_west:{""area"": 1, ""challengeTier"": 0}",4,棘盾獣バルク,1460,427206,20408,19936,8784,,未実戦検証
第二章,"a1_west:{""area"": 1, ""challengeTier"": 1}",1,【薬毒】ミレア,1723,434593,22878,15798,13153,,未実戦検証
第二章,"a1_west:{""area"": 1, ""challengeTier"": 1}",2,【薬毒】ヴィオラ,1723,308710,24159,10744,18393,,未実戦検証
第二章,"a1_west:{""area"": 1, ""challengeTier"": 1}",3,玻璃蠍シェルザ,1723,359843,44655,15294,14407,,未実戦検証
第二章,"a1_west:{""area"": 1, ""challengeTier"": 1}",4,棘盾獣バルク,1723,560244,26055,25162,11438,,未実戦検証
第二章,"a1_west:{""area"": 1, ""challengeTier"": 2}",1,【薬毒】ミレア,1986,541739,28573,19589,16152,,未実戦検証
第二章,"a1_west:{""area"": 1, ""challengeTier"": 2}",2,【薬毒】ヴィオラ,1986,384980,30172,13339,22551,,未実戦検証
第二章,"a1_west:{""area"": 1, ""challengeTier"": 2}",3,玻璃蠍シェルザ,1986,447690,54777,18676,17582,,未実戦検証
第二章,"a1_west:{""area"": 1, ""challengeTier"": 2}",4,棘盾獣バルク,1986,697140,31891,30573,14092,,未実戦検証
第二章,"a1_west:{""area"": 1, ""challengeTier"": 3}",1,【薬毒】ミレア,2248,651860,34423,23488,19153,,未実戦検証
第二章,"a1_west:{""area"": 1, ""challengeTier"": 3}",2,【薬毒】ヴィオラ,2248,463362,36350,16009,26715,,未実戦検証
第二章,"a1_west:{""area"": 1, ""challengeTier"": 3}",3,玻璃蠍シェルザ,2248,538013,65216,22170,20764,,未実戦検証
第二章,"a1_west:{""area"": 1, ""challengeTier"": 3}",4,棘盾獣バルク,2248,837890,37915,36165,16744,,未実戦検証
第二章,"a1_west:{""area"": 1, ""challengeTier"": 4}",1,【薬毒】ミレア,2511,764960,40430,27499,22156,,未実戦検証
第二章,"a1_west:{""area"": 1, ""challengeTier"": 4}",2,【薬毒】ヴィオラ,2511,543857,42693,18754,30883,,未実戦検証
第二章,"a1_west:{""area"": 1, ""challengeTier"": 4}",3,玻璃蠍シェルザ,2511,630819,75978,25775,23953,,未実戦検証
第二章,"a1_west:{""area"": 1, ""challengeTier"": 4}",4,棘盾獣バルク,2511,982505,44127,41948,19396,,未実戦検証
第二章,"a1_west:{""area"": 1, ""challengeTier"": 5}",1,【薬毒】ミレア,2774,881041,46592,31619,25160,,未実戦検証
第二章,"a1_west:{""area"": 1, ""challengeTier"": 5}",2,【薬毒】ヴィオラ,2774,626465,49201,21573,35053,,未実戦検証
第二章,"a1_west:{""area"": 1, ""challengeTier"": 5}",3,玻璃蠍シェルザ,2774,726112,87069,29494,27148,,未実戦検証
第二章,"a1_west:{""area"": 1, ""challengeTier"": 5}",4,棘盾獣バルク,2774,1130987,50534,47919,22047,,未実戦検証
第二章,"a1_east:{""area"": 1, ""challengeTier"": 0}",1,【月狐】カグラ,1520,389868,49733,16639,11154,,未実戦検証
第二章,"a1_east:{""area"": 1, ""challengeTier"": 0}",2,【月狐】サヨ,1520,252522,19233,11747,12877,,未実戦検証
第二章,"a1_east:{""area"": 1, ""challengeTier"": 0}",3,繕糸の針姫ミレッタ,1520,210435,19233,9955,12877,,未実戦検証
第二章,"a1_east:{""area"": 1, ""challengeTier"": 0}",4,封樹の衛兵グラント,1520,442565,23199,21392,9223,,未実戦検証
第二章,"a1_east:{""area"": 1, ""challengeTier"": 1}",1,【月狐】カグラ,1794,512085,64279,21382,14295,,未実戦検証
第二章,"a1_east:{""area"": 1, ""challengeTier"": 1}",2,【月狐】サヨ,1794,331115,24401,14948,16411,,未実戦検証
第二章,"a1_east:{""area"": 1, ""challengeTier"": 1}",3,繕糸の針姫ミレッタ,1794,275929,24401,12668,16411,,未実戦検証
第二章,"a1_east:{""area"": 1, ""challengeTier"": 1}",4,封樹の衛兵グラント,1794,580489,29543,27054,12008,,未実戦検証
第二章,"a1_east:{""area"": 1, ""challengeTier"": 2}",1,【月狐】カグラ,2067,637818,79278,26277,17444,,未実戦検証
第二章,"a1_east:{""area"": 1, ""challengeTier"": 2}",2,【月狐】サヨ,2067,411990,29748,18259,19957,,未実戦検証
第二章,"a1_east:{""area"": 1, ""challengeTier"": 2}",3,繕糸の針姫ミレッタ,2067,343325,29748,15474,19957,,未実戦検証
第二章,"a1_east:{""area"": 1, ""challengeTier"": 2}",4,封樹の衛兵グラント,2067,722407,36100,32909,14794,,未実戦検証
第二章,"a1_east:{""area"": 1, ""challengeTier"": 3}",1,【月狐】カグラ,2341,767072,94735,31327,20599,,未実戦検証
第二章,"a1_east:{""area"": 1, ""challengeTier"": 3}",2,【月狐】サヨ,2341,495150,35276,21680,23514,,未実戦検証
第二章,"a1_east:{""area"": 1, ""challengeTier"": 3}",3,繕糸の針姫ミレッタ,2341,412625,35276,18373,23514,,未実戦検証
第二章,"a1_east:{""area"": 1, ""challengeTier"": 3}",4,封樹の衛兵グラント,2341,868328,42874,38968,17578,,未実戦検証
第二章,"a1_east:{""area"": 1, ""challengeTier"": 4}",1,【月狐】カグラ,2614,899848,110647,36530,23761,,未実戦検証
第二章,"a1_east:{""area"": 1, ""challengeTier"": 4}",2,【月狐】サヨ,2614,580595,40984,25210,27081,,未実戦検証
第二章,"a1_east:{""area"": 1, ""challengeTier"": 4}",3,繕糸の針姫ミレッタ,2614,483829,40984,21364,27081,,未実戦検証
第二章,"a1_east:{""area"": 1, ""challengeTier"": 4}",4,封樹の衛兵グラント,2614,1018258,49864,45226,20362,,未実戦検証
第二章,"a1_east:{""area"": 1, ""challengeTier"": 5}",1,【月狐】カグラ,2888,1036149,127021,41886,26930,,未実戦検証
第二章,"a1_east:{""area"": 1, ""challengeTier"": 5}",2,【月狐】サヨ,2888,668328,46873,28850,30660,,未実戦検証
第二章,"a1_east:{""area"": 1, ""challengeTier"": 5}",3,繕糸の針姫ミレッタ,2888,556940,46873,24449,30660,,未実戦検証
第二章,"a1_east:{""area"": 1, ""challengeTier"": 5}",4,封樹の衛兵グラント,2888,1172191,57074,51688,23145,,未実戦検証
第二章,"a1_heart:{""area"": 1, ""challengeTier"": 0}",1,深淵Ⅰ 暴食,1580,922447,32313,28977,9134,abyss_gluttony,未実戦検証
第二章,"a1_heart:{""area"": 1, ""challengeTier"": 0}",2,【双藤】ネヴィア,1580,379864,31658,12247,17145,,未実戦検証
第二章,"a1_heart:{""area"": 1, ""challengeTier"": 0}",3,【双藤】エルミナ,1580,429876,40935,13716,12268,,未実戦検証
第二章,"a1_heart:{""area"": 1, ""challengeTier"": 0}",4,栞の書姫ティレア,1580,381768,20639,12509,13420,,未実戦検証
第二章,"a1_heart:{""area"": 1, ""challengeTier"": 1}",1,深淵Ⅰ 暴食,1864,1213655,41562,37052,11893,abyss_gluttony,未実戦検証
第二章,"a1_heart:{""area"": 1, ""challengeTier"": 1}",2,【双藤】ネヴィア,1864,498868,40626,15583,21897,,未実戦検証
第二章,"a1_heart:{""area"": 1, ""challengeTier"": 1}",3,【双藤】エルミナ,1864,564858,52659,17523,15742,,未実戦検証
第二章,"a1_heart:{""area"": 1, ""challengeTier"": 1}",4,栞の書姫ティレア,1864,501637,26249,15952,17114,,未実戦検証
第二章,"a1_heart:{""area"": 1, ""challengeTier"": 2}",1,深淵Ⅰ 暴食,2149,1513172,51108,45392,14651,abyss_gluttony,未実戦検証
第二章,"a1_heart:{""area"": 1, ""challengeTier"": 2}",2,【双藤】ネヴィア,2149,621301,49886,19032,26664,,未実戦検証
第二章,"a1_heart:{""area"": 1, ""challengeTier"": 2}",3,【双藤】エルミナ,2149,703718,64761,21455,19224,,未実戦検証
第二章,"a1_heart:{""area"": 1, ""challengeTier"": 2}",4,栞の書姫ティレア,2149,624952,32053,19510,20821,,未実戦検証
第二章,"a1_heart:{""area"": 1, ""challengeTier"": 3}",1,深淵Ⅰ 暴食,2433,1821013,60954,54005,17408,abyss_gluttony,未実戦検証
第二章,"a1_heart:{""area"": 1, ""challengeTier"": 3}",2,【双藤】ネヴィア,2433,747172,59442,22596,31447,,未実戦検証
第二章,"a1_heart:{""area"": 1, ""challengeTier"": 3}",3,【双藤】エルミナ,2433,846466,77245,25515,22713,,未実戦検証
第二章,"a1_heart:{""area"": 1, ""challengeTier"": 3}",4,栞の書姫ティレア,2433,751717,38052,23183,24541,,未実戦検証
第二章,"a1_heart:{""area"": 1, ""challengeTier"": 4}",1,深淵Ⅰ 暴食,2718,2137172,71100,62888,20165,abyss_gluttony,未実戦検証
第二章,"a1_heart:{""area"": 1, ""challengeTier"": 4}",2,【双藤】ネヴィア,2718,876475,69290,26277,36240,,未実戦検証
第二章,"a1_heart:{""area"": 1, ""challengeTier"": 4}",3,【双藤】エルミナ,2718,993093,90105,29705,26209,,未実戦検証
第二章,"a1_heart:{""area"": 1, ""challengeTier"": 4}",4,栞の書姫ティレア,2718,881929,44243,26977,28270,,未実戦検証
第二章,"a1_heart:{""area"": 1, ""challengeTier"": 5}",1,深淵Ⅰ 暴食,3002,2461666,81549,72047,22922,abyss_gluttony,未実戦検証
第二章,"a1_heart:{""area"": 1, ""challengeTier"": 5}",2,【双藤】ネヴィア,3002,1009221,79439,30074,41050,,未実戦検証
第二章,"a1_heart:{""area"": 1, ""challengeTier"": 5}",3,【双藤】エルミナ,3002,1143614,103353,34024,29713,,未実戦検証
第二章,"a1_heart:{""area"": 1, ""challengeTier"": 5}",4,栞の書姫ティレア,3002,1015598,50633,30889,32013,,未実戦検証
第二章,"a2_patrol:{""area"": 2, ""challengeTier"": 0}",1,鎖翼竜ヴェルグ,2000,451184,57530,20972,12069,,未実戦検証
第二章,"a2_patrol:{""area"": 2, ""challengeTier"": 0}",2,玻璃蠍シェルザ,2000,451184,57530,20972,12069,,未実戦検証
第二章,"a2_patrol:{""area"": 2, ""challengeTier"": 0}",3,芽灯虫コロル,2000,390459,33690,16041,16173,,未実戦検証
第二章,"a2_patrol:{""area"": 2, ""challengeTier"": 1}",1,鎖翼竜ヴェルグ,2360,593221,74714,27162,15509,,未実戦検証
第二章,"a2_patrol:{""area"": 2, ""challengeTier"": 1}",2,玻璃蠍シェルザ,2360,593221,74714,27162,15509,,未実戦検証
第二章,"a2_patrol:{""area"": 2, ""challengeTier"": 1}",3,芽灯虫コロル,2360,514478,44450,21071,20793,,未実戦検証
第二章,"a2_patrol:{""area"": 2, ""challengeTier"": 2}",1,鎖翼竜ヴェルグ,2720,739320,92425,33547,18956,,未実戦検証
第二章,"a2_patrol:{""area"": 2, ""challengeTier"": 2}",2,玻璃蠍シェルザ,2720,739320,92425,33547,18956,,未実戦検証
第二章,"a2_patrol:{""area"": 2, ""challengeTier"": 2}",3,芽灯虫コロル,2720,642002,55512,26245,25421,,未実戦検証
第二章,"a2_patrol:{""area"": 2, ""challengeTier"": 3}",1,鎖翼竜ヴェルグ,3080,889484,110667,40125,22411,,未実戦検証
第二章,"a2_patrol:{""area"": 2, ""challengeTier"": 3}",2,玻璃蠍シェルザ,3080,889484,110667,40125,22411,,未実戦検証
第二章,"a2_patrol:{""area"": 2, ""challengeTier"": 3}",3,芽灯虫コロル,3080,773031,66876,31564,30059,,未実戦検証
第二章,"a2_patrol:{""area"": 2, ""challengeTier"": 4}",1,鎖翼竜ヴェルグ,3440,1043722,129444,46899,25873,,未実戦検証
第二章,"a2_patrol:{""area"": 2, ""challengeTier"": 4}",2,玻璃蠍シェルザ,3440,1043722,129444,46899,25873,,未実戦検証
第二章,"a2_patrol:{""area"": 2, ""challengeTier"": 4}",3,芽灯虫コロル,3440,907566,78541,37027,34707,,未実戦検証
第二章,"a2_patrol:{""area"": 2, ""challengeTier"": 5}",1,鎖翼竜ヴェルグ,3800,1202031,148752,53868,29341,,未実戦検証
第二章,"a2_patrol:{""area"": 2, ""challengeTier"": 5}",2,玻璃蠍シェルザ,3800,1202031,148752,53868,29341,,未実戦検証
第二章,"a2_patrol:{""area"": 2, ""challengeTier"": 5}",3,芽灯虫コロル,3800,1045607,90508,42637,39362,,未実戦検証
第二章,"a2_west:{""area"": 2, ""challengeTier"": 0}",1,深淵Ⅳ 怠惰,2060,555218,39140,17679,20565,abyss_sloth,未実戦検証
第二章,"a2_west:{""area"": 2, ""challengeTier"": 0}",2,【夢境】モリナ,2060,403694,28182,12729,18112,,未実戦検証
第二章,"a2_west:{""area"": 2, ""challengeTier"": 0}",3,【夢境】エルミゼ,2060,469664,55490,18927,16418,,未実戦検証
第二章,"a2_west:{""area"": 2, ""challengeTier"": 0}",4,栞の書姫ティレア,2060,410048,27468,13274,18603,,未実戦検証
第二章,"a2_west:{""area"": 2, ""challengeTier"": 1}",1,深淵Ⅳ 怠惰,2431,729628,51615,23313,25828,abyss_sloth,未実戦検証
第二章,"a2_west:{""area"": 2, ""challengeTier"": 1}",2,【夢境】モリナ,2431,529814,37162,16786,22777,,未実戦検証
第二章,"a2_west:{""area"": 2, ""challengeTier"": 1}",3,【夢境】エルミゼ,2431,614491,70795,24215,20575,,未実戦検証
第二章,"a2_west:{""area"": 2, ""challengeTier"": 1}",4,栞の書姫ティレア,2431,537685,34732,17504,23113,,未実戦検証
第二章,"a2_west:{""area"": 2, ""challengeTier"": 2}",1,深淵Ⅳ 怠惰,2802,908851,64426,29100,31124,abyss_sloth,未実戦検証
第二章,"a2_west:{""area"": 2, ""challengeTier"": 2}",2,【夢境】モリナ,2802,659438,46388,20952,27470,,未実戦検証
第二章,"a2_west:{""area"": 2, ""challengeTier"": 2}",3,【夢境】エルミゼ,2802,763413,86604,29672,24760,,未実戦検証
第二章,"a2_west:{""area"": 2, ""challengeTier"": 2}",4,栞の書姫ティレア,2802,668886,42246,21848,27661,,未実戦検証
第二章,"a2_west:{""area"": 2, ""challengeTier"": 3}",1,深淵Ⅳ 怠惰,3172,1092894,77576,35039,36454,abyss_sloth,未実戦検証
第二章,"a2_west:{""area"": 2, ""challengeTier"": 3}",2,【夢境】モリナ,3172,792575,55855,25228,32193,,未実戦検証
第二章,"a2_west:{""area"": 2, ""challengeTier"": 3}",3,【夢境】エルミゼ,3172,916440,102916,35301,28974,,未実戦検証
第二章,"a2_west:{""area"": 2, ""challengeTier"": 3}",4,栞の書姫ティレア,3172,803660,50013,26309,32252,,未実戦検証
第二章,"a2_west:{""area"": 2, ""challengeTier"": 4}",1,深淵Ⅳ 怠惰,3543,1281763,91063,41131,41819,abyss_sloth,未実戦検証
第二章,"a2_west:{""area"": 2, ""challengeTier"": 4}",2,【夢境】モリナ,3543,929231,65567,29614,36945,,未実戦検証
第二章,"a2_west:{""area"": 2, ""challengeTier"": 4}",3,【夢境】エルミゼ,3543,1073591,119739,41104,33218,,未実戦検証
第二章,"a2_west:{""area"": 2, ""challengeTier"": 4}",4,栞の書姫ティレア,3543,942016,58040,30881,36882,,未実戦検証
第二章,"a2_west:{""area"": 2, ""challengeTier"": 5}",1,深淵Ⅳ 怠惰,3914,1475459,104888,47376,47218,abyss_sloth,未実戦検証
第二章,"a2_west:{""area"": 2, ""challengeTier"": 5}",2,【夢境】モリナ,3914,1069406,75521,34111,41725,,未実戦検証
第二章,"a2_west:{""area"": 2, ""challengeTier"": 5}",3,【夢境】エルミゼ,3914,1234858,137076,47079,37490,,未実戦検証
第二章,"a2_west:{""area"": 2, ""challengeTier"": 5}",4,栞の書姫ティレア,3914,1083952,66322,35570,41552,,未実戦検証
第二章,"a2_east:{""area"": 2, ""challengeTier"": 0}",1,深淵Ⅴ 強欲,2120,583144,52915,22531,20162,abyss_greed,未実戦検証
第二章,"a2_east:{""area"": 2, ""challengeTier"": 0}",2,【封鍵】メリオラ,2120,486361,60168,20319,16966,,未実戦検証
第二章,"a2_east:{""area"": 2, ""challengeTier"": 0}",3,【封鍵】エリゼル,2120,650707,37582,20577,14333,,未実戦検証
第二章,"a2_east:{""area"": 2, ""challengeTier"": 0}",4,封樹の衛兵グラント,2120,746521,36944,34068,11618,,未実戦検証
第二章,"a2_east:{""area"": 2, ""challengeTier"": 1}",1,深淵Ⅴ 強欲,2502,765048,68056,29129,25063,abyss_greed,未実戦検証
第二章,"a2_east:{""area"": 2, ""challengeTier"": 1}",2,【封鍵】メリオラ,2502,636477,76951,26044,21283,,未実戦検証
第二章,"a2_east:{""area"": 2, ""challengeTier"": 1}",3,【封鍵】エリゼル,2502,855019,49560,27135,18281,,未実戦検証
第二章,"a2_east:{""area"": 2, ""challengeTier"": 1}",4,封樹の衛兵グラント,2502,979006,46859,43253,15008,,未実戦検証
第二章,"a2_east:{""area"": 2, ""challengeTier"": 2}",1,深淵Ⅴ 強欲,2883,952025,83673,35927,30009,abyss_greed,未実戦検証
第二章,"a2_east:{""area"": 2, ""challengeTier"": 2}",2,【封鍵】メリオラ,2883,790840,94278,31953,25629,,未実戦検証
第二章,"a2_east:{""area"": 2, ""challengeTier"": 2}",3,【封鍵】エリゼル,2883,1064982,61861,33870,22243,,未実戦検証
第二章,"a2_east:{""area"": 2, ""challengeTier"": 2}",4,封樹の衛兵グラント,2883,1217990,57110,52751,18404,,未実戦検証
第二章,"a2_east:{""area"": 2, ""challengeTier"": 3}",1,深淵Ⅴ 強欲,3265,1144089,99770,42927,34997,abyss_greed,未実戦検証
第二章,"a2_east:{""area"": 2, ""challengeTier"": 3}",2,【封鍵】メリオラ,3265,949466,112159,38048,30005,,未実戦検証
第二章,"a2_east:{""area"": 2, ""challengeTier"": 3}",3,【封鍵】エリゼル,3265,1280599,74488,40783,26218,,未実戦検証
第二章,"a2_east:{""area"": 2, ""challengeTier"": 3}",4,封樹の衛兵グラント,3265,1463486,67705,62566,21802,,未実戦検証
第二章,"a2_east:{""area"": 2, ""challengeTier"": 4}",1,深淵Ⅴ 強欲,3646,1341233,116345,50128,40030,abyss_greed,未実戦検証
第二章,"a2_east:{""area"": 2, ""challengeTier"": 4}",2,【封鍵】メリオラ,3646,1112352,130588,44326,34410,,未実戦検証
第二章,"a2_east:{""area"": 2, ""challengeTier"": 4}",3,【封鍵】エリゼル,3646,1501871,87437,47874,30207,,未実戦検証
第二章,"a2_east:{""area"": 2, ""challengeTier"": 4}",4,封樹の衛兵グラント,3646,1715497,78644,72696,25205,,未実戦検証
第二章,"a2_east:{""area"": 2, ""challengeTier"": 5}",1,深淵Ⅴ 強欲,4028,1543472,133403,57534,45107,abyss_greed,未実戦検証
第二章,"a2_east:{""area"": 2, ""challengeTier"": 5}",2,【封鍵】メリオラ,4028,1279509,149572,50792,38845,,未実戦検証
第二章,"a2_east:{""area"": 2, ""challengeTier"": 5}",3,【封鍵】エリゼル,4028,1728808,100712,55143,34209,,未実戦検証
第二章,"a2_east:{""area"": 2, ""challengeTier"": 5}",4,封樹の衛兵グラント,4028,1974030,89930,83144,28610,,未実戦検証
第二章,"a2_heart:{""area"": 2, ""challengeTier"": 0}",1,深淵Ⅶ 傲慢,2180,1151744,69123,32957,15086,abyss_pride,未実戦検証
第二章,"a2_heart:{""area"": 2, ""challengeTier"": 0}",2,【薔薇】ノクテル,2180,732647,64852,21711,17515,,未実戦検証
第二章,"a2_heart:{""area"": 2, ""challengeTier"": 0}",3,【薔薇】オーリアン,2180,643420,31771,15687,19778,,未実戦検証
第二章,"a2_heart:{""area"": 2, ""challengeTier"": 0}",4,鎖翼竜ヴェルグ,2180,879176,54959,25619,17515,,未実戦検証
第二章,"a2_heart:{""area"": 2, ""challengeTier"": 1}",1,深淵Ⅶ 傲慢,2572,1514243,89028,42257,19502,abyss_pride,未実戦検証
第二章,"a2_heart:{""area"": 2, ""challengeTier"": 1}",2,【薔薇】ノクテル,2572,961216,83111,27875,21991,,未実戦検証
第二章,"a2_heart:{""area"": 2, ""challengeTier"": 1}",3,【薔薇】オーリアン,2572,845388,40385,20685,24626,,未実戦検証
第二章,"a2_heart:{""area"": 2, ""challengeTier"": 1}",4,鎖翼竜ヴェルグ,2572,1153459,70433,32893,21991,,未実戦検証
第二章,"a2_heart:{""area"": 2, ""challengeTier"": 2}",1,深淵Ⅶ 傲慢,2965,1886739,109555,51859,23920,abyss_pride,未実戦検証
第二章,"a2_heart:{""area"": 2, ""challengeTier"": 2}",2,【薔薇】ノクテル,2965,1196171,101959,34237,26497,,未実戦検証
第二章,"a2_heart:{""area"": 2, ""challengeTier"": 2}",3,【薔薇】オーリアン,2965,1052947,49292,25821,29516,,未実戦検証
第二章,"a2_heart:{""area"": 2, ""challengeTier"": 2}",4,鎖翼竜ヴェルグ,2965,1435405,86406,40400,26497,,未実戦検証
第二章,"a2_heart:{""area"": 2, ""challengeTier"": 3}",1,深淵Ⅶ 傲慢,3357,2269233,130709,61758,28344,abyss_pride,未実戦検証
第二章,"a2_heart:{""area"": 2, ""challengeTier"": 3}",2,【薔薇】ノクテル,3357,1437513,121402,40793,31034,,未実戦検証
第二章,"a2_heart:{""area"": 2, ""challengeTier"": 3}",3,【薔薇】オーリアン,3357,1266103,58494,31091,34451,,未実戦検証
第二章,"a2_heart:{""area"": 2, ""challengeTier"": 3}",4,鎖翼竜ヴェルグ,3357,1725016,102883,48136,31034,,未実戦検証
第二章,"a2_heart:{""area"": 2, ""challengeTier"": 4}",1,深淵Ⅶ 傲慢,3750,2661732,152483,71959,32771,abyss_pride,未実戦検証
第二章,"a2_heart:{""area"": 2, ""challengeTier"": 4}",2,【薔薇】ノクテル,3750,1685245,141430,47549,35601,,未実戦検証
第二章,"a2_heart:{""area"": 2, ""challengeTier"": 4}",3,【薔薇】オーリアン,3750,1484850,67989,36496,39425,,未実戦検証
第二章,"a2_heart:{""area"": 2, ""challengeTier"": 4}",4,鎖翼竜ヴェルグ,3750,2022294,119856,56108,35601,,未実戦検証
第二章,"a2_heart:{""area"": 2, ""challengeTier"": 5}",1,深淵Ⅶ 傲慢,4142,3064250,174894,82464,37203,abyss_pride,未実戦検証
第二章,"a2_heart:{""area"": 2, ""challengeTier"": 5}",2,【薔薇】ノクテル,4142,1939386,162066,54505,40199,,未実戦検証
第二章,"a2_heart:{""area"": 2, ""challengeTier"": 5}",3,【薔薇】オーリアン,4142,1709206,77786,42036,44444,,未実戦検証
第二章,"a2_heart:{""area"": 2, ""challengeTier"": 5}",4,鎖翼竜ヴェルグ,4142,2327263,137344,64316,40199,,未実戦検証
第二章,"a3_patrol:{""area"": 3, ""challengeTier"": 0}",1,霜鐘梟ノクティア,2800,673587,50545,23690,22327,,未実戦検証
第二章,"a3_patrol:{""area"": 3, ""challengeTier"": 0}",2,棘盾獣バルク,2800,1198823,50217,51712,11316,,未実戦検証
第二章,"a3_patrol:{""area"": 3, ""challengeTier"": 0}",3,星糸司アステラ,2800,682270,34463,24703,17621,,未実戦検証
第二章,"a3_patrol:{""area"": 3, ""challengeTier"": 1}",1,霜鐘梟ノクティア,3304,885900,66651,31239,28202,,未実戦検証
第二章,"a3_patrol:{""area"": 3, ""challengeTier"": 1}",2,棘盾獣バルク,3304,1575888,64986,66558,14732,,未実戦検証
第二章,"a3_patrol:{""area"": 3, ""challengeTier"": 1}",3,星糸司アステラ,3304,896886,45444,32575,22210,,未実戦検証
第二章,"a3_patrol:{""area"": 3, ""challengeTier"": 2}",1,霜鐘梟ノクティア,3808,1104043,83191,38991,34114,,未実戦検証
第二章,"a3_patrol:{""area"": 3, ""challengeTier"": 2}",2,棘盾獣バルク,3808,1963340,80209,81874,18146,,未実戦検証
第二章,"a3_patrol:{""area"": 3, ""challengeTier"": 2}",3,星糸司アステラ,3808,1117415,56721,40659,26830,,未実戦検証
第二章,"a3_patrol:{""area"": 3, ""challengeTier"": 3}",1,霜鐘梟ノクティア,4312,1328020,100165,46947,40060,,未実戦検証
第二章,"a3_patrol:{""area"": 3, ""challengeTier"": 3}",2,棘盾獣バルク,4312,2361192,95880,97664,21561,,未実戦検証
第二章,"a3_patrol:{""area"": 3, ""challengeTier"": 3}",3,星糸司アステラ,4312,1343861,68294,48956,31479,,未実戦検証
第二章,"a3_patrol:{""area"": 3, ""challengeTier"": 4}",1,霜鐘梟ノクティア,4816,1557835,117574,55106,46044,,未実戦検証
第二章,"a3_patrol:{""area"": 3, ""challengeTier"": 4}",2,棘盾獣バルク,4816,2769449,112013,113934,24974,,未実戦検証
第二章,"a3_patrol:{""area"": 3, ""challengeTier"": 4}",3,星糸司アステラ,4816,1576230,80164,57465,36160,,未実戦検証
第二章,"a3_patrol:{""area"": 3, ""challengeTier"": 5}",1,霜鐘梟ノクティア,5320,1793494,135418,63470,52063,,未実戦検証
第二章,"a3_patrol:{""area"": 3, ""challengeTier"": 5}",2,棘盾獣バルク,5320,3188125,128603,130681,28386,,未実戦検証
第二章,"a3_patrol:{""area"": 3, ""challengeTier"": 5}",3,星糸司アステラ,5320,1814527,92331,66185,40871,,未実戦検証
第二章,"a3_west:{""area"": 3, ""challengeTier"": 0}",1,十神Ⅲ 生命,2860,958774,48346,28148,20763,ten_life,未実戦検証
第二章,"a3_west:{""area"": 3, ""challengeTier"": 0}",2,【氷晶】イゼル,2860,687356,50585,19434,26900,,未実戦検証
第二章,"a3_west:{""area"": 3, ""challengeTier"": 0}",3,【氷晶】ヴィレル,2860,802080,91268,27793,19823,,未実戦検証
第二章,"a3_west:{""area"": 3, ""challengeTier"": 0}",4,天秤の祭司イオネ,2860,697932,37151,20267,21387,,未実戦検証
第二章,"a3_west:{""area"": 3, ""challengeTier"": 1}",1,十神Ⅲ 生命,3375,1258817,62233,37099,25813,ten_life,未実戦検証
第二章,"a3_west:{""area"": 3, ""challengeTier"": 1}",2,【氷晶】イゼル,3375,901900,65185,25616,33579,,未実戦検証
第二章,"a3_west:{""area"": 3, ""challengeTier"": 1}",3,【氷晶】ヴィレル,3375,1048822,115339,35709,24766,,未実戦検証
第二章,"a3_west:{""area"": 3, ""challengeTier"": 1}",4,天秤の祭司イオネ,3375,915032,47480,26712,26624,,未実戦検証
第二章,"a3_west:{""area"": 3, ""challengeTier"": 2}",1,十神Ⅲ 生命,3890,1566892,76544,46283,30912,ten_life,未実戦検証
第二章,"a3_west:{""area"": 3, ""challengeTier"": 2}",2,【氷晶】イゼル,3890,1122208,80225,31956,40316,,未実戦検証
第二章,"a3_west:{""area"": 3, ""challengeTier"": 2}",3,【氷晶】ヴィレル,3890,1302348,140242,43866,29751,,未実戦検証
第二章,"a3_west:{""area"": 3, ""challengeTier"": 2}",4,天秤の祭司イオネ,3890,1137998,58136,33323,31910,,未実戦検証
第二章,"a3_west:{""area"": 3, ""challengeTier"": 3}",1,十神Ⅲ 生命,4404,1882999,91278,55701,36059,ten_life,未実戦検証
第二章,"a3_west:{""area"": 3, ""challengeTier"": 3}",2,【氷晶】イゼル,4404,1348284,95710,38459,47110,,未実戦検証
第二章,"a3_west:{""area"": 3, ""challengeTier"": 3}",3,【氷晶】ヴィレル,4404,1562657,165978,52271,34777,,未実戦検証
第二章,"a3_west:{""area"": 3, ""challengeTier"": 3}",4,天秤の祭司イオネ,4404,1366830,69126,40105,37245,,未実戦検証
第二章,"a3_west:{""area"": 3, ""challengeTier"": 4}",1,十神Ⅲ 生命,4919,2207162,106443,65352,41257,ten_life,未実戦検証
第二章,"a3_west:{""area"": 3, ""challengeTier"": 4}",2,【氷晶】イゼル,4919,1580146,111642,45123,53964,,未実戦検証
第二章,"a3_west:{""area"": 3, ""challengeTier"": 4}",3,【氷晶】ヴィレル,4919,1829789,192569,60923,39847,,未実戦検証
第二章,"a3_west:{""area"": 3, ""challengeTier"": 4}",4,天秤の祭司イオネ,4919,1601554,80453,47054,42630,,未実戦検証
第二章,"a3_west:{""area"": 3, ""challengeTier"": 5}",1,十神Ⅲ 生命,5434,2539379,122039,75238,46503,ten_life,未実戦検証
第二章,"a3_west:{""area"": 3, ""challengeTier"": 5}",2,【氷晶】イゼル,5434,1817792,128025,51949,60874,,未実戦検証
第二章,"a3_west:{""area"": 3, ""challengeTier"": 5}",3,【氷晶】ヴィレル,5434,2103742,220012,69825,44957,,未実戦検証
第二章,"a3_west:{""area"": 3, ""challengeTier"": 5}",4,天秤の祭司イオネ,5434,1842164,92116,54171,48063,,未実戦検証
第二章,"a3_east:{""area"": 3, ""challengeTier"": 0}",1,十神Ⅰ 時間,2920,980258,73368,29447,26843,ten_time,未実戦検証
第二章,"a3_east:{""area"": 3, ""challengeTier"": 0}",2,【双雷】カリスタ,2920,830507,98332,29897,20378,,未実戦検証
第二章,"a3_east:{""area"": 3, ""challengeTier"": 0}",3,【双雷】ソレーヌ,2920,1301318,65925,55740,12848,,未実戦検証
第二章,"a3_east:{""area"": 3, ""challengeTier"": 0}",4,根灯の短剣姫リティア,2920,748702,49239,32075,20962,,未実戦検証
第二章,"a3_east:{""area"": 3, ""challengeTier"": 1}",1,十神Ⅰ 時間,3446,1287918,95203,38811,33497,ten_time,未実戦検証
第二章,"a3_east:{""area"": 3, ""challengeTier"": 1}",2,【双雷】カリスタ,3446,1086243,124621,38476,25483,,未実戦検証
第二章,"a3_east:{""area"": 3, ""challengeTier"": 1}",3,【双雷】ソレーヌ,3446,1701078,82271,70295,16702,,未実戦検証
第二章,"a3_east:{""area"": 3, ""challengeTier"": 1}",4,根灯の短剣姫リティア,3446,977377,61823,40511,26242,,未実戦検証
第二章,"a3_east:{""area"": 3, ""challengeTier"": 2}",1,十神Ⅰ 時間,3971,1603772,117669,48418,40209,ten_time,未実戦検証
第二章,"a3_east:{""area"": 3, ""challengeTier"": 2}",2,【双雷】カリスタ,3971,1348995,151798,47317,30629,,未実戦検証
第二章,"a3_east:{""area"": 3, ""challengeTier"": 2}",3,【双雷】ソレーヌ,3971,2111840,99233,85355,20557,,未実戦検証
第二章,"a3_east:{""area"": 3, ""challengeTier"": 2}",4,根灯の短剣姫リティア,3971,1212403,74859,49237,31563,,未実戦検証
第二章,"a3_east:{""area"": 3, ""challengeTier"": 3}",1,十神Ⅰ 時間,4497,1927840,140771,58272,46982,ten_time,未実戦検証
第二章,"a3_east:{""area"": 3, ""challengeTier"": 3}",2,【双雷】カリスタ,4497,1618794,179882,56424,35819,,未実戦検証
第二章,"a3_east:{""area"": 3, ""challengeTier"": 3}",3,【双雷】ソレーヌ,4497,2533663,116824,100938,24411,,未実戦検証
第二章,"a3_east:{""area"": 3, ""challengeTier"": 3}",4,根灯の短剣姫リティア,4497,1453819,88360,58264,36929,,未実戦検証
第二章,"a3_east:{""area"": 3, ""challengeTier"": 4}",1,十神Ⅰ 時間,5022,2260118,164509,68368,53812,ten_time,未実戦検証
第二章,"a3_east:{""area"": 3, ""challengeTier"": 4}",2,【双雷】カリスタ,5022,1895638,208871,65793,41050,,未実戦検証
第二章,"a3_east:{""area"": 3, ""challengeTier"": 4}",3,【双雷】ソレーヌ,5022,2966540,135044,117038,28266,,未実戦検証
第二章,"a3_east:{""area"": 3, ""challengeTier"": 4}",4,根灯の短剣姫リティア,5022,1701613,102326,67587,42335,,未実戦検証
第二章,"a3_east:{""area"": 3, ""challengeTier"": 5}",1,十神Ⅰ 時間,5548,2600615,188887,78710,60700,ten_time,未実戦検証
第二章,"a3_east:{""area"": 3, ""challengeTier"": 5}",2,【双雷】カリスタ,5548,2179544,238781,75431,46324,,未実戦検証
第二章,"a3_east:{""area"": 3, ""challengeTier"": 5}",3,【双雷】ソレーヌ,5548,3410504,153911,133667,32120,,未実戦検証
第二章,"a3_east:{""area"": 3, ""challengeTier"": 5}",4,根灯の短剣姫リティア,5548,1955819,116764,77214,47784,,未実戦検証
第二章,"a3_heart:{""area"": 3, ""challengeTier"": 0}",1,十神Ⅹ 神格,2980,1988130,112110,55398,16768,ten_divinity,未実戦検証
第二章,"a3_heart:{""area"": 3, ""challengeTier"": 0}",2,【聖翼】アウレ,2980,1250592,105399,32003,20934,,未実戦検証
第二章,"a3_heart:{""area"": 3, ""challengeTier"": 0}",3,【聖翼】ノエル,2980,1728132,74821,44100,16894,,未実戦検証
第二章,"a3_heart:{""area"": 3, ""challengeTier"": 0}",4,【返誓】ロスティア,2980,1956710,70035,59067,13288,,未実戦検証
第二章,"a3_heart:{""area"": 3, ""challengeTier"": 1}",1,十神Ⅹ 神格,3516,2608548,143112,70307,21798,ten_divinity,未実戦検証
第二章,"a3_heart:{""area"": 3, ""challengeTier"": 1}",2,【聖翼】アウレ,3516,1639857,133902,41246,26199,,未実戦検証
第二章,"a3_heart:{""area"": 3, ""challengeTier"": 1}",3,【聖翼】ノエル,3516,2265646,96307,56347,21597,,未実戦検証
第二章,"a3_heart:{""area"": 3, ""challengeTier"": 1}",4,【返誓】ロスティア,3516,2564782,87657,74656,17274,,未実戦検証
第二章,"a3_heart:{""area"": 3, ""challengeTier"": 2}",1,十神Ⅹ 神格,4053,3245661,175120,85721,26828,ten_divinity,未実戦検証
第二章,"a3_heart:{""area"": 3, ""challengeTier"": 2}",2,【聖翼】アウレ,4053,2039638,163363,50769,31507,,未実戦検証
第二章,"a3_heart:{""area"": 3, ""challengeTier"": 2}",3,【聖翼】ノエル,4053,2817697,118454,68991,26316,,未実戦検証
第二章,"a3_heart:{""area"": 3, ""challengeTier"": 2}",4,【返誓】ロスティア,4053,3189324,105938,90788,21261,,未実戦検証
第二章,"a3_heart:{""area"": 3, ""challengeTier"": 3}",1,十神Ⅹ 神格,4589,3899488,208141,101643,31859,ten_divinity,未実戦検証
第二章,"a3_heart:{""area"": 3, ""challengeTier"": 3}",2,【聖翼】アウレ,4589,2449951,193787,60573,36860,,未実戦検証
第二章,"a3_heart:{""area"": 3, ""challengeTier"": 3}",3,【聖翼】ノエル,4589,3384308,141261,82028,31051,,未実戦検証
第二章,"a3_heart:{""area"": 3, ""challengeTier"": 3}",4,【返誓】ロスティア,4589,3830360,124879,107466,25247,,未実戦検証
第二章,"a3_heart:{""area"": 3, ""challengeTier"": 4}",1,十神Ⅹ 神格,5126,4570046,242182,118077,36889,ten_divinity,未実戦検証
第二章,"a3_heart:{""area"": 3, ""challengeTier"": 4}",2,【聖翼】アウレ,5126,2870809,225181,70663,42254,,未実戦検証
第二章,"a3_heart:{""area"": 3, ""challengeTier"": 4}",3,【聖翼】ノエル,5126,3965500,164732,95468,35801,,未実戦検証
第二章,"a3_heart:{""area"": 3, ""challengeTier"": 4}",4,【返誓】ロスティア,5126,4487915,144495,124695,29234,,未実戦検証
第二章,"a3_heart:{""area"": 3, ""challengeTier"": 5}",1,十神Ⅹ 神格,5662,5257363,277254,135028,41920,ten_divinity,未実戦検証
第二章,"a3_heart:{""area"": 3, ""challengeTier"": 5}",2,【聖翼】アウレ,5662,3302227,257559,81038,47693,,未実戦検証
第二章,"a3_heart:{""area"": 3, ""challengeTier"": 5}",3,【聖翼】ノエル,5662,4561291,188876,109313,40567,,未実戦検証
第二章,"a3_heart:{""area"": 3, ""challengeTier"": 5}",4,【返誓】ロスティア,5662,5162016,164790,142486,33220,,未実戦検証
第二章,"a4_patrol:{""area"": 4, ""challengeTier"": 0}",1,鎖翼竜ヴェルグ,3800,1228046,127755,45426,20234,,未実戦検証
第二章,"a4_patrol:{""area"": 4, ""challengeTier"": 0}",2,霜鐘梟ノクティア,3800,1068528,73981,34578,26354,,未実戦検証
第二章,"a4_patrol:{""area"": 4, ""challengeTier"": 0}",3,星糸司アステラ,3800,1081637,50442,36057,20834,,未実戦検証
第二章,"a4_patrol:{""area"": 4, ""challengeTier"": 1}",1,鎖翼竜ヴェルグ,4484,1612635,165514,58971,25419,,未実戦検証
第二章,"a4_patrol:{""area"": 4, ""challengeTier"": 1}",2,霜鐘梟ノクティア,4484,1405189,97502,45571,33216,,未実戦検証
第二章,"a4_patrol:{""area"": 4, ""challengeTier"": 1}",3,星糸司アステラ,4484,1421855,66478,47521,26199,,未実戦検証
第二章,"a4_patrol:{""area"": 4, ""challengeTier"": 2}",1,鎖翼竜ヴェルグ,5168,2007511,204390,72913,30646,,未実戦検証
第二章,"a4_patrol:{""area"": 4, ""challengeTier"": 2}",2,霜鐘梟ノクティア,5168,1750755,121634,56851,40127,,未実戦検証
第二章,"a4_patrol:{""area"": 4, ""challengeTier"": 2}",3,星糸司アステラ,5168,1771099,82932,59283,31606,,未実戦検証
第二章,"a4_patrol:{""area"": 4, ""challengeTier"": 3}",1,鎖翼竜ヴェルグ,5852,2412669,244385,87249,35912,,未実戦検証
第二章,"a4_patrol:{""area"": 4, ""challengeTier"": 3}",2,霜鐘梟ノクティア,5852,2105226,146379,68416,47084,,未実戦検証
第二章,"a4_patrol:{""area"": 4, ""challengeTier"": 3}",3,星糸司アステラ,5852,2129370,99804,71344,37052,,未実戦検証
第二章,"a4_patrol:{""area"": 4, ""challengeTier"": 4}",1,鎖翼竜ヴェルグ,6536,2828127,285506,101983,41223,,未実戦検証
第二章,"a4_patrol:{""area"": 4, ""challengeTier"": 4}",2,霜鐘梟ノクティア,6536,2468612,171736,80268,54095,,未実戦検証
第二章,"a4_patrol:{""area"": 4, ""challengeTier"": 4}",3,星糸司アステラ,6536,2496679,117092,83702,42543,,未実戦検証
第二章,"a4_patrol:{""area"": 4, ""challengeTier"": 5}",1,鎖翼竜ヴェルグ,7220,3253908,327765,117117,46574,,未実戦検証
第二章,"a4_patrol:{""area"": 4, ""challengeTier"": 5}",2,霜鐘梟ノクティア,7220,2840921,197704,92405,61152,,未実戦検証
第二章,"a4_patrol:{""area"": 4, ""challengeTier"": 5}",3,星糸司アステラ,7220,2873038,134798,96359,48074,,未実戦検証
第二章,"a4_west:{""area"": 4, ""challengeTier"": 0}",1,十神Ⅶ 支配,3860,1497428,96794,39347,30971,ten_dominion,未実戦検証
第二章,"a4_west:{""area"": 4, ""challengeTier"": 0}",2,【星刻】エイレーネ,3860,1086554,72794,28330,26931,,未実戦検証
第二章,"a4_west:{""area"": 4, ""challengeTier"": 0}",3,【星刻】イリデル,3860,1760941,108558,65490,15778,,未実戦検証
第二章,"a4_west:{""area"": 4, ""challengeTier"": 0}",4,封樹の衛兵グラント,3860,1977050,86818,74043,14168,,未実戦検証
第二章,"a4_west:{""area"": 4, ""challengeTier"": 1}",1,十神Ⅶ 支配,4555,1967370,125578,51833,38521,ten_dominion,未実戦検証
第二章,"a4_west:{""area"": 4, ""challengeTier"": 1}",2,【星刻】エイレーネ,4555,1426114,93964,37320,33534,,未実戦検証
第二章,"a4_west:{""area"": 4, ""challengeTier"": 1}",3,【星刻】イリデル,4555,2301590,137042,82176,20511,,未実戦検証
第二章,"a4_west:{""area"": 4, ""challengeTier"": 1}",4,封樹の衛兵グラント,4555,2586276,108402,93442,18418,,未実戦検証
第二章,"a4_west:{""area"": 4, ""challengeTier"": 2}",1,十神Ⅶ 支配,5250,2449388,155173,64634,46150,ten_dominion,未実戦検証
第二章,"a4_west:{""area"": 4, ""challengeTier"": 2}",2,【星刻】エイレーネ,5250,1774463,115750,46536,40204,,未実戦検証
第二章,"a4_west:{""area"": 4, ""challengeTier"": 2}",3,【星刻】イリデル,5250,2856665,166507,99461,25245,,未実戦検証
第二章,"a4_west:{""area"": 4, ""challengeTier"": 2}",4,封樹の衛兵グラント,5250,3211657,130794,113508,22669,,未実戦検証
第二章,"a4_west:{""area"": 4, ""challengeTier"": 3}",1,十神Ⅶ 支配,5944,2943496,185584,77749,53858,ten_dominion,未実戦検証
第二章,"a4_west:{""area"": 4, ""challengeTier"": 3}",2,【星刻】エイレーネ,5944,2131618,138162,55979,46942,,未実戦検証
第二章,"a4_west:{""area"": 4, ""challengeTier"": 3}",3,【星刻】イリデル,5944,3426222,196970,117359,29978,,未実戦検証
第二章,"a4_west:{""area"": 4, ""challengeTier"": 3}",4,封樹の衛兵グラント,5944,3853247,154011,134256,26919,,未実戦検証
第二章,"a4_west:{""area"": 4, ""challengeTier"": 4}",1,十神Ⅶ 支配,6639,3449690,216812,91180,61642,ten_dominion,未実戦検証
第二章,"a4_west:{""area"": 4, ""challengeTier"": 4}",2,【星刻】エイレーネ,6639,2497573,161197,65648,53744,,未実戦検証
第二章,"a4_west:{""area"": 4, ""challengeTier"": 4}",3,【星刻】イリデル,6639,4010250,228430,135870,34712,,未実戦検証
第二章,"a4_west:{""area"": 4, ""challengeTier"": 4}",4,封樹の衛兵グラント,6639,4511039,178050,155687,31170,,未実戦検証
第二章,"a4_west:{""area"": 4, ""challengeTier"": 5}",1,十神Ⅶ 支配,7334,3966725,248393,104924,69104,ten_dominion,未実戦検証
第二章,"a4_west:{""area"": 4, ""challengeTier"": 5}",2,【星刻】エイレーネ,7334,2871082,184394,75545,60273,,未実戦検証
第二章,"a4_west:{""area"": 4, ""challengeTier"": 5}",3,【星刻】イリデル,7334,4604419,259460,154014,39445,,未実戦検証
第二章,"a4_west:{""area"": 4, ""challengeTier"": 5}",4,封樹の衛兵グラント,7334,5180699,201487,176817,35420,,未実戦検証
第二章,"a4_east:{""area"": 4, ""challengeTier"": 0}",1,十神Ⅷ 創造,3920,1571915,75875,44761,25289,ten_creation,未実戦検証
第二章,"a4_east:{""area"": 4, ""challengeTier"": 0}",2,【日月】ルナリア,3920,1125934,79498,30905,32536,,未実戦検証
第二章,"a4_east:{""area"": 4, ""challengeTier"": 0}",3,【日月】ソラリア,3920,1807388,99419,58979,18913,,未実戦検証
第二章,"a4_east:{""area"": 4, ""challengeTier"": 0}",4,霜鐘梟ノクティア,3920,1125934,79498,30905,27573,,未実戦検証
第二章,"a4_east:{""area"": 4, ""challengeTier"": 1}",1,十神Ⅷ 創造,4626,2064414,98011,58965,31392,ten_creation,未実戦検証
第二章,"a4_east:{""area"": 4, ""challengeTier"": 1}",2,【日月】ルナリア,4626,1477964,102784,40713,40546,,未実戦検証
第二章,"a4_east:{""area"": 4, ""challengeTier"": 1}",3,【日月】ソラリア,4626,2365426,127995,75404,24132,,未実戦検証
第二章,"a4_east:{""area"": 4, ""challengeTier"": 1}",4,霜鐘梟ノクティア,4626,1477964,102784,40713,34361,,未実戦検証
第二章,"a4_east:{""area"": 4, ""challengeTier"": 2}",1,十神Ⅷ 創造,5331,2569609,120792,73527,37563,ten_creation,未実戦検証
第二章,"a4_east:{""area"": 4, ""challengeTier"": 2}",2,【日月】ルナリア,5331,1839103,126743,50766,48636,,未実戦検証
第二章,"a4_east:{""area"": 4, ""challengeTier"": 2}",3,【日月】ソラリア,5331,2938220,157423,92347,29374,,未実戦検証
第二章,"a4_east:{""area"": 4, ""challengeTier"": 2}",4,霜鐘梟ノクティア,5331,1839103,126743,50766,41217,,未実戦検証
第二章,"a4_east:{""area"": 4, ""challengeTier"": 3}",1,十神Ⅷ 創造,6037,3087510,144219,88446,43801,ten_creation,未実戦検証
第二章,"a4_east:{""area"": 4, ""challengeTier"": 3}",2,【日月】ルナリア,6037,2209356,151379,61069,56806,,未実戦検証
第二章,"a4_east:{""area"": 4, ""challengeTier"": 3}",3,【日月】ソラリア,6037,3525798,187708,109808,34635,,未実戦検証
第二章,"a4_east:{""area"": 4, ""challengeTier"": 3}",4,霜鐘梟ノクティア,6037,2209356,151379,61069,48141,,未実戦検証
第二章,"a4_east:{""area"": 4, ""challengeTier"": 4}",1,十神Ⅷ 創造,6742,3618120,168299,103724,50104,ten_creation,未実戦検証
第二章,"a4_east:{""area"": 4, ""challengeTier"": 4}",2,【日月】ルナリア,6742,2588731,176696,71616,65052,,未実戦検証
第二章,"a4_east:{""area"": 4, ""challengeTier"": 4}",3,【日月】ソラリア,6742,4128170,218855,127792,39917,,未実戦検証
第二章,"a4_east:{""area"": 4, ""challengeTier"": 4}",4,霜鐘梟ノクティア,6742,2588731,176696,71616,55129,,未実戦検証
第二章,"a4_east:{""area"": 4, ""challengeTier"": 5}",1,十神Ⅷ 創造,7448,4159934,192562,119361,56133,ten_creation,未実戦検証
第二章,"a4_east:{""area"": 4, ""challengeTier"": 5}",2,【日月】ルナリア,7448,2975971,202225,82413,72975,,未実戦検証
第二章,"a4_east:{""area"": 4, ""challengeTier"": 5}",3,【日月】ソラリア,7448,4741639,250150,145750,45114,,未実戦検証
第二章,"a4_east:{""area"": 4, ""challengeTier"": 5}",4,霜鐘梟ノクティア,7448,2975971,202225,82413,61843,,未実戦検証
第二章,"a4_heart:{""area"": 4, ""challengeTier"": 0}",1,十神Ⅸ 終焉,3980,2702085,190723,54071,20464,ten_end,未実戦検証
第二章,"a4_heart:{""area"": 4, ""challengeTier"": 0}",2,【魔導姫】セフィラ,3980,1713152,86204,33481,33294,,未実戦検証
第二章,"a4_heart:{""area"": 4, ""challengeTier"": 0}",3,【魔導姫】アストレル,3980,2728603,107529,62906,19425,,未実戦検証
第二章,"a4_heart:{""area"": 4, ""challengeTier"": 0}",4,天秤の祭司イオネ,3980,1734554,62360,34914,26505,,未実戦検証
第二章,"a4_heart:{""area"": 4, ""challengeTier"": 1}",1,十神Ⅸ 終焉,4696,3551482,245278,71229,25926,ten_end,未実戦検証
第二章,"a4_heart:{""area"": 4, ""challengeTier"": 1}",2,【魔導姫】セフィラ,4696,2251490,111607,44104,41522,,未実戦検証
第二章,"a4_heart:{""area"": 4, ""challengeTier"": 1}",3,【魔導姫】アストレル,4696,3578870,138658,80562,24796,,未実戦検証
第二章,"a4_heart:{""area"": 4, ""challengeTier"": 1}",4,天秤の祭司イオネ,4696,2278624,80195,45992,32965,,未実戦検証
第二章,"a4_heart:{""area"": 4, ""challengeTier"": 2}",1,十神Ⅸ 終焉,5413,4422649,301478,88820,31417,ten_end,未実戦検証
第二章,"a4_heart:{""area"": 4, ""challengeTier"": 2}",2,【魔導姫】セフィラ,5413,2803633,137737,54998,49828,,未実戦検証
第二章,"a4_heart:{""area"": 4, ""challengeTier"": 2}",3,【魔導姫】アストレル,5413,4451270,170706,98771,30188,,未実戦検証
第二章,"a4_heart:{""area"": 4, ""challengeTier"": 2}",4,天秤の祭司イオネ,5413,2836692,98568,57352,39491,,未実戦検証
第二章,"a4_heart:{""area"": 4, ""challengeTier"": 3}",1,十神Ⅸ 終焉,6129,5315610,359340,106843,36941,ten_end,未実戦検証
第二章,"a4_heart:{""area"": 4, ""challengeTier"": 3}",2,【魔導姫】セフィラ,6129,3369600,164601,66157,58220,,未実戦検証
第二章,"a4_heart:{""area"": 4, ""challengeTier"": 3}",3,【魔導姫】アストレル,6129,5345844,203684,117530,35601,,未実戦検証
第二章,"a4_heart:{""area"": 4, ""challengeTier"": 3}",4,天秤の祭司イオネ,6129,3408779,117484,68988,46090,,未実戦検証
第二章,"a4_heart:{""area"": 4, ""challengeTier"": 4}",1,十神Ⅸ 終焉,6846,6230360,418858,125299,42494,ten_end,未実戦検証
第二章,"a4_heart:{""area"": 4, ""challengeTier"": 4}",2,【魔導姫】セフィラ,6846,3949384,192198,77585,66687,,未実戦検証
第二章,"a4_heart:{""area"": 4, ""challengeTier"": 4}",3,【魔導姫】アストレル,6846,6262592,237587,136847,41035,,未実戦検証
第二章,"a4_heart:{""area"": 4, ""challengeTier"": 4}",4,天秤の祭司イオネ,6846,3994879,136943,80906,52752,,未実戦検証
第二章,"a4_heart:{""area"": 4, ""challengeTier"": 5}",1,十神Ⅸ 終焉,7562,7164972,478608,144187,47923,ten_end,未実戦検証
第二章,"a4_heart:{""area"": 4, ""challengeTier"": 5}",2,【魔導姫】セフィラ,7562,4541721,220061,89280,74830,,未実戦検証
第二章,"a4_heart:{""area"": 4, ""challengeTier"": 5}",3,【魔導姫】アストレル,7562,7197774,271702,156167,46384,,未実戦検証
第二章,"a4_heart:{""area"": 4, ""challengeTier"": 5}",4,天秤の祭司イオネ,7562,4593472,156477,93101,59140,,未実戦検証
第二章,"patrol:{""area"": 0, ""challengeTier"": 0}",1,芽灯虫コロル,1050,83024,10005,5052,6935,,未実戦検証
第二章,"patrol:{""area"": 0, ""challengeTier"": 0}",2,棘盾獣バルク,1050,148016,9290,9406,4118,,未実戦検証
第二章,"patrol:{""area"": 0, ""challengeTier"": 1}",1,芽灯虫コロル,1239,84624,10168,5170,7035,,未実戦検証
第二章,"patrol:{""area"": 0, ""challengeTier"": 1}",2,棘盾獣バルク,1239,151049,9606,9708,4096,,未実戦検証
第二章,"patrol:{""area"": 0, ""challengeTier"": 2}",1,芽灯虫コロル,1428,86256,10330,5292,7146,,未実戦検証
第二章,"patrol:{""area"": 0, ""challengeTier"": 2}",2,棘盾獣バルク,1428,154158,9942,10028,4072,,未実戦検証
第二章,"patrol:{""area"": 0, ""challengeTier"": 3}",1,芽灯虫コロル,1617,87896,10493,5415,7255,,未実戦検証
第二章,"patrol:{""area"": 0, ""challengeTier"": 3}",2,棘盾獣バルク,1617,157288,10284,10352,4048,,未実戦検証
第二章,"patrol:{""area"": 0, ""challengeTier"": 4}",1,芽灯虫コロル,1806,89492,10656,5532,7346,,未実戦検証
第二章,"patrol:{""area"": 0, ""challengeTier"": 4}",2,棘盾獣バルク,1806,160310,10596,10650,4028,,未実戦検証
第二章,"patrol:{""area"": 0, ""challengeTier"": 5}",1,芽灯虫コロル,1995,91105,10818,5651,7441,,未実戦検証
第二章,"patrol:{""area"": 0, ""challengeTier"": 5}",2,棘盾獣バルク,1995,163372,10921,10957,4006,,未実戦検証
第二章,"west:{""area"": 0, ""challengeTier"": 0}",1,棘盾獣バルク,1100,262759,15036,16292,4672,,未実戦検証
第二章,"west:{""area"": 0, ""challengeTier"": 0}",2,芽灯虫コロル,1100,104938,10563,5690,9131,,未実戦検証
第二章,"west:{""area"": 0, ""challengeTier"": 0}",3,露鈴の案内姫ピピア,1100,108037,7202,6196,6960,,未実戦検証
第二章,"west:{""area"": 0, ""challengeTier"": 1}",1,棘盾獣バルク,1298,268274,15593,16945,4651,,未実戦検証
第二章,"west:{""area"": 0, ""challengeTier"": 1}",2,芽灯虫コロル,1298,106923,10728,5826,9248,,未実戦検証
第二章,"west:{""area"": 0, ""challengeTier"": 1}",3,露鈴の案内姫ピピア,1298,110348,7315,6376,7038,,未実戦検証
第二章,"west:{""area"": 0, ""challengeTier"": 2}",1,棘盾獣バルク,1496,273899,16177,17623,4629,,未実戦検証
第二章,"west:{""area"": 0, ""challengeTier"": 2}",2,芽灯虫コロル,1496,108935,10893,5964,9369,,未実戦検証
第二章,"west:{""area"": 0, ""challengeTier"": 2}",3,露鈴の案内姫ピピア,1496,112706,7427,6560,7119,,未実戦検証
第二章,"west:{""area"": 0, ""challengeTier"": 3}",1,棘盾獣バルク,1694,279631,16783,18334,4606,,未実戦検証
第二章,"west:{""area"": 0, ""challengeTier"": 3}",2,芽灯虫コロル,1694,110972,11058,6106,9497,,未実戦検証
第二章,"west:{""area"": 0, ""challengeTier"": 3}",3,露鈴の案内姫ピピア,1694,115110,7540,6751,7204,,未実戦検証
第二章,"west:{""area"": 0, ""challengeTier"": 4}",1,棘盾獣バルク,1892,285479,17417,19075,4582,,未実戦検証
第二章,"west:{""area"": 0, ""challengeTier"": 4}",2,芽灯虫コロル,1892,113039,11223,6252,9628,,未実戦検証
第二章,"west:{""area"": 0, ""challengeTier"": 4}",3,露鈴の案内姫ピピア,1892,117568,7652,6949,7291,,未実戦検証
第二章,"west:{""area"": 0, ""challengeTier"": 5}",1,棘盾獣バルク,2090,291436,18076,19846,4557,,未実戦検証
第二章,"west:{""area"": 0, ""challengeTier"": 5}",2,芽灯虫コロル,2090,115132,11388,6401,9765,,未実戦検証
第二章,"west:{""area"": 0, ""challengeTier"": 5}",3,露鈴の案内姫ピピア,2090,120073,7765,7152,7382,,未実戦検証
第二章,"east:{""area"": 0, ""challengeTier"": 0}",1,封樹の衛兵グラント,1100,262759,14651,18697,4120,,未実戦検証
第二章,"east:{""area"": 0, ""challengeTier"": 0}",2,煤紫の剣魔リリカ,1100,120988,18113,8562,6160,,未実戦検証
第二章,"east:{""area"": 0, ""challengeTier"": 0}",3,封書の小剣姫ルメア,1100,108037,9330,8019,6328,,未実戦検証
第二章,"east:{""area"": 0, ""challengeTier"": 1}",1,封樹の衛兵グラント,1298,268274,15256,19377,4085,,未実戦検証
第二章,"east:{""area"": 0, ""challengeTier"": 1}",2,煤紫の剣魔リリカ,1298,123493,18814,8852,6230,,未実戦検証
第二章,"east:{""area"": 0, ""challengeTier"": 1}",3,封書の小剣姫ルメア,1298,110348,9805,8327,6392,,未実戦検証
第二章,"east:{""area"": 0, ""challengeTier"": 2}",1,封樹の衛兵グラント,1496,273899,15892,20084,4048,,未実戦検証
第二章,"east:{""area"": 0, ""challengeTier"": 2}",2,煤紫の剣魔リリカ,1496,126045,19547,9151,6304,,未実戦検証
第二章,"east:{""area"": 0, ""challengeTier"": 2}",3,封書の小剣姫ルメア,1496,112706,10308,8647,6458,,未実戦検証
第二章,"east:{""area"": 0, ""challengeTier"": 3}",1,封樹の衛兵グラント,1694,279631,16554,20820,4010,,未実戦検証
第二章,"east:{""area"": 0, ""challengeTier"": 3}",2,煤紫の剣魔リリカ,1694,128643,20310,9462,6381,,未実戦検証
第二章,"east:{""area"": 0, ""challengeTier"": 3}",3,封書の小剣姫ルメア,1694,115110,10834,8982,6528,,未実戦検証
第二章,"east:{""area"": 0, ""challengeTier"": 4}",1,封樹の衛兵グラント,1892,285479,17249,21588,3970,,未実戦検証
第二章,"east:{""area"": 0, ""challengeTier"": 4}",2,煤紫の剣魔リリカ,1892,131293,21108,9786,6460,,未実戦検証
第二章,"east:{""area"": 0, ""challengeTier"": 4}",3,封書の小剣姫ルメア,1892,117568,11389,9331,6599,,未実戦検証
第二章,"east:{""area"": 0, ""challengeTier"": 5}",1,封樹の衛兵グラント,2090,291436,17973,22386,3928,,未実戦検証
第二章,"east:{""area"": 0, ""challengeTier"": 5}",2,煤紫の剣魔リリカ,2090,133991,21940,10120,6543,,未実戦検証
第二章,"east:{""area"": 0, ""challengeTier"": 5}",3,封書の小剣姫ルメア,2090,120073,11969,9695,6673,,未実戦検証
第二章,"heart:{""area"": 0, ""challengeTier"": 0}",1,【鏡侍女】リュネ,1200,648934,19961,21242,5433,,未実戦検証
第二章,"heart:{""area"": 0, ""challengeTier"": 0}",2,【鏡侍女】ロゼ,1200,299216,24838,9752,7673,,未実戦検証
第二章,"heart:{""area"": 0, ""challengeTier"": 0}",3,【薬毒】ミレア,1200,266318,9758,8294,8015,,未実戦検証
第二章,"heart:{""area"": 0, ""challengeTier"": 0}",4,芽灯虫コロル,1200,261744,14312,7696,10498,,未実戦検証
第二章,"heart:{""area"": 0, ""challengeTier"": 1}",1,【鏡侍女】リュネ,1416,660538,20666,21974,5397,,未実戦検証
第二章,"heart:{""area"": 0, ""challengeTier"": 1}",2,【鏡侍女】ロゼ,1416,304529,25661,10064,7747,,未実戦検証
第二章,"heart:{""area"": 0, ""challengeTier"": 1}",3,【薬毒】ミレア,1416,271126,9910,8509,8095,,未実戦検証
第二章,"heart:{""area"": 0, ""challengeTier"": 1}",4,芽灯虫コロル,1416,266193,14535,7864,10619,,未実戦検証
第二章,"heart:{""area"": 0, ""challengeTier"": 2}",1,【鏡侍女】リュネ,1632,672259,21401,22739,5358,,未実戦検証
第二章,"heart:{""area"": 0, ""challengeTier"": 2}",2,【鏡侍女】ロゼ,1632,309893,26519,10389,7823,,未実戦検証
第二章,"heart:{""area"": 0, ""challengeTier"": 2}",3,【薬毒】ミレア,1632,275983,10063,8730,8179,,未実戦検証
第二章,"heart:{""area"": 0, ""challengeTier"": 2}",4,芽灯虫コロル,1632,270668,14759,8036,10745,,未実戦検証
第二章,"heart:{""area"": 0, ""challengeTier"": 3}",1,【鏡侍女】リュネ,1848,684095,22165,23535,5318,,未実戦検証
第二章,"heart:{""area"": 0, ""challengeTier"": 3}",2,【鏡侍女】ロゼ,1848,315307,27408,10726,7903,,未実戦検証
第二章,"heart:{""area"": 0, ""challengeTier"": 3}",3,【薬毒】ミレア,1848,280892,10215,8957,8267,,未実戦検証
第二章,"heart:{""area"": 0, ""challengeTier"": 3}",4,芽灯虫コロル,1848,275173,14983,8212,10877,,未実戦検証
第二章,"heart:{""area"": 0, ""challengeTier"": 4}",1,【鏡侍女】リュネ,2064,696053,22963,24365,5277,,未実戦検証
第二章,"heart:{""area"": 0, ""challengeTier"": 4}",2,【鏡侍女】ロゼ,2064,320775,28335,11077,7987,,未実戦検証
第二章,"heart:{""area"": 0, ""challengeTier"": 4}",3,【薬毒】ミレア,2064,285857,10367,9192,8359,,未実戦検証
第二章,"heart:{""area"": 0, ""challengeTier"": 4}",4,芽灯虫コロル,2064,279708,15206,8392,11015,,未実戦検証
第二章,"heart:{""area"": 0, ""challengeTier"": 5}",1,【鏡侍女】リュネ,2280,708131,23793,25228,5233,,未実戦検証
第二章,"heart:{""area"": 0, ""challengeTier"": 5}",2,【鏡侍女】ロゼ,2280,326294,29296,11442,8073,,未実戦検証
第二章,"heart:{""area"": 0, ""challengeTier"": 5}",3,【薬毒】ミレア,2280,290874,10520,9434,8455,,未実戦検証
第二章,"heart:{""area"": 0, ""challengeTier"": 5}",4,芽灯虫コロル,2280,284272,15430,8575,11159,,未実戦検証
第二章,"vault0:{""area"": 0, ""challengeTier"": 0}",1,【双藤】ネヴィア,1650,1044937,42097,15758,10268,,未実戦検証
第二章,"vault0:{""area"": 0, ""challengeTier"": 0}",2,【双藤】エルミナ,1650,856107,40895,13452,7818,,未実戦検証
第二章,"vault0:{""area"": 0, ""challengeTier"": 0}",3,根灯の短剣姫リティア,1650,761017,20028,12514,8029,,未実戦検証
第二章,"vault0:{""area"": 0, ""challengeTier"": 0}",4,封樹の衛兵グラント,1650,1340210,24656,22186,5888,,未実戦検証
第二章,"vault0:{""area"": 0, ""challengeTier"": 1}",1,【双藤】ネヴィア,1947,1377858,54904,20513,13083,,未実戦検証
第二章,"vault0:{""area"": 0, ""challengeTier"": 1}",2,【双藤】エルミナ,1947,1128661,53199,17471,10038,,未実戦検証
第二章,"vault0:{""area"": 0, ""challengeTier"": 1}",3,根灯の短剣姫リティア,1947,1003157,25820,16183,10325,,未実戦検証
第二章,"vault0:{""area"": 0, ""challengeTier"": 1}",4,封樹の衛兵グラント,1947,1766059,31844,28569,7717,,未実戦検証
第二章,"vault0:{""area"": 0, ""challengeTier"": 2}",1,【双藤】ネヴィア,2244,1720285,68098,25412,15905,,未実戦検証
第二章,"vault0:{""area"": 0, ""challengeTier"": 2}",2,【双藤】エルミナ,2244,1409005,65883,21610,12262,,未実戦検証
第二章,"vault0:{""area"": 0, ""challengeTier"": 2}",3,根灯の短剣姫リティア,2244,1252223,31802,19964,12626,,未実戦検証
第二章,"vault0:{""area"": 0, ""challengeTier"": 2}",4,封樹の衛兵グラント,2244,2204107,39263,35158,9547,,未実戦検証
第二章,"vault0:{""area"": 0, ""challengeTier"": 3}",1,【双藤】ネヴィア,2541,2072219,81679,30457,18737,,未実戦検証
第二章,"vault0:{""area"": 0, ""challengeTier"": 3}",2,【双藤】エルミナ,2541,1697140,78940,25876,14490,,未実戦検証
第二章,"vault0:{""area"": 0, ""challengeTier"": 3}",3,根灯の短剣姫リティア,2541,1508214,37969,23862,14930,,未実戦検証
第二章,"vault0:{""area"": 0, ""challengeTier"": 3}",4,封樹の衛兵グラント,2541,2654360,46909,41954,11371,,未実戦検証
第二章,"vault0:{""area"": 0, ""challengeTier"": 4}",1,【双藤】ネヴィア,2838,2433663,95652,35651,21581,,未実戦検証
第二章,"vault0:{""area"": 0, ""challengeTier"": 4}",2,【双藤】エルミナ,2838,1993069,92383,30270,16724,,未実戦検証
第二章,"vault0:{""area"": 0, ""challengeTier"": 4}",3,根灯の短剣姫リティア,2838,1771138,44327,27881,17238,,未実戦検証
第二章,"vault0:{""area"": 0, ""challengeTier"": 4}",4,封樹の衛兵グラント,2838,3116826,54792,48963,13194,,未実戦検証
第二章,"vault0:{""area"": 0, ""challengeTier"": 5}",1,【双藤】ネヴィア,3135,2804614,110014,40989,24434,,未実戦検証
第二章,"vault0:{""area"": 0, ""challengeTier"": 5}",2,【双藤】エルミナ,3135,2296788,106204,34787,18962,,未実戦検証
第二章,"vault0:{""area"": 0, ""challengeTier"": 5}",3,根灯の短剣姫リティア,3135,2040989,50872,32017,19552,,未実戦検証
第二章,"vault0:{""area"": 0, ""challengeTier"": 5}",4,封樹の衛兵グラント,3135,3591497,62903,56180,15015,,未実戦検証
第二章,"roam0_1:{""area"": 0, ""challengeTier"": 0}",1,煤紫の剣魔リリカ,1050,94604,16011,5920,5081,,未実戦検証
第二章,"roam0_1:{""area"": 0, ""challengeTier"": 0}",2,芽灯虫コロル,1050,83024,10005,5052,6935,,未実戦検証
第二章,"roam0_1:{""area"": 0, ""challengeTier"": 0}",3,露鈴の案内姫ピピア,1050,84371,6894,5420,5326,,未実戦検証
第二章,"roam0_1:{""area"": 0, ""challengeTier"": 0}",4,封書の小剣姫ルメア,1050,84371,7639,5506,5449,,未実戦検証
第二章,"roam0_1:{""area"": 0, ""challengeTier"": 1}",1,煤紫の剣魔リリカ,1239,96483,16485,6068,5141,,未実戦検証
第二章,"roam0_1:{""area"": 0, ""challengeTier"": 1}",2,芽灯虫コロル,1239,84624,10168,5170,7035,,未実戦検証
第二章,"roam0_1:{""area"": 0, ""challengeTier"": 1}",3,露鈴の案内姫ピピア,1239,86124,7022,5578,5397,,未実戦検証
第二章,"roam0_1:{""area"": 0, ""challengeTier"": 1}",4,封書の小剣姫ルメア,1239,86124,7940,5683,5546,,未実戦検証
第二章,"roam0_1:{""area"": 0, ""challengeTier"": 2}",1,煤紫の剣魔リリカ,1428,98405,16985,6223,5207,,未実戦検証
第二章,"roam0_1:{""area"": 0, ""challengeTier"": 2}",2,芽灯虫コロル,1428,86256,10330,5292,7146,,未実戦検証
第二章,"roam0_1:{""area"": 0, ""challengeTier"": 2}",3,露鈴の案内姫ピピア,1428,87925,7152,5743,5475,,未実戦検証
第二章,"roam0_1:{""area"": 0, ""challengeTier"": 2}",4,封書の小剣姫ルメア,1428,87925,8263,5872,5653,,未実戦検証
第二章,"roam0_1:{""area"": 0, ""challengeTier"": 3}",1,煤紫の剣魔リリカ,1617,100337,17492,6377,5271,,未実戦検証
第二章,"roam0_1:{""area"": 0, ""challengeTier"": 3}",2,芽灯虫コロル,1617,87896,10493,5415,7255,,未実戦検証
第二章,"roam0_1:{""area"": 0, ""challengeTier"": 3}",3,露鈴の案内姫ピピア,1617,89736,7282,5912,5551,,未実戦検証
第二章,"roam0_1:{""area"": 0, ""challengeTier"": 3}",4,封書の小剣姫ルメア,1617,89736,8592,6063,5757,,未実戦検証
第二章,"roam0_1:{""area"": 0, ""challengeTier"": 4}",1,煤紫の剣魔リリカ,1806,102210,17962,6523,5324,,未実戦検証
第二章,"roam0_1:{""area"": 0, ""challengeTier"": 4}",2,芽灯虫コロル,1806,89492,10656,5532,7346,,未実戦検証
第二章,"roam0_1:{""area"": 0, ""challengeTier"": 4}",3,露鈴の案内姫ピピア,1806,91483,7409,6069,5614,,未実戦検証
第二章,"roam0_1:{""area"": 0, ""challengeTier"": 4}",4,封書の小剣姫ルメア,1806,91483,8889,6239,5844,,未実戦検証
第二章,"roam0_1:{""area"": 0, ""challengeTier"": 5}",1,煤紫の剣魔リリカ,1995,104106,18445,6673,5380,,未実戦検証
第二章,"roam0_1:{""area"": 0, ""challengeTier"": 5}",2,芽灯虫コロル,1995,91105,10818,5651,7441,,未実戦検証
第二章,"roam0_1:{""area"": 0, ""challengeTier"": 5}",3,露鈴の案内姫ピピア,1995,93253,7538,6228,5681,,未実戦検証
第二章,"roam0_1:{""area"": 0, ""challengeTier"": 5}",4,封書の小剣姫ルメア,1995,93253,9198,6419,5934,,未実戦検証
第二章,"roam0_3:{""area"": 0, ""challengeTier"": 0}",1,根継ぎの斥候ネリク,1050,83024,12187,5125,7017,,未実戦検証
第二章,"roam0_3:{""area"": 0, ""challengeTier"": 0}",2,巻鍵の工姫ティクタ,1050,83024,12187,5125,5947,,未実戦検証
第二章,"roam0_3:{""area"": 0, ""challengeTier"": 0}",3,【双藤】ネヴィア,1050,83024,12187,5125,5947,,未実戦検証
第二章,"roam0_3:{""area"": 0, ""challengeTier"": 0}",4,【双藤】エルミナ,1050,94604,16011,5920,5081,,未実戦検証
第二章,"roam0_3:{""area"": 0, ""challengeTier"": 1}",1,根継ぎの斥候ネリク,1239,84624,12562,5259,7135,,未実戦検証
第二章,"roam0_3:{""area"": 0, ""challengeTier"": 1}",2,巻鍵の工姫ティクタ,1239,84624,12562,5259,6047,,未実戦検証
第二章,"roam0_3:{""area"": 0, ""challengeTier"": 1}",3,【双藤】ネヴィア,1239,84624,12562,5259,6047,,未実戦検証
第二章,"roam0_3:{""area"": 0, ""challengeTier"": 1}",4,【双藤】エルミナ,1239,96483,16485,6068,5141,,未実戦検証
第二章,"roam0_3:{""area"": 0, ""challengeTier"": 2}",1,根継ぎの斥候ネリク,1428,86256,12959,5401,7266,,未実戦検証
第二章,"roam0_3:{""area"": 0, ""challengeTier"": 2}",2,巻鍵の工姫ティクタ,1428,86256,12959,5401,6158,,未実戦検証
第二章,"roam0_3:{""area"": 0, ""challengeTier"": 2}",3,【双藤】ネヴィア,1428,86256,12959,5401,6158,,未実戦検証
第二章,"roam0_3:{""area"": 0, ""challengeTier"": 2}",4,【双藤】エルミナ,1428,98405,16985,6223,5207,,未実戦検証
第二章,"roam0_3:{""area"": 0, ""challengeTier"": 3}",1,根継ぎの斥候ネリク,1617,87896,13361,5542,7394,,未実戦検証
第二章,"roam0_3:{""area"": 0, ""challengeTier"": 3}",2,巻鍵の工姫ティクタ,1617,87896,13361,5542,6266,,未実戦検証
第二章,"roam0_3:{""area"": 0, ""challengeTier"": 3}",3,【双藤】ネヴィア,1617,87896,13361,5542,6266,,未実戦検証
第二章,"roam0_3:{""area"": 0, ""challengeTier"": 3}",4,【双藤】エルミナ,1617,100337,17492,6377,5271,,未実戦検証
第二章,"roam0_3:{""area"": 0, ""challengeTier"": 4}",1,根継ぎの斥候ネリク,1806,89492,13732,5676,7501,,未実戦検証
第二章,"roam0_3:{""area"": 0, ""challengeTier"": 4}",2,巻鍵の工姫ティクタ,1806,89492,13732,5676,6357,,未実戦検証
第二章,"roam0_3:{""area"": 0, ""challengeTier"": 4}",3,【双藤】ネヴィア,1806,89492,13732,5676,6357,,未実戦検証
第二章,"roam0_3:{""area"": 0, ""challengeTier"": 4}",4,【双藤】エルミナ,1806,102210,17962,6523,5324,,未実戦検証
第二章,"roam0_3:{""area"": 0, ""challengeTier"": 5}",1,根継ぎの斥候ネリク,1995,91105,14115,5813,7611,,未実戦検証
第二章,"roam0_3:{""area"": 0, ""challengeTier"": 5}",2,巻鍵の工姫ティクタ,1995,91105,14115,5813,6450,,未実戦検証
第二章,"roam0_3:{""area"": 0, ""challengeTier"": 5}",3,【双藤】ネヴィア,1995,91105,14115,5813,6450,,未実戦検証
第二章,"roam0_3:{""area"": 0, ""challengeTier"": 5}",4,【双藤】エルミナ,1995,104106,18445,6673,5380,,未実戦検証
第二章,"roam0_4:{""area"": 0, ""challengeTier"": 0}",1,【鏡侍女】リュネ,1050,147319,9362,9406,4118,,未実戦検証
第二章,"roam0_4:{""area"": 0, ""challengeTier"": 0}",2,【鏡侍女】ロゼ,1050,94604,16011,5920,5081,,未実戦検証
第二章,"roam0_4:{""area"": 0, ""challengeTier"": 0}",3,棘盾獣バルク,1050,123347,9290,7971,4118,,未実戦検証
第二章,"roam0_4:{""area"": 0, ""challengeTier"": 0}",4,夜灯の従騎フィオラ,1050,84371,7639,5506,5449,,未実戦検証
第二章,"roam0_4:{""area"": 0, ""challengeTier"": 1}",1,【鏡侍女】リュネ,1239,150188,9695,9708,4096,,未実戦検証
第二章,"roam0_4:{""area"": 0, ""challengeTier"": 1}",2,【鏡侍女】ロゼ,1239,96483,16485,6068,5141,,未実戦検証
第二章,"roam0_4:{""area"": 0, ""challengeTier"": 1}",3,棘盾獣バルク,1239,125874,9606,8227,4096,,未実戦検証
第二章,"roam0_4:{""area"": 0, ""challengeTier"": 1}",4,夜灯の従騎フィオラ,1239,86124,7940,5683,5546,,未実戦検証
第二章,"roam0_4:{""area"": 0, ""challengeTier"": 2}",1,【鏡侍女】リュネ,1428,153119,10051,10028,4072,,未実戦検証
第二章,"roam0_4:{""area"": 0, ""challengeTier"": 2}",2,【鏡侍女】ロゼ,1428,98405,16985,6223,5207,,未実戦検証
第二章,"roam0_4:{""area"": 0, ""challengeTier"": 2}",3,棘盾獣バルク,1428,128465,9942,8498,4072,,未実戦検証
第二章,"roam0_4:{""area"": 0, ""challengeTier"": 2}",4,夜灯の従騎フィオラ,1428,87925,8263,5872,5653,,未実戦検証
第二章,"roam0_4:{""area"": 0, ""challengeTier"": 3}",1,【鏡侍女】リュネ,1617,156062,10412,10352,4048,,未実戦検証
第二章,"roam0_4:{""area"": 0, ""challengeTier"": 3}",2,【鏡侍女】ロゼ,1617,100337,17492,6377,5271,,未実戦検証
第二章,"roam0_4:{""area"": 0, ""challengeTier"": 3}",3,棘盾獣バルク,1617,131073,10284,8773,4048,,未実戦検証
第二章,"roam0_4:{""area"": 0, ""challengeTier"": 3}",4,夜灯の従騎フィオラ,1617,89736,8592,6063,5757,,未実戦検証
第二章,"roam0_4:{""area"": 0, ""challengeTier"": 4}",1,【鏡侍女】リュネ,1806,158924,10741,10650,4028,,未実戦検証
第二章,"roam0_4:{""area"": 0, ""challengeTier"": 4}",2,【鏡侍女】ロゼ,1806,102210,17962,6523,5324,,未実戦検証
第二章,"roam0_4:{""area"": 0, ""challengeTier"": 4}",3,棘盾獣バルク,1806,133592,10596,9025,4028,,未実戦検証
第二章,"roam0_4:{""area"": 0, ""challengeTier"": 4}",4,夜灯の従騎フィオラ,1806,91483,8889,6239,5844,,未実戦検証
第二章,"roam0_4:{""area"": 0, ""challengeTier"": 5}",1,【鏡侍女】リュネ,1995,161816,11083,10957,4006,,未実戦検証
第二章,"roam0_4:{""area"": 0, ""challengeTier"": 5}",2,【鏡侍女】ロゼ,1995,104106,18445,6673,5380,,未実戦検証
第二章,"roam0_4:{""area"": 0, ""challengeTier"": 5}",3,棘盾獣バルク,1995,136143,10921,9286,4006,,未実戦検証
第二章,"roam0_4:{""area"": 0, ""challengeTier"": 5}",4,夜灯の従騎フィオラ,1995,93253,9198,6419,5934,,未実戦検証
第二章,"vault1:{""area"": 1, ""challengeTier"": 0}",1,深淵Ⅱ 憤怒,2310,1686725,69829,24549,12006,abyss_wrath,未実戦検証
第二章,"vault1:{""area"": 1, ""challengeTier"": 0}",2,【月狐】カグラ,2310,1219314,66762,18871,12606,,未実戦検証
第二章,"vault1:{""area"": 1, ""challengeTier"": 0}",3,【月狐】サヨ,2310,1082801,33039,17199,13963,,未実戦検証
第二章,"vault1:{""area"": 1, ""challengeTier"": 0}",4,封樹の衛兵グラント,2310,1900801,40165,31171,9631,,未実戦検証
第二章,"vault1:{""area"": 1, ""challengeTier"": 1}",1,深淵Ⅱ 憤怒,2726,2221543,90324,31621,15345,abyss_wrath,未実戦検証
第二章,"vault1:{""area"": 1, ""challengeTier"": 1}",2,【月狐】カグラ,2726,1605075,86277,24133,16125,,未実戦検証
第二章,"vault1:{""area"": 1, ""challengeTier"": 1}",3,【月狐】サヨ,2726,1425364,42285,21959,17729,,未実戦検証
第二章,"vault1:{""area"": 1, ""challengeTier"": 1}",4,封樹の衛兵グラント,2726,2502400,51562,39557,12544,,未実戦検証
第二章,"vault1:{""area"": 1, ""challengeTier"": 2}",1,深淵Ⅱ 憤怒,3142,2771118,111452,38916,18694,abyss_wrath,未実戦検証
第二章,"vault1:{""area"": 1, ""challengeTier"": 2}",2,【月狐】カグラ,3142,2001514,106402,29568,19654,,未実戦検証
第二章,"vault1:{""area"": 1, ""challengeTier"": 2}",3,【月狐】サヨ,3142,1777409,51839,26875,21512,,未実戦検証
第二章,"vault1:{""area"": 1, ""challengeTier"": 2}",4,封樹の衛兵グラント,3142,3120641,63331,48233,15457,,未実戦検証
第二章,"vault1:{""area"": 1, ""challengeTier"": 3}",1,深淵Ⅱ 憤怒,3557,3335453,133214,46438,22055,abyss_wrath,未実戦検証
第二章,"vault1:{""area"": 1, ""challengeTier"": 3}",2,【月狐】カグラ,3557,2408634,127131,35179,23195,,未実戦検証
第二章,"vault1:{""area"": 1, ""challengeTier"": 3}",3,【月狐】サヨ,3557,2138941,61698,31951,25315,,未実戦検証
第二章,"vault1:{""area"": 1, ""challengeTier"": 3}",4,封樹の衛兵グラント,3557,3755530,75469,57205,18368,,未実戦検証
第二章,"vault1:{""area"": 1, ""challengeTier"": 4}",1,深淵Ⅱ 憤怒,3973,3914554,155615,54188,25427,abyss_wrath,未実戦検証
第二章,"vault1:{""area"": 1, ""challengeTier"": 4}",2,【月狐】カグラ,3973,2826443,148474,40971,26747,,未実戦検証
第二章,"vault1:{""area"": 1, ""challengeTier"": 4}",3,【月狐】サヨ,3973,2509966,71867,37194,29134,,未実戦検証
第二章,"vault1:{""area"": 1, ""challengeTier"": 4}",4,封樹の衛兵グラント,3973,4407080,87982,66480,21278,,未実戦検証
第二章,"vault1:{""area"": 1, ""challengeTier"": 5}",1,深淵Ⅱ 憤怒,4389,4508427,178658,62163,28809,abyss_wrath,未実戦検証
第二章,"vault1:{""area"": 1, ""challengeTier"": 5}",2,【月狐】カグラ,4389,3254947,170431,46937,30309,,未実戦検証
第二章,"vault1:{""area"": 1, ""challengeTier"": 5}",3,【月狐】サヨ,4389,2890486,82349,42597,32970,,未実戦検証
第二章,"vault1:{""area"": 1, ""challengeTier"": 5}",4,封樹の衛兵グラント,4389,5075296,100870,76051,24187,,未実戦検証
第二章,"roam1_1:{""area"": 1, ""challengeTier"": 0}",1,【薬毒】ミレア,2600,887538,25267,22978,11182,,未実戦検証
第二章,"roam1_1:{""area"": 1, ""challengeTier"": 0}",2,【薬毒】ヴィオラ,2600,877197,37059,21757,14605,,未実戦検証
第二章,"roam1_1:{""area"": 1, ""challengeTier"": 0}",3,【返誓】ロスティア,2600,1561937,34842,41432,8580,,未実戦検証
第二章,"roam1_1:{""area"": 1, ""challengeTier"": 0}",4,【返誓】アルテア,2600,998734,59264,26165,10716,,未実戦検証
第二章,"roam1_1:{""area"": 1, ""challengeTier"": 1}",1,【薬毒】ミレア,3068,1170947,33359,30232,14436,,未実戦検証
第二章,"roam1_1:{""area"": 1, ""challengeTier"": 1}",2,【薬毒】ヴィオラ,3068,1157652,48926,28665,18835,,未実戦検証
第二章,"roam1_1:{""area"": 1, ""challengeTier"": 1}",3,【返誓】ロスティア,3068,2060282,45512,54201,11199,,未実戦検証
第二章,"roam1_1:{""area"": 1, ""challengeTier"": 1}",4,【返誓】アルテア,3068,1317760,77703,34346,13840,,未実戦検証
第二章,"roam1_1:{""area"": 1, ""challengeTier"": 2}",1,【薬毒】ミレア,3536,1462666,41686,37702,17697,,未実戦検証
第二章,"roam1_1:{""area"": 1, ""challengeTier"": 2}",2,【薬毒】ヴィオラ,3536,1446310,61139,35778,23076,,未実戦検証
第二章,"roam1_1:{""area"": 1, ""challengeTier"": 2}",3,【返誓】ロスティア,3536,2573272,56524,67374,13816,,未実戦検証
第二章,"roam1_1:{""area"": 1, ""challengeTier"": 2}",4,【返誓】アルテア,3536,1646135,96713,42777,16970,,未実戦検証
第二章,"roam1_1:{""area"": 1, ""challengeTier"": 3}",1,【薬毒】ミレア,4004,1762702,50249,45391,20965,,未実戦検証
第二章,"roam1_1:{""area"": 1, ""challengeTier"": 3}",2,【薬毒】ヴィオラ,4004,1743173,73698,43096,27328,,未実戦検証
第二章,"roam1_1:{""area"": 1, ""challengeTier"": 3}",3,【返誓】ロスティア,4004,3100910,67880,80952,16429,,未実戦検証
第二章,"roam1_1:{""area"": 1, ""challengeTier"": 3}",4,【返誓】アルテア,4004,1983864,116296,51458,20106,,未実戦検証
第二章,"roam1_1:{""area"": 1, ""challengeTier"": 4}",1,【薬毒】ミレア,4472,2071054,59048,53299,24238,,未実戦検証
第二章,"roam1_1:{""area"": 1, ""challengeTier"": 4}",2,【薬毒】ヴィオラ,4472,2048243,86603,50619,31586,,未実戦検証
第二章,"roam1_1:{""area"": 1, ""challengeTier"": 4}",3,【返誓】ロスティア,4472,3643201,79579,94936,19041,,未実戦検証
第二章,"roam1_1:{""area"": 1, ""challengeTier"": 4}",4,【返誓】アルテア,4472,2330947,136453,60393,23247,,未実戦検証
第二章,"roam1_1:{""area"": 1, ""challengeTier"": 5}",1,【薬毒】ミレア,4940,2387724,68082,61426,27518,,未実戦検証
第二章,"roam1_1:{""area"": 1, ""challengeTier"": 5}",2,【薬毒】ヴィオラ,4940,2361519,99854,58348,35855,,未実戦検証
第二章,"roam1_1:{""area"": 1, ""challengeTier"": 5}",3,【返誓】ロスティア,4940,4200148,91622,109327,21648,,未実戦検証
第二章,"roam1_1:{""area"": 1, ""challengeTier"": 5}",4,【返誓】アルテア,4940,2687385,157184,69580,26393,,未実戦検証
第二章,"roam1_3:{""area"": 1, ""challengeTier"": 0}",1,灰燭の呪術師セネラ,1400,230521,21855,9616,12946,,未実戦検証
第二章,"roam1_3:{""area"": 1, ""challengeTier"": 0}",2,封樹の衛兵グラント,1400,414347,21314,19314,7665,,未実戦検証
第二章,"roam1_3:{""area"": 1, ""challengeTier"": 0}",3,【誓姫】リリエット,1400,263539,35799,11895,9508,,未実戦検証
第二章,"roam1_3:{""area"": 1, ""challengeTier"": 0}",4,【誓姫】ロゼット,1400,345289,21314,16368,7665,,未実戦検証
第二章,"roam1_3:{""area"": 1, ""challengeTier"": 1}",1,灰燭の呪術師セネラ,1652,303928,28854,12639,16691,,未実戦検証
第二章,"roam1_3:{""area"": 1, ""challengeTier"": 1}",2,封樹の衛兵グラント,1652,545346,27690,25038,10008,,未実戦検証
第二章,"roam1_3:{""area"": 1, ""challengeTier"": 1}",3,【誓姫】リリエット,1652,347198,46766,15520,12277,,未実戦検証
第二章,"roam1_3:{""area"": 1, ""challengeTier"": 1}",4,【誓姫】ロゼット,1652,454455,27690,21219,10008,,未実戦検証
第二章,"roam1_3:{""area"": 1, ""challengeTier"": 2}",1,灰燭の呪術師セネラ,1904,379489,36056,15753,20442,,未実戦検証
第二章,"roam1_3:{""area"": 1, ""challengeTier"": 2}",2,封樹の衛兵グラント,1904,680227,34268,30949,12347,,未実戦検証
第二章,"roam1_3:{""area"": 1, ""challengeTier"": 2}",3,【誓姫】リリエット,1904,433322,58069,19258,15048,,未実戦検証
第二章,"roam1_3:{""area"": 1, ""challengeTier"": 2}",4,【誓姫】ロゼット,1904,566856,34268,26228,12347,,未実戦検証
第二章,"roam1_3:{""area"": 1, ""challengeTier"": 3}",1,灰燭の呪術師セネラ,2156,457205,43463,18958,24198,,未実戦検証
第二章,"roam1_3:{""area"": 1, ""challengeTier"": 3}",2,封樹の衛兵グラント,2156,818990,41048,37041,14686,,未実戦検証
第二章,"roam1_3:{""area"": 1, ""challengeTier"": 3}",3,【誓姫】リリエット,2156,521912,69711,23109,17823,,未実戦検証
第二章,"roam1_3:{""area"": 1, ""challengeTier"": 3}",4,【誓姫】ロゼット,2156,682492,41048,31391,14686,,未実戦検証
第二章,"roam1_3:{""area"": 1, ""challengeTier"": 4}",1,灰燭の呪術師セネラ,2408,537078,51074,22253,27959,,未実戦検証
第二章,"roam1_3:{""area"": 1, ""challengeTier"": 4}",2,封樹の衛兵グラント,2408,961638,48033,43318,17024,,未実戦検証
第二章,"roam1_3:{""area"": 1, ""challengeTier"": 4}",3,【誓姫】リリエット,2408,612969,81693,27073,20602,,未実戦検証
第二章,"roam1_3:{""area"": 1, ""challengeTier"": 4}",4,【誓姫】ロゼット,2408,801365,48033,36710,17024,,未実戦検証
第二章,"roam1_3:{""area"": 1, ""challengeTier"": 5}",1,灰燭の呪術師セネラ,2660,619108,58888,25639,31724,,未実戦検証
第二章,"roam1_3:{""area"": 1, ""challengeTier"": 5}",2,封樹の衛兵グラント,2660,1108175,55221,49783,19358,,未実戦検証
第二章,"roam1_3:{""area"": 1, ""challengeTier"": 5}",3,【誓姫】リリエット,2660,706496,94014,31150,23382,,未実戦検証
第二章,"roam1_3:{""area"": 1, ""challengeTier"": 5}",4,【誓姫】ロゼット,2660,923479,55221,42189,19358,,未実戦検証
第二章,"roam1_4:{""area"": 1, ""challengeTier"": 0}",1,【縫兎】リッカ,1400,234569,17260,10976,9816,,未実戦検証
第二章,"roam1_4:{""area"": 1, ""challengeTier"": 0}",2,【縫兎】リンネ,1400,263539,35799,11895,9508,,未実戦検証
第二章,"roam1_4:{""area"": 1, ""challengeTier"": 0}",3,玻璃蠍シェルザ,1400,263539,35799,11895,9508,,未実戦検証
第二章,"roam1_4:{""area"": 1, ""challengeTier"": 0}",4,繕糸の針姫ミレッタ,1400,234569,17260,10976,9816,,未実戦検証
第二章,"roam1_4:{""area"": 1, ""challengeTier"": 1}",1,【縫兎】リッカ,1652,308941,22393,14277,12687,,未実戦検証
第二章,"roam1_4:{""area"": 1, ""challengeTier"": 1}",2,【縫兎】リンネ,1652,347198,46766,15520,12277,,未実戦検証
第二章,"roam1_4:{""area"": 1, ""challengeTier"": 1}",3,玻璃蠍シェルザ,1652,347198,46766,15520,12277,,未実戦検証
第二章,"roam1_4:{""area"": 1, ""challengeTier"": 1}",4,繕糸の針姫ミレッタ,1652,308941,22393,14277,12687,,未実戦検証
第二章,"roam1_4:{""area"": 1, ""challengeTier"": 2}",1,【縫兎】リッカ,1904,385508,27689,17681,15559,,未実戦検証
第二章,"roam1_4:{""area"": 1, ""challengeTier"": 2}",2,【縫兎】リンネ,1904,433322,58069,19258,15048,,未実戦検証
第二章,"roam1_4:{""area"": 1, ""challengeTier"": 2}",3,玻璃蠍シェルザ,1904,433322,58069,19258,15048,,未実戦検証
第二章,"roam1_4:{""area"": 1, ""challengeTier"": 2}",4,繕糸の針姫ミレッタ,1904,385508,27689,17681,15559,,未実戦検証
第二章,"roam1_4:{""area"": 1, ""challengeTier"": 3}",1,【縫兎】リッカ,2156,464272,33149,21187,18435,,未実戦検証
第二章,"roam1_4:{""area"": 1, ""challengeTier"": 3}",2,【縫兎】リンネ,2156,521912,69711,23109,17823,,未実戦検証
第二章,"roam1_4:{""area"": 1, ""challengeTier"": 3}",3,玻璃蠍シェルザ,2156,521912,69711,23109,17823,,未実戦検証
第二章,"roam1_4:{""area"": 1, ""challengeTier"": 3}",4,繕糸の針姫ミレッタ,2156,464272,33149,21187,18435,,未実戦検証
第二章,"roam1_4:{""area"": 1, ""challengeTier"": 4}",1,【縫兎】リッカ,2408,545232,38775,24798,21314,,未実戦検証
第二章,"roam1_4:{""area"": 1, ""challengeTier"": 4}",2,【縫兎】リンネ,2408,612969,81693,27073,20602,,未実戦検証
第二章,"roam1_4:{""area"": 1, ""challengeTier"": 4}",3,玻璃蠍シェルザ,2408,612969,81693,27073,20602,,未実戦検証
第二章,"roam1_4:{""area"": 1, ""challengeTier"": 4}",4,繕糸の針姫ミレッタ,2408,545232,38775,24798,21314,,未実戦検証
第二章,"roam1_4:{""area"": 1, ""challengeTier"": 5}",1,【縫兎】リッカ,2660,628392,44568,28516,24193,,未実戦検証
第二章,"roam1_4:{""area"": 1, ""challengeTier"": 5}",2,【縫兎】リンネ,2660,706496,94014,31150,23382,,未実戦検証
第二章,"roam1_4:{""area"": 1, ""challengeTier"": 5}",3,玻璃蠍シェルザ,2660,706496,94014,31150,23382,,未実戦検証
第二章,"roam1_4:{""area"": 1, ""challengeTier"": 5}",4,繕糸の針姫ミレッタ,2660,628392,44568,28516,24193,,未実戦検証
第二章,"vault2:{""area"": 2, ""challengeTier"": 0}",1,深淵Ⅵ 色欲,3300,2528834,55007,30259,18892,abyss_lust,未実戦検証
第二章,"vault2:{""area"": 2, ""challengeTier"": 0}",2,【霊符】シオン,3300,1807196,58087,20892,24575,,未実戦検証
第二章,"vault2:{""area"": 2, ""challengeTier"": 0}",3,【霊符】スイレン,3300,1522827,39605,18464,19516,,未実戦検証
第二章,"vault2:{""area"": 2, ""challengeTier"": 0}",4,鎖翼竜ヴェルグ,3300,2482753,89589,35501,18992,,未実戦検証
第二章,"vault2:{""area"": 2, ""challengeTier"": 1}",1,深淵Ⅵ 色欲,3894,3329347,72508,39886,23553,abyss_lust,未実戦検証
第二章,"vault2:{""area"": 2, ""challengeTier"": 1}",2,【霊符】シオン,3894,2378783,76568,27539,30759,,未実戦検証
第二章,"vault2:{""area"": 2, ""challengeTier"": 1}",3,【霊符】スイレン,3894,2003935,52206,24338,24364,,未実戦検証
第二章,"vault2:{""area"": 2, ""challengeTier"": 1}",4,鎖翼竜ヴェルグ,3894,3264857,115381,45614,23683,,未実戦検証
第二章,"vault2:{""area"": 2, ""challengeTier"": 2}",1,深淵Ⅵ 色欲,4488,4151154,90471,49768,28261,abyss_lust,未実戦検証
第二章,"vault2:{""area"": 2, ""challengeTier"": 2}",2,【霊符】シオン,4488,2965599,95538,34363,36999,,未実戦検証
第二章,"vault2:{""area"": 2, ""challengeTier"": 2}",3,【霊符】スイレン,4488,2497887,65140,30367,29259,,未実戦検証
第二章,"vault2:{""area"": 2, ""challengeTier"": 2}",4,鎖翼竜ヴェルグ,4488,4067946,141981,56048,28421,,未実戦検証
第二章,"vault2:{""area"": 2, ""challengeTier"": 3}",1,深淵Ⅵ 色欲,5082,4994258,108895,59904,33015,abyss_lust,未実戦検証
第二章,"vault2:{""area"": 2, ""challengeTier"": 3}",2,【霊符】シオン,5082,3567643,114994,41361,43294,,未実戦検証
第二章,"vault2:{""area"": 2, ""challengeTier"": 3}",3,【霊符】スイレン,5082,3004681,78405,36552,34201,,未実戦検証
第二章,"vault2:{""area"": 2, ""challengeTier"": 3}",4,鎖翼竜ヴェルグ,5082,4892016,169386,66802,33205,,未実戦検証
第二章,"vault2:{""area"": 2, ""challengeTier"": 4}",1,深淵Ⅵ 色欲,5676,5858668,127782,70293,37814,abyss_lust,未実戦検証
第二章,"vault2:{""area"": 2, ""challengeTier"": 4}",2,【霊符】シオン,5676,4184925,134938,48535,49641,,未実戦検証
第二章,"vault2:{""area"": 2, ""challengeTier"": 4}",3,【霊符】スイレン,5676,3524327,92003,42892,39187,,未実戦検証
第二章,"vault2:{""area"": 2, ""challengeTier"": 4}",4,鎖翼竜ヴェルグ,5676,5737093,197600,77882,38034,,未実戦検証
第二章,"vault2:{""area"": 2, ""challengeTier"": 5}",1,深淵Ⅵ 色欲,6270,6744398,147129,80935,42661,abyss_lust,未実戦検証
第二章,"vault2:{""area"": 2, ""challengeTier"": 5}",2,【霊符】シオン,6270,4817456,155369,55884,56045,,未実戦検証
第二章,"vault2:{""area"": 2, ""challengeTier"": 5}",3,【霊符】スイレン,6270,4056837,105933,49385,44221,,未実戦検証
第二章,"vault2:{""area"": 2, ""challengeTier"": 5}",4,鎖翼竜ヴェルグ,6270,6603199,226638,89288,42911,,未実戦検証
第二章,"roam2_1:{""area"": 2, ""challengeTier"": 0}",1,【硝子】セリア,2000,390459,33690,16041,15408,,未実戦検証
第二章,"roam2_1:{""area"": 2, ""challengeTier"": 0}",2,【硝子】カルミア,2000,448082,39260,19950,11421,,未実戦検証
第二章,"roam2_1:{""area"": 2, ""challengeTier"": 0}",3,【氷晶】イゼル,2000,390459,33690,16041,13058,,未実戦検証
第二章,"roam2_1:{""area"": 2, ""challengeTier"": 0}",4,【氷晶】ヴィレル,2000,451184,57530,20972,12069,,未実戦検証
第二章,"roam2_1:{""area"": 2, ""challengeTier"": 1}",1,【硝子】セリア,2360,514478,44450,21071,19928,,未実戦検証
第二章,"roam2_1:{""area"": 2, ""challengeTier"": 1}",2,【硝子】カルミア,2360,589661,51652,25990,14776,,未実戦検証
第二章,"roam2_1:{""area"": 2, ""challengeTier"": 1}",3,【氷晶】イゼル,2360,514478,44450,21071,16888,,未実戦検証
第二章,"roam2_1:{""area"": 2, ""challengeTier"": 1}",4,【氷晶】ヴィレル,2360,593221,74714,27162,15509,,未実戦検証
第二章,"roam2_1:{""area"": 2, ""challengeTier"": 2}",1,【硝子】セリア,2720,642002,55512,26245,24451,,未実戦検証
第二章,"roam2_1:{""area"": 2, ""challengeTier"": 2}",2,【硝子】カルミア,2720,735269,64396,32213,18134,,未実戦検証
第二章,"roam2_1:{""area"": 2, ""challengeTier"": 2}",3,【氷晶】イゼル,2720,642002,55512,26245,20721,,未実戦検証
第二章,"roam2_1:{""area"": 2, ""challengeTier"": 2}",4,【氷晶】ヴィレル,2720,739320,92425,33547,18956,,未実戦検証
第二章,"roam2_1:{""area"": 2, ""challengeTier"": 3}",1,【硝子】セリア,3080,773031,66876,31564,28978,,未実戦検証
第二章,"roam2_1:{""area"": 2, ""challengeTier"": 3}",2,【硝子】カルミア,3080,884907,77495,38617,21495,,未実戦検証
第二章,"roam2_1:{""area"": 2, ""challengeTier"": 3}",3,【氷晶】イゼル,3080,773031,66876,31564,24558,,未実戦検証
第二章,"roam2_1:{""area"": 2, ""challengeTier"": 3}",4,【氷晶】ヴィレル,3080,889484,110667,40125,22411,,未実戦検証
第二章,"roam2_1:{""area"": 2, ""challengeTier"": 4}",1,【硝子】セリア,3440,907566,78541,37027,33511,,未実戦検証
第二章,"roam2_1:{""area"": 2, ""challengeTier"": 4}",2,【硝子】カルミア,3440,1038582,90947,45206,24859,,未実戦検証
第二章,"roam2_1:{""area"": 2, ""challengeTier"": 4}",3,【氷晶】イゼル,3440,907566,78541,37027,28399,,未実戦検証
第二章,"roam2_1:{""area"": 2, ""challengeTier"": 4}",4,【氷晶】ヴィレル,3440,1043722,129444,46899,25873,,未実戦検証
第二章,"roam2_1:{""area"": 2, ""challengeTier"": 5}",1,【硝子】セリア,3800,1045607,90508,42637,38046,,未実戦検証
第二章,"roam2_1:{""area"": 2, ""challengeTier"": 5}",2,【硝子】カルミア,3800,1196292,104752,51978,28225,,未実戦検証
第二章,"roam2_1:{""area"": 2, ""challengeTier"": 5}",3,【氷晶】イゼル,3800,1045607,90508,42637,32242,,未実戦検証
第二章,"roam2_1:{""area"": 2, ""challengeTier"": 5}",4,【氷晶】ヴィレル,3800,1202031,148752,53868,29341,,未実戦検証
第二章,"roam2_3:{""area"": 2, ""challengeTier"": 0}",1,忘却の鎖士ラズィル,2000,451184,57530,20972,12069,,未実戦検証
第二章,"roam2_3:{""area"": 2, ""challengeTier"": 0}",2,灰燭の呪術師セネラ,2000,390459,33690,16041,15408,,未実戦検証
第二章,"roam2_3:{""area"": 2, ""challengeTier"": 0}",3,【薔薇】ノクテル,2000,451184,57530,20972,12069,,未実戦検証
第二章,"roam2_3:{""area"": 2, ""challengeTier"": 0}",4,【薔薇】オーリアン,2000,400686,28007,18999,13157,,未実戦検証
第二章,"roam2_3:{""area"": 2, ""challengeTier"": 1}",1,忘却の鎖士ラズィル,2360,593221,74714,27162,15509,,未実戦検証
第二章,"roam2_3:{""area"": 2, ""challengeTier"": 1}",2,灰燭の呪術師セネラ,2360,514478,44450,21071,19928,,未実戦検証
第二章,"roam2_3:{""area"": 2, ""challengeTier"": 1}",3,【薔薇】ノクテル,2360,593221,74714,27162,15509,,未実戦検証
第二章,"roam2_3:{""area"": 2, ""challengeTier"": 1}",4,【薔薇】オーリアン,2360,526820,36087,24578,16814,,未実戦検証
第二章,"roam2_3:{""area"": 2, ""challengeTier"": 2}",1,忘却の鎖士ラズィル,2720,739320,92425,33547,18956,,未実戦検証
第二章,"roam2_3:{""area"": 2, ""challengeTier"": 2}",2,灰燭の呪術師セネラ,2720,642002,55512,26245,24451,,未実戦検証
第二章,"roam2_3:{""area"": 2, ""challengeTier"": 2}",3,【薔薇】ノクテル,2720,739320,92425,33547,18956,,未実戦検証
第二章,"roam2_3:{""area"": 2, ""challengeTier"": 2}",4,【薔薇】オーリアン,2720,656562,44428,30334,20482,,未実戦検証
第二章,"roam2_3:{""area"": 2, ""challengeTier"": 3}",1,忘却の鎖士ラズィル,3080,889484,110667,40125,22411,,未実戦検証
第二章,"roam2_3:{""area"": 2, ""challengeTier"": 3}",2,灰燭の呪術師セネラ,3080,773031,66876,31564,28978,,未実戦検証
第二章,"roam2_3:{""area"": 2, ""challengeTier"": 3}",3,【薔薇】ノクテル,3080,889484,110667,40125,22411,,未実戦検証
第二章,"roam2_3:{""area"": 2, ""challengeTier"": 3}",4,【薔薇】オーリアン,3080,789914,53030,36265,24163,,未実戦検証
第二章,"roam2_3:{""area"": 2, ""challengeTier"": 4}",1,忘却の鎖士ラズィル,3440,1043722,129444,46899,25873,,未実戦検証
第二章,"roam2_3:{""area"": 2, ""challengeTier"": 4}",2,灰燭の呪術師セネラ,3440,907566,78541,37027,33511,,未実戦検証
第二章,"roam2_3:{""area"": 2, ""challengeTier"": 4}",3,【薔薇】ノクテル,3440,1043722,129444,46899,25873,,未実戦検証
第二章,"roam2_3:{""area"": 2, ""challengeTier"": 4}",4,【薔薇】オーリアン,3440,926884,61896,42376,27855,,未実戦検証
第二章,"roam2_3:{""area"": 2, ""challengeTier"": 5}",1,忘却の鎖士ラズィル,3800,1202031,148752,53868,29341,,未実戦検証
第二章,"roam2_3:{""area"": 2, ""challengeTier"": 5}",2,灰燭の呪術師セネラ,3800,1045607,90508,42637,38046,,未実戦検証
第二章,"roam2_3:{""area"": 2, ""challengeTier"": 5}",3,【薔薇】ノクテル,3800,1202031,148752,53868,29341,,未実戦検証
第二章,"roam2_3:{""area"": 2, ""challengeTier"": 5}",4,【薔薇】オーリアン,3800,1067468,71027,48662,31557,,未実戦検証
第二章,"roam2_4:{""area"": 2, ""challengeTier"": 0}",1,【霊符】シオン,2000,390459,33690,16041,15408,,未実戦検証
第二章,"roam2_4:{""area"": 2, ""challengeTier"": 0}",2,【霊符】スイレン,2000,397182,22970,17147,11699,,未実戦検証
第二章,"roam2_4:{""area"": 2, ""challengeTier"": 0}",3,鎖翼竜ヴェルグ,2000,451184,57530,20972,12069,,未実戦検証
第二章,"roam2_4:{""area"": 2, ""challengeTier"": 1}",1,【霊符】シオン,2360,514478,44450,21071,19928,,未実戦検証
第二章,"roam2_4:{""area"": 2, ""challengeTier"": 1}",2,【霊符】スイレン,2360,522799,30307,22454,15165,,未実戦検証
第二章,"roam2_4:{""area"": 2, ""challengeTier"": 1}",3,鎖翼竜ヴェルグ,2360,593221,74714,27162,15509,,未実戦検証
第二章,"roam2_4:{""area"": 2, ""challengeTier"": 2}",1,【霊符】シオン,2720,642002,55512,26245,24451,,未実戦検証
第二章,"roam2_4:{""area"": 2, ""challengeTier"": 2}",2,【霊符】スイレン,2720,651985,37849,27915,18632,,未実戦検証
第二章,"roam2_4:{""area"": 2, ""challengeTier"": 2}",3,鎖翼竜ヴェルグ,2720,739320,92425,33547,18956,,未実戦検証
第二章,"roam2_4:{""area"": 2, ""challengeTier"": 3}",1,【霊符】シオン,3080,773031,66876,31564,28978,,未実戦検証
第二章,"roam2_4:{""area"": 2, ""challengeTier"": 3}",2,【霊符】スイレン,3080,784745,45597,33533,22102,,未実戦検証
第二章,"roam2_4:{""area"": 2, ""challengeTier"": 3}",3,鎖翼竜ヴェルグ,3080,889484,110667,40125,22411,,未実戦検証
第二章,"roam2_4:{""area"": 2, ""challengeTier"": 4}",1,【霊符】シオン,3440,907566,78541,37027,33511,,未実戦検証
第二章,"roam2_4:{""area"": 2, ""challengeTier"": 4}",2,【霊符】スイレン,3440,921077,53551,39308,25574,,未実戦検証
第二章,"roam2_4:{""area"": 2, ""challengeTier"": 4}",3,鎖翼竜ヴェルグ,3440,1043722,129444,46899,25873,,未実戦検証
第二章,"roam2_4:{""area"": 2, ""challengeTier"": 5}",1,【霊符】シオン,3800,1045607,90508,42637,38046,,未実戦検証
第二章,"roam2_4:{""area"": 2, ""challengeTier"": 5}",2,【霊符】スイレン,3800,1060986,61710,45236,29046,,未実戦検証
第二章,"roam2_4:{""area"": 2, ""challengeTier"": 5}",3,鎖翼竜ヴェルグ,3800,1202031,148752,53868,29341,,未実戦検証
第二章,"vault3:{""area"": 3, ""challengeTier"": 0}",1,十神Ⅴ 運命,4620,5623616,182894,77389,16768,ten_fate,未実戦検証
第二章,"vault3:{""area"": 3, ""challengeTier"": 0}",2,【竜姫】ドラシア,4620,5513767,111548,82575,13288,,未実戦検証
第二章,"vault3:{""area"": 3, ""challengeTier"": 0}",3,【竜姫】リュシエ,4620,3529193,170948,44584,23173,,未実戦検証
第二章,"vault3:{""area"": 3, ""challengeTier"": 0}",4,【双鐘】クラリス,4620,3113172,71399,33229,25188,,未実戦検証
第二章,"vault3:{""area"": 3, ""challengeTier"": 1}",1,十神Ⅴ 運命,5452,7393120,234648,98285,21798,ten_fate,未実戦検証
第二章,"vault3:{""area"": 3, ""challengeTier"": 1}",2,【竜姫】ドラシア,5452,7245191,140649,104456,17274,,未実戦検証
第二章,"vault3:{""area"": 3, ""challengeTier"": 1}",3,【竜姫】リュシエ,5452,4638294,218413,57471,28782,,未実戦検証
第二章,"vault3:{""area"": 3, ""challengeTier"": 1}",4,【双鐘】クラリス,5452,4094964,92024,43780,31166,,未実戦検証
第二章,"vault3:{""area"": 3, ""challengeTier"": 2}",1,十神Ⅴ 運命,6283,9208435,288029,119892,26828,ten_fate,未実戦検証
第二章,"vault3:{""area"": 3, ""challengeTier"": 2}",2,【竜姫】ドラシア,6283,9021618,170802,127105,21261,,未実戦検証
第二章,"vault3:{""area"": 3, ""challengeTier"": 2}",3,【竜姫】リュシエ,6283,5776181,267423,70746,34458,,未実戦検証
第二章,"vault3:{""area"": 3, ""challengeTier"": 2}",4,【双鐘】クラリス,6283,5102065,113273,54599,37224,,未実戦検証
第二章,"vault3:{""area"": 3, ""challengeTier"": 3}",1,十神Ⅴ 運命,7115,11069616,343060,142224,31859,ten_fate,未実戦検証
第二章,"vault3:{""area"": 3, ""challengeTier"": 3}",2,【竜姫】ドラシア,7115,10843106,202027,150539,25247,,未実戦検証
第二章,"vault3:{""area"": 3, ""challengeTier"": 3}",3,【竜姫】リュシエ,7115,6942887,317999,84418,40202,,未実戦検証
第二章,"vault3:{""area"": 3, ""challengeTier"": 3}",4,【双鐘】クラリス,7115,6134495,135156,65687,43362,,未実戦検証
第二章,"vault3:{""area"": 3, ""challengeTier"": 4}",1,十神Ⅴ 運命,7946,12976661,399742,165282,36889,ten_fate,未実戦検証
第二章,"vault3:{""area"": 3, ""challengeTier"": 4}",2,【竜姫】ドラシア,7946,12709662,234329,174759,29234,,未実戦検証
第二章,"vault3:{""area"": 3, ""challengeTier"": 4}",3,【竜姫】リュシエ,7946,8138411,370142,98483,46012,,未実戦検証
第二章,"vault3:{""area"": 3, ""challengeTier"": 4}",4,【双鐘】クラリス,7946,7192255,157672,77042,49577,,未実戦検証
第二章,"vault3:{""area"": 3, ""challengeTier"": 5}",1,十神Ⅴ 運命,8778,14925536,456481,188141,41920,ten_fate,未実戦検証
第二章,"vault3:{""area"": 3, ""challengeTier"": 5}",2,【竜姫】ドラシア,8778,14616439,266110,198672,33220,,未実戦検証
第二章,"vault3:{""area"": 3, ""challengeTier"": 5}",3,【竜姫】リュシエ,8778,9359880,422137,112625,51566,,未実戦検証
第二章,"vault3:{""area"": 3, ""challengeTier"": 5}",4,【双鐘】クラリス,8778,8273670,180304,88666,55490,,未実戦検証
第二章,"roam3_1:{""area"": 3, ""challengeTier"": 0}",1,【月狐】カグラ,2800,775851,88461,31481,17101,,未実戦検証
第二章,"roam3_1:{""area"": 3, ""challengeTier"": 0}",2,【月狐】サヨ,2800,682270,42330,24703,19236,,未実戦検証
第二章,"roam3_1:{""area"": 3, ""challengeTier"": 0}",3,霜鐘梟ノクティア,2800,673587,50545,23690,22327,,未実戦検証
第二章,"roam3_1:{""area"": 3, ""challengeTier"": 1}",1,【月狐】カグラ,3304,1018637,114481,40833,21534,,未実戦検証
第二章,"roam3_1:{""area"": 3, ""challengeTier"": 1}",2,【月狐】サヨ,3304,896886,54461,32575,24035,,未実戦検証
第二章,"roam3_1:{""area"": 3, ""challengeTier"": 1}",3,霜鐘梟ノクティア,3304,885900,66651,31239,28202,,未実戦検証
第二章,"roam3_1:{""area"": 3, ""challengeTier"": 2}",1,【月狐】カグラ,3808,1268164,141298,50466,25998,,未実戦検証
第二章,"roam3_1:{""area"": 3, ""challengeTier"": 2}",2,【月狐】サヨ,3808,1117415,66977,40659,28878,,未実戦検証
第二章,"roam3_1:{""area"": 3, ""challengeTier"": 2}",3,霜鐘梟ノクティア,3808,1104043,83191,38991,34114,,未実戦検証
第二章,"roam3_1:{""area"": 3, ""challengeTier"": 3}",1,【月狐】カグラ,4312,1524445,168910,60382,30491,,未実戦検証
第二章,"roam3_1:{""area"": 3, ""challengeTier"": 3}",2,【月狐】サヨ,4312,1343861,79880,48956,33760,,未実戦検証
第二章,"roam3_1:{""area"": 3, ""challengeTier"": 3}",3,霜鐘梟ノクティア,4312,1328020,100165,46947,40060,,未実戦検証
第二章,"roam3_1:{""area"": 3, ""challengeTier"": 4}",1,【月狐】カグラ,4816,1787485,197331,70584,35016,,未実戦検証
第二章,"roam3_1:{""area"": 3, ""challengeTier"": 4}",2,【月狐】サヨ,4816,1576230,93177,57465,38687,,未実戦検証
第二章,"roam3_1:{""area"": 3, ""challengeTier"": 4}",3,霜鐘梟ノクティア,4816,1557835,117574,55106,46044,,未実戦検証
第二章,"roam3_1:{""area"": 3, ""challengeTier"": 5}",1,【月狐】カグラ,5320,2057295,226561,81070,39571,,未実戦検証
第二章,"roam3_1:{""area"": 3, ""challengeTier"": 5}",2,【月狐】サヨ,5320,1814527,106866,66185,43656,,未実戦検証
第二章,"roam3_1:{""area"": 3, ""challengeTier"": 5}",3,霜鐘梟ノクティア,5320,1793494,135418,63470,52063,,未実戦検証
第二章,"roam3_3:{""area"": 3, ""challengeTier"": 0}",1,天秤の祭司イオネ,4800,1582018,48529,34691,21281,,未実戦検証
第二章,"roam3_3:{""area"": 3, ""challengeTier"": 0}",2,根継ぎの斥候ネリク,4800,1573861,92477,37195,29940,,未実戦検証
第二章,"roam3_3:{""area"": 3, ""challengeTier"": 0}",3,【星刻】エイレーネ,4800,1564510,71176,33267,22821,,未実戦検証
第二章,"roam3_3:{""area"": 3, ""challengeTier"": 0}",4,【星刻】イリデル,4800,2463036,99949,58788,15730,,未実戦検証
第二章,"roam3_3:{""area"": 3, ""challengeTier"": 1}",1,天秤の祭司イオネ,5664,2082895,63992,45744,26860,,未実戦検証
第二章,"roam3_3:{""area"": 3, ""challengeTier"": 1}",2,根継ぎの斥候ネリク,5664,2071224,120145,48436,37512,,未実戦検証
第二章,"roam3_3:{""area"": 3, ""challengeTier"": 1}",3,【星刻】エイレーネ,5664,2060343,93855,43867,28862,,未実戦検証
第二章,"roam3_3:{""area"": 3, ""challengeTier"": 1}",4,【星刻】イリデル,5664,3242164,129590,76045,20352,,未実戦検証
第二章,"roam3_3:{""area"": 3, ""challengeTier"": 2}",1,天秤の祭司イオネ,6528,2597497,79872,57095,32492,,未実戦検証
第二章,"roam3_3:{""area"": 3, ""challengeTier"": 2}",2,根継ぎの斥候ネリク,6528,2582274,148674,60021,45175,,未実戦検証
第二章,"roam3_3:{""area"": 3, ""challengeTier"": 2}",3,【星刻】エイレーネ,6528,2569730,117146,54753,34956,,未実戦検証
第二章,"roam3_3:{""area"": 3, ""challengeTier"": 2}",4,【星刻】イリデル,6528,4042680,160172,93865,24979,,未実戦検証
第二章,"roam3_3:{""area"": 3, ""challengeTier"": 3}",1,天秤の祭司イオネ,7392,3125836,96170,68746,38176,,未実戦検証
第二章,"roam3_3:{""area"": 3, ""challengeTier"": 3}",2,根継ぎの斥候ネリク,7392,3107028,178075,71951,52932,,未実戦検証
第二章,"roam3_3:{""area"": 3, ""challengeTier"": 3}",3,【星刻】エイレーネ,7392,3092680,141049,65925,41102,,未実戦検証
第二章,"roam3_3:{""area"": 3, ""challengeTier"": 3}",4,【星刻】イリデル,7392,4864614,191709,112251,29614,,未実戦検証
第二章,"roam3_3:{""area"": 3, ""challengeTier"": 4}",1,天秤の祭司イオネ,8256,3667918,112885,80694,43913,,未実戦検証
第二章,"roam3_3:{""area"": 3, ""challengeTier"": 4}",2,根継ぎの斥候ネリク,8256,3645497,208348,84227,60781,,未実戦検証
第二章,"roam3_3:{""area"": 3, ""challengeTier"": 4}",3,【星刻】エイレーネ,8256,3629201,165564,77383,47301,,未実戦検証
第二章,"roam3_3:{""area"": 3, ""challengeTier"": 4}",4,【星刻】イリデル,8256,5707976,224200,131208,34254,,未実戦検証
第二章,"roam3_3:{""area"": 3, ""challengeTier"": 5}",1,天秤の祭司イオネ,9120,4223752,130017,92942,49702,,未実戦検証
第二章,"roam3_3:{""area"": 3, ""challengeTier"": 5}",2,根継ぎの斥候ネリク,9120,4197689,239498,96852,68718,,未実戦検証
第二章,"roam3_3:{""area"": 3, ""challengeTier"": 5}",3,【星刻】エイレーネ,9120,4179298,190691,89127,53552,,未実戦検証
第二章,"roam3_3:{""area"": 3, ""challengeTier"": 5}",4,【星刻】イリデル,9120,6572779,257649,150738,38901,,未実戦検証
第二章,"roam3_4:{""area"": 3, ""challengeTier"": 0}",1,【聖翼】アウレ,4300,1437737,101974,36419,17474,,未実戦検証
第二章,"roam3_4:{""area"": 3, ""challengeTier"": 0}",2,【聖翼】ノエル,4300,1960670,69582,40334,14511,,未実戦検証
第二章,"roam3_4:{""area"": 3, ""challengeTier"": 0}",3,【双雷】カリスタ,4300,1437737,101974,36419,17474,,未実戦検証
第二章,"roam3_4:{""area"": 3, ""challengeTier"": 0}",4,【双雷】ソレーヌ,4300,2228918,61070,59183,11603,,未実戦検証
第二章,"roam3_4:{""area"": 3, ""challengeTier"": 1}",1,【聖翼】アウレ,5074,1890913,132050,47268,21939,,未実戦検証
第二章,"roam3_4:{""area"": 3, ""challengeTier"": 1}",2,【聖翼】ノエル,5074,2582306,91753,53186,18511,,未実戦検証
第二章,"roam3_4:{""area"": 3, ""challengeTier"": 1}",3,【双雷】カリスタ,5074,1890913,132050,47268,21939,,未実戦検証
第二章,"roam3_4:{""area"": 3, ""challengeTier"": 1}",4,【双雷】ソレーヌ,5074,2933641,78651,76354,14990,,未実戦検証
第二章,"roam3_4:{""area"": 3, ""challengeTier"": 2}",1,【聖翼】アウレ,5848,2356608,163082,58454,26449,,未実戦検証
第二章,"roam3_4:{""area"": 3, ""challengeTier"": 2}",2,【聖翼】ノエル,5848,3220902,114522,66384,22531,,未実戦検証
第二章,"roam3_4:{""area"": 3, ""challengeTier"": 2}",3,【双雷】カリスタ,5848,2356608,163082,58454,26449,,未実戦検証
第二章,"roam3_4:{""area"": 3, ""challengeTier"": 2}",4,【双雷】ソレーヌ,5848,3657702,96817,94088,18382,,未実戦検証
第二章,"roam3_4:{""area"": 3, ""challengeTier"": 3}",1,【聖翼】アウレ,6622,2834850,195080,69979,31008,,未実戦検証
第二章,"roam3_4:{""area"": 3, ""challengeTier"": 3}",2,【聖翼】ノエル,6622,3876473,137890,79930,26574,,未実戦検証
第二章,"roam3_4:{""area"": 3, ""challengeTier"": 3}",3,【双雷】カリスタ,6622,2834850,195080,69979,31008,,未実戦検証
第二章,"roam3_4:{""area"": 3, ""challengeTier"": 3}",4,【双雷】ソレーヌ,6622,4401136,115577,112393,21780,,未実戦検証
第二章,"roam3_4:{""area"": 3, ""challengeTier"": 4}",1,【聖翼】アウレ,7396,3325636,228044,81846,35612,,未実戦検証
第二章,"roam3_4:{""area"": 3, ""challengeTier"": 4}",2,【聖翼】ノエル,7396,4549016,161856,93822,30637,,未実戦検証
第二章,"roam3_4:{""area"": 3, ""challengeTier"": 4}",3,【双雷】カリスタ,7396,3325636,228044,81846,35612,,未実戦検証
第二章,"roam3_4:{""area"": 3, ""challengeTier"": 4}",4,【双雷】ソレーヌ,7396,5163937,134933,131269,25183,,未実戦検証
第二章,"roam3_4:{""area"": 3, ""challengeTier"": 5}",1,【聖翼】アウレ,8170,3828994,261987,94059,40265,,未実戦検証
第二章,"roam3_4:{""area"": 3, ""challengeTier"": 5}",2,【聖翼】ノエル,8170,5238552,186420,108061,34723,,未実戦検証
第二章,"roam3_4:{""area"": 3, ""challengeTier"": 5}",3,【双雷】カリスタ,8170,3828994,261987,94059,40265,,未実戦検証
第二章,"roam3_4:{""area"": 3, ""challengeTier"": 5}",4,【双雷】ソレーヌ,8170,5946137,154893,150725,28593,,未実戦検証
第二章,"vault4:{""area"": 4, ""challengeTier"": 0}",1,十神Ⅵ 混沌,6270,6810472,223022,74726,34730,ten_chaos,未実戦検証
第二章,"vault4:{""area"": 4, ""challengeTier"": 0}",2,【剣姫】ネメシア,6270,4929435,225339,56680,30116,,未実戦検証
第二章,"vault4:{""area"": 4, ""challengeTier"": 0}",3,【剣姫】エヴェリア,6270,7740719,204024,103881,16758,,未実戦検証
第二章,"vault4:{""area"": 4, ""challengeTier"": 0}",4,【双鐘】クラリス,6270,4934734,103102,48389,30262,,未実戦検証
第二章,"vault4:{""area"": 4, ""challengeTier"": 1}",1,十神Ⅵ 混沌,7399,8953346,286009,96713,43114,ten_chaos,未実戦検証
第二章,"vault4:{""area"": 4, ""challengeTier"": 1}",2,【剣姫】ネメシア,7399,6476250,287676,72950,37426,,未実戦検証
第二章,"vault4:{""area"": 4, ""challengeTier"": 1}",3,【剣姫】エヴェリア,7399,10168001,260266,131020,21785,,未実戦検証
第二章,"vault4:{""area"": 4, ""challengeTier"": 1}",4,【双鐘】クラリス,7399,6489589,133050,63725,37315,,未実戦検証
第二章,"vault4:{""area"": 4, ""challengeTier"": 2}",1,十神Ⅵ 混沌,8527,11149684,350940,119330,51603,ten_chaos,未実戦検証
第二章,"vault4:{""area"": 4, ""challengeTier"": 2}",2,【剣姫】ネメシア,8527,8061874,352014,89706,44825,,未実戦検証
第二章,"vault4:{""area"": 4, ""challengeTier"": 2}",3,【剣姫】エヴェリア,8527,12656273,318325,159124,26813,,未実戦検証
第二章,"vault4:{""area"": 4, ""challengeTier"": 2}",4,【双鐘】クラリス,8527,8083124,163876,79434,44472,,未実戦検証
第二章,"vault4:{""area"": 4, ""challengeTier"": 3}",1,十神Ⅵ 混沌,9656,13399530,417841,142580,60200,ten_chaos,未実戦検証
第二章,"vault4:{""area"": 4, ""challengeTier"": 3}",2,【剣姫】ネメシア,9656,9686356,418382,106956,52317,,未実戦検証
第二章,"vault4:{""area"": 4, ""challengeTier"": 3}",3,【剣姫】エヴェリア,9656,15205613,378228,188215,31840,,未実戦検証
第二章,"vault4:{""area"": 4, ""challengeTier"": 3}",4,【双鐘】クラリス,9656,9715367,195587,95521,51738,,未実戦検証
第二章,"vault4:{""area"": 4, ""challengeTier"": 4}",1,十神Ⅵ 混沌,10784,15647484,481696,165175,68002,ten_chaos,未実戦検証
第二章,"vault4:{""area"": 4, ""challengeTier"": 4}",2,【剣姫】ネメシア,10784,11307722,481128,123543,59134,,未実戦検証
第二章,"vault4:{""area"": 4, ""challengeTier"": 4}",3,【剣姫】エヴェリア,10784,17749358,434769,214974,36868,,未実戦検証
第二章,"vault4:{""area"": 4, ""challengeTier"": 4}",4,【双鐘】クラリス,10784,11347139,226234,111641,58211,,未実戦検証
第二章,"vault4:{""area"": 4, ""challengeTier"": 5}",1,十神Ⅵ 混沌,11913,17769854,541636,186437,75806,ten_chaos,未実戦検証
第二章,"vault4:{""area"": 4, ""challengeTier"": 5}",2,【剣姫】ネメシア,11913,12838307,539957,139125,65952,,未実戦検証
第二章,"vault4:{""area"": 4, ""challengeTier"": 5}",3,【剣姫】エヴェリア,11913,20150597,487768,239970,41895,,未実戦検証
第二章,"vault4:{""area"": 4, ""challengeTier"": 5}",4,【双鐘】クラリス,11913,12887856,255048,126864,64686,,未実戦検証
第二章,"roam4_1:{""area"": 4, ""challengeTier"": 0}",1,【星糸】セレス,5600,2380577,88992,44009,30694,,未実戦検証
第二章,"roam4_1:{""area"": 4, ""challengeTier"": 0}",2,【星糸】ルミナ,5600,2722098,154020,57557,23604,,未実戦検証
第二章,"roam4_1:{""area"": 4, ""challengeTier"": 0}",3,【魔導姫】セフィラ,5600,2380577,88992,44009,26012,,未実戦検証
第二章,"roam4_1:{""area"": 4, ""challengeTier"": 0}",4,【魔導姫】アストレル,5600,3725168,107195,65215,19767,,未実戦検証
第二章,"roam4_1:{""area"": 4, ""challengeTier"": 1}",1,【星糸】セレス,6608,3133964,117285,58000,38718,,未実戦検証
第二章,"roam4_1:{""area"": 4, ""challengeTier"": 1}",2,【星糸】ルミナ,6608,3580905,199747,74841,29682,,未実戦検証
第二章,"roam4_1:{""area"": 4, ""challengeTier"": 1}",3,【魔導姫】セフィラ,6608,3133964,117285,58000,32812,,未実戦検証
第二章,"roam4_1:{""area"": 4, ""challengeTier"": 1}",4,【魔導姫】アストレル,6608,4905343,141275,85948,25241,,未実戦検証
第二章,"roam4_1:{""area"": 4, ""challengeTier"": 2}",1,【星糸】セレス,7616,3907165,146314,72356,46814,,未実戦検証
第二章,"roam4_1:{""area"": 4, ""challengeTier"": 2}",2,【星糸】ルミナ,7616,4462462,246862,92637,35820,,未実戦検証
第二章,"roam4_1:{""area"": 4, ""challengeTier"": 2}",3,【魔導姫】セフィラ,7616,3907165,146314,72356,39673,,未実戦検証
第二章,"roam4_1:{""area"": 4, ""challengeTier"": 2}",4,【魔導姫】アストレル,7616,6116479,176242,107221,30743,,未実戦検証
第二章,"roam4_1:{""area"": 4, ""challengeTier"": 3}",1,【星糸】セレス,8624,4700192,176079,87075,54981,,未実戦検証
第二章,"roam4_1:{""area"": 4, ""challengeTier"": 3}",2,【星糸】ルミナ,8624,5366787,295372,110946,42019,,未実戦検証
第二章,"roam4_1:{""area"": 4, ""challengeTier"": 3}",3,【魔導姫】セフィラ,8624,4700192,176079,87075,46594,,未実戦検証
第二章,"roam4_1:{""area"": 4, ""challengeTier"": 3}",4,【魔導姫】アストレル,8624,7358592,212095,129033,36271,,未実戦検証
第二章,"roam4_1:{""area"": 4, ""challengeTier"": 4}",1,【星糸】セレス,9632,5513045,206580,102159,63222,,未実戦検証
第二章,"roam4_1:{""area"": 4, ""challengeTier"": 4}",2,【星糸】ルミナ,9632,6293885,345280,129771,48280,,未実戦検証
第二章,"roam4_1:{""area"": 4, ""challengeTier"": 4}",3,【魔導姫】セフィラ,9632,5513045,206580,102159,53578,,未実戦検証
第二章,"roam4_1:{""area"": 4, ""challengeTier"": 4}",4,【魔導姫】アストレル,9632,8631680,248836,151386,41829,,未実戦検証
第二章,"roam4_1:{""area"": 4, ""challengeTier"": 5}",1,【星糸】セレス,10640,6345743,237818,117607,71534,,未実戦検証
第二章,"roam4_1:{""area"": 4, ""challengeTier"": 5}",2,【星糸】ルミナ,10640,7243791,396604,149114,54602,,未実戦検証
第二章,"roam4_1:{""area"": 4, ""challengeTier"": 5}",3,【魔導姫】セフィラ,10640,6345743,237818,117607,60622,,未実戦検証
第二章,"roam4_1:{""area"": 4, ""challengeTier"": 5}",4,【魔導姫】アストレル,10640,9935768,286463,174277,47414,,未実戦検証
第二章,"roam4_3:{""area"": 4, ""challengeTier"": 0}",1,白紙の執政官ルクシオン,5200,2799342,95571,54346,18473,,未実戦検証
第二章,"roam4_3:{""area"": 4, ""challengeTier"": 0}",2,【終始】アエリエル,5200,2348894,112814,55810,19382,,未実戦検証
第二章,"roam4_3:{""area"": 4, ""challengeTier"": 0}",3,【終始】ヴェスペラ,5200,2031231,97659,42644,22145,,未実戦検証
第二章,"roam4_3:{""area"": 4, ""challengeTier"": 0}",4,星機匣ミメリア,5200,2031231,97659,42644,22145,,未実戦検証
第二章,"roam4_3:{""area"": 4, ""challengeTier"": 1}",1,白紙の執政官ルクシオン,6136,3685282,125956,71624,23570,,未実戦検証
第二章,"roam4_3:{""area"": 4, ""challengeTier"": 1}",2,【終始】アエリエル,6136,3089696,145896,71980,25056,,未実戦検証
第二章,"roam4_3:{""area"": 4, ""challengeTier"": 1}",3,【終始】ヴェスペラ,6136,2673642,127541,56202,27809,,未実戦検証
第二章,"roam4_3:{""area"": 4, ""challengeTier"": 1}",4,星機匣ミメリア,6136,2673642,127541,56202,27809,,未実戦検証
第二章,"roam4_3:{""area"": 4, ""challengeTier"": 2}",1,白紙の執政官ルクシオン,7072,4594512,157131,89351,28694,,未実戦検証
第二章,"roam4_3:{""area"": 4, ""challengeTier"": 2}",2,【終始】アエリエル,7072,3850128,180003,88662,30739,,未実戦検証
第二章,"roam4_3:{""area"": 4, ""challengeTier"": 2}",3,【終始】ヴェスペラ,7072,3332968,158270,70112,33533,,未実戦検証
第二章,"roam4_3:{""area"": 4, ""challengeTier"": 2}",4,星機匣ミメリア,7072,3332968,158270,70112,33533,,未実戦検証
第二章,"roam4_3:{""area"": 4, ""challengeTier"": 3}",1,白紙の執政官ルクシオン,8008,5527036,189097,107528,33842,,未実戦検証
第二章,"roam4_3:{""area"": 4, ""challengeTier"": 3}",2,【終始】アエリエル,8008,4630189,215135,105859,36429,,未実戦検証
第二章,"roam4_3:{""area"": 4, ""challengeTier"": 3}",3,【終始】ヴェスペラ,8008,4009210,189844,84375,39311,,未実戦検証
第二章,"roam4_3:{""area"": 4, ""challengeTier"": 3}",4,星機匣ミメリア,8008,4009210,189844,84375,39311,,未実戦検証
第二章,"roam4_3:{""area"": 4, ""challengeTier"": 4}",1,白紙の執政官ルクシオン,8944,6482866,221853,126154,39017,,未実戦検証
第二章,"roam4_3:{""area"": 4, ""challengeTier"": 4}",2,【終始】アエリエル,8944,5429904,251305,123574,42128,,未実戦検証
第二章,"roam4_3:{""area"": 4, ""challengeTier"": 4}",3,【終始】ヴェスペラ,8944,4702379,222271,98991,45147,,未実戦検証
第二章,"roam4_3:{""area"": 4, ""challengeTier"": 4}",4,星機匣ミメリア,8944,4702379,222271,98991,45147,,未実戦検証
第二章,"roam4_3:{""area"": 4, ""challengeTier"": 5}",1,白紙の執政官ルクシオン,9880,7462014,255401,145231,44218,,未実戦検証
第二章,"roam4_3:{""area"": 4, ""challengeTier"": 5}",2,【終始】アエリエル,9880,6249280,288515,141812,47835,,未実戦検証
第二章,"roam4_3:{""area"": 4, ""challengeTier"": 5}",3,【終始】ヴェスペラ,9880,5412485,255549,113960,51040,,未実戦検証
第二章,"roam4_3:{""area"": 4, ""challengeTier"": 5}",4,星機匣ミメリア,9880,5412485,255549,113960,51040,,未実戦検証
第二章,"roam4_4:{""area"": 4, ""challengeTier"": 0}",1,境律獣オルディア,5400,3243572,118940,67937,19120,,未実戦検証
第二章,"roam4_4:{""area"": 4, ""challengeTier"": 0}",2,星糸司アステラ,5400,2081260,57752,42613,23538,,未実戦検証
第二章,"roam4_4:{""area"": 4, ""challengeTier"": 0}",3,【封鍵】メリオラ,5400,2355733,147164,53773,22874,,未実戦検証
第二章,"roam4_4:{""area"": 4, ""challengeTier"": 0}",4,【封鍵】エリゼル,5400,2683516,102029,51319,22562,,未実戦検証
第二章,"roam4_4:{""area"": 4, ""challengeTier"": 1}",1,境律獣オルディア,6372,4266953,154045,88355,24406,,未実戦検証
第二章,"roam4_4:{""area"": 4, ""challengeTier"": 1}",2,星糸司アステラ,6372,2738852,76113,56162,29610,,未実戦検証
第二章,"roam4_4:{""area"": 4, ""challengeTier"": 1}",3,【封鍵】メリオラ,6372,3098152,190755,69867,28747,,未実戦検証
第二章,"roam4_4:{""area"": 4, ""challengeTier"": 1}",4,【封鍵】エリゼル,6372,3533264,134466,67635,28799,,未実戦検証
第二章,"roam4_4:{""area"": 4, ""challengeTier"": 2}",1,境律獣オルディア,7344,5317422,190224,109373,29718,,未実戦検証
第二章,"roam4_4:{""area"": 4, ""challengeTier"": 2}",2,星糸司アステラ,7344,3413792,94952,70063,35738,,未実戦検証
第二章,"roam4_4:{""area"": 4, ""challengeTier"": 2}",3,【封鍵】メリオラ,7344,3860273,235668,86439,34676,,未実戦検証
第二章,"roam4_4:{""area"": 4, ""challengeTier"": 2}",4,【封鍵】エリゼル,7344,4405320,167748,84375,35067,,未実戦検証
第二章,"roam4_4:{""area"": 4, ""challengeTier"": 3}",1,境律獣オルディア,8316,6395011,227487,130994,35057,,未実戦検証
第二章,"roam4_4:{""area"": 4, ""challengeTier"": 3}",2,星糸司アステラ,8316,4106102,114268,84316,41928,,未実戦検証
第二章,"roam4_4:{""area"": 4, ""challengeTier"": 3}",3,【封鍵】メリオラ,8316,4642120,281919,103491,40666,,未実戦検証
第二章,"roam4_4:{""area"": 4, ""challengeTier"": 3}",4,【封鍵】エリゼル,8316,5299703,201874,101540,41367,,未実戦検証
第二章,"roam4_4:{""area"": 4, ""challengeTier"": 4}",1,境律獣オルディア,9288,7499725,265833,153224,40423,,未実戦検証
第二章,"roam4_4:{""area"": 4, ""challengeTier"": 4}",2,星糸司アステラ,9288,4815782,134062,98921,48174,,未実戦検証
第二章,"roam4_4:{""area"": 4, ""challengeTier"": 4}",3,【封鍵】メリオラ,9288,5443700,329502,121026,46713,,未実戦検証
第二章,"roam4_4:{""area"": 4, ""challengeTier"": 4}",4,【封鍵】エリゼル,9288,6216413,236844,119129,47699,,未実戦検証
第二章,"roam4_4:{""area"": 4, ""challengeTier"": 5}",1,境律獣オルディア,10260,8631604,305276,176064,45816,,未実戦検証
第二章,"roam4_4:{""area"": 4, ""challengeTier"": 5}",2,星糸司アステラ,10260,5542854,154334,113879,54481,,未実戦検証
第二章,"roam4_4:{""area"": 4, ""challengeTier"": 5}",3,【封鍵】メリオラ,10260,6265043,378437,139048,52821,,未実戦検証
第二章,"roam4_4:{""area"": 4, ""challengeTier"": 5}",4,【封鍵】エリゼル,10260,7155469,272657,137143,54063,,未実戦検証
第二章,"roam0_1_391:{""area"": 0, ""challengeTier"": 0}",1,煤紫の剣魔リリカ,1050,94604,16011,5920,5081,,未実戦検証
第二章,"roam0_1_391:{""area"": 0, ""challengeTier"": 0}",2,芽灯虫コロル,1050,83024,10005,5052,6935,,未実戦検証
第二章,"roam0_1_391:{""area"": 0, ""challengeTier"": 0}",3,露鈴の案内姫ピピア,1050,84371,6894,5420,5326,,未実戦検証
第二章,"roam0_1_391:{""area"": 0, ""challengeTier"": 0}",4,封書の小剣姫ルメア,1050,84371,7639,5506,5449,,未実戦検証
第二章,"roam0_1_391:{""area"": 0, ""challengeTier"": 1}",1,煤紫の剣魔リリカ,1239,96483,16485,6068,5141,,未実戦検証
第二章,"roam0_1_391:{""area"": 0, ""challengeTier"": 1}",2,芽灯虫コロル,1239,84624,10168,5170,7035,,未実戦検証
第二章,"roam0_1_391:{""area"": 0, ""challengeTier"": 1}",3,露鈴の案内姫ピピア,1239,86124,7022,5578,5397,,未実戦検証
第二章,"roam0_1_391:{""area"": 0, ""challengeTier"": 1}",4,封書の小剣姫ルメア,1239,86124,7940,5683,5546,,未実戦検証
第二章,"roam0_1_391:{""area"": 0, ""challengeTier"": 2}",1,煤紫の剣魔リリカ,1428,98405,16985,6223,5207,,未実戦検証
第二章,"roam0_1_391:{""area"": 0, ""challengeTier"": 2}",2,芽灯虫コロル,1428,86256,10330,5292,7146,,未実戦検証
第二章,"roam0_1_391:{""area"": 0, ""challengeTier"": 2}",3,露鈴の案内姫ピピア,1428,87925,7152,5743,5475,,未実戦検証
第二章,"roam0_1_391:{""area"": 0, ""challengeTier"": 2}",4,封書の小剣姫ルメア,1428,87925,8263,5872,5653,,未実戦検証
第二章,"roam0_1_391:{""area"": 0, ""challengeTier"": 3}",1,煤紫の剣魔リリカ,1617,100337,17492,6377,5271,,未実戦検証
第二章,"roam0_1_391:{""area"": 0, ""challengeTier"": 3}",2,芽灯虫コロル,1617,87896,10493,5415,7255,,未実戦検証
第二章,"roam0_1_391:{""area"": 0, ""challengeTier"": 3}",3,露鈴の案内姫ピピア,1617,89736,7282,5912,5551,,未実戦検証
第二章,"roam0_1_391:{""area"": 0, ""challengeTier"": 3}",4,封書の小剣姫ルメア,1617,89736,8592,6063,5757,,未実戦検証
第二章,"roam0_1_391:{""area"": 0, ""challengeTier"": 4}",1,煤紫の剣魔リリカ,1806,102210,17962,6523,5324,,未実戦検証
第二章,"roam0_1_391:{""area"": 0, ""challengeTier"": 4}",2,芽灯虫コロル,1806,89492,10656,5532,7346,,未実戦検証
第二章,"roam0_1_391:{""area"": 0, ""challengeTier"": 4}",3,露鈴の案内姫ピピア,1806,91483,7409,6069,5614,,未実戦検証
第二章,"roam0_1_391:{""area"": 0, ""challengeTier"": 4}",4,封書の小剣姫ルメア,1806,91483,8889,6239,5844,,未実戦検証
第二章,"roam0_1_391:{""area"": 0, ""challengeTier"": 5}",1,煤紫の剣魔リリカ,1995,104106,18445,6673,5380,,未実戦検証
第二章,"roam0_1_391:{""area"": 0, ""challengeTier"": 5}",2,芽灯虫コロル,1995,91105,10818,5651,7441,,未実戦検証
第二章,"roam0_1_391:{""area"": 0, ""challengeTier"": 5}",3,露鈴の案内姫ピピア,1995,93253,7538,6228,5681,,未実戦検証
第二章,"roam0_1_391:{""area"": 0, ""challengeTier"": 5}",4,封書の小剣姫ルメア,1995,93253,9198,6419,5934,,未実戦検証
第二章,"roam2_3_391:{""area"": 2, ""challengeTier"": 0}",1,忘却の鎖士ラズィル,2000,451184,57530,20972,12069,,未実戦検証
第二章,"roam2_3_391:{""area"": 2, ""challengeTier"": 0}",2,灰燭の呪術師セネラ,2000,390459,33690,16041,15408,,未実戦検証
第二章,"roam2_3_391:{""area"": 2, ""challengeTier"": 0}",3,【薔薇】ノクテル,2000,451184,57530,20972,12069,,未実戦検証
第二章,"roam2_3_391:{""area"": 2, ""challengeTier"": 0}",4,【薔薇】オーリアン,2000,400686,28007,18999,13157,,未実戦検証
第二章,"roam2_3_391:{""area"": 2, ""challengeTier"": 1}",1,忘却の鎖士ラズィル,2360,593221,74714,27162,15509,,未実戦検証
第二章,"roam2_3_391:{""area"": 2, ""challengeTier"": 1}",2,灰燭の呪術師セネラ,2360,514478,44450,21071,19928,,未実戦検証
第二章,"roam2_3_391:{""area"": 2, ""challengeTier"": 1}",3,【薔薇】ノクテル,2360,593221,74714,27162,15509,,未実戦検証
第二章,"roam2_3_391:{""area"": 2, ""challengeTier"": 1}",4,【薔薇】オーリアン,2360,526820,36087,24578,16814,,未実戦検証
第二章,"roam2_3_391:{""area"": 2, ""challengeTier"": 2}",1,忘却の鎖士ラズィル,2720,739320,92425,33547,18956,,未実戦検証
第二章,"roam2_3_391:{""area"": 2, ""challengeTier"": 2}",2,灰燭の呪術師セネラ,2720,642002,55512,26245,24451,,未実戦検証
第二章,"roam2_3_391:{""area"": 2, ""challengeTier"": 2}",3,【薔薇】ノクテル,2720,739320,92425,33547,18956,,未実戦検証
第二章,"roam2_3_391:{""area"": 2, ""challengeTier"": 2}",4,【薔薇】オーリアン,2720,656562,44428,30334,20482,,未実戦検証
第二章,"roam2_3_391:{""area"": 2, ""challengeTier"": 3}",1,忘却の鎖士ラズィル,3080,889484,110667,40125,22411,,未実戦検証
第二章,"roam2_3_391:{""area"": 2, ""challengeTier"": 3}",2,灰燭の呪術師セネラ,3080,773031,66876,31564,28978,,未実戦検証
第二章,"roam2_3_391:{""area"": 2, ""challengeTier"": 3}",3,【薔薇】ノクテル,3080,889484,110667,40125,22411,,未実戦検証
第二章,"roam2_3_391:{""area"": 2, ""challengeTier"": 3}",4,【薔薇】オーリアン,3080,789914,53030,36265,24163,,未実戦検証
第二章,"roam2_3_391:{""area"": 2, ""challengeTier"": 4}",1,忘却の鎖士ラズィル,3440,1043722,129444,46899,25873,,未実戦検証
第二章,"roam2_3_391:{""area"": 2, ""challengeTier"": 4}",2,灰燭の呪術師セネラ,3440,907566,78541,37027,33511,,未実戦検証
第二章,"roam2_3_391:{""area"": 2, ""challengeTier"": 4}",3,【薔薇】ノクテル,3440,1043722,129444,46899,25873,,未実戦検証
第二章,"roam2_3_391:{""area"": 2, ""challengeTier"": 4}",4,【薔薇】オーリアン,3440,926884,61896,42376,27855,,未実戦検証
第二章,"roam2_3_391:{""area"": 2, ""challengeTier"": 5}",1,忘却の鎖士ラズィル,3800,1202031,148752,53868,29341,,未実戦検証
第二章,"roam2_3_391:{""area"": 2, ""challengeTier"": 5}",2,灰燭の呪術師セネラ,3800,1045607,90508,42637,38046,,未実戦検証
第二章,"roam2_3_391:{""area"": 2, ""challengeTier"": 5}",3,【薔薇】ノクテル,3800,1202031,148752,53868,29341,,未実戦検証
第二章,"roam2_3_391:{""area"": 2, ""challengeTier"": 5}",4,【薔薇】オーリアン,3800,1067468,71027,48662,31557,,未実戦検証
第二章,"roam4_4_391:{""area"": 4, ""challengeTier"": 0}",1,境律獣オルディア,5400,3243572,118940,67937,19120,,未実戦検証
第二章,"roam4_4_391:{""area"": 4, ""challengeTier"": 0}",2,星糸司アステラ,5400,2081260,57752,42613,23538,,未実戦検証
第二章,"roam4_4_391:{""area"": 4, ""challengeTier"": 0}",3,【封鍵】メリオラ,5400,2355733,147164,53773,22874,,未実戦検証
第二章,"roam4_4_391:{""area"": 4, ""challengeTier"": 0}",4,【封鍵】エリゼル,5400,2683516,102029,51319,22562,,未実戦検証
第二章,"roam4_4_391:{""area"": 4, ""challengeTier"": 1}",1,境律獣オルディア,6372,4266953,154045,88355,24406,,未実戦検証
第二章,"roam4_4_391:{""area"": 4, ""challengeTier"": 1}",2,星糸司アステラ,6372,2738852,76113,56162,29610,,未実戦検証
第二章,"roam4_4_391:{""area"": 4, ""challengeTier"": 1}",3,【封鍵】メリオラ,6372,3098152,190755,69867,28747,,未実戦検証
第二章,"roam4_4_391:{""area"": 4, ""challengeTier"": 1}",4,【封鍵】エリゼル,6372,3533264,134466,67635,28799,,未実戦検証
第二章,"roam4_4_391:{""area"": 4, ""challengeTier"": 2}",1,境律獣オルディア,7344,5317422,190224,109373,29718,,未実戦検証
第二章,"roam4_4_391:{""area"": 4, ""challengeTier"": 2}",2,星糸司アステラ,7344,3413792,94952,70063,35738,,未実戦検証
第二章,"roam4_4_391:{""area"": 4, ""challengeTier"": 2}",3,【封鍵】メリオラ,7344,3860273,235668,86439,34676,,未実戦検証
第二章,"roam4_4_391:{""area"": 4, ""challengeTier"": 2}",4,【封鍵】エリゼル,7344,4405320,167748,84375,35067,,未実戦検証
第二章,"roam4_4_391:{""area"": 4, ""challengeTier"": 3}",1,境律獣オルディア,8316,6395011,227487,130994,35057,,未実戦検証
第二章,"roam4_4_391:{""area"": 4, ""challengeTier"": 3}",2,星糸司アステラ,8316,4106102,114268,84316,41928,,未実戦検証
第二章,"roam4_4_391:{""area"": 4, ""challengeTier"": 3}",3,【封鍵】メリオラ,8316,4642120,281919,103491,40666,,未実戦検証
第二章,"roam4_4_391:{""area"": 4, ""challengeTier"": 3}",4,【封鍵】エリゼル,8316,5299703,201874,101540,41367,,未実戦検証
第二章,"roam4_4_391:{""area"": 4, ""challengeTier"": 4}",1,境律獣オルディア,9288,7499725,265833,153224,40423,,未実戦検証
第二章,"roam4_4_391:{""area"": 4, ""challengeTier"": 4}",2,星糸司アステラ,9288,4815782,134062,98921,48174,,未実戦検証
第二章,"roam4_4_391:{""area"": 4, ""challengeTier"": 4}",3,【封鍵】メリオラ,9288,5443700,329502,121026,46713,,未実戦検証
第二章,"roam4_4_391:{""area"": 4, ""challengeTier"": 4}",4,【封鍵】エリゼル,9288,6216413,236844,119129,47699,,未実戦検証
第二章,"roam4_4_391:{""area"": 4, ""challengeTier"": 5}",1,境律獣オルディア,10260,8631604,305276,176064,45816,,未実戦検証
第二章,"roam4_4_391:{""area"": 4, ""challengeTier"": 5}",2,星糸司アステラ,10260,5542854,154334,113879,54481,,未実戦検証
第二章,"roam4_4_391:{""area"": 4, ""challengeTier"": 5}",3,【封鍵】メリオラ,10260,6265043,378437,139048,52821,,未実戦検証
第二章,"roam4_4_391:{""area"": 4, ""challengeTier"": 5}",4,【封鍵】エリゼル,10260,7155469,272657,137143,54063,,未実戦検証
第二章,"roam1_3_392:{""area"": 1, ""challengeTier"": 0}",1,灰燭の呪術師セネラ,1400,230521,21855,9616,12946,,未実戦検証
第二章,"roam1_3_392:{""area"": 1, ""challengeTier"": 0}",2,封樹の衛兵グラント,1400,414347,21314,19314,7665,,未実戦検証
第二章,"roam1_3_392:{""area"": 1, ""challengeTier"": 0}",3,【誓姫】リリエット,1400,263539,35799,11895,9508,,未実戦検証
第二章,"roam1_3_392:{""area"": 1, ""challengeTier"": 0}",4,【誓姫】ロゼット,1400,345289,21314,16368,7665,,未実戦検証
第二章,"roam1_3_392:{""area"": 1, ""challengeTier"": 1}",1,灰燭の呪術師セネラ,1652,303928,28854,12639,16691,,未実戦検証
第二章,"roam1_3_392:{""area"": 1, ""challengeTier"": 1}",2,封樹の衛兵グラント,1652,545346,27690,25038,10008,,未実戦検証
第二章,"roam1_3_392:{""area"": 1, ""challengeTier"": 1}",3,【誓姫】リリエット,1652,347198,46766,15520,12277,,未実戦検証
第二章,"roam1_3_392:{""area"": 1, ""challengeTier"": 1}",4,【誓姫】ロゼット,1652,454455,27690,21219,10008,,未実戦検証
第二章,"roam1_3_392:{""area"": 1, ""challengeTier"": 2}",1,灰燭の呪術師セネラ,1904,379489,36056,15753,20442,,未実戦検証
第二章,"roam1_3_392:{""area"": 1, ""challengeTier"": 2}",2,封樹の衛兵グラント,1904,680227,34268,30949,12347,,未実戦検証
第二章,"roam1_3_392:{""area"": 1, ""challengeTier"": 2}",3,【誓姫】リリエット,1904,433322,58069,19258,15048,,未実戦検証
第二章,"roam1_3_392:{""area"": 1, ""challengeTier"": 2}",4,【誓姫】ロゼット,1904,566856,34268,26228,12347,,未実戦検証
第二章,"roam1_3_392:{""area"": 1, ""challengeTier"": 3}",1,灰燭の呪術師セネラ,2156,457205,43463,18958,24198,,未実戦検証
第二章,"roam1_3_392:{""area"": 1, ""challengeTier"": 3}",2,封樹の衛兵グラント,2156,818990,41048,37041,14686,,未実戦検証
第二章,"roam1_3_392:{""area"": 1, ""challengeTier"": 3}",3,【誓姫】リリエット,2156,521912,69711,23109,17823,,未実戦検証
第二章,"roam1_3_392:{""area"": 1, ""challengeTier"": 3}",4,【誓姫】ロゼット,2156,682492,41048,31391,14686,,未実戦検証
第二章,"roam1_3_392:{""area"": 1, ""challengeTier"": 4}",1,灰燭の呪術師セネラ,2408,537078,51074,22253,27959,,未実戦検証
第二章,"roam1_3_392:{""area"": 1, ""challengeTier"": 4}",2,封樹の衛兵グラント,2408,961638,48033,43318,17024,,未実戦検証
第二章,"roam1_3_392:{""area"": 1, ""challengeTier"": 4}",3,【誓姫】リリエット,2408,612969,81693,27073,20602,,未実戦検証
第二章,"roam1_3_392:{""area"": 1, ""challengeTier"": 4}",4,【誓姫】ロゼット,2408,801365,48033,36710,17024,,未実戦検証
第二章,"roam1_3_392:{""area"": 1, ""challengeTier"": 5}",1,灰燭の呪術師セネラ,2660,619108,58888,25639,31724,,未実戦検証
第二章,"roam1_3_392:{""area"": 1, ""challengeTier"": 5}",2,封樹の衛兵グラント,2660,1108175,55221,49783,19358,,未実戦検証
第二章,"roam1_3_392:{""area"": 1, ""challengeTier"": 5}",3,【誓姫】リリエット,2660,706496,94014,31150,23382,,未実戦検証
第二章,"roam1_3_392:{""area"": 1, ""challengeTier"": 5}",4,【誓姫】ロゼット,2660,923479,55221,42189,19358,,未実戦検証
第二章,"roam3_1_392:{""area"": 3, ""challengeTier"": 0}",1,【月狐】カグラ,2800,775851,88461,31481,17101,,未実戦検証
第二章,"roam3_1_392:{""area"": 3, ""challengeTier"": 0}",2,【月狐】サヨ,2800,682270,42330,24703,19236,,未実戦検証
第二章,"roam3_1_392:{""area"": 3, ""challengeTier"": 0}",3,霜鐘梟ノクティア,2800,673587,50545,23690,22327,,未実戦検証
第二章,"roam3_1_392:{""area"": 3, ""challengeTier"": 1}",1,【月狐】カグラ,3304,1018637,114481,40833,21534,,未実戦検証
第二章,"roam3_1_392:{""area"": 3, ""challengeTier"": 1}",2,【月狐】サヨ,3304,896886,54461,32575,24035,,未実戦検証
第二章,"roam3_1_392:{""area"": 3, ""challengeTier"": 1}",3,霜鐘梟ノクティア,3304,885900,66651,31239,28202,,未実戦検証
第二章,"roam3_1_392:{""area"": 3, ""challengeTier"": 2}",1,【月狐】カグラ,3808,1268164,141298,50466,25998,,未実戦検証
第二章,"roam3_1_392:{""area"": 3, ""challengeTier"": 2}",2,【月狐】サヨ,3808,1117415,66977,40659,28878,,未実戦検証
第二章,"roam3_1_392:{""area"": 3, ""challengeTier"": 2}",3,霜鐘梟ノクティア,3808,1104043,83191,38991,34114,,未実戦検証
第二章,"roam3_1_392:{""area"": 3, ""challengeTier"": 3}",1,【月狐】カグラ,4312,1524445,168910,60382,30491,,未実戦検証
第二章,"roam3_1_392:{""area"": 3, ""challengeTier"": 3}",2,【月狐】サヨ,4312,1343861,79880,48956,33760,,未実戦検証
第二章,"roam3_1_392:{""area"": 3, ""challengeTier"": 3}",3,霜鐘梟ノクティア,4312,1328020,100165,46947,40060,,未実戦検証
第二章,"roam3_1_392:{""area"": 3, ""challengeTier"": 4}",1,【月狐】カグラ,4816,1787485,197331,70584,35016,,未実戦検証
第二章,"roam3_1_392:{""area"": 3, ""challengeTier"": 4}",2,【月狐】サヨ,4816,1576230,93177,57465,38687,,未実戦検証
第二章,"roam3_1_392:{""area"": 3, ""challengeTier"": 4}",3,霜鐘梟ノクティア,4816,1557835,117574,55106,46044,,未実戦検証
第二章,"roam3_1_392:{""area"": 3, ""challengeTier"": 5}",1,【月狐】カグラ,5320,2057295,226561,81070,39571,,未実戦検証
第二章,"roam3_1_392:{""area"": 3, ""challengeTier"": 5}",2,【月狐】サヨ,5320,1814527,106866,66185,43656,,未実戦検証
第二章,"roam3_1_392:{""area"": 3, ""challengeTier"": 5}",3,霜鐘梟ノクティア,5320,1793494,135418,63470,52063,,未実戦検証
第二章,"roam4_3_392:{""area"": 4, ""challengeTier"": 0}",1,白紙の執政官ルクシオン,5200,2799342,95571,54346,18473,,未実戦検証
第二章,"roam4_3_392:{""area"": 4, ""challengeTier"": 0}",2,【終始】アエリエル,5200,2348894,112814,55810,19382,,未実戦検証
第二章,"roam4_3_392:{""area"": 4, ""challengeTier"": 0}",3,【終始】ヴェスペラ,5200,2031231,97659,42644,22145,,未実戦検証
第二章,"roam4_3_392:{""area"": 4, ""challengeTier"": 0}",4,星機匣ミメリア,5200,2031231,97659,42644,22145,,未実戦検証
第二章,"roam4_3_392:{""area"": 4, ""challengeTier"": 1}",1,白紙の執政官ルクシオン,6136,3685282,125956,71624,23570,,未実戦検証
第二章,"roam4_3_392:{""area"": 4, ""challengeTier"": 1}",2,【終始】アエリエル,6136,3089696,145896,71980,25056,,未実戦検証
第二章,"roam4_3_392:{""area"": 4, ""challengeTier"": 1}",3,【終始】ヴェスペラ,6136,2673642,127541,56202,27809,,未実戦検証
第二章,"roam4_3_392:{""area"": 4, ""challengeTier"": 1}",4,星機匣ミメリア,6136,2673642,127541,56202,27809,,未実戦検証
第二章,"roam4_3_392:{""area"": 4, ""challengeTier"": 2}",1,白紙の執政官ルクシオン,7072,4594512,157131,89351,28694,,未実戦検証
第二章,"roam4_3_392:{""area"": 4, ""challengeTier"": 2}",2,【終始】アエリエル,7072,3850128,180003,88662,30739,,未実戦検証
第二章,"roam4_3_392:{""area"": 4, ""challengeTier"": 2}",3,【終始】ヴェスペラ,7072,3332968,158270,70112,33533,,未実戦検証
第二章,"roam4_3_392:{""area"": 4, ""challengeTier"": 2}",4,星機匣ミメリア,7072,3332968,158270,70112,33533,,未実戦検証
第二章,"roam4_3_392:{""area"": 4, ""challengeTier"": 3}",1,白紙の執政官ルクシオン,8008,5527036,189097,107528,33842,,未実戦検証
第二章,"roam4_3_392:{""area"": 4, ""challengeTier"": 3}",2,【終始】アエリエル,8008,4630189,215135,105859,36429,,未実戦検証
第二章,"roam4_3_392:{""area"": 4, ""challengeTier"": 3}",3,【終始】ヴェスペラ,8008,4009210,189844,84375,39311,,未実戦検証
第二章,"roam4_3_392:{""area"": 4, ""challengeTier"": 3}",4,星機匣ミメリア,8008,4009210,189844,84375,39311,,未実戦検証
第二章,"roam4_3_392:{""area"": 4, ""challengeTier"": 4}",1,白紙の執政官ルクシオン,8944,6482866,221853,126154,39017,,未実戦検証
第二章,"roam4_3_392:{""area"": 4, ""challengeTier"": 4}",2,【終始】アエリエル,8944,5429904,251305,123574,42128,,未実戦検証
第二章,"roam4_3_392:{""area"": 4, ""challengeTier"": 4}",3,【終始】ヴェスペラ,8944,4702379,222271,98991,45147,,未実戦検証
第二章,"roam4_3_392:{""area"": 4, ""challengeTier"": 4}",4,星機匣ミメリア,8944,4702379,222271,98991,45147,,未実戦検証
第二章,"roam4_3_392:{""area"": 4, ""challengeTier"": 5}",1,白紙の執政官ルクシオン,9880,7462014,255401,145231,44218,,未実戦検証
第二章,"roam4_3_392:{""area"": 4, ""challengeTier"": 5}",2,【終始】アエリエル,9880,6249280,288515,141812,47835,,未実戦検証
第二章,"roam4_3_392:{""area"": 4, ""challengeTier"": 5}",3,【終始】ヴェスペラ,9880,5412485,255549,113960,51040,,未実戦検証
第二章,"roam4_3_392:{""area"": 4, ""challengeTier"": 5}",4,星機匣ミメリア,9880,5412485,255549,113960,51040,,未実戦検証
第二章,"roam0_1_elite393:{""area"": 0, ""eliteTier393"": 1, ""challengeTier"": 0}",1,【鏡侍女】リュネ,1208,186206,16960,11921,4083,,未実戦検証
第二章,"roam0_1_elite393:{""area"": 0, ""eliteTier393"": 1, ""challengeTier"": 0}",2,【鏡侍女】ロゼ,1208,139542,22654,8156,5744,,未実戦検証
第二章,"roam0_1_elite393:{""area"": 0, ""eliteTier393"": 1, ""challengeTier"": 0}",3,根灯の短剣姫リティア,1208,124891,11816,7767,5875,,未実戦検証
第二章,"roam0_1_elite393:{""area"": 0, ""eliteTier393"": 1, ""challengeTier"": 0}",4,封樹の衛兵グラント,1208,223447,14373,14067,4083,,未実戦検証
第二章,"roam0_1_elite393:{""area"": 0, ""eliteTier393"": 2, ""challengeTier"": 0}",1,【鏡侍女】リュネ,1418,270652,27136,18326,4502,,未実戦検証
第二章,"roam0_1_elite393:{""area"": 0, ""eliteTier393"": 2, ""challengeTier"": 0}",2,【鏡侍女】ロゼ,1418,209611,35373,12444,6866,,未実戦検証
第二章,"roam0_1_elite393:{""area"": 0, ""eliteTier393"": 2, ""challengeTier"": 0}",3,根灯の短剣姫リティア,1418,186218,19562,11474,8039,,未実戦検証
第二章,"roam0_1_elite393:{""area"": 0, ""eliteTier393"": 2, ""challengeTier"": 0}",4,封樹の衛兵グラント,1418,324782,22997,21625,4502,,未実戦検証
第二章,"roam0_1_elite393:{""area"": 0, ""eliteTier393"": 3, ""challengeTier"": 0}",1,【鏡侍女】リュネ,1680,392264,44276,25520,5622,,未実戦検証
第二章,"roam0_1_elite393:{""area"": 0, ""eliteTier393"": 3, ""challengeTier"": 0}",2,【鏡侍女】ロゼ,1680,324637,55852,16312,11825,,未実戦検証
第二章,"roam0_1_elite393:{""area"": 0, ""eliteTier393"": 3, ""challengeTier"": 0}",3,根灯の短剣姫リティア,1680,267518,30147,8057,14530,,未実戦検証
第二章,"roam0_1_elite393:{""area"": 0, ""eliteTier393"": 3, ""challengeTier"": 0}",4,封樹の衛兵グラント,1680,470717,37522,30114,5622,,未実戦検証
第二章,"roam0_3_elite393:{""area"": 0, ""eliteTier393"": 1, ""challengeTier"": 0}",1,【紅羽】ニゼル,1208,123738,17552,7238,8274,,未実戦検証
第二章,"roam0_3_elite393:{""area"": 0, ""eliteTier393"": 1, ""challengeTier"": 0}",2,【紅羽】シャルネ,1208,139542,22654,8156,5744,,未実戦検証
第二章,"roam0_3_elite393:{""area"": 0, ""eliteTier393"": 1, ""challengeTier"": 0}",3,栞の書姫ティレア,1208,124891,11816,7767,5875,,未実戦検証
第二章,"roam0_3_elite393:{""area"": 0, ""eliteTier393"": 1, ""challengeTier"": 0}",4,棘盾獣バルク,1208,223447,13790,14160,4224,,未実戦検証
第二章,"roam0_3_elite393:{""area"": 0, ""eliteTier393"": 2, ""challengeTier"": 0}",1,【紅羽】ニゼル,1418,187933,27933,11384,10109,,未実戦検証
第二章,"roam0_3_elite393:{""area"": 0, ""eliteTier393"": 2, ""challengeTier"": 0}",2,【紅羽】シャルネ,1418,209611,35373,12444,6866,,未実戦検証
第二章,"roam0_3_elite393:{""area"": 0, ""eliteTier393"": 2, ""challengeTier"": 0}",3,栞の書姫ティレア,1418,186218,19562,11474,8039,,未実戦検証
第二章,"roam0_3_elite393:{""area"": 0, ""eliteTier393"": 2, ""challengeTier"": 0}",4,棘盾獣バルク,1418,324782,21169,21412,4502,,未実戦検証
第二章,"roam0_3_elite393:{""area"": 0, ""eliteTier393"": 3, ""challengeTier"": 0}",1,【紅羽】ニゼル,1680,279854,41239,13426,18473,,未実戦検証
第二章,"roam0_3_elite393:{""area"": 0, ""eliteTier393"": 3, ""challengeTier"": 0}",2,【紅羽】シャルネ,1680,324637,55852,16312,11825,,未実戦検証
第二章,"roam0_3_elite393:{""area"": 0, ""eliteTier393"": 3, ""challengeTier"": 0}",3,栞の書姫ティレア,1680,267518,30147,8057,14530,,未実戦検証
第二章,"roam0_3_elite393:{""area"": 0, ""eliteTier393"": 3, ""challengeTier"": 0}",4,棘盾獣バルク,1680,470717,31733,31396,4667,,未実戦検証
第二章,"roam0_4_elite393:{""area"": 0, ""eliteTier393"": 1, ""challengeTier"": 0}",1,【薬毒】ミレア,1208,124891,8228,6730,6015,,未実戦検証
第二章,"roam0_4_elite393:{""area"": 0, ""eliteTier393"": 1, ""challengeTier"": 0}",2,【薬毒】ヴィオラ,1208,120309,12067,6119,7943,,未実戦検証
第二章,"roam0_4_elite393:{""area"": 0, ""eliteTier393"": 1, ""challengeTier"": 0}",3,芽灯虫コロル,1208,120309,12067,6119,6731,,未実戦検証
第二章,"roam0_4_elite393:{""area"": 0, ""eliteTier393"": 1, ""challengeTier"": 0}",4,煤紫の剣魔リリカ,1208,167450,19198,9624,5744,,未実戦検証
第二章,"roam0_4_elite393:{""area"": 0, ""eliteTier393"": 2, ""challengeTier"": 0}",1,【薬毒】ミレア,1418,177797,10220,8423,5875,,未実戦検証
第二章,"roam0_4_elite393:{""area"": 0, ""eliteTier393"": 2, ""challengeTier"": 0}",2,【薬毒】ヴィオラ,1418,168627,14989,7413,8010,,未実戦検証
第二章,"roam0_4_elite393:{""area"": 0, ""eliteTier393"": 2, ""challengeTier"": 0}",3,芽灯虫コロル,1418,168627,14989,7413,7750,,未実戦検証
第二章,"roam0_4_elite393:{""area"": 0, ""eliteTier393"": 2, ""challengeTier"": 0}",4,煤紫の剣魔リリカ,1418,251533,29977,14684,6866,,未実戦検証
第二章,"roam0_4_elite393:{""area"": 0, ""eliteTier393"": 3, ""challengeTier"": 0}",1,【薬毒】ミレア,1680,267518,12778,8057,12046,,未実戦検証
第二章,"roam0_4_elite393:{""area"": 0, ""eliteTier393"": 3, ""challengeTier"": 0}",2,【薬毒】ヴィオラ,1680,257235,18740,7727,14866,,未実戦検証
第二章,"roam0_4_elite393:{""area"": 0, ""eliteTier393"": 3, ""challengeTier"": 0}",3,芽灯虫コロル,1680,257235,18740,7727,12598,,未実戦検証
第二章,"roam0_4_elite393:{""area"": 0, ""eliteTier393"": 3, ""challengeTier"": 0}",4,煤紫の剣魔リリカ,1680,389564,47332,19248,11825,,未実戦検証
第二章,"roam1_1_elite393:{""area"": 1, ""eliteTier393"": 1, ""challengeTier"": 0}",1,深淵Ⅰ 暴食,2990,2185559,43892,49515,8794,abyss_gluttony,未実戦検証
第二章,"roam1_1_elite393:{""area"": 1, ""eliteTier393"": 1, ""challengeTier"": 0}",2,【双藤】ネヴィア,2990,1229244,55982,26739,16555,,未実戦検証
第二章,"roam1_1_elite393:{""area"": 1, ""eliteTier393"": 1, ""challengeTier"": 0}",3,【双藤】エルミナ,2990,1395185,73129,30683,11683,,未実戦検証
第二章,"roam1_1_elite393:{""area"": 1, ""eliteTier393"": 1, ""challengeTier"": 0}",4,栞の書姫ティレア,2990,1240460,35613,28229,11999,,未実戦検証
第二章,"roam1_1_elite393:{""area"": 1, ""eliteTier393"": 2, ""challengeTier"": 0}",1,深淵Ⅰ 暴食,3510,3023532,62843,65858,9551,abyss_gluttony,未実戦検証
第二章,"roam1_1_elite393:{""area"": 1, ""eliteTier393"": 2, ""challengeTier"": 0}",2,【双藤】ネヴィア,3510,1713156,79413,35737,19647,,未実戦検証
第二章,"roam1_1_elite393:{""area"": 1, ""eliteTier393"": 2, ""challengeTier"": 0}",3,【双藤】エルミナ,3510,1940437,102477,40282,13591,,未実戦検証
第二章,"roam1_1_elite393:{""area"": 1, ""eliteTier393"": 2, ""challengeTier"": 0}",4,栞の書姫ティレア,3510,1723243,52142,36631,15539,,未実戦検証
第二章,"roam1_1_elite393:{""area"": 1, ""eliteTier393"": 3, ""challengeTier"": 0}",1,深淵Ⅰ 暴食,4160,4147859,93464,85909,11449,abyss_gluttony,未実戦検証
第二章,"roam1_1_elite393:{""area"": 1, ""eliteTier393"": 3, ""challengeTier"": 0}",2,【双藤】ネヴィア,4160,2363383,110154,42474,33372,,未実戦検証
第二章,"roam1_1_elite393:{""area"": 1, ""eliteTier393"": 3, ""challengeTier"": 0}",3,【双藤】エルミナ,4160,2696558,147801,50540,21744,,未実戦検証
第二章,"roam1_1_elite393:{""area"": 1, ""eliteTier393"": 3, ""challengeTier"": 0}",4,栞の書姫ティレア,4160,2360389,74985,34511,26199,,未実戦検証
第二章,"roam1_3_elite393:{""area"": 1, ""eliteTier393"": 1, ""challengeTier"": 0}",1,【夢境】モリナ,1610,322811,25915,11115,14086,,未実戦検証
第二章,"roam1_3_elite393:{""area"": 1, ""eliteTier393"": 1, ""challengeTier"": 0}",2,【夢境】エルミゼ,1610,370268,44427,14187,10282,,未実戦検証
第二章,"roam1_3_elite393:{""area"": 1, ""eliteTier393"": 1, ""challengeTier"": 0}",3,【縫兎】リッカ,1610,329986,22032,13275,10578,,未実戦検証
第二章,"roam1_3_elite393:{""area"": 1, ""eliteTier393"": 1, ""challengeTier"": 0}",4,【縫兎】リンネ,1610,444322,37650,16741,10282,,未実戦検証
第二章,"roam1_3_elite393:{""area"": 1, ""eliteTier393"": 2, ""challengeTier"": 0}",1,【夢境】モリナ,1890,446460,32144,13230,14385,,未実戦検証
第二章,"roam1_3_elite393:{""area"": 1, ""eliteTier393"": 2, ""challengeTier"": 0}",2,【夢境】エルミゼ,1890,529074,63811,20004,11769,,未実戦検証
第二章,"roam1_3_elite393:{""area"": 1, ""eliteTier393"": 2, ""challengeTier"": 0}",3,【縫兎】リッカ,1890,469920,33202,18321,13298,,未実戦検証
第二章,"roam1_3_elite393:{""area"": 1, ""eliteTier393"": 2, ""challengeTier"": 0}",4,【縫兎】リンネ,1890,634889,54077,23605,11769,,未実戦検証
第二章,"roam1_3_elite393:{""area"": 1, ""eliteTier393"": 3, ""challengeTier"": 0}",1,【夢境】モリナ,2240,639234,40137,14389,22697,,未実戦検証
第二章,"roam1_3_elite393:{""area"": 1, ""eliteTier393"": 3, ""challengeTier"": 0}",2,【夢境】エルミゼ,2240,765446,93747,25585,17786,,未実戦検証
第二章,"roam1_3_elite393:{""area"": 1, ""eliteTier393"": 3, ""challengeTier"": 0}",3,【縫兎】リッカ,2240,654643,48349,15005,21130,,未実戦検証
第二章,"roam1_3_elite393:{""area"": 1, ""eliteTier393"": 3, ""challengeTier"": 0}",4,【縫兎】リンネ,2240,918535,79447,30190,17786,,未実戦検証
第二章,"roam1_4_elite393:{""area"": 1, ""eliteTier393"": 1, ""challengeTier"": 0}",1,【月狐】カグラ,1610,370268,37650,14187,12133,,未実戦検証
第二章,"roam1_4_elite393:{""area"": 1, ""eliteTier393"": 1, ""challengeTier"": 0}",2,【月狐】サヨ,1610,329986,22032,13275,10578,,未実戦検証
第二章,"roam1_4_elite393:{""area"": 1, ""eliteTier393"": 1, ""challengeTier"": 0}",3,【硝子】セリア,1610,387373,25915,13116,11937,,未実戦検証
第二章,"roam1_4_elite393:{""area"": 1, ""eliteTier393"": 1, ""challengeTier"": 0}",4,【硝子】カルミア,1610,366100,29539,12830,10614,,未実戦検証
第二章,"roam1_4_elite393:{""area"": 1, ""eliteTier393"": 2, ""challengeTier"": 0}",1,【月狐】カグラ,1890,529074,54077,20004,13887,,未実戦検証
第二章,"roam1_4_elite393:{""area"": 1, ""eliteTier393"": 2, ""challengeTier"": 0}",2,【月狐】サヨ,1890,469920,33202,18321,13298,,未実戦検証
第二章,"roam1_4_elite393:{""area"": 1, ""eliteTier393"": 2, ""challengeTier"": 0}",3,【硝子】セリア,1890,535752,32144,15611,12191,,未実戦検証
第二章,"roam1_4_elite393:{""area"": 1, ""eliteTier393"": 2, ""challengeTier"": 0}",4,【硝子】カルミア,1890,520063,38567,17970,10636,,未実戦検証
第二章,"roam1_4_elite393:{""area"": 1, ""eliteTier393"": 3, ""challengeTier"": 0}",1,【月狐】カグラ,2240,765446,79447,25585,20987,,未実戦検証
第二章,"roam1_4_elite393:{""area"": 1, ""eliteTier393"": 3, ""challengeTier"": 0}",2,【月狐】サヨ,2240,654643,48349,15005,21130,,未実戦検証
第二章,"roam1_4_elite393:{""area"": 1, ""eliteTier393"": 3, ""challengeTier"": 0}",3,【硝子】セリア,2240,767081,40137,16979,19235,,未実戦検証
第二章,"roam1_4_elite393:{""area"": 1, ""eliteTier393"": 3, ""challengeTier"": 0}",4,【硝子】カルミア,2240,719547,58126,16732,17786,,未実戦検証
第二章,"roam2_1_elite393:{""area"": 2, ""eliteTier393"": 1, ""challengeTier"": 0}",1,深淵Ⅵ 色欲,2300,549233,26810,19707,12424,abyss_lust,未実戦検証
第二章,"roam2_1_elite393:{""area"": 2, ""eliteTier393"": 1, ""challengeTier"": 0}",2,【霊符】シオン,2300,537781,39321,18219,16507,,未実戦検証
第二章,"roam2_1_elite393:{""area"": 2, ""eliteTier393"": 1, ""challengeTier"": 0}",3,【霊符】スイレン,2300,457694,26810,16701,12424,,未実戦検証
第二章,"roam2_1_elite393:{""area"": 2, ""eliteTier393"": 1, ""challengeTier"": 0}",4,鎖翼竜ヴェルグ,2300,751895,60392,29609,13245,,未実戦検証
第二章,"roam2_1_elite393:{""area"": 2, ""eliteTier393"": 2, ""challengeTier"": 0}",1,深淵Ⅵ 色欲,2700,775242,33208,20762,19511,abyss_lust,未実戦検証
第二章,"roam2_1_elite393:{""area"": 2, ""eliteTier393"": 2, ""challengeTier"": 0}",2,【霊符】シオン,2700,761249,48705,19910,24451,,未実戦検証
第二章,"roam2_1_elite393:{""area"": 2, ""eliteTier393"": 2, ""challengeTier"": 0}",3,【霊符】スイレン,2700,646035,33208,17595,19511,,未実戦検証
第二章,"roam2_1_elite393:{""area"": 2, ""eliteTier393"": 2, ""challengeTier"": 0}",4,鎖翼竜ヴェルグ,2700,1072594,84664,36115,19027,,未実戦検証
第二章,"roam2_1_elite393:{""area"": 2, ""eliteTier393"": 3, ""challengeTier"": 0}",1,深淵Ⅵ 色欲,3200,1082082,61840,24578,24449,abyss_lust,未実戦検証
第二章,"roam2_1_elite393:{""area"": 2, ""eliteTier393"": 3, ""challengeTier"": 0}",2,【霊符】シオン,3200,1057607,81166,23569,30343,,未実戦検証
第二章,"roam2_1_elite393:{""area"": 2, ""eliteTier393"": 3, ""challengeTier"": 0}",3,【霊符】スイレン,3200,901735,61840,20829,24449,,未実戦検証
第二章,"roam2_1_elite393:{""area"": 2, ""eliteTier393"": 3, ""challengeTier"": 0}",4,鎖翼竜ヴェルグ,3200,1528698,134964,44967,22263,,未実戦検証
第二章,"roam2_3_elite393:{""area"": 2, ""eliteTier393"": 1, ""challengeTier"": 0}",1,【双鐘】フェルネ,2300,975562,43217,41082,10010,,未実戦検証
第二章,"roam2_3_elite393:{""area"": 2, ""eliteTier393"": 1, ""challengeTier"": 0}",2,【双鐘】クラリス,2300,549233,26810,19707,12424,,未実戦検証
第二章,"roam2_3_elite393:{""area"": 2, ""eliteTier393"": 1, ""challengeTier"": 0}",3,【薔薇】ノクテル,2300,626579,71263,25092,13245,,未実戦検証
第二章,"roam2_3_elite393:{""area"": 2, ""eliteTier393"": 1, ""challengeTier"": 0}",4,【薔薇】オーリアン,2300,463729,35678,19344,17386,,未実戦検証
第二章,"roam2_3_elite393:{""area"": 2, ""eliteTier393"": 2, ""challengeTier"": 0}",1,【双鐘】フェルネ,2700,1362576,62322,52130,11487,,未実戦検証
第二章,"roam2_3_elite393:{""area"": 2, ""eliteTier393"": 2, ""challengeTier"": 0}",2,【双鐘】クラリス,2700,775242,33208,20762,19511,,未実戦検証
第二章,"roam2_3_elite393:{""area"": 2, ""eliteTier393"": 2, ""challengeTier"": 0}",3,【薔薇】ノクテル,2700,893828,99904,30606,19027,,未実戦検証
第二章,"roam2_3_elite393:{""area"": 2, ""eliteTier393"": 2, ""challengeTier"": 0}",4,【薔薇】オーリアン,2700,646035,49983,17595,26243,,未実戦検証
第二章,"roam2_3_elite393:{""area"": 2, ""eliteTier393"": 3, ""challengeTier"": 0}",1,【双鐘】フェルネ,3200,2006794,114862,78614,11132,,未実戦検証
第二章,"roam2_3_elite393:{""area"": 2, ""eliteTier393"": 3, ""challengeTier"": 0}",2,【双鐘】クラリス,3200,1082082,61840,24578,24449,,未実戦検証
第二章,"roam2_3_elite393:{""area"": 2, ""eliteTier393"": 3, ""challengeTier"": 0}",3,【薔薇】ノクテル,3200,1273915,159258,38108,22263,,未実戦検証
第二章,"roam2_3_elite393:{""area"": 2, ""eliteTier393"": 3, ""challengeTier"": 0}",4,【薔薇】オーリアン,3200,974478,83422,38064,26867,,未実戦検証
第二章,"roam2_4_elite393:{""area"": 2, ""eliteTier393"": 1, ""challengeTier"": 0}",1,深淵Ⅴ 強欲,2300,554377,49668,22277,15889,abyss_greed,未実戦検証
第二章,"roam2_4_elite393:{""area"": 2, ""eliteTier393"": 1, ""challengeTier"": 0}",2,【封鍵】メリオラ,2300,626579,71263,25092,13245,,未実戦検証
第二章,"roam2_4_elite393:{""area"": 2, ""eliteTier393"": 1, ""challengeTier"": 0}",3,【封鍵】エリゼル,2300,848249,47364,28535,11832,,未実戦検証
第二章,"roam2_4_elite393:{""area"": 2, ""eliteTier393"": 1, ""challengeTier"": 0}",4,灰燭の呪術師セネラ,2300,537781,39321,18219,16507,,未実戦検証
第二章,"roam2_4_elite393:{""area"": 2, ""eliteTier393"": 2, ""challengeTier"": 0}",1,深淵Ⅴ 強欲,2700,781383,67965,25708,24080,abyss_greed,未実戦検証
第二章,"roam2_4_elite393:{""area"": 2, ""eliteTier393"": 2, ""challengeTier"": 0}",2,【封鍵】メリオラ,2700,893828,99904,30606,19027,,未実戦検証
第二章,"roam2_4_elite393:{""area"": 2, ""eliteTier393"": 2, ""challengeTier"": 0}",3,【封鍵】エリゼル,2700,1180138,58667,29504,15006,,未実戦検証
第二章,"roam2_4_elite393:{""area"": 2, ""eliteTier393"": 2, ""challengeTier"": 0}",4,灰燭の呪術師セネラ,2700,761249,48705,19910,24451,,未実戦検証
第二章,"roam2_4_elite393:{""area"": 2, ""eliteTier393"": 3, ""challengeTier"": 0}",1,深淵Ⅴ 強欲,3200,1140310,118398,34272,24034,abyss_greed,未実戦検証
第二章,"roam2_4_elite393:{""area"": 2, ""eliteTier393"": 3, ""challengeTier"": 0}",2,【封鍵】メリオラ,3200,1273915,159258,38108,22263,,未実戦検証
第二章,"roam2_4_elite393:{""area"": 2, ""eliteTier393"": 3, ""challengeTier"": 0}",3,【封鍵】エリゼル,3200,1765801,104464,55264,15850,,未実戦検証
第二章,"roam2_4_elite393:{""area"": 2, ""eliteTier393"": 3, ""challengeTier"": 0}",4,灰燭の呪術師セネラ,3200,1057607,81166,23569,30343,,未実戦検証
第二章,"roam3_1_elite393:{""area"": 3, ""eliteTier393"": 1, ""challengeTier"": 0}",1,十神Ⅷ 創造,3220,918557,39632,29319,14711,ten_creation,未実戦検証
第二章,"roam3_1_elite393:{""area"": 3, ""eliteTier393"": 1, ""challengeTier"": 0}",2,【竜姫】ドラシア,3220,1627438,62019,59634,11819,,未実戦検証
第二章,"roam3_1_elite393:{""area"": 3, ""eliteTier393"": 1, ""challengeTier"": 0}",3,【竜姫】リュシエ,3220,1044796,102997,36705,15774,,未実戦検証
第二章,"roam3_1_elite393:{""area"": 3, ""eliteTier393"": 1, ""challengeTier"": 0}",4,霜鐘梟ノクティア,3220,901918,58127,27245,21096,,未実戦検証
第二章,"roam3_1_elite393:{""area"": 3, ""eliteTier393"": 2, ""challengeTier"": 0}",1,十神Ⅷ 創造,3780,1285687,49025,31238,23574,ten_creation,未実戦検証
第二章,"roam3_1_elite393:{""area"": 3, ""eliteTier393"": 2, ""challengeTier"": 0}",2,【竜姫】ドラシア,3780,2259502,88065,74817,13639,,未実戦検証
第二章,"roam3_1_elite393:{""area"": 3, ""eliteTier393"": 2, ""challengeTier"": 0}",3,【竜姫】リュシエ,3780,1474626,142421,44425,23002,,未実戦検証
第二章,"roam3_1_elite393:{""area"": 3, ""eliteTier393"": 2, ""challengeTier"": 0}",4,霜鐘梟ノクティア,3780,1265086,71903,29956,29505,,未実戦検証
第二章,"roam3_1_elite393:{""area"": 3, ""eliteTier393"": 3, ""challengeTier"": 0}",1,十神Ⅷ 創造,4480,1780829,87484,36935,29819,ten_creation,未実戦検証
第二章,"roam3_1_elite393:{""area"": 3, ""eliteTier393"": 3, ""challengeTier"": 0}",2,【竜姫】ドラシア,4480,3265354,157927,110476,13156,,未実戦検証
第二章,"roam3_1_elite393:{""area"": 3, ""eliteTier393"": 3, ""challengeTier"": 0}",3,【竜姫】リュシエ,4480,2077020,222494,55026,27099,,未実戦検証
第二章,"roam3_1_elite393:{""area"": 3, ""eliteTier393"": 3, ""challengeTier"": 0}",4,霜鐘梟ノクティア,4480,1745741,115982,35420,36951,,未実戦検証
第二章,"roam3_3_elite393:{""area"": 3, ""eliteTier393"": 1, ""challengeTier"": 0}",1,【返誓】ロスティア,5520,3767870,86810,83241,13966,,未実戦検証
第二章,"roam3_3_elite393:{""area"": 3, ""eliteTier393"": 1, ""challengeTier"": 0}",2,【返誓】アルテア,5520,2417443,144378,51298,19072,,未実戦検証
第二章,"roam3_3_elite393:{""area"": 3, ""eliteTier393"": 1, ""challengeTier"": 0}",3,【双雷】カリスタ,5520,2417443,122354,51298,22505,,未実戦検証
第二章,"roam3_3_elite393:{""area"": 3, ""eliteTier393"": 1, ""challengeTier"": 0}",4,【双雷】ソレーヌ,5520,3767870,86810,83241,13966,,未実戦検証
第二章,"roam3_3_elite393:{""area"": 3, ""eliteTier393"": 2, ""challengeTier"": 0}",1,【返誓】ロスティア,6480,5199503,123648,104857,16379,,未実戦検証
第二章,"roam3_3_elite393:{""area"": 3, ""eliteTier393"": 2, ""challengeTier"": 0}",2,【返誓】アルテア,6480,3369595,200087,62294,29076,,未実戦検証
第二章,"roam3_3_elite393:{""area"": 3, ""eliteTier393"": 2, ""challengeTier"": 0}",3,【双雷】カリスタ,6480,3369595,169565,62294,34310,,未実戦検証
第二章,"roam3_3_elite393:{""area"": 3, ""eliteTier393"": 2, ""challengeTier"": 0}",4,【双雷】ソレーヌ,6480,5199503,123648,104857,16379,,未実戦検証
第二章,"roam3_3_elite393:{""area"": 3, ""eliteTier393"": 3, ""challengeTier"": 0}",1,【返誓】ロスティア,7680,7332220,223706,156087,15585,,未実戦検証
第二章,"roam3_3_elite393:{""area"": 3, ""eliteTier393"": 3, ""challengeTier"": 0}",2,【返誓】アルテア,7680,4677133,314730,77548,35014,,未実戦検証
第二章,"roam3_3_elite393:{""area"": 3, ""eliteTier393"": 3, ""challengeTier"": 0}",3,【双雷】カリスタ,7680,4677133,266720,77548,41317,,未実戦検証
第二章,"roam3_3_elite393:{""area"": 3, ""eliteTier393"": 3, ""challengeTier"": 0}",4,【双雷】ソレーヌ,7680,7332220,223706,156087,15585,,未実戦検証
第二章,"roam3_4_elite393:{""area"": 3, ""eliteTier393"": 1, ""challengeTier"": 0}",1,十神Ⅲ 生命,4945,1710766,45294,33956,14306,ten_life,未実戦検証
第二章,"roam3_4_elite393:{""area"": 3, ""eliteTier393"": 1, ""challengeTier"": 0}",2,【氷晶】イゼル,4945,1684692,66431,31451,19205,,未実戦検証
第二章,"roam3_4_elite393:{""area"": 3, ""eliteTier393"": 1, ""challengeTier"": 0}",3,【氷晶】ヴィレル,4945,1939773,119779,42976,15833,,未実戦検証
第二章,"roam3_4_elite393:{""area"": 3, ""eliteTier393"": 1, ""challengeTier"": 0}",4,【聖翼】アウレ,4945,2327728,101508,50712,15833,,未実戦検証
第二章,"roam3_4_elite393:{""area"": 3, ""eliteTier393"": 2, ""challengeTier"": 0}",1,十神Ⅲ 生命,5805,2377541,56029,35891,25577,ten_life,未実戦検証
第二章,"roam3_4_elite393:{""area"": 3, ""eliteTier393"": 2, ""challengeTier"": 0}",2,【氷晶】イゼル,5805,2344433,82175,34418,31803,,未実戦検証
第二章,"roam3_4_elite393:{""area"": 3, ""eliteTier393"": 2, ""challengeTier"": 0}",3,【氷晶】ヴィレル,5805,2712114,168038,52454,25027,,未実戦検証
第二章,"roam3_4_elite393:{""area"": 3, ""eliteTier393"": 2, ""challengeTier"": 0}",4,【聖翼】アウレ,5805,3254537,142405,61896,25027,,未実戦検証
第二章,"roam3_4_elite393:{""area"": 3, ""eliteTier393"": 3, ""challengeTier"": 0}",1,十神Ⅲ 生命,6880,3271799,104614,42436,33764,ten_life,未実戦検証
第二章,"roam3_4_elite393:{""area"": 3, ""eliteTier393"": 3, ""challengeTier"": 0}",2,【氷晶】イゼル,6880,3217219,137183,40695,41538,,未実戦検証
第二章,"roam3_4_elite393:{""area"": 3, ""eliteTier393"": 3, ""challengeTier"": 0}",3,【氷晶】ヴィレル,6880,3778824,269711,65566,30390,,未実戦検証
第二章,"roam3_4_elite393:{""area"": 3, ""eliteTier393"": 3, ""challengeTier"": 0}",4,【聖翼】アウレ,6880,4534589,228569,77368,30390,,未実戦検証
第二章,"roam4_1_elite393:{""area"": 4, ""eliteTier393"": 1, ""challengeTier"": 0}",1,十神Ⅰ 時間,6440,3184743,100930,47742,36415,ten_time,未実戦検証
第二章,"roam4_1_elite393:{""area"": 4, ""eliteTier393"": 1, ""challengeTier"": 0}",2,【星糸】セレス,6440,3821692,100930,56336,30860,,未実戦検証
第二章,"roam4_1_elite393:{""area"": 4, ""eliteTier393"": 1, ""challengeTier"": 0}",3,【星糸】ルミナ,6440,3653387,186865,66093,28331,,未実戦検証
第二章,"roam4_1_elite393:{""area"": 4, ""eliteTier393"": 1, ""challengeTier"": 0}",4,【星刻】イリデル,6440,5018939,152707,90629,18944,,未実戦検証
第二章,"roam4_1_elite393:{""area"": 4, ""eliteTier393"": 2, ""challengeTier"": 0}",1,十神Ⅰ 時間,7560,4381768,152396,54813,46003,ten_time,未実戦検証
第二章,"roam4_1_elite393:{""area"": 4, ""eliteTier393"": 2, ""challengeTier"": 0}",2,【星糸】セレス,7560,5258122,152396,64679,38986,,未実戦検証
第二章,"roam4_1_elite393:{""area"": 4, ""eliteTier393"": 2, ""challengeTier"": 0}",3,【星糸】ルミナ,7560,5069398,279533,79026,33747,,未実戦検証
第二章,"roam4_1_elite393:{""area"": 4, ""eliteTier393"": 2, ""challengeTier"": 0}",4,【星刻】イリデル,7560,7056251,235762,133478,18542,,未実戦検証
第二章,"roam4_1_elite393:{""area"": 4, ""eliteTier393"": 3, ""challengeTier"": 0}",1,十神Ⅰ 時間,8960,5947116,198212,64736,53453,ten_time,未実戦検証
第二章,"roam4_1_elite393:{""area"": 4, ""eliteTier393"": 3, ""challengeTier"": 0}",2,【星糸】セレス,8960,7136539,198212,76388,45299,,未実戦検証
第二章,"roam4_1_elite393:{""area"": 4, ""eliteTier393"": 3, ""challengeTier"": 0}",3,【星糸】ルミナ,8960,6910058,376432,97837,39145,,未実戦検証
第二章,"roam4_1_elite393:{""area"": 4, ""eliteTier393"": 3, ""challengeTier"": 0}",4,【星刻】イリデル,8960,9637882,319892,173036,19384,,未実戦検証
第二章,"roam4_3_elite393:{""area"": 4, ""eliteTier393"": 1, ""challengeTier"": 0}",1,【剣姫】ネメシア,5980,2420355,126424,47615,39726,,未実戦検証
第二章,"roam4_3_elite393:{""area"": 4, ""eliteTier393"": 1, ""challengeTier"": 0}",2,【剣姫】エヴェリア,5980,3783164,138018,77876,17648,,未実戦検証
第二章,"roam4_3_elite393:{""area"": 4, ""eliteTier393"": 1, ""challengeTier"": 0}",3,【終始】アエリエル,5980,3783164,138018,77876,17648,,未実戦検証
第二章,"roam4_3_elite393:{""area"": 4, ""eliteTier393"": 1, ""challengeTier"": 0}",4,【終始】ヴェスペラ,5980,2718662,114984,46262,26574,,未実戦検証
第二章,"roam4_3_elite393:{""area"": 4, ""eliteTier393"": 2, ""challengeTier"": 0}",1,【剣姫】ネメシア,7020,3403835,200548,60191,40280,,未実戦検証
第二章,"roam4_3_elite393:{""area"": 4, ""eliteTier393"": 2, ""challengeTier"": 0}",2,【剣姫】エヴェリア,7020,5359393,215126,117284,17248,,未実戦検証
第二章,"roam4_3_elite393:{""area"": 4, ""eliteTier393"": 2, ""challengeTier"": 0}",3,【終始】アエリエル,7020,5359393,215126,117284,17248,,未実戦検証
第二章,"roam4_3_elite393:{""area"": 4, ""eliteTier393"": 2, ""challengeTier"": 0}",4,【終始】ヴェスペラ,7020,3791993,207029,53113,25115,,未実戦検証
第二章,"roam4_3_elite393:{""area"": 4, ""eliteTier393"": 3, ""challengeTier"": 0}",1,【剣姫】ネメシア,8320,4657692,272267,75309,46386,,未実戦検証
第二章,"roam4_3_elite393:{""area"": 4, ""eliteTier393"": 3, ""challengeTier"": 0}",2,【剣姫】エヴェリア,8320,7340380,292547,152942,18032,,未実戦検証
第二章,"roam4_3_elite393:{""area"": 4, ""eliteTier393"": 3, ""challengeTier"": 0}",3,【終始】アエリエル,8320,7340380,292547,152942,18032,,未実戦検証
第二章,"roam4_3_elite393:{""area"": 4, ""eliteTier393"": 3, ""challengeTier"": 0}",4,【終始】ヴェスペラ,8320,5164985,282201,62729,28190,,未実戦検証
第二章,"roam4_4_elite393:{""area"": 4, ""eliteTier393"": 1, ""challengeTier"": 0}",1,十神Ⅴ 運命,6210,3620906,146094,72114,21589,ten_fate,未実戦検証
第二章,"roam4_4_elite393:{""area"": 4, ""eliteTier393"": 1, ""challengeTier"": 0}",2,【魔導姫】セフィラ,6210,3306504,96066,52312,29894,,未実戦検証
第二章,"roam4_4_elite393:{""area"": 4, ""eliteTier393"": 1, ""challengeTier"": 0}",3,【魔導姫】アストレル,6210,4305106,115715,65694,21637,,未実戦検証
第二章,"roam4_4_elite393:{""area"": 4, ""eliteTier393"": 1, ""challengeTier"": 0}",4,【日月】ソラリア,6210,3587588,115715,55673,21637,,未実戦検証
第二章,"roam4_4_elite393:{""area"": 4, ""eliteTier393"": 2, ""challengeTier"": 0}",1,十神Ⅴ 運命,7290,5109561,226348,107076,21116,ten_fate,未実戦検証
第二章,"roam4_4_elite393:{""area"": 4, ""eliteTier393"": 2, ""challengeTier"": 0}",2,【魔導姫】セフィラ,7290,4554061,145683,60060,37792,,未実戦検証
第二章,"roam4_4_elite393:{""area"": 4, ""eliteTier393"": 2, ""challengeTier"": 0}",3,【魔導姫】アストレル,7290,6082027,184329,103741,23086,,未実戦検証
第二章,"roam4_4_elite393:{""area"": 4, ""eliteTier393"": 2, ""challengeTier"": 0}",4,【日月】ソラリア,7290,5068356,184329,87916,23086,,未実戦検証
第二章,"roam4_4_elite393:{""area"": 4, ""eliteTier393"": 3, ""challengeTier"": 0}",1,十神Ⅴ 運命,8640,6988395,307345,139094,22075,ten_fate,未実戦検証
第二章,"roam4_4_elite393:{""area"": 4, ""eliteTier393"": 3, ""challengeTier"": 0}",2,【魔導姫】セフィラ,8640,6184986,189588,70932,43907,,未実戦検証
第二章,"roam4_4_elite393:{""area"": 4, ""eliteTier393"": 3, ""challengeTier"": 0}",3,【魔導姫】アストレル,8640,8302792,242104,130811,25479,,未実戦検証
第二章,"roam4_4_elite393:{""area"": 4, ""eliteTier393"": 3, ""challengeTier"": 0}",4,【日月】ソラリア,8640,6918993,242104,110857,25479,,未実戦検証
勇者・記憶,0:myth_enami,1,,1000,173858,43766,39230,11567,,未実戦検証
勇者・記憶,1:myth_enami,1,,1000,173858,43766,39230,11567,,未実戦検証
勇者・記憶,2:myth_enami,1,,1500,209734,54109,49083,14741,,未実戦検証
勇者・記憶,3:myth_enami,1,,2000,247046,64868,59329,17983,,未実戦検証
勇者・記憶,4:myth_enami,1,,2500,264652,69945,64165,19406,,未実戦検証
勇者・記憶,5:myth_enami,1,,3000,282790,75174,69145,20854,,未実戦検証
勇者・記憶,6:myth_enami,1,,3500,301504,80568,74283,22327,,未実戦検証
勇者・記憶,7:myth_enami,1,,4000,320786,86128,79579,23827,,未実戦検証
勇者・記憶,8:myth_enami,1,,4500,340642,91853,85032,25356,,未実戦検証
勇者・記憶,9:myth_enami,1,,5000,361070,97744,90642,26910,,未実戦検証
勇者・記憶,10:myth_enami,1,,5500,382072,103799,96409,28439,,未実戦検証
勇者・記憶,11:myth_enami,1,,6000,403644,110019,102333,29777,,未実戦検証
勇者・記憶,12:myth_enami,1,,6500,425790,116404,108416,31113,,未実戦検証
勇者・記憶,13:myth_enami,1,,7000,445146,121985,113731,32450,,未実戦検証
勇者・記憶,14:myth_enami,1,,7500,461688,126754,118273,33786,,未実戦検証
勇者・記憶,15:myth_enami,1,,8000,478230,131525,122815,35122,,未実戦検証
勇者・記憶,16:myth_enami,1,,8500,494774,136293,127357,36459,,未実戦検証
勇者・記憶,17:myth_enami,1,,9000,511314,141063,131901,37795,,未実戦検証
勇者・記憶,18:myth_enami,1,,9500,527856,145831,136443,39131,,未実戦検証
勇者・記憶,19:myth_enami,1,,10000,544396,150601,140985,40468,,未実戦検証
勇者・記憶,0:myth_yori,1,,1000,164870,55948,37016,11298,,未実戦検証
勇者・記憶,1:myth_yori,1,,1000,164870,55948,37016,11298,,未実戦検証
勇者・記憶,2:myth_yori,1,,1500,200064,70838,46269,14383,,未実戦検証
勇者・記憶,3:myth_yori,1,,2000,236660,86321,55891,17534,,未実戦検証
勇者・記憶,4:myth_yori,1,,2500,253930,93628,60432,18919,,未実戦検証
勇者・記憶,5:myth_yori,1,,3000,271722,101155,65109,20326,,未実戦検証
勇者・記憶,6:myth_yori,1,,3500,290074,108921,69934,21759,,未実戦検証
勇者・記憶,7:myth_yori,1,,4000,308990,116923,74907,23219,,未実戦検証
勇者・記憶,8:myth_yori,1,,4500,328466,125164,80028,24704,,未実戦検証
勇者・記憶,9:myth_yori,1,,5000,348502,133641,85297,26216,,未実戦検証
勇者・記憶,10:myth_yori,1,,5500,369104,142357,90712,27703,,未実戦検証
勇者・記憶,11:myth_yori,1,,6000,390262,151309,96276,29003,,未実戦検証
勇者・記憶,12:myth_yori,1,,6500,411986,160501,101988,30302,,未実戦検証
勇者・記憶,13:myth_yori,1,,7000,430968,168532,106978,31603,,未実戦検証
勇者・記憶,14:myth_yori,1,,7500,447196,175397,111244,32901,,未実戦検証
勇者・記憶,15:myth_yori,1,,8000,463420,182262,115510,34200,,未実戦検証
勇者・記憶,16:myth_yori,1,,8500,479646,189126,119776,35500,,未実戦検証
勇者・記憶,17:myth_yori,1,,9000,495870,195991,124041,36799,,未実戦検証
勇者・記憶,18:myth_yori,1,,9500,512096,202858,128307,38100,,未実戦検証
勇者・記憶,19:myth_yori,1,,10000,528320,209722,132573,39398,,未実戦検証
勇者・記憶,0:myth_hide,1,,1000,188860,59586,40952,9745,,未実戦検証
勇者・記憶,1:myth_hide,1,,1000,188860,59586,40952,9745,,未実戦検証
勇者・記憶,2:myth_hide,1,,1500,230404,75672,51406,12326,,未実戦検証
勇者・記憶,3:myth_hide,1,,2000,273606,92401,62280,14962,,未実戦検証
勇者・記憶,4:myth_hide,1,,2500,293992,100296,67411,16121,,未実戦検証
勇者・記憶,5:myth_hide,1,,3000,314992,108427,72697,17297,,未実戦検証
勇者・記憶,6:myth_hide,1,,3500,336660,116817,78150,18497,,未実戦検証
勇者・記憶,7:myth_hide,1,,4000,358988,125463,83769,19717,,未実戦検証
勇者・記憶,8:myth_hide,1,,4500,381980,134365,89556,20961,,未実戦検証
勇者・記憶,9:myth_hide,1,,5000,405634,143525,95509,22225,,未実戦検証
勇者・記憶,10:myth_hide,1,,5500,429954,152940,101628,23470,,未実戦検証
勇者・記憶,11:myth_hide,1,,6000,454932,162613,107916,24557,,未実戦検証
勇者・記憶,12:myth_hide,1,,6500,480576,172544,114369,25644,,未実戦検証
勇者・記憶,13:myth_hide,1,,7000,502984,181220,120008,26731,,未実戦検証
勇者・記憶,14:myth_hide,1,,7500,522140,188637,124830,27817,,未実戦検証
勇者・記憶,15:myth_hide,1,,8000,541294,196053,129650,28904,,未実戦検証
勇者・記憶,16:myth_hide,1,,8500,560444,203469,134469,29992,,未実戦検証
勇者・記憶,17:myth_hide,1,,9000,579598,210887,139291,31079,,未実戦検証
勇者・記憶,18:myth_hide,1,,9500,598752,218303,144111,32166,,未実戦検証
勇者・記憶,19:myth_hide,1,,10000,617906,225720,148933,33253,,未実戦検証
勇者・記憶,0:myth_rion,1,,1000,178472,40058,39837,12828,,未実戦検証
勇者・記憶,1:myth_rion,1,,1000,178472,40058,39837,12828,,未実戦検証
勇者・記憶,2:myth_rion,1,,1500,216362,49239,49918,16446,,未実戦検証
勇者・記憶,3:myth_rion,1,,2000,255764,58788,60404,20142,,未実戦検証
勇者・記憶,4:myth_rion,1,,2500,274360,63294,65352,21765,,未実戦検証
勇者・記憶,5:myth_rion,1,,3000,293516,67936,70448,23415,,未実戦検証
勇者・記憶,6:myth_rion,1,,3500,313278,72723,75706,25096,,未実戦検証
勇者・記憶,7:myth_rion,1,,4000,333644,77659,81124,26806,,未実戦検証
勇者・記憶,8:myth_rion,1,,4500,354612,82740,86703,28549,,未実戦検証
勇者・記憶,9:myth_rion,1,,5000,376188,87968,92444,30321,,未実戦検証
勇者・記憶,10:myth_rion,1,,5500,398368,93342,98346,32065,,未実戦検証
勇者・記憶,11:myth_rion,1,,6000,421150,98864,104408,33588,,未実戦検証
勇者・記憶,12:myth_rion,1,,6500,444540,104532,110631,35114,,未実戦検証
勇者・記憶,13:myth_rion,1,,7000,464980,109484,116068,36637,,未実戦検証
勇者・記憶,14:myth_rion,1,,7500,482450,113718,120718,38160,,未実戦検証
勇者・記憶,15:myth_rion,1,,8000,499918,117951,125366,39685,,未実戦検証
勇者・記憶,16:myth_rion,1,,8500,517388,122184,130015,41209,,未実戦検証
勇者・記憶,17:myth_rion,1,,9000,534860,126416,134662,42732,,未実戦検証
勇者・記憶,18:myth_rion,1,,9500,552328,130649,139311,44257,,未実戦検証
勇者・記憶,19:myth_rion,1,,10000,569798,134882,143959,45780,,未実戦検証
