対象ID,モード,編成,種族ID,Lv,試行数,勝利数,勝率%,勝利時平均R,勝利時最大R,初手戦闘不能あり%,MPが0になった戦闘%,相乗効果平均発動数
campaign:1:boss,第一章,妖精 / 石翼魔ガルゴディア / ゴブリン呪術師 / 灰燼牙アッシュガルム,fairy / gargoyle / goblin_shaman / ash_hound,30,100,100,100,3.11,7,1,0,0
campaign:1:boss,第一章,水精 / ゴブリン兵 / 鬼火 / 刃カマキリ,water_spirit / goblin_guard / willowisp / mantis,30,100,100,100,3.31,4,0,0,0
campaign:1:boss,第一章,癒しキノコ / 古殻要塞ガニ / 珊瑚蛇コラルナーガ / 星盤オオグソク,healing_mushroom / stapler_crab / reef_serpent / compass_beetle,30,100,100,100,3.33,7,1,0,0
campaign:2:boss,第一章,癒しキノコ / 古殻要塞ガニ / 珊瑚蛇コラルナーガ / 星盤オオグソク,healing_mushroom / stapler_crab / reef_serpent / compass_beetle,60,100,100,100,4.83,11,0,0,0
campaign:2:boss,第一章,水精 / ゴブリン兵 / 鬼火 / 刃カマキリ,water_spirit / goblin_guard / willowisp / mantis,60,100,94,94,6.05,17,0,0,0
campaign:2:boss,第一章,水精 / 泥殻将グラブロス / 深淵壺イソギンチャク / 雷燐蛾ヴォルモルフォ,water_spirit / mud_crab / gluepot_mimic / spark_moth,60,100,94,94,8.28,28,0,0,0
campaign:3:boss,第一章,水精 / 鉄城亀フェルムトルタ / 珊瑚蛇コラルナーガ / 森厳猿グロウコング,water_spirit / iron_turtle / reef_serpent / forest_ape,90,100,100,100,3.1,5,0,0,0
campaign:3:boss,第一章,灯幽霊ルクスファントム / 苔王機モスゴリアス / 深淵壺イソギンチャク / 嵐告鴉テンペストクロウ,lantern_ghost / moss_golem / gluepot_mimic / storm_crow,90,100,99,99,3.53,9,0,0,0
campaign:3:boss,第一章,妖精 / 泥殻将グラブロス / マンドラゴラ / 星盤オオグソク,fairy / mud_crab / mandrake / compass_beetle,90,100,98,98,4.64,12,1,0,0
campaign:4:boss,第一章,灯幽霊ルクスファントム / 鉄城亀フェルムトルタ / 砂鉄蠍サンドレギオン / 断角猪ブレイドボア,lantern_ghost / iron_turtle / sand_scorpion / blade_boar,120,100,100,100,3.32,6,0,0,0
campaign:4:boss,第一章,霧海母ミストメドゥーサ / 苔王機モスゴリアス / 宵眼梟ノクティス / 晶針蜂クリスタヴェスパ,mist_jelly / moss_golem / dusk_owl / crystal_bee,120,100,99,99,3.23,7,0,0,0
campaign:4:boss,第一章,癒しキノコ / 泥殻将グラブロス / 深淵壺イソギンチャク / 嵐告鴉テンペストクロウ,healing_mushroom / mud_crab / gluepot_mimic / storm_crow,120,100,99,99,4.94,8,0,0,0
campaign:5:boss,第一章,幽光オバケクラゲ / 蒼冠王アズルメルム / 深淵魔導イカ / 鋏刃アビスロブスター,correction_ghost / king_slime / fountain_pen_mage / scissor_mantis,150,100,100,100,4.23,7,0,0,0
campaign:5:boss,第一章,霧海母ミストメドゥーサ / 苔王機モスゴリアス / 水門妖カワロウ / 紫電針獣,mist_jelly / moss_golem / river_kappa / storm_quill_boar,150,100,100,100,4.68,8,0,0,0
campaign:5:boss,第一章,癒しキノコ / 泥殻将グラブロス / 砂鉄蠍サンドレギオン / 銅機将カッパーレギス,healing_mushroom / mud_crab / sand_scorpion / copper_automaton,150,100,81,81,10.06,19,0,1,0
campaign:6:boss,第一章,水精 / 泥殻将グラブロス / 砂鉄蠍サンドレギオン / 翠嵐竜ヴァイゼル,water_spirit / mud_crab / sand_scorpion / wyvern,180,100,100,100,2.04,3,0,0,0
campaign:6:boss,第一章,聖環精ルミナリエ / 苔王機モスゴリアス / 水門妖カワロウ / 鋏刃アビスロブスター,angelic_orb / moss_golem / river_kappa / scissor_mantis,180,100,100,100,2.11,3,0,0,0
campaign:6:boss,第一章,蒼歌姫セイレーネ / 蒼冠王アズルメルム / 深淵魔導イカ / 雷迅鳥ヴォルトラプター,tide_siren / king_slime / fountain_pen_mage / thunder_raptor,180,100,100,100,3,3,0,0,0
campaign:7:boss,第一章,霧海母ミストメドゥーサ / 雷針カブト / 宵眼梟ノクティス / 極光鎌虫,mist_jelly / thunder_shell_beetle / dusk_owl / aurora_mantis,210,100,100,100,3.12,5,1,0,0
campaign:7:boss,第一章,灯幽霊ルクスファントム / 泥殻将グラブロス / 砂鉄蠍サンドレギオン / 紫電針獣,lantern_ghost / mud_crab / sand_scorpion / storm_quill_boar,210,100,100,100,3.17,5,2,0,0
campaign:7:boss,第一章,蒼歌姫セイレーネ / 根城兵ルートバスティオン / 冥哭霊ネクロシア / 雷迅鳥ヴォルトラプター,tide_siren / root_guard / wraith / thunder_raptor,210,100,100,100,3.47,7,3,0,0
campaign:8:boss,第一章,霧海母ミストメドゥーサ / 苔王機モスゴリアス / 宵眼梟ノクティス / 鋏刃アビスロブスター,mist_jelly / moss_golem / dusk_owl / scissor_mantis,240,100,100,100,3.09,5,0,0,0
campaign:8:boss,第一章,聖環精ルミナリエ / 根城兵ルートバスティオン / 焔妖狐イグナレナード / 炎冠獅レオイグニス,angelic_orb / root_guard / ember_fox / flame_lion,240,100,100,100,3.19,6,0,0,0
campaign:8:boss,第一章,蒼歌姫セイレーネ / 鉄角王ミノスフェルム / 冥哭霊ネクロシア / 翡翠刃ジェイドリーパー,tide_siren / iron_minotaur / wraith / jade_mantis,240,100,100,100,3.31,6,0,0,0
campaign:9:boss,第一章,葬列司祭ネクロビショップ / 鉄角王ミノスフェルム / 深淵魔導イカ / 翡翠刃ジェイドリーパー,grave_bishop / iron_minotaur / fountain_pen_mage / jade_mantis,270,100,99,99,9.64,15,0,0,0
campaign:9:boss,第一章,天角聖鹿セレススタッグ / 溶界亀マグナトルタ / 夢蝕獣モルフェイーター / 雪影豹ニヴァルパルド,sky_stag / lava_tortoise / dream_eater / snow_leopard,270,100,97,97,5.96,8,0,1,0
campaign:9:boss,第一章,蒼歌姫セイレーネ / 蒼冠王アズルメルム / 冥哭霊ネクロシア / 雷迅鳥ヴォルトラプター,tide_siren / king_slime / wraith / thunder_raptor,270,100,73,73,10.36,18,0,0,0
campaign:10:abyss_gluttony,第一章,幽光オバケクラゲ / 鉄角王ミノスフェルム / 冥哭霊ネクロシア / 炎冠獅レオイグニス,correction_ghost / iron_minotaur / wraith / flame_lion,300,100,100,100,6,10,0,0,0
campaign:10:abyss_gluttony,第一章,霧海母ミストメドゥーサ / 根城兵ルートバスティオン / 焔妖狐イグナレナード / 極光鎌虫,mist_jelly / root_guard / ember_fox / aurora_mantis,300,100,100,100,7.27,12,3,0,0
campaign:10:abyss_gluttony,第一章,葬列司祭ネクロビショップ / 魔紋巨兵ルーンゴリアス / 夢蝕獣モルフェイーター / 翡翠刃ジェイドリーパー,grave_bishop / rune_golem / dream_eater / jade_mantis,300,100,88,88,10.23,21,0,0,0
campaign:11:boss,第一章,天角聖鹿セレススタッグ / 黒葬騎ディアブロス / 深海サルパ百鬼夜行 / 禁海の断頭魚,sky_stag / dark_knight / pencilcase_parade / forbidden_paper_cutter,330,100,100,100,1.03,2,0,0,0
campaign:11:boss,第一章,葬列司祭ネクロビショップ / 薔薇葬騎ローゼンヴァイス / 雷衣術師エレノア / 深海龍ネレイド,grave_bishop / rose_knight / volt_veil_arcanist / chalkboard_dragon,330,100,100,100,1.04,2,0,0,0
campaign:11:boss,第一章,蒼歌姫セイレーネ / 魔紋巨兵ルーンゴリアス / 氷獄竜グレイシオン / 紅蓮竜ドラグニール,tide_siren / rune_golem / frost_dragon / dragon,330,100,100,100,1.1,2,0,0,0
campaign:12:boss,第一章,天角聖鹿セレススタッグ / 黒葬騎ディアブロス / 深海サルパ百鬼夜行 / 禁海の断頭魚,sky_stag / dark_knight / pencilcase_parade / forbidden_paper_cutter,360,100,100,100,1,1,0,0,0
campaign:12:boss,第一章,聖環精ルミナリエ / 溶界亀マグナトルタ / 海魔眼バシリオス / 骨縫獣キメラモルド,angelic_orb / lava_tortoise / sea_basilisk / bone_chimera,360,100,100,100,1.01,2,0,0,0
campaign:12:boss,第一章,葬列司祭ネクロビショップ / 熔甲王マグマスカラベ / 雷衣術師エレノア / 深海龍ネレイド,grave_bishop / magma_beetle / volt_veil_arcanist / chalkboard_dragon,360,100,100,100,1.05,2,0,0,0
campaign:13:boss,第一章,幽光オバケクラゲ / 溶界亀マグナトルタ / 嵐魔公ジンテンペスタ / 骨縫獣キメラモルド,correction_ghost / lava_tortoise / storm_djinn / bone_chimera,390,100,100,100,2.21,3,0,0,0
campaign:13:boss,第一章,天角聖鹿セレススタッグ / 熔甲王マグマスカラベ / 雷衣術師エレノア / 深海龍ネレイド,sky_stag / magma_beetle / volt_veil_arcanist / chalkboard_dragon,390,100,100,100,2.4,3,0,0,0
campaign:13:boss,第一章,氷樹姫ニヴルドリアード / 黒葬騎ディアブロス / 深海サルパ百鬼夜行 / 禁海の断頭魚,frost_dryad / dark_knight / pencilcase_parade / forbidden_paper_cutter,390,100,100,100,2.98,3,0,0,0
campaign:14:boss,第一章,氷樹姫ニヴルドリアード / 熔甲王マグマスカラベ / 雷衣術師エレノア / 深海龍ネレイド,frost_dryad / magma_beetle / volt_veil_arcanist / chalkboard_dragon,420,100,100,100,1,1,1,0,0
campaign:14:boss,第一章,日輪聖女ソラリア / 黒葬騎ディアブロス / 深海サルパ百鬼夜行 / 禁海の断頭魚,sun_priestess / dark_knight / pencilcase_parade / forbidden_paper_cutter,420,100,100,100,1.01,2,1,0,0
campaign:14:boss,第一章,幽光オバケクラゲ / 鉄角王ミノスフェルム / 嵐魔公ジンテンペスタ / 骨縫獣キメラモルド,correction_ghost / iron_minotaur / storm_djinn / bone_chimera,420,100,100,100,1.36,2,1,0,0
campaign:15:boss,第一章,日輪聖女ソラリア / 黒葬騎ディアブロス / 深海サルパ百鬼夜行 / 煉獄番犬ケルベロスイグナ,sun_priestess / dark_knight / pencilcase_parade / inferno_cerberus,450,100,100,100,1.07,2,0,0,0
campaign:15:boss,第一章,氷樹姫ニヴルドリアード / 熔甲王マグマスカラベ / 雷衣術師エレノア / 禁海の断頭魚,frost_dryad / magma_beetle / volt_veil_arcanist / forbidden_paper_cutter,450,100,100,100,1.07,2,0,0,0
campaign:15:boss,第一章,葬列司祭ネクロビショップ / 魔紋巨兵ルーンゴリアス / 深海魔皇オクトクラーケン / 紅蓮竜ドラグニール,grave_bishop / rune_golem / deep_octopus / dragon,450,100,100,100,2.03,3,0,0,0
campaign:16:boss,第一章,日輪聖女ソラリア / 海嘯幼竜リヴァイアス / 深海サルパ百鬼夜行 / 煉獄番犬ケルベロスイグナ,sun_priestess / leviathan_spawn / pencilcase_parade / inferno_cerberus,480,100,100,100,1,1,0,0,0
campaign:16:boss,第一章,氷樹姫ニヴルドリアード / 黒葬騎ディアブロス / 雷衣術師エレノア / 禁海の断頭魚,frost_dryad / dark_knight / volt_veil_arcanist / forbidden_paper_cutter,480,100,100,100,1.02,2,0,0,0
campaign:16:boss,第一章,天角聖鹿セレススタッグ / 熔甲王マグマスカラベ / 氷獄竜グレイシオン / 深海龍ネレイド,sky_stag / magma_beetle / frost_dragon / chalkboard_dragon,480,100,100,100,1.05,2,0,0,0
campaign:17:boss,第一章,氷樹姫ニヴルドリアード / 黒葬騎ディアブロス / 雷衣術師エレノア / 雷鳴不死鳥フェニクスヴォルト,frost_dryad / dark_knight / volt_veil_arcanist / storm_phoenix,510,100,100,100,2.01,3,0,0,0
campaign:17:boss,第一章,蒼歌姫セイレーネ / 魔紋巨兵ルーンゴリアス / 機巧賢者クロノマギア / 深海龍ネレイド,tide_siren / rune_golem / clockwork_mage / chalkboard_dragon,510,100,100,100,2.02,3,0,0,0
campaign:17:boss,第一章,幽光オバケクラゲ / 溶界亀マグナトルタ / 嵐魔公ジンテンペスタ / 紅蓮竜ドラグニール,correction_ghost / lava_tortoise / storm_djinn / dragon,510,100,100,100,2.07,3,1,0,0
campaign:18:boss,第一章,氷樹姫ニヴルドリアード / 海嘯幼竜リヴァイアス / 雷衣術師エレノア / 雷鳴不死鳥フェニクスヴォルト,frost_dryad / leviathan_spawn / volt_veil_arcanist / storm_phoenix,540,100,100,100,2.91,4,0,0,0
campaign:18:boss,第一章,蒼歌姫セイレーネ / 薔薇葬騎ローゼンヴァイス / 機巧賢者クロノマギア / 深海龍ネレイド,tide_siren / rose_knight / clockwork_mage / chalkboard_dragon,540,100,100,100,3.03,4,0,0,0
campaign:18:boss,第一章,日輪聖女ソラリア / 世界樹護王ユグドガルド / 深海サルパ百鬼夜行 / 冥淵死神アビスモルテ,sun_priestess / world_tree_guardian / pencilcase_parade / abyss_reaper,540,100,100,100,3.16,7,0,0,0
campaign:19:boss,第一章,葬列司祭ネクロビショップ / 黒葬騎ディアブロス / 深海魔皇オクトクラーケン / 煉獄番犬ケルベロスイグナ,grave_bishop / dark_knight / deep_octopus / inferno_cerberus,570,100,100,100,1.11,2,0,0,0
campaign:19:boss,第一章,蒼歌姫セイレーネ / 熔甲王マグマスカラベ / 機巧賢者クロノマギア / 禁海の断頭魚,tide_siren / magma_beetle / clockwork_mage / forbidden_paper_cutter,570,100,100,100,1.16,2,0,0,0
campaign:19:boss,第一章,日輪聖女ソラリア / 金剛神機アダマント / 深海サルパ百鬼夜行 / 月影戦姫ヴァルキュリア,sun_priestess / adamant_golem / pencilcase_parade / moon_valkyrie,570,100,100,100,1.36,2,0,0,0
campaign:20:abyss_wrath,第一章,蒼歌姫セイレーネ / 熔甲王マグマスカラベ / 深海魔皇オクトクラーケン / 禁海の断頭魚,tide_siren / magma_beetle / deep_octopus / forbidden_paper_cutter,600,100,100,100,2.31,4,8,0,0
campaign:20:abyss_wrath,第一章,氷樹姫ニヴルドリアード / 世界樹護王ユグドガルド / 深海サルパ百鬼夜行 / 冥淵死神アビスモルテ,frost_dryad / world_tree_guardian / pencilcase_parade / abyss_reaper,600,100,100,100,3.12,13,1,0,0
campaign:20:abyss_wrath,第一章,幽光オバケクラゲ / 薔薇葬騎ローゼンヴァイス / 機巧賢者クロノマギア / 深海龍ネレイド,correction_ghost / rose_knight / clockwork_mage / chalkboard_dragon,600,100,99,99,2.05,3,30,0,0
campaign:21:boss,第一章,天角聖鹿セレススタッグ / 海嘯幼竜リヴァイアス / 雷衣術師エレノア / 冥淵死神アビスモルテ,sky_stag / leviathan_spawn / volt_veil_arcanist / abyss_reaper,630,100,100,100,1.03,2,0,0,0
campaign:21:boss,第一章,氷樹姫ニヴルドリアード / 世界樹護王ユグドガルド / 深海サルパ百鬼夜行 / 月影戦姫ヴァルキュリア,frost_dryad / world_tree_guardian / pencilcase_parade / moon_valkyrie,630,100,100,100,1.33,2,0,0,0
campaign:21:boss,第一章,日輪聖女ソラリア / 金剛神機アダマント / 九天妖狐クズノハ / 海魔騎クラーケンロード,sun_priestess / adamant_golem / nine_tail_fox / kraken_knight,630,100,100,100,1.34,2,0,0,0
campaign:22:boss,第一章,天角聖鹿セレススタッグ / 海嘯幼竜リヴァイアス / 雷衣術師エレノア / 海魔騎クラーケンロード,sky_stag / leviathan_spawn / volt_veil_arcanist / kraken_knight,660,100,100,100,1.01,2,0,0,0
campaign:22:boss,第一章,氷樹姫ニヴルドリアード / 世界樹護王ユグドガルド / 深海サルパ百鬼夜行 / 雷帝獣ヴァジュラ,frost_dryad / world_tree_guardian / pencilcase_parade / thunder_emperor,660,100,100,100,1.05,2,0,0,0
campaign:22:boss,第一章,幽光オバケクラゲ / 薔薇葬騎ローゼンヴァイス / 機巧賢者クロノマギア / 雷鳴不死鳥フェニクスヴォルト,correction_ghost / rose_knight / clockwork_mage / storm_phoenix,660,100,100,100,1.19,2,0,0,0
campaign:23:boss,第一章,氷樹姫ニヴルドリアード / 海嘯幼竜リヴァイアス / 雷衣術師エレノア / 海魔騎クラーケンロード,frost_dryad / leviathan_spawn / volt_veil_arcanist / kraken_knight,690,100,100,100,1.41,3,0,0,0
campaign:23:boss,第一章,日輪聖女ソラリア / 世界樹護王ユグドガルド / 深海サルパ百鬼夜行 / 雷帝獣ヴァジュラ,sun_priestess / world_tree_guardian / pencilcase_parade / thunder_emperor,690,100,100,100,1.62,4,0,0,0
campaign:23:boss,第一章,極光聖獣アウロラ / 金剛神機アダマント / 九天妖狐クズノハ / 虚無刃ヴォイドリーパー,aurora_unicorn / adamant_golem / nine_tail_fox / void_mantis,690,100,100,100,2.21,3,0,0,0
campaign:24:boss,第一章,氷樹姫ニヴルドリアード / 海嘯幼竜リヴァイアス / 深海サルパ百鬼夜行 / 雷帝獣ヴァジュラ,frost_dryad / leviathan_spawn / pencilcase_parade / thunder_emperor,720,100,100,100,1.01,2,0,0,0
campaign:24:boss,第一章,天角聖鹿セレススタッグ / 黒葬騎ディアブロス / 雷衣術師エレノア / 海魔騎クラーケンロード,sky_stag / dark_knight / volt_veil_arcanist / kraken_knight,720,100,100,100,1.01,2,1,0,0
campaign:24:boss,第一章,日輪聖女ソラリア / 世界樹護王ユグドガルド / 九天妖狐クズノハ / 虚無刃ヴォイドリーパー,sun_priestess / world_tree_guardian / nine_tail_fox / void_mantis,720,100,100,100,1.13,2,2,0,0
campaign:25:boss,第一章,天角聖鹿セレススタッグ / 海嘯幼竜リヴァイアス / 雷衣術師エレノア / 海魔騎クラーケンロード,sky_stag / leviathan_spawn / volt_veil_arcanist / kraken_knight,750,100,100,100,1.01,2,0,0,0
campaign:25:boss,第一章,氷樹姫ニヴルドリアード / 世界樹護王ユグドガルド / 深海サルパ百鬼夜行 / 雷帝獣ヴァジュラ,frost_dryad / world_tree_guardian / pencilcase_parade / thunder_emperor,750,100,100,100,1.04,2,0,0,0
campaign:25:boss,第一章,極光聖獣アウロラ / 地殻巨神テラコロッサス / 疫界竜ペスティドラ / 天颶鳥ガルーダテンペスト,aurora_unicorn / earth_colossus / plague_dragon / cyclone_garuda,750,100,100,100,2.1,3,0,0,0
campaign:26:boss,第一章,葬列司祭ネクロビショップ / 黒葬騎ディアブロス / 雷衣術師エレノア / 海魔騎クラーケンロード,grave_bishop / dark_knight / volt_veil_arcanist / kraken_knight,780,100,100,100,2.71,4,0,0,0
campaign:26:boss,第一章,日輪聖女ソラリア / 金剛神機アダマント / 疫界竜ペスティドラ / 天颶鳥ガルーダテンペスト,sun_priestess / adamant_golem / plague_dragon / cyclone_garuda,780,100,100,100,2.96,4,0,0,0
campaign:26:boss,第一章,極光聖獣アウロラ / 地殻巨神テラコロッサス / 日輪賢獣ソルスフィンクス / 血月侯ヴラドノクス,aurora_unicorn / earth_colossus / solar_sphinx / blood_count,780,100,100,100,3.14,4,0,0,0
campaign:27:boss,第一章,天角聖鹿セレススタッグ / 海嘯幼竜リヴァイアス / 九天妖狐クズノハ / 雷帝獣ヴァジュラ,sky_stag / leviathan_spawn / nine_tail_fox / thunder_emperor,810,100,100,100,2.02,3,0,0,0
campaign:27:boss,第一章,極光聖獣アウロラ / 地殻巨神テラコロッサス / 氷界女帝グラシエラ / 血月侯ヴラドノクス,aurora_unicorn / earth_colossus / glacier_queen / blood_count,810,100,100,100,2.06,3,0,0,0
campaign:27:boss,第一章,蒼歌姫セイレーネ / 熔甲王マグマスカラベ / 雷衣術師エレノア / 月影戦姫ヴァルキュリア,tide_siren / magma_beetle / volt_veil_arcanist / moon_valkyrie,810,100,100,100,2.31,4,2,0,0
campaign:28:boss,第一章,日輪聖女ソラリア / 金剛神機アダマント / 日輪賢獣ソルスフィンクス / 血月侯ヴラドノクス,sun_priestess / adamant_golem / solar_sphinx / blood_count,840,100,100,100,1,1,0,0,0
campaign:28:boss,第一章,氷樹姫ニヴルドリアード / 世界樹護王ユグドガルド / 疫界竜ペスティドラ / 天颶鳥ガルーダテンペスト,frost_dryad / world_tree_guardian / plague_dragon / cyclone_garuda,840,100,100,100,1.01,2,0,0,0
campaign:28:boss,第一章,極光聖獣アウロラ / 地殻巨神テラコロッサス / 氷界女帝グラシエラ / 爆界巨神ヴォルカノス,aurora_unicorn / earth_colossus / glacier_queen / volcano_titan,840,100,100,100,1.02,3,0,0,0
campaign:29:boss,第一章,葬列司祭ネクロビショップ / 熔甲王マグマスカラベ / 深海サルパ百鬼夜行 / 海魔騎クラーケンロード,grave_bishop / magma_beetle / pencilcase_parade / kraken_knight,870,100,100,100,2.15,3,0,0,0
campaign:29:boss,第一章,氷樹姫ニヴルドリアード / 海嘯幼竜リヴァイアス / 疫界竜ペスティドラ / 虚無刃ヴォイドリーパー,frost_dryad / leviathan_spawn / plague_dragon / void_mantis,870,100,100,100,2.22,4,1,0,0
campaign:29:boss,第一章,極光聖獣アウロラ / 金剛神機アダマント / 氷界女帝グラシエラ / 血月侯ヴラドノクス,aurora_unicorn / adamant_golem / glacier_queen / blood_count,870,100,100,100,3.53,5,0,0,0
campaign:30:abyss_envy,第一章,葬列司祭ネクロビショップ / 熔甲王マグマスカラベ / 深海サルパ百鬼夜行 / 雷帝獣ヴァジュラ,grave_bishop / magma_beetle / pencilcase_parade / thunder_emperor,900,100,100,100,1.53,3,5,0,0
campaign:30:abyss_envy,第一章,日輪聖女ソラリア / 世界樹護王ユグドガルド / 日輪賢獣ソルスフィンクス / 血月侯ヴラドノクス,sun_priestess / world_tree_guardian / solar_sphinx / blood_count,900,100,100,100,2.5,4,1,0,0
campaign:30:abyss_envy,第一章,極光聖獣アウロラ / 金剛神機アダマント / 氷界女帝グラシエラ / 爆界巨神ヴォルカノス,aurora_unicorn / adamant_golem / glacier_queen / volcano_titan,900,100,100,100,2.81,4,0,0,0
campaign:31:boss,第一章,極光聖獣アウロラ / 金剛神機アダマント / 氷界女帝グラシエラ / 戦慄騎ケンタウロス,aurora_unicorn / adamant_golem / glacier_queen / dread_centaur,930,100,100,100,1,1,0,0,0
campaign:31:boss,第一章,神託梟オラクルノクス / 地殻巨神テラコロッサス / 冥炎蝶ヘルモルフォ / 星辰機神アステリオン,oracle_owl / earth_colossus / hell_butterfly / star_automaton,930,100,100,100,1.01,2,0,0,0
campaign:31:boss,第一章,日輪聖女ソラリア / 世界樹護王ユグドガルド / 日輪賢獣ソルスフィンクス / 翠命竜エメラルディア,sun_priestess / world_tree_guardian / solar_sphinx / jade_dragon,930,100,100,100,1.01,2,0,0,0
campaign:32:boss,第一章,極光聖獣アウロラ / 地殻巨神テラコロッサス / 冥炎蝶ヘルモルフォ / 星辰機神アステリオン,aurora_unicorn / earth_colossus / hell_butterfly / star_automaton,960,100,100,100,1,1,0,0,0
campaign:32:boss,第一章,日輪聖女ソラリア / 金剛神機アダマント / 氷界女帝グラシエラ / 戦慄騎ケンタウロス,sun_priestess / adamant_golem / glacier_queen / dread_centaur,960,100,100,100,1,1,0,0,0
campaign:32:boss,第一章,神託梟オラクルノクス / 凍鏡騎士グラシエル / 天嵐蛇王テンペストナーガ / 天雷牙獣ライガルム,oracle_owl / frozen_mirror_knight / tempest_serpent / stormfang_behemoth,960,100,100,100,1.01,2,0,0,0
campaign:33:boss,第一章,極光聖獣アウロラ / 天穹鯨セレスティア / 冥炎蝶ヘルモルフォ / 星辰機神アステリオン,aurora_unicorn / celestial_whale / hell_butterfly / star_automaton,990,100,100,100,1.01,2,0,0,0
campaign:33:boss,第一章,日輪聖女ソラリア / 地殻巨神テラコロッサス / 氷界女帝グラシエラ / 戦慄騎ケンタウロス,sun_priestess / earth_colossus / glacier_queen / dread_centaur,990,100,100,100,1.01,2,0,0,0
campaign:33:boss,第一章,神託梟オラクルノクス / 凍鏡騎士グラシエル / 天嵐蛇王テンペストナーガ / 天雷牙獣ライガルム,oracle_owl / frozen_mirror_knight / tempest_serpent / stormfang_behemoth,990,100,100,100,1.08,2,0,0,0
campaign:34:boss,第一章,神託梟オラクルノクス / 凍鏡騎士グラシエル / 天嵐蛇王テンペストナーガ / 終刻狼ラグナロク,oracle_owl / frozen_mirror_knight / tempest_serpent / ragnarok_wolf,1020,100,100,100,1,1,0,0,0
campaign:34:boss,第一章,日輪聖女ソラリア / 地殻巨神テラコロッサス / 氷界女帝グラシエラ / 星辰機神アステリオン,sun_priestess / earth_colossus / glacier_queen / star_automaton,1020,100,100,100,1.01,2,0,0,0
campaign:34:boss,第一章,氷樹姫ニヴルドリアード / 金剛神機アダマント / 日輪賢獣ソルスフィンクス / 戦慄騎ケンタウロス,frost_dryad / adamant_golem / solar_sphinx / dread_centaur,1020,100,100,100,1.02,2,0,0,0
campaign:35:boss,第一章,神託梟オラクルノクス / 凍鏡騎士グラシエル / 天嵐蛇王テンペストナーガ / 創界粘神ジェネシス,oracle_owl / frozen_mirror_knight / tempest_serpent / genesis_slime,1050,100,100,100,1.02,2,0,0,0
campaign:35:boss,第一章,氷樹姫ニヴルドリアード / 金剛神機アダマント / 日輪賢獣ソルスフィンクス / 星辰機神アステリオン,frost_dryad / adamant_golem / solar_sphinx / star_automaton,1050,100,100,100,1.08,2,0,0,0
campaign:35:boss,第一章,極光聖獣アウロラ / 天穹鯨セレスティア / 冥炎蝶ヘルモルフォ / 終刻狼ラグナロク,aurora_unicorn / celestial_whale / hell_butterfly / ragnarok_wolf,1050,100,100,100,1.09,2,0,0,0
campaign:36:boss,第一章,神託梟オラクルノクス / 凍鏡騎士グラシエル / 冥毒九頭竜ヒュドラ / 創界粘神ジェネシス,oracle_owl / frozen_mirror_knight / abyssal_hydra / genesis_slime,1080,100,100,100,1.12,2,0,0,0
campaign:36:boss,第一章,氷樹姫ニヴルドリアード / 金剛神機アダマント / 氷界女帝グラシエラ / 星辰機神アステリオン,frost_dryad / adamant_golem / glacier_queen / star_automaton,1080,100,100,100,1.13,2,0,0,0
campaign:36:boss,第一章,極光聖獣アウロラ / 天穹鯨セレスティア / 天嵐蛇王テンペストナーガ / 終刻狼ラグナロク,aurora_unicorn / celestial_whale / tempest_serpent / ragnarok_wolf,1080,100,100,100,1.27,2,0,0,0
campaign:37:boss,第一章,熾天聖セラフィエル / 凍鏡騎士グラシエル / 冥毒九頭竜ヒュドラ / 創界粘神ジェネシス,seraphim / frozen_mirror_knight / abyssal_hydra / genesis_slime,1110,100,100,100,1.02,2,0,0,0
campaign:37:boss,第一章,神託梟オラクルノクス / 天穹鯨セレスティア / 天嵐蛇王テンペストナーガ / 終刻狼ラグナロク,oracle_owl / celestial_whale / tempest_serpent / ragnarok_wolf,1110,100,100,100,1.03,2,0,0,0
campaign:37:boss,第一章,日輪聖女ソラリア / 金剛神機アダマント / 氷界女帝グラシエラ / 星辰機神アステリオン,sun_priestess / adamant_golem / glacier_queen / star_automaton,1110,100,100,100,1.06,2,0,0,0
campaign:38:boss,第一章,熾天聖セラフィエル / 凍鏡騎士グラシエル / 冥毒九頭竜ヒュドラ / 魔皇ディアボロス,seraphim / frozen_mirror_knight / abyssal_hydra / demon_lord,1140,100,100,100,1.01,2,0,0,0
campaign:38:boss,第一章,天角聖鹿セレススタッグ / 海嘯幼竜リヴァイアス / 疫界竜ペスティドラ / 戦慄騎ケンタウロス,sky_stag / leviathan_spawn / plague_dragon / dread_centaur,1140,100,100,100,1.06,2,0,0,0
campaign:38:boss,第一章,極光聖獣アウロラ / 地殻巨神テラコロッサス / 冥炎蝶ヘルモルフォ / 終刻狼ラグナロク,aurora_unicorn / earth_colossus / hell_butterfly / ragnarok_wolf,1140,100,100,100,1.98,2,0,0,0
campaign:39:boss,第一章,熾天聖セラフィエル / 凍鏡騎士グラシエル / 海皇姫ネレイディア / 魔皇ディアボロス,seraphim / frozen_mirror_knight / sea_empress / demon_lord,1170,100,100,100,2.29,3,0,0,0
campaign:39:boss,第一章,神託梟オラクルノクス / 天穹鯨セレスティア / 冥毒九頭竜ヒュドラ / 創界粘神ジェネシス,oracle_owl / celestial_whale / abyssal_hydra / genesis_slime,1170,100,100,100,2.39,4,0,0,0
campaign:39:boss,第一章,天角聖鹿セレススタッグ / 海嘯幼竜リヴァイアス / 日輪賢獣ソルスフィンクス / 戦慄騎ケンタウロス,sky_stag / leviathan_spawn / solar_sphinx / dread_centaur,1170,100,100,100,4.6,7,0,0,0
campaign:40:abyss_sloth,第一章,神託梟オラクルノクス / 天穹鯨セレスティア / 冥毒九頭竜ヒュドラ / 魔皇ディアボロス,oracle_owl / celestial_whale / abyssal_hydra / demon_lord,1200,100,100,100,2,2,0,0,0
campaign:40:abyss_sloth,第一章,極光聖獣アウロラ / 地殻巨神テラコロッサス / 天嵐蛇王テンペストナーガ / 創界粘神ジェネシス,aurora_unicorn / earth_colossus / tempest_serpent / genesis_slime,1200,100,100,100,2.27,4,0,0,0
campaign:40:abyss_sloth,第一章,熾天聖セラフィエル / 凍鏡騎士グラシエル / 海皇姫ネレイディア / 雷霆麒麟ヴァジュラン,seraphim / frozen_mirror_knight / sea_empress / thunder_kirin,1200,100,100,100,2.45,3,0,0,0
campaign:41:boss,第一章,刻律機クロノギア / 凍鏡騎士グラシエル / 海皇姫ネレイディア / 雷霆麒麟ヴァジュラン,time_keeper / frozen_mirror_knight / sea_empress / thunder_kirin,1230,100,100,100,1,1,0,0,0
campaign:41:boss,第一章,熾天聖セラフィエル / 天穹鯨セレスティア / 冥毒九頭竜ヒュドラ / 魔皇ディアボロス,seraphim / celestial_whale / abyssal_hydra / demon_lord,1230,100,100,100,1,1,0,0,0
campaign:41:boss,第一章,神託梟オラクルノクス / 地殻巨神テラコロッサス / 天嵐蛇王テンペストナーガ / 創界粘神ジェネシス,oracle_owl / earth_colossus / tempest_serpent / genesis_slime,1230,100,100,100,1,1,0,0,0
campaign:42:boss,第一章,刻律機クロノギア / 凍鏡騎士グラシエル / 海皇姫ネレイディア / 蝕界竜エクリプシア,time_keeper / frozen_mirror_knight / sea_empress / eclipse_dragon,1260,100,100,100,1,1,0,0,0
campaign:42:boss,第一章,熾天聖セラフィエル / 天穹鯨セレスティア / 冥毒九頭竜ヒュドラ / 雷霆麒麟ヴァジュラン,seraphim / celestial_whale / abyssal_hydra / thunder_kirin,1260,100,100,100,1,1,0,0,0
campaign:42:boss,第一章,神託梟オラクルノクス / 地殻巨神テラコロッサス / 天嵐蛇王テンペストナーガ / 魔皇ディアボロス,oracle_owl / earth_colossus / tempest_serpent / demon_lord,1260,100,100,100,1,1,0,0,0
campaign:43:boss,第一章,刻律機クロノギア / 翠嶺巨獣ベヒモルド / 海皇姫ネレイディア / 蝕界竜エクリプシア,time_keeper / emerald_behemoth / sea_empress / eclipse_dragon,1290,100,100,100,1,1,0,0,0
campaign:43:boss,第一章,神託梟オラクルノクス / 天穹鯨セレスティア / 天嵐蛇王テンペストナーガ / 魔皇ディアボロス,oracle_owl / celestial_whale / tempest_serpent / demon_lord,1290,100,100,100,1,1,0,0,0
campaign:43:boss,第一章,熾天聖セラフィエル / 凍鏡騎士グラシエル / 冥毒九頭竜ヒュドラ / 雷霆麒麟ヴァジュラン,seraphim / frozen_mirror_knight / abyssal_hydra / thunder_kirin,1290,100,100,100,1.01,2,0,0,0
campaign:44:boss,第一章,刻律機クロノギア / 翠嶺巨獣ベヒモルド / 海皇姫ネレイディア / 氷獄狼フェンリシア,time_keeper / emerald_behemoth / sea_empress / frost_fenrir,1320,100,100,100,1,1,0,0,0
campaign:44:boss,第一章,熾天聖セラフィエル / 凍鏡騎士グラシエル / 冥毒九頭竜ヒュドラ / 蝕界竜エクリプシア,seraphim / frozen_mirror_knight / abyssal_hydra / eclipse_dragon,1320,100,100,100,1,1,0,0,0
campaign:44:boss,第一章,神託梟オラクルノクス / 天穹鯨セレスティア / 天嵐蛇王テンペストナーガ / 雷霆麒麟ヴァジュラン,oracle_owl / celestial_whale / tempest_serpent / thunder_kirin,1320,100,100,100,1,1,0,0,0
campaign:45:boss,第一章,刻律機クロノギア / 翠嶺巨獣ベヒモルド / 海皇姫ネレイディア / 氷獄狼フェンリシア,time_keeper / emerald_behemoth / sea_empress / frost_fenrir,1350,100,100,100,1.01,2,0,0,0
campaign:45:boss,第一章,極光聖獣アウロラ / 地殻巨神テラコロッサス / 冥炎蝶ヘルモルフォ / 魔皇ディアボロス,aurora_unicorn / earth_colossus / hell_butterfly / demon_lord,1350,100,100,100,1.02,2,0,0,0
campaign:45:boss,第一章,神託梟オラクルノクス / 天穹鯨セレスティア / 天嵐蛇王テンペストナーガ / 雷霆麒麟ヴァジュラン,oracle_owl / celestial_whale / tempest_serpent / thunder_kirin,1350,100,100,100,1.06,2,0,0,0
campaign:46:boss,第一章,天翔聖馬ペガシエル / 翠嶺巨獣ベヒモルド / 海皇姫ネレイディア / 氷獄狼フェンリシア,celestial_pegasus / emerald_behemoth / sea_empress / frost_fenrir,1380,100,100,100,1.01,2,0,0,0
campaign:46:boss,第一章,刻律機クロノギア / 凍鏡騎士グラシエル / 冥毒九頭竜ヒュドラ / 蝕界竜エクリプシア,time_keeper / frozen_mirror_knight / abyssal_hydra / eclipse_dragon,1380,100,100,100,1.03,2,0,0,0
campaign:46:boss,第一章,熾天聖セラフィエル / 天穹鯨セレスティア / 天嵐蛇王テンペストナーガ / 雷霆麒麟ヴァジュラン,seraphim / celestial_whale / tempest_serpent / thunder_kirin,1380,100,100,100,1.04,2,0,0,0
campaign:47:boss,第一章,天翔聖馬ペガシエル / 翠嶺巨獣ベヒモルド / 海皇姫ネレイディア / 冥府皇ハデスノクス,celestial_pegasus / emerald_behemoth / sea_empress / underworld_king,1410,100,100,100,1.01,2,0,0,0
campaign:47:boss,第一章,刻律機クロノギア / 凍鏡騎士グラシエル / 冥毒九頭竜ヒュドラ / 氷獄狼フェンリシア,time_keeper / frozen_mirror_knight / abyssal_hydra / frost_fenrir,1410,100,100,100,1.01,2,0,0,0
campaign:47:boss,第一章,熾天聖セラフィエル / 天穹鯨セレスティア / 天嵐蛇王テンペストナーガ / 蝕界竜エクリプシア,seraphim / celestial_whale / tempest_serpent / eclipse_dragon,1410,100,100,100,1.02,2,0,0,0
campaign:48:boss,第一章,刻律機クロノギア / 翠嶺巨獣ベヒモルド / 冥毒九頭竜ヒュドラ / 氷獄狼フェンリシア,time_keeper / emerald_behemoth / abyssal_hydra / frost_fenrir,1440,100,100,100,1,1,0,0,0
campaign:48:boss,第一章,熾天聖セラフィエル / 凍鏡騎士グラシエル / 天嵐蛇王テンペストナーガ / 蝕界竜エクリプシア,seraphim / frozen_mirror_knight / tempest_serpent / eclipse_dragon,1440,100,100,100,1.01,2,0,0,0
campaign:48:boss,第一章,天翔聖馬ペガシエル / 雷装機神デウスマキナ / 海皇姫ネレイディア / 冥府皇ハデスノクス,celestial_pegasus / mechanical_deity / sea_empress / underworld_king,1440,100,100,100,1.03,2,0,0,0
campaign:49:boss,第一章,天翔聖馬ペガシエル / 雷装機神デウスマキナ / 蠱毒女帝ヴェネフィカ / 冥府皇ハデスノクス,celestial_pegasus / mechanical_deity / poison_queen / underworld_king,1470,100,100,100,1.25,2,0,0,0
campaign:49:boss,第一章,神託梟オラクルノクス / 天穹鯨セレスティア / 天嵐蛇王テンペストナーガ / 雷霆麒麟ヴァジュラン,oracle_owl / celestial_whale / tempest_serpent / thunder_kirin,1470,100,100,100,1.78,3,0,0,0
campaign:49:boss,第一章,刻律機クロノギア / 翠嶺巨獣ベヒモルド / 海皇姫ネレイディア / 氷獄狼フェンリシア,time_keeper / emerald_behemoth / sea_empress / frost_fenrir,1470,100,100,100,2.04,3,0,0,0
campaign:50:abyss_greed,第一章,天翔聖馬ペガシエル / 雷装機神デウスマキナ / 嵐海覇竜リヴァイオン / 冥府皇ハデスノクス,celestial_pegasus / mechanical_deity / storm_leviathan / underworld_king,1500,100,100,100,1.04,2,0,0,0
campaign:50:abyss_greed,第一章,熾天聖セラフィエル / 凍鏡騎士グラシエル / 海皇姫ネレイディア / 蝕界竜エクリプシア,seraphim / frozen_mirror_knight / sea_empress / eclipse_dragon,1500,100,100,100,1.04,2,0,0,0
campaign:50:abyss_greed,第一章,刻律機クロノギア / 翠嶺巨獣ベヒモルド / 蠱毒女帝ヴェネフィカ / 氷獄狼フェンリシア,time_keeper / emerald_behemoth / poison_queen / frost_fenrir,1500,100,100,100,1.15,2,0,0,0
campaign:51:boss,第一章,天翔聖馬ペガシエル / 雷装機神デウスマキナ / 月仙兎アルミラージュ / 冥府皇ハデスノクス,celestial_pegasus / mechanical_deity / moon_rabbit_sage / underworld_king,1530,100,100,100,1,1,0,0,0
campaign:51:boss,第一章,刻律機クロノギア / 翠嶺巨獣ベヒモルド / 嵐海覇竜リヴァイオン / 氷獄狼フェンリシア,time_keeper / emerald_behemoth / storm_leviathan / frost_fenrir,1530,100,100,100,1,1,0,0,0
campaign:51:boss,第一章,熾天聖セラフィエル / 凍鏡騎士グラシエル / 蠱毒女帝ヴェネフィカ / 蝕界竜エクリプシア,seraphim / frozen_mirror_knight / poison_queen / eclipse_dragon,1530,100,100,100,1,1,0,0,0
campaign:52:boss,第一章,天翔聖馬ペガシエル / 雷装機神デウスマキナ / 月仙兎アルミラージュ / 日輪神鳥ソルガルーダ,celestial_pegasus / mechanical_deity / moon_rabbit_sage / sun_garuda,1560,100,100,100,1,1,0,0,0
campaign:52:boss,第一章,刻律機クロノギア / 翠嶺巨獣ベヒモルド / 嵐海覇竜リヴァイオン / 冥府皇ハデスノクス,time_keeper / emerald_behemoth / storm_leviathan / underworld_king,1560,100,100,100,1,1,0,0,0
campaign:52:boss,第一章,熾天聖セラフィエル / 凍鏡騎士グラシエル / 蠱毒女帝ヴェネフィカ / 氷獄狼フェンリシア,seraphim / frozen_mirror_knight / poison_queen / frost_fenrir,1560,100,100,100,1,1,0,0,0
campaign:53:boss,第一章,天翔聖馬ペガシエル / 黒曜巨神オブシディア / 月仙兎アルミラージュ / 日輪神鳥ソルガルーダ,celestial_pegasus / obsidian_titan / moon_rabbit_sage / sun_garuda,1590,100,100,100,1,1,0,0,0
campaign:53:boss,第一章,刻律機クロノギア / 雷装機神デウスマキナ / 嵐海覇竜リヴァイオン / 冥府皇ハデスノクス,time_keeper / mechanical_deity / storm_leviathan / underworld_king,1590,100,100,100,1,1,0,0,0
campaign:53:boss,第一章,熾天聖セラフィエル / 翠嶺巨獣ベヒモルド / 蠱毒女帝ヴェネフィカ / 氷獄狼フェンリシア,seraphim / emerald_behemoth / poison_queen / frost_fenrir,1590,100,100,100,1,1,0,0,0
campaign:54:boss,第一章,天翔聖馬ペガシエル / 黒曜巨神オブシディア / 夢幻竜モルフェドラ / 日輪神鳥ソルガルーダ,celestial_pegasus / obsidian_titan / dream_dragon / sun_garuda,1620,100,100,100,1,1,0,0,0
campaign:54:boss,第一章,刻律機クロノギア / 雷装機神デウスマキナ / 月仙兎アルミラージュ / 冥府皇ハデスノクス,time_keeper / mechanical_deity / moon_rabbit_sage / underworld_king,1620,100,100,100,1,1,0,0,0
campaign:54:boss,第一章,熾天聖セラフィエル / 翠嶺巨獣ベヒモルド / 嵐海覇竜リヴァイオン / 氷獄狼フェンリシア,seraphim / emerald_behemoth / storm_leviathan / frost_fenrir,1620,100,100,100,1,1,0,0,0
campaign:55:boss,第一章,熾天聖セラフィエル / 雷装機神デウスマキナ / 嵐海覇竜リヴァイオン / 氷獄狼フェンリシア,seraphim / mechanical_deity / storm_leviathan / frost_fenrir,1650,100,100,100,1.34,2,0,0,0
campaign:55:boss,第一章,極光聖獣アウロラ / 凍鏡騎士グラシエル / 海皇姫ネレイディア / 雷霆麒麟ヴァジュラン,aurora_unicorn / frozen_mirror_knight / sea_empress / thunder_kirin,1650,100,100,100,1.42,2,0,0,0
campaign:55:boss,第一章,刻律機クロノギア / 黒曜巨神オブシディア / 月仙兎アルミラージュ / 冥府皇ハデスノクス,time_keeper / obsidian_titan / moon_rabbit_sage / underworld_king,1650,100,100,100,1.5,2,0,0,0
campaign:56:boss,第一章,天翔聖馬ペガシエル / 玄天聖亀ゲンブロス / 夢幻竜モルフェドラ / 混沌獣キメラカオス,celestial_pegasus / sacred_turtle / dream_dragon / chaos_chimera,1680,100,100,100,1,1,0,0,0
campaign:56:boss,第一章,刻律機クロノギア / 黒曜巨神オブシディア / 月仙兎アルミラージュ / 日輪神鳥ソルガルーダ,time_keeper / obsidian_titan / moon_rabbit_sage / sun_garuda,1680,100,100,100,1,1,0,0,0
campaign:56:boss,第一章,熾天聖セラフィエル / 雷装機神デウスマキナ / 嵐海覇竜リヴァイオン / 冥府皇ハデスノクス,seraphim / mechanical_deity / storm_leviathan / underworld_king,1680,100,100,100,1,1,0,0,0
campaign:57:boss,第一章,天翔聖馬ペガシエル / 玄天聖亀ゲンブロス / 晶界女帝クリスタリア / 混沌獣キメラカオス,celestial_pegasus / sacred_turtle / crystal_empress / chaos_chimera,1710,100,100,100,1,1,0,0,0
campaign:57:boss,第一章,刻律機クロノギア / 黒曜巨神オブシディア / 夢幻竜モルフェドラ / 日輪神鳥ソルガルーダ,time_keeper / obsidian_titan / dream_dragon / sun_garuda,1710,100,100,100,1,1,0,0,0
campaign:57:boss,第一章,熾天聖セラフィエル / 雷装機神デウスマキナ / 月仙兎アルミラージュ / 冥府皇ハデスノクス,seraphim / mechanical_deity / moon_rabbit_sage / underworld_king,1710,100,100,100,1,1,0,0,0
campaign:58:boss,第一章,天翔聖馬ペガシエル / 玄天聖亀ゲンブロス / 晶界女帝クリスタリア / 血月戦姫ヴァルブラッド,celestial_pegasus / sacred_turtle / crystal_empress / blood_valkyrie,1740,100,100,100,1,1,0,0,0
campaign:58:boss,第一章,刻律機クロノギア / 黒曜巨神オブシディア / 夢幻竜モルフェドラ / 混沌獣キメラカオス,time_keeper / obsidian_titan / dream_dragon / chaos_chimera,1740,100,100,100,1,1,0,0,0
campaign:58:boss,第一章,熾天聖セラフィエル / 雷装機神デウスマキナ / 月仙兎アルミラージュ / 日輪神鳥ソルガルーダ,seraphim / mechanical_deity / moon_rabbit_sage / sun_garuda,1740,100,100,100,1,1,0,0,0
campaign:59:boss,第一章,刻律機クロノギア / 黒曜巨神オブシディア / 夢幻竜モルフェドラ / 血月戦姫ヴァルブラッド,time_keeper / obsidian_titan / dream_dragon / blood_valkyrie,1770,100,100,100,1,1,0,0,0
campaign:59:boss,第一章,天翔聖馬ペガシエル / 玄天聖亀ゲンブロス / 晶界女帝クリスタリア / 轟雷鬼神ライジオウ,celestial_pegasus / sacred_turtle / crystal_empress / lightning_raijin,1770,100,100,100,1.02,2,0,0,0
campaign:59:boss,第一章,熾天聖セラフィエル / 雷装機神デウスマキナ / 月仙兎アルミラージュ / 混沌獣キメラカオス,seraphim / mechanical_deity / moon_rabbit_sage / chaos_chimera,1770,100,100,100,1.02,2,0,0,0
campaign:60:abyss_lust,第一章,刻律機クロノギア / 雷装機神デウスマキナ / 月仙兎アルミラージュ / 混沌獣キメラカオス,time_keeper / mechanical_deity / moon_rabbit_sage / chaos_chimera,1800,100,100,100,1.11,2,0,0,0
campaign:60:abyss_lust,第一章,熾天聖セラフィエル / 翠嶺巨獣ベヒモルド / 嵐海覇竜リヴァイオン / 日輪神鳥ソルガルーダ,seraphim / emerald_behemoth / storm_leviathan / sun_garuda,1800,100,100,100,1.2,3,0,0,0
campaign:60:abyss_lust,第一章,天翔聖馬ペガシエル / 黒曜巨神オブシディア / 夢幻竜モルフェドラ / 血月戦姫ヴァルブラッド,celestial_pegasus / obsidian_titan / dream_dragon / blood_valkyrie,1800,100,100,100,1.28,3,0,0,0
campaign:61:boss,第一章,森羅王ケルヌンノス / 玄天聖亀ゲンブロス / 晶界女帝クリスタリア / 蒼海神王ポセイドン,forest_cernunnos / sacred_turtle / crystal_empress / ocean_poseidon,1830,100,100,100,1,1,0,0,0
campaign:61:boss,第一章,天翔聖馬ペガシエル / 黒曜巨神オブシディア / 夢幻竜モルフェドラ / 轟雷鬼神ライジオウ,celestial_pegasus / obsidian_titan / dream_dragon / lightning_raijin,1830,100,100,100,1,1,0,0,0
campaign:61:boss,第一章,刻律機クロノギア / 雷装機神デウスマキナ / 月仙兎アルミラージュ / 血月戦姫ヴァルブラッド,time_keeper / mechanical_deity / moon_rabbit_sage / blood_valkyrie,1830,100,100,100,1,1,0,0,0
campaign:62:boss,第一章,森羅王ケルヌンノス / 玄天聖亀ゲンブロス / 晶界女帝クリスタリア / 雷冠竜ヴォルトレクス,forest_cernunnos / sacred_turtle / crystal_empress / thunder_crown_dragon,1860,100,100,100,1,1,0,0,0
campaign:62:boss,第一章,天翔聖馬ペガシエル / 黒曜巨神オブシディア / 夢幻竜モルフェドラ / 太古竜エルドラグーン,celestial_pegasus / obsidian_titan / dream_dragon / ancient_dragon,1860,100,100,100,1,1,0,0,0
campaign:62:boss,第一章,刻律機クロノギア / 雷装機神デウスマキナ / 月仙兎アルミラージュ / 砂冥神アヌビス,time_keeper / mechanical_deity / moon_rabbit_sage / desert_anubis,1860,100,100,100,1,1,0,0,0
campaign:63:boss,第一章,森羅王ケルヌンノス / 玄天聖亀ゲンブロス / 星界賢王アストラスフィンクス / 雷冠竜ヴォルトレクス,forest_cernunnos / sacred_turtle / astral_sphinx / thunder_crown_dragon,1890,100,100,100,1.01,2,0,0,0
campaign:63:boss,第一章,刻律機クロノギア / 雷装機神デウスマキナ / 夢幻竜モルフェドラ / 砂冥神アヌビス,time_keeper / mechanical_deity / dream_dragon / desert_anubis,1890,100,100,100,1.01,2,0,0,0
campaign:63:boss,第一章,天翔聖馬ペガシエル / 黒曜巨神オブシディア / 晶界女帝クリスタリア / 太古竜エルドラグーン,celestial_pegasus / obsidian_titan / crystal_empress / ancient_dragon,1890,100,100,100,1.04,2,0,0,0
campaign:64:boss,第一章,天翔聖馬ペガシエル / 黒曜巨神オブシディア / 晶界女帝クリスタリア / 太古竜エルドラグーン,celestial_pegasus / obsidian_titan / crystal_empress / ancient_dragon,1920,100,100,100,1,1,0,0,0
campaign:64:boss,第一章,刻律機クロノギア / 雷装機神デウスマキナ / 夢幻竜モルフェドラ / 砂冥神アヌビス,time_keeper / mechanical_deity / dream_dragon / desert_anubis,1920,100,100,100,1,1,0,0,0
campaign:64:boss,第一章,森羅王ケルヌンノス / 玄天聖亀ゲンブロス / 星界賢王アストラスフィンクス / 雷冠竜ヴォルトレクス,forest_cernunnos / sacred_turtle / astral_sphinx / thunder_crown_dragon,1920,100,100,100,1.01,2,0,0,0
campaign:65:boss,第一章,森羅王ケルヌンノス / 玄天聖亀ゲンブロス / ベチー / 極粘神オメガメルム,forest_cernunnos / sacred_turtle / bechi / omega_slime,1950,100,100,100,1,1,0,0,0
campaign:65:boss,第一章,天翔聖馬ペガシエル / 黒曜巨神オブシディア / 星界賢王アストラスフィンクス / 雷冠竜ヴォルトレクス,celestial_pegasus / obsidian_titan / astral_sphinx / thunder_crown_dragon,1950,100,100,100,1,1,0,0,0
campaign:65:boss,第一章,刻律機クロノギア / 雷装機神デウスマキナ / 晶界女帝クリスタリア / 太古竜エルドラグーン,time_keeper / mechanical_deity / crystal_empress / ancient_dragon,1950,100,100,100,1,1,0,0,0
campaign:66:boss,第一章,森羅王ケルヌンノス / 玄天聖亀ゲンブロス / ベチー / 極粘神オメガメルム,forest_cernunnos / sacred_turtle / bechi / omega_slime,1980,100,100,100,1,1,0,0,0
campaign:66:boss,第一章,天翔聖馬ペガシエル / 黒曜巨神オブシディア / 星界賢王アストラスフィンクス / 雷冠竜ヴォルトレクス,celestial_pegasus / obsidian_titan / astral_sphinx / thunder_crown_dragon,1980,100,100,100,1,1,0,0,0
campaign:66:boss,第一章,刻律機クロノギア / 雷装機神デウスマキナ / 晶界女帝クリスタリア / 太古竜エルドラグーン,time_keeper / mechanical_deity / crystal_empress / ancient_dragon,1980,100,100,100,1,1,0,0,0
campaign:67:boss,第一章,森羅王ケルヌンノス / 玄天聖亀ゲンブロス / ベチー / 天壊竜帝バハムート,forest_cernunnos / sacred_turtle / bechi / bahamut,2010,100,100,100,1,1,0,0,0
campaign:67:boss,第一章,刻律機クロノギア / 雷装機神デウスマキナ / 晶界女帝クリスタリア / 雷冠竜ヴォルトレクス,time_keeper / mechanical_deity / crystal_empress / thunder_crown_dragon,2010,100,100,100,1.03,2,0,0,0
campaign:67:boss,第一章,天翔聖馬ペガシエル / 黒曜巨神オブシディア / 星界賢王アストラスフィンクス / 極粘神オメガメルム,celestial_pegasus / obsidian_titan / astral_sphinx / omega_slime,2010,100,100,100,1.06,2,0,0,0
campaign:68:boss,第一章,森羅王ケルヌンノス / 玄天聖亀ゲンブロス / ベチー / 黙示滅竜アポカリオン,forest_cernunnos / sacred_turtle / bechi / apocalypse_dragon,2040,100,100,100,1,1,0,0,0
campaign:68:boss,第一章,天翔聖馬ペガシエル / 黒曜巨神オブシディア / 星界賢王アストラスフィンクス / 天壊竜帝バハムート,celestial_pegasus / obsidian_titan / astral_sphinx / bahamut,2040,100,100,100,1,1,0,0,0
campaign:68:boss,第一章,刻律機クロノギア / 雷装機神デウスマキナ / 晶界女帝クリスタリア / 極粘神オメガメルム,time_keeper / mechanical_deity / crystal_empress / omega_slime,2040,100,100,100,1,1,0,0,0
campaign:69:boss,第一章,原初不死鳥フェニクシア / 玄天聖亀ゲンブロス / ベチー / 黙示滅竜アポカリオン,primordial_phoenix / sacred_turtle / bechi / apocalypse_dragon,2070,100,100,100,1,1,0,0,0
campaign:69:boss,第一章,刻律機クロノギア / 翠嶺巨獣ベヒモルド / 夢幻竜モルフェドラ / 雷冠竜ヴォルトレクス,time_keeper / emerald_behemoth / dream_dragon / thunder_crown_dragon,2070,100,100,100,1.05,2,0,0,0
campaign:69:boss,第一章,神託梟オラクルノクス / 天穹鯨セレスティア / 嵐海覇竜リヴァイオン / 砂冥神アヌビス,oracle_owl / celestial_whale / storm_leviathan / desert_anubis,2070,100,100,100,1.27,3,0,0,0
campaign:70:abyss_pride,第一章,原初不死鳥フェニクシア / 獣界覇王ベヒモルク / ベチー / 黙示滅竜アポカリオン,primordial_phoenix / king_behemoth / bechi / apocalypse_dragon,2100,100,100,100,1.11,2,0,0,0
campaign:70:abyss_pride,第一章,熾天聖セラフィエル / 翠嶺巨獣ベヒモルド / 月仙兎アルミラージュ / 太古竜エルドラグーン,seraphim / emerald_behemoth / moon_rabbit_sage / ancient_dragon,2100,100,100,100,1.13,2,0,0,0
campaign:70:abyss_pride,第一章,刻律機クロノギア / 雷装機神デウスマキナ / 夢幻竜モルフェドラ / 雷冠竜ヴォルトレクス,time_keeper / mechanical_deity / dream_dragon / thunder_crown_dragon,2100,100,100,100,1.19,3,0,0,0
campaign:71:boss,第一章,原初不死鳥フェニクシア / 獣界覇王ベヒモルク / 冥海竜皇リヴァイアサン / 黙示滅竜アポカリオン,primordial_phoenix / king_behemoth / abyssal_leviathan / apocalypse_dragon,2130,100,100,100,1,1,0,0,0
campaign:71:boss,第一章,森羅王ケルヌンノス / 玄天聖亀ゲンブロス / ベチー / 天壊竜帝バハムート,forest_cernunnos / sacred_turtle / bechi / bahamut,2130,100,100,100,1,1,0,0,0
campaign:71:boss,第一章,天翔聖馬ペガシエル / 黒曜巨神オブシディア / 星界賢王アストラスフィンクス / 極粘神オメガメルム,celestial_pegasus / obsidian_titan / astral_sphinx / omega_slime,2130,100,100,100,1,1,0,0,0
campaign:72:boss,第一章,原初不死鳥フェニクシア / 獣界覇王ベヒモルク / 冥海竜皇リヴァイアサン / 黙示滅竜アポカリオン,primordial_phoenix / king_behemoth / abyssal_leviathan / apocalypse_dragon,2160,100,100,100,1,1,0,0,0
campaign:72:boss,第一章,森羅王ケルヌンノス / 玄天聖亀ゲンブロス / ベチー / 天壊竜帝バハムート,forest_cernunnos / sacred_turtle / bechi / bahamut,2160,100,100,100,1,1,0,0,0
campaign:72:boss,第一章,天翔聖馬ペガシエル / 黒曜巨神オブシディア / 星界賢王アストラスフィンクス / 極粘神オメガメルム,celestial_pegasus / obsidian_titan / astral_sphinx / omega_slime,2160,100,100,100,1,1,0,0,0
campaign:73:boss,第一章,原初不死鳥フェニクシア / 獣界覇王ベヒモルク / 冥海竜皇リヴァイアサン / 神滅機アーク・ノア,primordial_phoenix / king_behemoth / abyssal_leviathan / god_machine_ark,2190,100,100,100,1,1,0,0,0
campaign:73:boss,第一章,森羅王ケルヌンノス / 玄天聖亀ゲンブロス / ベチー / 黙示滅竜アポカリオン,forest_cernunnos / sacred_turtle / bechi / apocalypse_dragon,2190,100,100,100,1,1,0,0,0
campaign:73:boss,第一章,天翔聖馬ペガシエル / 黒曜巨神オブシディア / 星界賢王アストラスフィンクス / 天壊竜帝バハムート,celestial_pegasus / obsidian_titan / astral_sphinx / bahamut,2190,100,100,100,1,1,0,0,0
campaign:74:boss,第一章,原初不死鳥フェニクシア / 獣界覇王ベヒモルク / 虚無皇ヴォイドレクス / 神滅機アーク・ノア,primordial_phoenix / king_behemoth / void_emperor / god_machine_ark,2220,100,100,100,1.01,2,0,0,0
campaign:74:boss,第一章,森羅王ケルヌンノス / 玄天聖亀ゲンブロス / 冥海竜皇リヴァイアサン / 黙示滅竜アポカリオン,forest_cernunnos / sacred_turtle / abyssal_leviathan / apocalypse_dragon,2220,100,100,100,1.01,2,0,0,0
campaign:74:boss,第一章,天翔聖馬ペガシエル / 黒曜巨神オブシディア / ベチー / 天壊竜帝バハムート,celestial_pegasus / obsidian_titan / bechi / bahamut,2220,100,100,100,1.01,2,0,0,0
campaign:75:boss,第一章,天翔聖馬ペガシエル / 黒曜巨神オブシディア / ベチー / 黙示滅竜アポカリオン,celestial_pegasus / obsidian_titan / bechi / apocalypse_dragon,2250,100,100,100,1,1,0,0,0
campaign:75:boss,第一章,原初不死鳥フェニクシア / 獣界覇王ベヒモルク / 虚無皇ヴォイドレクス / 永劫戦姫エタルキア,primordial_phoenix / king_behemoth / void_emperor / eternal_valkyrie,2250,100,100,100,1.01,2,0,0,0
campaign:75:boss,第一章,森羅王ケルヌンノス / 玄天聖亀ゲンブロス / 冥海竜皇リヴァイアサン / 神滅機アーク・ノア,forest_cernunnos / sacred_turtle / abyssal_leviathan / god_machine_ark,2250,100,100,100,1.01,2,0,0,0
campaign:76:boss,第一章,森羅王ケルヌンノス / 獣界覇王ベヒモルク / 冥海竜皇リヴァイアサン / 神滅機アーク・ノア,forest_cernunnos / king_behemoth / abyssal_leviathan / god_machine_ark,2280,100,100,100,1,1,0,0,0
campaign:76:boss,第一章,天翔聖馬ペガシエル / 玄天聖亀ゲンブロス / ベチー / 黙示滅竜アポカリオン,celestial_pegasus / sacred_turtle / bechi / apocalypse_dragon,2280,100,100,100,1,1,0,0,0
campaign:76:boss,第一章,原初不死鳥フェニクシア / 終環蛇ヨルムンガルド / 虚無皇ヴォイドレクス / 永劫戦姫エタルキア,primordial_phoenix / world_serpent / void_emperor / eternal_valkyrie,2280,100,100,100,1.01,2,0,0,0
campaign:77:boss,第一章,原初不死鳥フェニクシア / 終環蛇ヨルムンガルド / 堕天熾使アザリエル / 永劫戦姫エタルキア,primordial_phoenix / world_serpent / fallen_seraph / eternal_valkyrie,2310,100,100,100,1,1,0,0,0
campaign:77:boss,第一章,森羅王ケルヌンノス / 獣界覇王ベヒモルク / 虚無皇ヴォイドレクス / 神滅機アーク・ノア,forest_cernunnos / king_behemoth / void_emperor / god_machine_ark,2310,100,100,100,1,1,0,0,0
campaign:77:boss,第一章,天翔聖馬ペガシエル / 玄天聖亀ゲンブロス / 冥海竜皇リヴァイアサン / 黙示滅竜アポカリオン,celestial_pegasus / sacred_turtle / abyssal_leviathan / apocalypse_dragon,2310,100,100,100,1,1,0,0,0
campaign:78:boss,第一章,原初不死鳥フェニクシア / 終環蛇ヨルムンガルド / 堕天熾使アザリエル / 永劫戦姫エタルキア,primordial_phoenix / world_serpent / fallen_seraph / eternal_valkyrie,2340,100,100,100,1,1,0,0,0
campaign:78:boss,第一章,森羅王ケルヌンノス / 獣界覇王ベヒモルク / 虚無皇ヴォイドレクス / 神滅機アーク・ノア,forest_cernunnos / king_behemoth / void_emperor / god_machine_ark,2340,100,100,100,1,1,0,0,0
campaign:78:boss,第一章,天翔聖馬ペガシエル / 玄天聖亀ゲンブロス / 冥海竜皇リヴァイアサン / 黙示滅竜アポカリオン,celestial_pegasus / sacred_turtle / abyssal_leviathan / apocalypse_dragon,2340,100,100,100,1,1,0,0,0
campaign:79:boss,第一章,原初不死鳥フェニクシア / 終環蛇ヨルムンガルド / 堕天熾使アザリエル / 混沌魔皇カオスディア,primordial_phoenix / world_serpent / fallen_seraph / chaos_king,2370,100,100,100,1,1,0,0,0
campaign:79:boss,第一章,森羅王ケルヌンノス / 獣界覇王ベヒモルク / 虚無皇ヴォイドレクス / 永劫戦姫エタルキア,forest_cernunnos / king_behemoth / void_emperor / eternal_valkyrie,2370,100,100,100,1.03,2,0,0,0
campaign:79:boss,第一章,天翔聖馬ペガシエル / 玄天聖亀ゲンブロス / 冥海竜皇リヴァイアサン / 神滅機アーク・ノア,celestial_pegasus / sacred_turtle / abyssal_leviathan / god_machine_ark,2370,100,100,100,1.07,2,0,0,0
campaign:80:ten_time,第一章,原初不死鳥フェニクシア / 創世巨神ジェネゴリア / 堕天熾使アザリエル / 混沌魔皇カオスディア,primordial_phoenix / genesis_golem / fallen_seraph / chaos_king,2400,100,100,100,1.02,2,0,0,0
campaign:80:ten_time,第一章,森羅王ケルヌンノス / 終環蛇ヨルムンガルド / 虚無皇ヴォイドレクス / 永劫戦姫エタルキア,forest_cernunnos / world_serpent / void_emperor / eternal_valkyrie,2400,100,100,100,1.1,3,0,0,0
campaign:80:ten_time,第一章,天翔聖馬ペガシエル / 獣界覇王ベヒモルク / 冥海竜皇リヴァイアサン / 神滅機アーク・ノア,celestial_pegasus / king_behemoth / abyssal_leviathan / god_machine_ark,2400,100,100,100,1.13,3,0,0,0
campaign:80:ten_space,第一章,刻律機クロノギア / 玄天聖亀ゲンブロス / ベチー / 黙示滅竜アポカリオン,time_keeper / sacred_turtle / bechi / apocalypse_dragon,2400,100,100,100,1.07,2,0,0,0
campaign:80:ten_space,第一章,原初不死鳥フェニクシア / 創世巨神ジェネゴリア / 堕天熾使アザリエル / 混沌魔皇カオスディア,primordial_phoenix / genesis_golem / fallen_seraph / chaos_king,2400,100,100,100,1.11,3,0,0,0
campaign:80:ten_space,第一章,熾天聖セラフィエル / 黒曜巨神オブシディア / 星界賢王アストラスフィンクス / 天壊竜帝バハムート,seraphim / obsidian_titan / astral_sphinx / bahamut,2400,100,100,100,1.14,3,0,0,0
campaign:80:ten_life,第一章,原初不死鳥フェニクシア / 創世巨神ジェネゴリア / 堕天熾使アザリエル / 混沌魔皇カオスディア,primordial_phoenix / genesis_golem / fallen_seraph / chaos_king,2400,100,100,100,1.02,2,0,0,0
campaign:80:ten_life,第一章,森羅王ケルヌンノス / 終環蛇ヨルムンガルド / 虚無皇ヴォイドレクス / 永劫戦姫エタルキア,forest_cernunnos / world_serpent / void_emperor / eternal_valkyrie,2400,100,100,100,1.15,3,0,0,0
campaign:80:ten_life,第一章,天翔聖馬ペガシエル / 獣界覇王ベヒモルク / 冥海竜皇リヴァイアサン / 神滅機アーク・ノア,celestial_pegasus / king_behemoth / abyssal_leviathan / god_machine_ark,2400,100,100,100,2.71,12,0,0,0
campaign:81:boss,第一章,原初不死鳥フェニクシア / 創世巨神ジェネゴリア / 堕天熾使アザリエル / 死界覇王モルディウス,primordial_phoenix / genesis_golem / fallen_seraph / death_lord,2430,100,100,100,1,1,0,0,0
campaign:81:boss,第一章,森羅王ケルヌンノス / 終環蛇ヨルムンガルド / 虚無皇ヴォイドレクス / 混沌魔皇カオスディア,forest_cernunnos / world_serpent / void_emperor / chaos_king,2430,100,100,100,1,1,0,0,0
campaign:81:boss,第一章,天翔聖馬ペガシエル / 獣界覇王ベヒモルク / 冥海竜皇リヴァイアサン / 永劫戦姫エタルキア,celestial_pegasus / king_behemoth / abyssal_leviathan / eternal_valkyrie,2430,100,100,100,1,1,0,0,0
campaign:82:boss,第一章,原初不死鳥フェニクシア / 創世巨神ジェネゴリア / 堕天熾使アザリエル / 天帝麒麟セイラン,primordial_phoenix / genesis_golem / fallen_seraph / celestial_kirin,2460,100,100,100,1,1,0,0,0
campaign:82:boss,第一章,森羅王ケルヌンノス / 終環蛇ヨルムンガルド / 虚無皇ヴォイドレクス / 死界覇王モルディウス,forest_cernunnos / world_serpent / void_emperor / death_lord,2460,100,100,100,1,1,0,0,0
campaign:82:boss,第一章,天翔聖馬ペガシエル / 獣界覇王ベヒモルク / 冥海竜皇リヴァイアサン / 混沌魔皇カオスディア,celestial_pegasus / king_behemoth / abyssal_leviathan / chaos_king,2460,100,100,100,1,1,0,0,0
campaign:83:boss,第一章,天翔聖馬ペガシエル / 獣界覇王ベヒモルク / 虚無皇ヴォイドレクス / 混沌魔皇カオスディア,celestial_pegasus / king_behemoth / void_emperor / chaos_king,2490,100,100,100,1.02,2,0,0,0
campaign:83:boss,第一章,森羅王ケルヌンノス / 終環蛇ヨルムンガルド / 堕天熾使アザリエル / 死界覇王モルディウス,forest_cernunnos / world_serpent / fallen_seraph / death_lord,2490,100,100,100,1.03,2,0,0,0
campaign:83:boss,第一章,原初不死鳥フェニクシア / 創世巨神ジェネゴリア / 無窮九頭竜インフィニドラ / 天帝麒麟セイラン,primordial_phoenix / genesis_golem / infinite_hydra / celestial_kirin,2490,100,100,100,1.08,3,0,0,0
campaign:84:boss,第一章,原初不死鳥フェニクシア / 創世巨神ジェネゴリア / 無窮九頭竜インフィニドラ / 天帝麒麟セイラン,primordial_phoenix / genesis_golem / infinite_hydra / celestial_kirin,2520,100,100,100,1,1,0,0,0
campaign:84:boss,第一章,森羅王ケルヌンノス / 終環蛇ヨルムンガルド / 堕天熾使アザリエル / 死界覇王モルディウス,forest_cernunnos / world_serpent / fallen_seraph / death_lord,2520,100,100,100,1,1,0,0,0
campaign:84:boss,第一章,天翔聖馬ペガシエル / 獣界覇王ベヒモルク / 虚無皇ヴォイドレクス / 混沌魔皇カオスディア,celestial_pegasus / king_behemoth / void_emperor / chaos_king,2520,100,100,100,1,1,0,0,0
campaign:85:boss,第一章,天翔聖馬ペガシエル / 獣界覇王ベヒモルク / 虚無皇ヴォイドレクス / 混沌魔皇カオスディア,celestial_pegasus / king_behemoth / void_emperor / chaos_king,2550,100,100,100,1.01,2,0,0,0
campaign:85:boss,第一章,森羅王ケルヌンノス / 終環蛇ヨルムンガルド / 堕天熾使アザリエル / 死界覇王モルディウス,forest_cernunnos / world_serpent / fallen_seraph / death_lord,2550,100,100,100,1.05,2,0,0,0
campaign:85:boss,第一章,原初不死鳥フェニクシア / 創世巨神ジェネゴリア / 無窮九頭竜インフィニドラ / 天帝麒麟セイラン,primordial_phoenix / genesis_golem / infinite_hydra / celestial_kirin,2550,100,100,100,1.06,2,0,0,0
campaign:86:boss,第一章,原初不死鳥フェニクシア / 創世巨神ジェネゴリア / 氷界皇ニヴルシア / 天帝麒麟セイラン,primordial_phoenix / genesis_golem / frost_sovereign / celestial_kirin,2580,100,100,100,1,1,0,0,0
campaign:86:boss,第一章,森羅王ケルヌンノス / 終環蛇ヨルムンガルド / 無窮九頭竜インフィニドラ / 死界覇王モルディウス,forest_cernunnos / world_serpent / infinite_hydra / death_lord,2580,100,100,100,1,1,0,0,0
campaign:86:boss,第一章,天翔聖馬ペガシエル / 獣界覇王ベヒモルク / 堕天熾使アザリエル / 混沌魔皇カオスディア,celestial_pegasus / king_behemoth / fallen_seraph / chaos_king,2580,100,100,100,1,1,0,0,0
campaign:87:boss,第一章,原初不死鳥フェニクシア / 創世巨神ジェネゴリア / 氷界皇ニヴルシア / 星葬姫ルミナリア,primordial_phoenix / genesis_golem / frost_sovereign / storm_sovereign,2610,100,100,100,1,1,0,0,0
campaign:87:boss,第一章,森羅王ケルヌンノス / 終環蛇ヨルムンガルド / 無窮九頭竜インフィニドラ / 天帝麒麟セイラン,forest_cernunnos / world_serpent / infinite_hydra / celestial_kirin,2610,100,100,100,1,1,0,0,0
campaign:87:boss,第一章,天翔聖馬ペガシエル / 獣界覇王ベヒモルク / 堕天熾使アザリエル / 死界覇王モルディウス,celestial_pegasus / king_behemoth / fallen_seraph / death_lord,2610,100,100,100,1.03,2,0,0,0
campaign:88:boss,第一章,原初不死鳥フェニクシア / 黒曜竜ヴァルグリム / 氷界皇ニヴルシア / 星葬姫ルミナリア,primordial_phoenix / earth_sovereign / frost_sovereign / storm_sovereign,2640,100,100,100,1,1,0,0,0
campaign:88:boss,第一章,森羅王ケルヌンノス / 創世巨神ジェネゴリア / 無窮九頭竜インフィニドラ / 天帝麒麟セイラン,forest_cernunnos / genesis_golem / infinite_hydra / celestial_kirin,2640,100,100,100,1,1,0,0,0
campaign:88:boss,第一章,天翔聖馬ペガシエル / 終環蛇ヨルムンガルド / 堕天熾使アザリエル / 死界覇王モルディウス,celestial_pegasus / world_serpent / fallen_seraph / death_lord,2640,100,100,100,1,1,0,0,0
campaign:89:boss,第一章,月蝕狼ルナファング / 黒曜竜ヴァルグリム / 氷界皇ニヴルシア / 星葬姫ルミナリア,light_sovereign / earth_sovereign / frost_sovereign / storm_sovereign,2670,100,100,100,1,1,0,0,0
campaign:89:boss,第一章,原初不死鳥フェニクシア / 創世巨神ジェネゴリア / 無窮九頭竜インフィニドラ / 天帝麒麟セイラン,primordial_phoenix / genesis_golem / infinite_hydra / celestial_kirin,2670,100,100,100,1,1,0,0,0
campaign:89:boss,第一章,森羅王ケルヌンノス / 終環蛇ヨルムンガルド / 堕天熾使アザリエル / 死界覇王モルディウス,forest_cernunnos / world_serpent / fallen_seraph / death_lord,2670,100,100,100,1,1,0,0,0
campaign:90:ten_death,第一章,月蝕狼ルナファング / 黒曜竜ヴァルグリム / 氷界皇ニヴルシア / 星葬姫ルミナリア,light_sovereign / earth_sovereign / frost_sovereign / storm_sovereign,2700,100,100,100,1,1,0,0,0
campaign:90:ten_death,第一章,原初不死鳥フェニクシア / 創世巨神ジェネゴリア / 無窮九頭竜インフィニドラ / 天帝麒麟セイラン,primordial_phoenix / genesis_golem / infinite_hydra / celestial_kirin,2700,100,100,100,1.05,2,0,0,0
campaign:90:ten_death,第一章,森羅王ケルヌンノス / 終環蛇ヨルムンガルド / 堕天熾使アザリエル / 死界覇王モルディウス,forest_cernunnos / world_serpent / fallen_seraph / death_lord,2700,100,100,100,1.7,3,0,0,0
campaign:90:ten_fate,第一章,月蝕狼ルナファング / 黒曜竜ヴァルグリム / 氷界皇ニヴルシア / 星葬姫ルミナリア,light_sovereign / earth_sovereign / frost_sovereign / storm_sovereign,2700,100,100,100,1.03,2,0,0,0
campaign:90:ten_fate,第一章,森羅王ケルヌンノス / 終環蛇ヨルムンガルド / 堕天熾使アザリエル / 死界覇王モルディウス,forest_cernunnos / world_serpent / fallen_seraph / death_lord,2700,100,100,100,1.12,3,0,0,0
campaign:90:ten_fate,第一章,原初不死鳥フェニクシア / 創世巨神ジェネゴリア / 無窮九頭竜インフィニドラ / 天帝麒麟セイラン,primordial_phoenix / genesis_golem / infinite_hydra / celestial_kirin,2700,100,100,100,1.13,2,0,0,0
campaign:90:ten_chaos,第一章,原初不死鳥フェニクシア / 創世巨神ジェネゴリア / 無窮九頭竜インフィニドラ / 天帝麒麟セイラン,primordial_phoenix / genesis_golem / infinite_hydra / celestial_kirin,2700,100,100,100,1.17,5,0,0,0
campaign:90:ten_chaos,第一章,月蝕狼ルナファング / 黒曜竜ヴァルグリム / 氷界皇ニヴルシア / 星葬姫ルミナリア,light_sovereign / earth_sovereign / frost_sovereign / storm_sovereign,2700,100,100,100,1.27,3,0,0,0
campaign:90:ten_chaos,第一章,森羅王ケルヌンノス / 終環蛇ヨルムンガルド / 堕天熾使アザリエル / 死界覇王モルディウス,forest_cernunnos / world_serpent / fallen_seraph / death_lord,2700,100,100,100,1.35,4,0,0,0
campaign:91:boss,第一章,月蝕狼ルナファング / 黒曜竜ヴァルグリム / 機神アークノヴァ / 星葬姫ルミナリア,light_sovereign / earth_sovereign / dark_sovereign / storm_sovereign,2730,100,100,100,1,1,0,0,0
campaign:91:boss,第一章,森羅王ケルヌンノス / 終環蛇ヨルムンガルド / 無窮九頭竜インフィニドラ / 死界覇王モルディウス,forest_cernunnos / world_serpent / infinite_hydra / death_lord,2730,100,100,100,1,1,0,0,0
campaign:91:boss,第一章,原初不死鳥フェニクシア / 創世巨神ジェネゴリア / 氷界皇ニヴルシア / 天帝麒麟セイラン,primordial_phoenix / genesis_golem / frost_sovereign / celestial_kirin,2730,100,100,100,1.02,2,0,0,0
campaign:92:boss,第一章,月蝕狼ルナファング / 黒曜竜ヴァルグリム / 深淵海姫セイレーネ / 星葬姫ルミナリア,light_sovereign / earth_sovereign / time_dragon / storm_sovereign,2760,100,100,100,1,1,0,0,0
campaign:92:boss,第一章,森羅王ケルヌンノス / 終環蛇ヨルムンガルド / 氷界皇ニヴルシア / 死界覇王モルディウス,forest_cernunnos / world_serpent / frost_sovereign / death_lord,2760,100,100,100,1.01,2,0,0,0
campaign:92:boss,第一章,原初不死鳥フェニクシア / 創世巨神ジェネゴリア / 機神アークノヴァ / 天帝麒麟セイラン,primordial_phoenix / genesis_golem / dark_sovereign / celestial_kirin,2760,100,100,100,1.02,2,0,0,0
campaign:93:boss,第一章,月蝕狼ルナファング / 天雷獅子レグルス / 深淵海姫セイレーネ / 星葬姫ルミナリア,light_sovereign / space_whale / time_dragon / storm_sovereign,2790,100,100,100,1.13,3,0,0,0
campaign:93:boss,第一章,原初不死鳥フェニクシア / 黒曜竜ヴァルグリム / 機神アークノヴァ / 天帝麒麟セイラン,primordial_phoenix / earth_sovereign / dark_sovereign / celestial_kirin,2790,100,100,100,1.15,2,0,0,0
campaign:93:boss,第一章,森羅王ケルヌンノス / 創世巨神ジェネゴリア / 氷界皇ニヴルシア / 死界覇王モルディウス,forest_cernunnos / genesis_golem / frost_sovereign / death_lord,2790,100,100,100,1.42,3,0,0,0
campaign:94:boss,第一章,夢妖精ルミエラ / 天雷獅子レグルス / 深淵海姫セイレーネ / 星葬姫ルミナリア,fate_weaver / space_whale / time_dragon / storm_sovereign,2820,100,100,100,1,1,0,0,0
campaign:94:boss,第一章,月蝕狼ルナファング / 黒曜竜ヴァルグリム / 機神アークノヴァ / 天帝麒麟セイラン,light_sovereign / earth_sovereign / dark_sovereign / celestial_kirin,2820,100,100,100,1,1,0,0,0
campaign:94:boss,第一章,原初不死鳥フェニクシア / 創世巨神ジェネゴリア / 氷界皇ニヴルシア / 死界覇王モルディウス,primordial_phoenix / genesis_golem / frost_sovereign / death_lord,2820,100,100,100,1,1,0,0,0
campaign:95:boss,第一章,夢妖精ルミエラ / 天雷獅子レグルス / 翠嵐グリフォン / 星葬姫ルミナリア,fate_weaver / space_whale / dream_emperor / storm_sovereign,2850,100,100,100,1,1,0,0,0
campaign:95:boss,第一章,月蝕狼ルナファング / 黒曜竜ヴァルグリム / 深淵海姫セイレーネ / 天帝麒麟セイラン,light_sovereign / earth_sovereign / time_dragon / celestial_kirin,2850,100,100,100,1.01,2,0,0,0
campaign:95:boss,第一章,原初不死鳥フェニクシア / 創世巨神ジェネゴリア / 機神アークノヴァ / 死界覇王モルディウス,primordial_phoenix / genesis_golem / dark_sovereign / death_lord,2850,100,100,100,1.02,2,0,0,0
campaign:96:boss,第一章,月蝕狼ルナファング / 黒曜竜ヴァルグリム / 深淵海姫セイレーネ / 天帝麒麟セイラン,light_sovereign / earth_sovereign / time_dragon / celestial_kirin,2880,100,100,100,1,1,0,0,0
campaign:96:boss,第一章,原初不死鳥フェニクシア / 創世巨神ジェネゴリア / 機神アークノヴァ / 死界覇王モルディウス,primordial_phoenix / genesis_golem / dark_sovereign / death_lord,2880,100,100,100,1,1,0,0,0
campaign:96:boss,第一章,夢妖精ルミエラ / 天雷獅子レグルス / 翠嵐グリフォン / 星葬姫ルミナリア,fate_weaver / space_whale / dream_emperor / storm_sovereign,2880,100,100,100,1.01,2,0,0,0
campaign:97:boss,第一章,夢妖精ルミエラ / 天雷獅子レグルス / 灰燼鬼カグラ / 星葬姫ルミナリア,fate_weaver / space_whale / nightmare_empress / storm_sovereign,2910,100,100,100,1,1,0,0,0
campaign:97:boss,第一章,月蝕狼ルナファング / 黒曜竜ヴァルグリム / 翠嵐グリフォン / 天帝麒麟セイラン,light_sovereign / earth_sovereign / dream_emperor / celestial_kirin,2910,100,100,100,1,1,0,0,0
campaign:97:boss,第一章,原初不死鳥フェニクシア / 創世巨神ジェネゴリア / 深淵海姫セイレーネ / 死界覇王モルディウス,primordial_phoenix / genesis_golem / time_dragon / death_lord,2910,100,100,100,1,1,0,0,0
campaign:98:boss,第一章,夢妖精ルミエラ / 天雷獅子レグルス / 灰燼鬼カグラ / 虚無鯨アビサリス,fate_weaver / space_whale / nightmare_empress / crownless_hero,2940,100,100,100,1,1,0,0,0
campaign:98:boss,第一章,月蝕狼ルナファング / 黒曜竜ヴァルグリム / 翠嵐グリフォン / 星葬姫ルミナリア,light_sovereign / earth_sovereign / dream_emperor / storm_sovereign,2940,100,100,100,1,1,0,0,0
campaign:98:boss,第一章,原初不死鳥フェニクシア / 創世巨神ジェネゴリア / 深淵海姫セイレーネ / 天帝麒麟セイラン,primordial_phoenix / genesis_golem / time_dragon / celestial_kirin,2940,100,100,100,1,1,0,0,0
campaign:99:boss,第一章,原初不死鳥フェニクシア / 黒曜竜ヴァルグリム / 深淵海姫セイレーネ / 天帝麒麟セイラン,primordial_phoenix / earth_sovereign / time_dragon / celestial_kirin,2970,100,100,100,1.03,2,0,0,0
campaign:99:boss,第一章,刻律機クロノギア / 獣界覇王ベヒモルク / 無窮九頭竜インフィニドラ / 永劫戦姫エタルキア,time_keeper / king_behemoth / infinite_hydra / eternal_valkyrie,2970,100,100,100,1.08,2,0,0,0
campaign:99:boss,第一章,夢妖精ルミエラ / 暁剣姫アウレリア / 灰燼鬼カグラ / 虚無鯨アビサリス,fate_weaver / abyss_gatekeeper / nightmare_empress / crownless_hero,2970,100,100,100,1.29,3,0,0,0
campaign:100:ten_dominion,第一章,月蝕狼ルナファング / 天雷獅子レグルス / 翠嵐グリフォン / 星葬姫ルミナリア,light_sovereign / space_whale / dream_emperor / storm_sovereign,3000,100,100,100,1.05,3,0,0,0
campaign:100:ten_dominion,第一章,原初不死鳥フェニクシア / 黒曜竜ヴァルグリム / 深淵海姫セイレーネ / 天帝麒麟セイラン,primordial_phoenix / earth_sovereign / time_dragon / celestial_kirin,3000,100,100,100,1.09,3,0,0,0
campaign:100:ten_dominion,第一章,刻律機クロノギア / 獣界覇王ベヒモルク / 無窮九頭竜インフィニドラ / 永劫戦姫エタルキア,time_keeper / king_behemoth / infinite_hydra / eternal_valkyrie,3000,100,100,100,1.09,2,0,0,0
campaign:100:ten_creation,第一章,天翔聖馬ペガシエル / 終環蛇ヨルムンガルド / 氷界皇ニヴルシア / 混沌魔皇カオスディア,celestial_pegasus / world_serpent / frost_sovereign / chaos_king,3000,100,100,100,1.66,5,0,0,0
campaign:100:ten_creation,第一章,森羅王ケルヌンノス / 創世巨神ジェネゴリア / 機神アークノヴァ / 死界覇王モルディウス,forest_cernunnos / genesis_golem / dark_sovereign / death_lord,3000,100,100,100,1.73,9,0,0,0
campaign:100:ten_creation,第一章,夢妖精ルミエラ / 暁剣姫アウレリア / 灰燼鬼カグラ / 虚無鯨アビサリス,fate_weaver / abyss_gatekeeper / nightmare_empress / crownless_hero,3000,100,100,100,1.76,4,0,0,0
campaign:100:ten_end,第一章,夢妖精ルミエラ / 暁剣姫アウレリア / 灰燼鬼カグラ / 虚無鯨アビサリス,fate_weaver / abyss_gatekeeper / nightmare_empress / crownless_hero,3000,100,100,100,1.02,2,0,0,0
campaign:100:ten_end,第一章,月蝕狼ルナファング / 天雷獅子レグルス / 翠嵐グリフォン / 星葬姫ルミナリア,light_sovereign / space_whale / dream_emperor / storm_sovereign,3000,100,100,100,1.03,3,0,0,0
campaign:100:ten_end,第一章,原初不死鳥フェニクシア / 黒曜竜ヴァルグリム / 深淵海姫セイレーネ / 天帝麒麟セイラン,primordial_phoenix / earth_sovereign / time_dragon / celestial_kirin,3000,100,100,100,1.11,3,0,0,0
campaign:100:ten_divinity,第一章,熾天聖セラフィエル / 終環蛇ヨルムンガルド / 虚無鯨アビサリス / 星葬姫ルミナリア,seraphim / world_serpent / crownless_hero / storm_sovereign,3000,100,95,95,9.4,24,0,0,0
campaign:100:ten_divinity,第一章,森羅王ケルヌンノス / 創世巨神ジェネゴリア / 虚無鯨アビサリス / 無窮九頭竜インフィニドラ,forest_cernunnos / genesis_golem / crownless_hero / infinite_hydra,3000,100,92,92,10.16,22,0,0,0
campaign:100:ten_divinity,第一章,刻律機クロノギア / 獣界覇王ベヒモルク / ベチー / 星葬姫ルミナリア,time_keeper / king_behemoth / bechi / storm_sovereign,3000,100,89,89,8.93,15,0,0,0
rematch:floor-boss-10,欠片試練・初回,【鏡侍女】リュネ / 【鏡侍女】ロゼ / 【聖翼】アウレ / 【聖翼】ノエル,ch2_ryune / ch2_rose / ch2_aure / ch2_noelle,10,100,100,100,1,1,0,0,0
rematch:floor-boss-10,欠片試練・初回,【双雷】カリスタ / 【双雷】ソレーヌ / 【薬毒】ミレア / 【薬毒】ヴィオラ,ch2_calista / ch2_solenne / ch2_mirea / ch2_viola,10,100,100,100,1,1,0,0,0.98
rematch:floor-boss-10,欠片試練・初回,【硝子】セリア / 【硝子】カルミア / 封書の小剣姫ルメア / 夜灯の従騎フィオラ,ch2_seria / ch2_carmia / ch2_lumea / ch2_fiora,10,100,100,100,1,1,0,0,0.07
rematch:floor-boss-20,欠片試練・初回,【封鍵】メリオラ / 【封鍵】エリゼル / 【薔薇】ノクテル / 【薔薇】オーリアン,ch2_meliora / ch2_elyselle / ch2_noctelle / ch2_auriane,20,100,100,100,1.05,2,0,0,0
rematch:floor-boss-20,欠片試練・初回,【霊符】シオン / 【霊符】スイレン / 【日月】ルナリア / 【日月】ソラリア,ch2_shion / ch2_suiren / ch2_lunaria / ch2_solaria,20,100,100,100,1.09,2,0,0,1.12
rematch:floor-boss-20,欠片試練・初回,【双雷】カリスタ / 【双雷】ソレーヌ / 【薬毒】ミレア / 【薬毒】ヴィオラ,ch2_calista / ch2_solenne / ch2_mirea / ch2_viola,20,100,100,100,1.47,3,0,0,1.53
rematch:floor-boss-30,欠片試練・初回,【双雷】カリスタ / 【双雷】ソレーヌ / 【薬毒】ミレア / 【薬毒】ヴィオラ,ch2_calista / ch2_solenne / ch2_mirea / ch2_viola,30,100,100,100,1.12,2,0,0,1.77
rematch:floor-boss-30,欠片試練・初回,【霊符】シオン / 【霊符】スイレン / 【日月】ルナリア / 【日月】ソラリア,ch2_shion / ch2_suiren / ch2_lunaria / ch2_solaria,30,100,100,100,1.14,2,0,0,1.39
rematch:floor-boss-30,欠片試練・初回,【鏡侍女】リュネ / 【鏡侍女】ロゼ / 【聖翼】アウレ / 【聖翼】ノエル,ch2_ryune / ch2_rose / ch2_aure / ch2_noelle,30,100,100,100,1.24,2,0,0,0.01
rematch:floor-boss-40,欠片試練・初回,【鏡侍女】リュネ / 【鏡侍女】ロゼ / 【聖翼】アウレ / 【聖翼】ノエル,ch2_ryune / ch2_rose / ch2_aure / ch2_noelle,40,100,100,100,2,2,0,0,0
rematch:floor-boss-40,欠片試練・初回,【霊符】シオン / 【霊符】スイレン / 【日月】ルナリア / 【日月】ソラリア,ch2_shion / ch2_suiren / ch2_lunaria / ch2_solaria,40,100,100,100,2,2,0,0,2.95
rematch:floor-boss-40,欠片試練・初回,【双雷】カリスタ / 【双雷】ソレーヌ / 【薬毒】ミレア / 【薬毒】ヴィオラ,ch2_calista / ch2_solenne / ch2_mirea / ch2_viola,40,100,100,100,2.01,3,0,0,2.61
rematch:floor-boss-50,欠片試練・初回,【封鍵】メリオラ / 【封鍵】エリゼル / 【薔薇】ノクテル / 【薔薇】オーリアン,ch2_meliora / ch2_elyselle / ch2_noctelle / ch2_auriane,50,100,100,100,2.18,3,0,0,0
rematch:floor-boss-50,欠片試練・初回,【霊符】シオン / 【霊符】スイレン / 【日月】ルナリア / 【日月】ソラリア,ch2_shion / ch2_suiren / ch2_lunaria / ch2_solaria,50,100,100,100,2.24,3,0,0,4.21
rematch:floor-boss-50,欠片試練・初回,【双藤】ネヴィア / 【双藤】エルミナ / 【聖翼】アウレ / 【聖翼】ノエル,ch2_nevia / ch2_elmina / ch2_aure / ch2_noelle,50,100,100,100,2.38,3,0,0,0.55
rematch:floor-boss-60,欠片試練・初回,【霊符】シオン / 【霊符】スイレン / 【日月】ルナリア / 【日月】ソラリア,ch2_shion / ch2_suiren / ch2_lunaria / ch2_solaria,60,100,100,100,1.22,2,0,0,1.54
rematch:floor-boss-60,欠片試練・初回,【鏡侍女】リュネ / 【鏡侍女】ロゼ / 【聖翼】アウレ / 【聖翼】ノエル,ch2_ryune / ch2_rose / ch2_aure / ch2_noelle,60,100,100,100,1.23,2,0,0,0
rematch:floor-boss-60,欠片試練・初回,【双雷】カリスタ / 【双雷】ソレーヌ / 【薬毒】ミレア / 【薬毒】ヴィオラ,ch2_calista / ch2_solenne / ch2_mirea / ch2_viola,60,100,100,100,1.68,2,0,0,2.05
rematch:floor-boss-70,欠片試練・初回,【霊符】シオン / 【霊符】スイレン / 【日月】ルナリア / 【日月】ソラリア,ch2_shion / ch2_suiren / ch2_lunaria / ch2_solaria,70,100,100,100,1.52,3,4,0,2.54
rematch:floor-boss-70,欠片試練・初回,【鏡侍女】リュネ / 【鏡侍女】ロゼ / 【聖翼】アウレ / 【聖翼】ノエル,ch2_ryune / ch2_rose / ch2_aure / ch2_noelle,70,100,100,100,1.93,2,5,0,0.02
rematch:floor-boss-70,欠片試練・初回,【竜姫】ドラシア / 【竜姫】リュシエ / 【薬毒】ミレア / 【薬毒】ヴィオラ,ch2_dracia / ch2_rucie / ch2_mirea / ch2_viola,70,100,100,100,2.03,3,0,0,1.59
rematch:floor-boss-80,欠片試練・初回,【霊符】シオン / 【霊符】スイレン / 【日月】ルナリア / 【日月】ソラリア,ch2_shion / ch2_suiren / ch2_lunaria / ch2_solaria,80,100,100,100,2.01,3,0,0,3.13
rematch:floor-boss-80,欠片試練・初回,【鏡侍女】リュネ / 【鏡侍女】ロゼ / 【聖翼】アウレ / 【聖翼】ノエル,ch2_ryune / ch2_rose / ch2_aure / ch2_noelle,80,100,100,100,2.03,3,0,0,0
rematch:floor-boss-80,欠片試練・初回,【双雷】カリスタ / 【双雷】ソレーヌ / 【薬毒】ミレア / 【薬毒】ヴィオラ,ch2_calista / ch2_solenne / ch2_mirea / ch2_viola,80,100,100,100,2.57,4,0,0,3.37
rematch:floor-boss-90,欠片試練・初回,【剣姫】ネメシア / 【剣姫】エヴェリア / 【双鐘】フェルネ / 【双鐘】クラリス,ch2_nemesia / ch2_everia / ch2_ferne / ch2_clarisse,90,100,100,100,4.63,7,0,0,2.05
rematch:floor-boss-90,欠片試練・初回,【星糸】セレス / 【星糸】ルミナ / 【誓姫】リリエット / 【誓姫】ロゼット,ch2_celes / ch2_lumina / ch2_lyriet / ch2_rosette,90,100,100,100,6.31,9,0,0,5.87
rematch:floor-boss-90,欠片試練・初回,【双雷】カリスタ / 【双雷】ソレーヌ / 【薬毒】ミレア / 【薬毒】ヴィオラ,ch2_calista / ch2_solenne / ch2_mirea / ch2_viola,90,100,100,100,7.95,11,0,0,12.79
rematch:floor-boss-110,欠片試練・初回,【霊符】シオン / 【霊符】スイレン / 【日月】ルナリア / 【日月】ソラリア,ch2_shion / ch2_suiren / ch2_lunaria / ch2_solaria,110,100,100,100,2.01,3,0,0,2.9
rematch:floor-boss-110,欠片試練・初回,【鏡侍女】リュネ / 【鏡侍女】ロゼ / 【聖翼】アウレ / 【聖翼】ノエル,ch2_ryune / ch2_rose / ch2_aure / ch2_noelle,110,100,100,100,2.1,3,0,0,0
rematch:floor-boss-110,欠片試練・初回,【双雷】カリスタ / 【双雷】ソレーヌ / 【薬毒】ミレア / 【薬毒】ヴィオラ,ch2_calista / ch2_solenne / ch2_mirea / ch2_viola,110,100,100,100,2.12,3,0,0,3.2
rematch:floor-boss-120,欠片試練・初回,【返誓】ロスティア / 【返誓】アルテア / 【星刻】エイレーネ / 【星刻】イリデル,ch2_rostia / ch2_althea / ch2_eirene / ch2_iridelle,120,100,100,100,1.12,2,0,0,0.68
rematch:floor-boss-120,欠片試練・初回,【霊符】シオン / 【霊符】スイレン / 【日月】ルナリア / 【日月】ソラリア,ch2_shion / ch2_suiren / ch2_lunaria / ch2_solaria,120,100,100,100,1.35,2,0,0,1.87
rematch:floor-boss-120,欠片試練・初回,【双雷】カリスタ / 【双雷】ソレーヌ / 【薬毒】ミレア / 【薬毒】ヴィオラ,ch2_calista / ch2_solenne / ch2_mirea / ch2_viola,120,100,100,100,1.58,3,0,0,2.18
rematch:floor-boss-130,欠片試練・初回,【封鍵】メリオラ / 【封鍵】エリゼル / 【薔薇】ノクテル / 【薔薇】オーリアン,ch2_meliora / ch2_elyselle / ch2_noctelle / ch2_auriane,130,100,100,100,1.84,2,0,0,0
rematch:floor-boss-130,欠片試練・初回,【鏡侍女】リュネ / 【鏡侍女】ロゼ / 【聖翼】アウレ / 【聖翼】ノエル,ch2_ryune / ch2_rose / ch2_aure / ch2_noelle,130,100,100,100,2.01,3,0,0,0
rematch:floor-boss-130,欠片試練・初回,【双雷】カリスタ / 【双雷】ソレーヌ / 【薬毒】ミレア / 【薬毒】ヴィオラ,ch2_calista / ch2_solenne / ch2_mirea / ch2_viola,130,100,100,100,2.07,3,0,0,3.1
rematch:floor-boss-140,欠片試練・初回,【剣姫】ネメシア / 【剣姫】エヴェリア / 【双鐘】フェルネ / 【双鐘】クラリス,ch2_nemesia / ch2_everia / ch2_ferne / ch2_clarisse,140,100,100,100,1.16,2,0,0,0.43
rematch:floor-boss-140,欠片試練・初回,【双雷】カリスタ / 【双雷】ソレーヌ / 【薬毒】ミレア / 【薬毒】ヴィオラ,ch2_calista / ch2_solenne / ch2_mirea / ch2_viola,140,100,100,100,1.88,3,0,0,2.23
rematch:floor-boss-140,欠片試練・初回,【鏡侍女】リュネ / 【鏡侍女】ロゼ / 【聖翼】アウレ / 【聖翼】ノエル,ch2_ryune / ch2_rose / ch2_aure / ch2_noelle,140,100,100,100,2.01,3,0,0,0
rematch:floor-boss-150,欠片試練・初回,【封鍵】メリオラ / 【封鍵】エリゼル / 【薔薇】ノクテル / 【薔薇】オーリアン,ch2_meliora / ch2_elyselle / ch2_noctelle / ch2_auriane,150,100,100,100,2,2,0,0,0
rematch:floor-boss-150,欠片試練・初回,【双藤】ネヴィア / 【双藤】エルミナ / 【聖翼】アウレ / 【聖翼】ノエル,ch2_nevia / ch2_elmina / ch2_aure / ch2_noelle,150,100,100,100,2.01,3,0,0,0.52
rematch:floor-boss-150,欠片試練・初回,【鏡侍女】リュネ / 【鏡侍女】ロゼ / 【聖翼】アウレ / 【聖翼】ノエル,ch2_ryune / ch2_rose / ch2_aure / ch2_noelle,150,100,100,100,2.07,3,0,0,0
rematch:floor-boss-160,欠片試練・初回,【鏡侍女】リュネ / 【鏡侍女】ロゼ / 【聖翼】アウレ / 【聖翼】ノエル,ch2_ryune / ch2_rose / ch2_aure / ch2_noelle,160,100,100,100,2,2,0,0,0
rematch:floor-boss-160,欠片試練・初回,【霊符】シオン / 【霊符】スイレン / 【日月】ルナリア / 【日月】ソラリア,ch2_shion / ch2_suiren / ch2_lunaria / ch2_solaria,160,100,100,100,2,2,0,0,3.05
rematch:floor-boss-160,欠片試練・初回,【双雷】カリスタ / 【双雷】ソレーヌ / 【薬毒】ミレア / 【薬毒】ヴィオラ,ch2_calista / ch2_solenne / ch2_mirea / ch2_viola,160,100,100,100,2.15,3,0,0,3.03
rematch:floor-boss-170,欠片試練・初回,【鏡侍女】リュネ / 【鏡侍女】ロゼ / 【聖翼】アウレ / 【聖翼】ノエル,ch2_ryune / ch2_rose / ch2_aure / ch2_noelle,170,100,100,100,3.01,4,0,0,0.12
rematch:floor-boss-170,欠片試練・初回,【双藤】ネヴィア / 【双藤】エルミナ / 【聖翼】アウレ / 【聖翼】ノエル,ch2_nevia / ch2_elmina / ch2_aure / ch2_noelle,170,100,100,100,3.04,4,0,0,0.55
rematch:floor-boss-170,欠片試練・初回,【封鍵】メリオラ / 【封鍵】エリゼル / 【薔薇】ノクテル / 【薔薇】オーリアン,ch2_meliora / ch2_elyselle / ch2_noctelle / ch2_auriane,170,100,100,100,3.08,4,0,0,0.25
rematch:floor-boss-180,欠片試練・初回,【返誓】ロスティア / 【返誓】アルテア / 【星刻】エイレーネ / 【星刻】イリデル,ch2_rostia / ch2_althea / ch2_eirene / ch2_iridelle,180,100,100,100,3.57,9,0,0,3.76
rematch:floor-boss-180,欠片試練・初回,【剣姫】ネメシア / 【剣姫】エヴェリア / 【双鐘】フェルネ / 【双鐘】クラリス,ch2_nemesia / ch2_everia / ch2_ferne / ch2_clarisse,180,100,100,100,4.22,9,0,0,1.28
rematch:floor-boss-180,欠片試練・初回,【鏡侍女】リュネ / 【鏡侍女】ロゼ / 【聖翼】アウレ / 【聖翼】ノエル,ch2_ryune / ch2_rose / ch2_aure / ch2_noelle,180,100,100,100,5.54,16,0,0,2.41
rematch:floor-boss-190,欠片試練・初回,【剣姫】ネメシア / 【剣姫】エヴェリア / 【双鐘】フェルネ / 【双鐘】クラリス,ch2_nemesia / ch2_everia / ch2_ferne / ch2_clarisse,190,100,100,100,1.42,2,0,0,0.34
rematch:floor-boss-190,欠片試練・初回,【鏡侍女】リュネ / 【鏡侍女】ロゼ / 【聖翼】アウレ / 【聖翼】ノエル,ch2_ryune / ch2_rose / ch2_aure / ch2_noelle,190,100,100,100,2.07,3,0,0,0
rematch:floor-boss-190,欠片試練・初回,【封鍵】メリオラ / 【封鍵】エリゼル / 【薔薇】ノクテル / 【薔薇】オーリアン,ch2_meliora / ch2_elyselle / ch2_noctelle / ch2_auriane,190,100,100,100,2.09,3,0,0,0
rematch:floor-boss-210,欠片試練・初回,【剣姫】ネメシア / 【剣姫】エヴェリア / 【双鐘】フェルネ / 【双鐘】クラリス,ch2_nemesia / ch2_everia / ch2_ferne / ch2_clarisse,210,100,100,100,1.73,2,0,0,0.47
rematch:floor-boss-210,欠片試練・初回,【鏡侍女】リュネ / 【鏡侍女】ロゼ / 【聖翼】アウレ / 【聖翼】ノエル,ch2_ryune / ch2_rose / ch2_aure / ch2_noelle,210,100,100,100,2,2,0,0,0
rematch:floor-boss-210,欠片試練・初回,【双雷】カリスタ / 【双雷】ソレーヌ / 【薬毒】ミレア / 【薬毒】ヴィオラ,ch2_calista / ch2_solenne / ch2_mirea / ch2_viola,210,100,100,100,2,2,0,0,2.35
rematch:floor-boss-220,欠片試練・初回,【双藤】ネヴィア / 【双藤】エルミナ / 【聖翼】アウレ / 【聖翼】ノエル,ch2_nevia / ch2_elmina / ch2_aure / ch2_noelle,220,100,100,100,2.75,4,0,0,0.58
rematch:floor-boss-220,欠片試練・初回,【双雷】カリスタ / 【双雷】ソレーヌ / 【薬毒】ミレア / 【薬毒】ヴィオラ,ch2_calista / ch2_solenne / ch2_mirea / ch2_viola,220,100,100,100,2.79,4,0,0,4.44
rematch:floor-boss-220,欠片試練・初回,【返誓】ロスティア / 【返誓】アルテア / 【星刻】エイレーネ / 【星刻】イリデル,ch2_rostia / ch2_althea / ch2_eirene / ch2_iridelle,220,100,100,100,3.07,4,0,0,2.85
rematch:floor-boss-230,欠片試練・初回,【剣姫】ネメシア / 【剣姫】エヴェリア / 【双鐘】フェルネ / 【双鐘】クラリス,ch2_nemesia / ch2_everia / ch2_ferne / ch2_clarisse,230,100,100,100,2.12,3,0,0,0.99
rematch:floor-boss-230,欠片試練・初回,【返誓】ロスティア / 【返誓】アルテア / 【星刻】エイレーネ / 【星刻】イリデル,ch2_rostia / ch2_althea / ch2_eirene / ch2_iridelle,230,100,100,100,2.52,4,0,0,2.78
rematch:floor-boss-230,欠片試練・初回,【鏡侍女】リュネ / 【鏡侍女】ロゼ / 【聖翼】アウレ / 【聖翼】ノエル,ch2_ryune / ch2_rose / ch2_aure / ch2_noelle,230,100,100,100,3.31,10,0,0,0.27
rematch:floor-boss-240,欠片試練・初回,【霊符】シオン / 【霊符】スイレン / 【日月】ルナリア / 【日月】ソラリア,ch2_shion / ch2_suiren / ch2_lunaria / ch2_solaria,240,100,100,100,1.13,2,3,0,1.36
rematch:floor-boss-240,欠片試練・初回,【封鍵】メリオラ / 【封鍵】エリゼル / 【薔薇】ノクテル / 【薔薇】オーリアン,ch2_meliora / ch2_elyselle / ch2_noctelle / ch2_auriane,240,100,100,100,1.26,2,0,0,0
rematch:floor-boss-240,欠片試練・初回,【双雷】カリスタ / 【双雷】ソレーヌ / 【薬毒】ミレア / 【薬毒】ヴィオラ,ch2_calista / ch2_solenne / ch2_mirea / ch2_viola,240,100,100,100,1.28,2,3,0,1.51
rematch:floor-boss-250,欠片試練・初回,【剣姫】ネメシア / 【剣姫】エヴェリア / 【双鐘】フェルネ / 【双鐘】クラリス,ch2_nemesia / ch2_everia / ch2_ferne / ch2_clarisse,250,100,100,100,2.05,3,0,0,1.09
rematch:floor-boss-250,欠片試練・初回,【封鍵】メリオラ / 【封鍵】エリゼル / 【薔薇】ノクテル / 【薔薇】オーリアン,ch2_meliora / ch2_elyselle / ch2_noctelle / ch2_auriane,250,100,100,100,2.36,3,0,0,0
rematch:floor-boss-250,欠片試練・初回,【双藤】ネヴィア / 【双藤】エルミナ / 【聖翼】アウレ / 【聖翼】ノエル,ch2_nevia / ch2_elmina / ch2_aure / ch2_noelle,250,100,100,100,2.66,3,0,0,0.54
rematch:floor-boss-260,欠片試練・初回,【鏡侍女】リュネ / 【鏡侍女】ロゼ / 【聖翼】アウレ / 【聖翼】ノエル,ch2_ryune / ch2_rose / ch2_aure / ch2_noelle,260,100,100,100,3.12,4,0,0,0.3
rematch:floor-boss-260,欠片試練・初回,【霊符】シオン / 【霊符】スイレン / 【日月】ルナリア / 【日月】ソラリア,ch2_shion / ch2_suiren / ch2_lunaria / ch2_solaria,260,100,100,100,3.34,4,0,0,6.2
rematch:floor-boss-260,欠片試練・初回,【双雷】カリスタ / 【双雷】ソレーヌ / 【薬毒】ミレア / 【薬毒】ヴィオラ,ch2_calista / ch2_solenne / ch2_mirea / ch2_viola,260,100,100,100,3.66,5,0,0,5.8
rematch:floor-boss-270,欠片試練・初回,【星糸】セレス / 【星糸】ルミナ / 【誓姫】リリエット / 【誓姫】ロゼット,ch2_celes / ch2_lumina / ch2_lyriet / ch2_rosette,270,100,100,100,2.96,6,0,0,2.63
rematch:floor-boss-270,欠片試練・初回,【返誓】ロスティア / 【返誓】アルテア / 【星刻】エイレーネ / 【星刻】イリデル,ch2_rostia / ch2_althea / ch2_eirene / ch2_iridelle,270,100,99,99,2.95,5,2,0,2.82
rematch:floor-boss-270,欠片試練・初回,【鏡侍女】リュネ / 【鏡侍女】ロゼ / 【聖翼】アウレ / 【聖翼】ノエル,ch2_ryune / ch2_rose / ch2_aure / ch2_noelle,270,100,99,99,3.34,6,1,0,0.42
rematch:floor-boss-280,欠片試練・初回,【霊符】シオン / 【霊符】スイレン / 【日月】ルナリア / 【日月】ソラリア,ch2_shion / ch2_suiren / ch2_lunaria / ch2_solaria,280,100,100,100,2.05,3,0,0,3.35
rematch:floor-boss-280,欠片試練・初回,【鏡侍女】リュネ / 【鏡侍女】ロゼ / 【聖翼】アウレ / 【聖翼】ノエル,ch2_ryune / ch2_rose / ch2_aure / ch2_noelle,280,100,100,100,2.19,3,0,0,0
rematch:floor-boss-280,欠片試練・初回,【双雷】カリスタ / 【双雷】ソレーヌ / 【薬毒】ミレア / 【薬毒】ヴィオラ,ch2_calista / ch2_solenne / ch2_mirea / ch2_viola,280,100,100,100,2.26,3,0,0,3.01
rematch:floor-boss-290,欠片試練・初回,【剣姫】ネメシア / 【剣姫】エヴェリア / 【双鐘】フェルネ / 【双鐘】クラリス,ch2_nemesia / ch2_everia / ch2_ferne / ch2_clarisse,290,100,100,100,3.02,5,0,0,0.94
rematch:floor-boss-290,欠片試練・初回,【返誓】ロスティア / 【返誓】アルテア / 【星刻】エイレーネ / 【星刻】イリデル,ch2_rostia / ch2_althea / ch2_eirene / ch2_iridelle,290,100,100,100,3.62,8,0,0,3.45
rematch:floor-boss-290,欠片試練・初回,【竜姫】ドラシア / 【竜姫】リュシエ / 【薬毒】ミレア / 【薬毒】ヴィオラ,ch2_dracia / ch2_rucie / ch2_mirea / ch2_viola,290,100,100,100,4.36,7,0,0,2.93
rematch:floor-boss-310,欠片試練・初回,【霊符】シオン / 【霊符】スイレン / 【日月】ルナリア / 【日月】ソラリア,ch2_shion / ch2_suiren / ch2_lunaria / ch2_solaria,310,100,100,100,1.89,2,0,0,2.54
rematch:floor-boss-310,欠片試練・初回,【星糸】セレス / 【星糸】ルミナ / 【誓姫】リリエット / 【誓姫】ロゼット,ch2_celes / ch2_lumina / ch2_lyriet / ch2_rosette,310,100,100,100,1.91,2,0,0,1.29
rematch:floor-boss-310,欠片試練・初回,【竜姫】ドラシア / 【竜姫】リュシエ / 【薬毒】ミレア / 【薬毒】ヴィオラ,ch2_dracia / ch2_rucie / ch2_mirea / ch2_viola,310,100,100,100,1.96,2,0,0,1.41
rematch:floor-boss-320,欠片試練・初回,【竜姫】ドラシア / 【竜姫】リュシエ / 【薬毒】ミレア / 【薬毒】ヴィオラ,ch2_dracia / ch2_rucie / ch2_mirea / ch2_viola,320,100,100,100,2.5,3,0,0,2.09
rematch:floor-boss-320,欠片試練・初回,【封鍵】メリオラ / 【封鍵】エリゼル / 【薔薇】ノクテル / 【薔薇】オーリアン,ch2_meliora / ch2_elyselle / ch2_noctelle / ch2_auriane,320,100,100,100,2.59,3,0,0,0.06
rematch:floor-boss-320,欠片試練・初回,【霊符】シオン / 【霊符】スイレン / 【日月】ルナリア / 【日月】ソラリア,ch2_shion / ch2_suiren / ch2_lunaria / ch2_solaria,320,100,100,100,2.78,3,0,0,4.59
rematch:floor-boss-330,欠片試練・初回,【霊符】シオン / 【霊符】スイレン / 【日月】ルナリア / 【日月】ソラリア,ch2_shion / ch2_suiren / ch2_lunaria / ch2_solaria,330,100,100,100,1.47,3,0,0,2.55
rematch:floor-boss-330,欠片試練・初回,【竜姫】ドラシア / 【竜姫】リュシエ / 【薬毒】ミレア / 【薬毒】ヴィオラ,ch2_dracia / ch2_rucie / ch2_mirea / ch2_viola,330,100,100,100,1.47,3,0,0,1.13
rematch:floor-boss-330,欠片試練・初回,【封鍵】メリオラ / 【封鍵】エリゼル / 【薔薇】ノクテル / 【薔薇】オーリアン,ch2_meliora / ch2_elyselle / ch2_noctelle / ch2_auriane,330,100,100,100,1.7,2,0,0,0
rematch:floor-boss-340,欠片試練・初回,【霊符】シオン / 【霊符】スイレン / 【日月】ルナリア / 【日月】ソラリア,ch2_shion / ch2_suiren / ch2_lunaria / ch2_solaria,340,100,100,100,2,3,0,0,2.88
rematch:floor-boss-340,欠片試練・初回,【鏡侍女】リュネ / 【鏡侍女】ロゼ / 【聖翼】アウレ / 【聖翼】ノエル,ch2_ryune / ch2_rose / ch2_aure / ch2_noelle,340,100,100,100,2.06,3,0,0,0.04
rematch:floor-boss-340,欠片試練・初回,【双雷】カリスタ / 【双雷】ソレーヌ / 【薬毒】ミレア / 【薬毒】ヴィオラ,ch2_calista / ch2_solenne / ch2_mirea / ch2_viola,340,100,100,100,2.24,4,0,0,3.21
rematch:floor-boss-350,欠片試練・初回,【剣姫】ネメシア / 【剣姫】エヴェリア / 【双鐘】フェルネ / 【双鐘】クラリス,ch2_nemesia / ch2_everia / ch2_ferne / ch2_clarisse,350,100,100,100,2.15,3,0,0,1.04
rematch:floor-boss-350,欠片試練・初回,【星糸】セレス / 【星糸】ルミナ / 【誓姫】リリエット / 【誓姫】ロゼット,ch2_celes / ch2_lumina / ch2_lyriet / ch2_rosette,350,100,100,100,2.33,3,0,0,2.04
rematch:floor-boss-350,欠片試練・初回,【鏡侍女】リュネ / 【鏡侍女】ロゼ / 【聖翼】アウレ / 【聖翼】ノエル,ch2_ryune / ch2_rose / ch2_aure / ch2_noelle,350,100,100,100,3.06,4,0,0,0.02
rematch:floor-boss-360,欠片試練・初回,【星糸】セレス / 【星糸】ルミナ / 【誓姫】リリエット / 【誓姫】ロゼット,ch2_celes / ch2_lumina / ch2_lyriet / ch2_rosette,360,100,100,100,2.25,4,0,0,1.72
rematch:floor-boss-360,欠片試練・初回,【鏡侍女】リュネ / 【鏡侍女】ロゼ / 【聖翼】アウレ / 【聖翼】ノエル,ch2_ryune / ch2_rose / ch2_aure / ch2_noelle,360,100,100,100,2.59,4,0,0,0.01
rematch:floor-boss-360,欠片試練・初回,【双雷】カリスタ / 【双雷】ソレーヌ / 【薬毒】ミレア / 【薬毒】ヴィオラ,ch2_calista / ch2_solenne / ch2_mirea / ch2_viola,360,100,100,100,3.24,5,0,0,3.7
rematch:floor-boss-370,欠片試練・初回,【封鍵】メリオラ / 【封鍵】エリゼル / 【薔薇】ノクテル / 【薔薇】オーリアン,ch2_meliora / ch2_elyselle / ch2_noctelle / ch2_auriane,370,100,100,100,2.01,3,0,0,0
rematch:floor-boss-370,欠片試練・初回,【霊符】シオン / 【霊符】スイレン / 【日月】ルナリア / 【日月】ソラリア,ch2_shion / ch2_suiren / ch2_lunaria / ch2_solaria,370,100,100,100,2.1,3,0,0,3.08
rematch:floor-boss-370,欠片試練・初回,【双雷】カリスタ / 【双雷】ソレーヌ / 【薬毒】ミレア / 【薬毒】ヴィオラ,ch2_calista / ch2_solenne / ch2_mirea / ch2_viola,370,100,100,100,2.78,4,2,0,3.27
rematch:floor-boss-380,欠片試練・初回,【封鍵】メリオラ / 【封鍵】エリゼル / 【薔薇】ノクテル / 【薔薇】オーリアン,ch2_meliora / ch2_elyselle / ch2_noctelle / ch2_auriane,380,100,100,100,2.36,3,0,0,0
rematch:floor-boss-380,欠片試練・初回,【双藤】ネヴィア / 【双藤】エルミナ / 【聖翼】アウレ / 【聖翼】ノエル,ch2_nevia / ch2_elmina / ch2_aure / ch2_noelle,380,100,100,100,2.36,3,0,0,0.71
rematch:floor-boss-380,欠片試練・初回,【霊符】シオン / 【霊符】スイレン / 【日月】ルナリア / 【日月】ソラリア,ch2_shion / ch2_suiren / ch2_lunaria / ch2_solaria,380,100,100,100,2.63,3,0,0,4.17
rematch:floor-boss-390,欠片試練・初回,【星糸】セレス / 【星糸】ルミナ / 【誓姫】リリエット / 【誓姫】ロゼット,ch2_celes / ch2_lumina / ch2_lyriet / ch2_rosette,390,100,100,100,10.43,24,0,0,8.92
rematch:floor-boss-390,欠片試練・初回,【竜姫】ドラシア / 【竜姫】リュシエ / 【薬毒】ミレア / 【薬毒】ヴィオラ,ch2_dracia / ch2_rucie / ch2_mirea / ch2_viola,390,100,99,99,8.89,21,0,0,6.03
rematch:floor-boss-390,欠片試練・初回,【月狐】カグラ / 【月狐】サヨ / 【双鐘】フェルネ / 【双鐘】クラリス,ch2_kagura / ch2_sayo / ch2_ferne / ch2_clarisse,390,100,99,99,9.58,22,0,0,2.28
rematch:floor-boss-410,欠片試練・初回,【霊符】シオン / 【霊符】スイレン / 【日月】ルナリア / 【日月】ソラリア,ch2_shion / ch2_suiren / ch2_lunaria / ch2_solaria,410,100,100,100,2,2,0,0,3.11
rematch:floor-boss-410,欠片試練・初回,【鏡侍女】リュネ / 【鏡侍女】ロゼ / 【聖翼】アウレ / 【聖翼】ノエル,ch2_ryune / ch2_rose / ch2_aure / ch2_noelle,410,100,100,100,2.1,3,0,0,0
rematch:floor-boss-410,欠片試練・初回,【双雷】カリスタ / 【双雷】ソレーヌ / 【薬毒】ミレア / 【薬毒】ヴィオラ,ch2_calista / ch2_solenne / ch2_mirea / ch2_viola,410,100,100,100,2.25,3,0,0,3.5
rematch:floor-boss-420,欠片試練・初回,【封鍵】メリオラ / 【封鍵】エリゼル / 【薔薇】ノクテル / 【薔薇】オーリアン,ch2_meliora / ch2_elyselle / ch2_noctelle / ch2_auriane,420,100,100,100,1,1,0,0,0.01
rematch:floor-boss-420,欠片試練・初回,【霊符】シオン / 【霊符】スイレン / 【日月】ルナリア / 【日月】ソラリア,ch2_shion / ch2_suiren / ch2_lunaria / ch2_solaria,420,100,100,100,1.08,2,0,0,1.33
rematch:floor-boss-420,欠片試練・初回,【鏡侍女】リュネ / 【鏡侍女】ロゼ / 【聖翼】アウレ / 【聖翼】ノエル,ch2_ryune / ch2_rose / ch2_aure / ch2_noelle,420,100,100,100,1.39,2,0,0,0
rematch:floor-boss-430,欠片試練・初回,【霊符】シオン / 【霊符】スイレン / 【日月】ルナリア / 【日月】ソラリア,ch2_shion / ch2_suiren / ch2_lunaria / ch2_solaria,430,100,100,100,2.13,3,0,0,3.55
rematch:floor-boss-430,欠片試練・初回,【鏡侍女】リュネ / 【鏡侍女】ロゼ / 【聖翼】アウレ / 【聖翼】ノエル,ch2_ryune / ch2_rose / ch2_aure / ch2_noelle,430,100,100,100,2.52,3,0,0,0.01
rematch:floor-boss-430,欠片試練・初回,【双雷】カリスタ / 【双雷】ソレーヌ / 【薬毒】ミレア / 【薬毒】ヴィオラ,ch2_calista / ch2_solenne / ch2_mirea / ch2_viola,430,100,100,100,2.8,5,0,0,4.33
rematch:floor-boss-440,欠片試練・初回,【霊符】シオン / 【霊符】スイレン / 【日月】ルナリア / 【日月】ソラリア,ch2_shion / ch2_suiren / ch2_lunaria / ch2_solaria,440,100,100,100,1.08,2,0,0,1.46
rematch:floor-boss-440,欠片試練・初回,【封鍵】メリオラ / 【封鍵】エリゼル / 【薔薇】ノクテル / 【薔薇】オーリアン,ch2_meliora / ch2_elyselle / ch2_noctelle / ch2_auriane,440,100,100,100,1.11,2,0,0,0
rematch:floor-boss-440,欠片試練・初回,【双雷】カリスタ / 【双雷】ソレーヌ / 【薬毒】ミレア / 【薬毒】ヴィオラ,ch2_calista / ch2_solenne / ch2_mirea / ch2_viola,440,100,100,100,1.94,2,0,0,2.01
rematch:floor-boss-450,欠片試練・初回,【剣姫】ネメシア / 【剣姫】エヴェリア / 【双鐘】フェルネ / 【双鐘】クラリス,ch2_nemesia / ch2_everia / ch2_ferne / ch2_clarisse,450,100,100,100,2.9,4,0,0,0.82
rematch:floor-boss-450,欠片試練・初回,【霊符】シオン / 【霊符】スイレン / 【日月】ルナリア / 【日月】ソラリア,ch2_shion / ch2_suiren / ch2_lunaria / ch2_solaria,450,100,100,100,3.33,5,0,0,6.02
rematch:floor-boss-450,欠片試練・初回,【封鍵】メリオラ / 【封鍵】エリゼル / 【薔薇】ノクテル / 【薔薇】オーリアン,ch2_meliora / ch2_elyselle / ch2_noctelle / ch2_auriane,450,100,100,100,4.61,7,0,0,0.01
rematch:floor-boss-460,欠片試練・初回,【鏡侍女】リュネ / 【鏡侍女】ロゼ / 【聖翼】アウレ / 【聖翼】ノエル,ch2_ryune / ch2_rose / ch2_aure / ch2_noelle,460,100,100,100,3.07,4,0,0,0.06
rematch:floor-boss-460,欠片試練・初回,【霊符】シオン / 【霊符】スイレン / 【日月】ルナリア / 【日月】ソラリア,ch2_shion / ch2_suiren / ch2_lunaria / ch2_solaria,460,100,100,100,3.07,4,0,0,5.19
rematch:floor-boss-460,欠片試練・初回,【双雷】カリスタ / 【双雷】ソレーヌ / 【薬毒】ミレア / 【薬毒】ヴィオラ,ch2_calista / ch2_solenne / ch2_mirea / ch2_viola,460,100,100,100,4.08,8,0,0,6.37
rematch:floor-boss-470,欠片試練・初回,【霊符】シオン / 【霊符】スイレン / 【日月】ルナリア / 【日月】ソラリア,ch2_shion / ch2_suiren / ch2_lunaria / ch2_solaria,470,100,100,100,2.73,4,0,0,4.52
rematch:floor-boss-470,欠片試練・初回,【鏡侍女】リュネ / 【鏡侍女】ロゼ / 【聖翼】アウレ / 【聖翼】ノエル,ch2_ryune / ch2_rose / ch2_aure / ch2_noelle,470,100,100,100,2.93,4,0,0,0.05
rematch:floor-boss-470,欠片試練・初回,【双雷】カリスタ / 【双雷】ソレーヌ / 【薬毒】ミレア / 【薬毒】ヴィオラ,ch2_calista / ch2_solenne / ch2_mirea / ch2_viola,470,100,100,100,3.48,5,0,0,5.56
rematch:floor-boss-480,欠片試練・初回,【剣姫】ネメシア / 【剣姫】エヴェリア / 【双鐘】フェルネ / 【双鐘】クラリス,ch2_nemesia / ch2_everia / ch2_ferne / ch2_clarisse,480,100,100,100,2.52,3,0,0,0.79
rematch:floor-boss-480,欠片試練・初回,【星糸】セレス / 【星糸】ルミナ / 【誓姫】リリエット / 【誓姫】ロゼット,ch2_celes / ch2_lumina / ch2_lyriet / ch2_rosette,480,100,100,100,2.75,4,0,0,2.25
rematch:floor-boss-480,欠片試練・初回,【鏡侍女】リュネ / 【鏡侍女】ロゼ / 【聖翼】アウレ / 【聖翼】ノエル,ch2_ryune / ch2_rose / ch2_aure / ch2_noelle,480,100,100,100,3.12,4,0,0,0.3
rematch:floor-boss-490,欠片試練・初回,【剣姫】ネメシア / 【剣姫】エヴェリア / 【双鐘】フェルネ / 【双鐘】クラリス,ch2_nemesia / ch2_everia / ch2_ferne / ch2_clarisse,490,100,100,100,2.37,3,0,0,0.74
rematch:floor-boss-490,欠片試練・初回,【返誓】ロスティア / 【返誓】アルテア / 【星刻】エイレーネ / 【星刻】イリデル,ch2_rostia / ch2_althea / ch2_eirene / ch2_iridelle,490,100,100,100,3.62,6,0,0,2.39
rematch:floor-boss-490,欠片試練・初回,【封鍵】メリオラ / 【封鍵】エリゼル / 【薔薇】ノクテル / 【薔薇】オーリアン,ch2_meliora / ch2_elyselle / ch2_noctelle / ch2_auriane,490,100,100,100,4.29,6,0,0,0.26
rematch:floor-boss-510,欠片試練・初回,【双雷】カリスタ / 【双雷】ソレーヌ / 【薬毒】ミレア / 【薬毒】ヴィオラ,ch2_calista / ch2_solenne / ch2_mirea / ch2_viola,510,100,100,100,1.85,3,0,0,2.39
rematch:floor-boss-510,欠片試練・初回,【霊符】シオン / 【霊符】スイレン / 【日月】ルナリア / 【日月】ソラリア,ch2_shion / ch2_suiren / ch2_lunaria / ch2_solaria,510,100,100,100,1.85,2,0,0,2.67
rematch:floor-boss-510,欠片試練・初回,【鏡侍女】リュネ / 【鏡侍女】ロゼ / 【聖翼】アウレ / 【聖翼】ノエル,ch2_ryune / ch2_rose / ch2_aure / ch2_noelle,510,100,100,100,2,2,0,0,0
rematch:floor-boss-520,欠片試練・初回,【霊符】シオン / 【霊符】スイレン / 【日月】ルナリア / 【日月】ソラリア,ch2_shion / ch2_suiren / ch2_lunaria / ch2_solaria,520,100,100,100,2.01,3,0,0,3.19
rematch:floor-boss-520,欠片試練・初回,【双雷】カリスタ / 【双雷】ソレーヌ / 【薬毒】ミレア / 【薬毒】ヴィオラ,ch2_calista / ch2_solenne / ch2_mirea / ch2_viola,520,100,100,100,2.07,3,0,0,2.84
rematch:floor-boss-520,欠片試練・初回,【鏡侍女】リュネ / 【鏡侍女】ロゼ / 【聖翼】アウレ / 【聖翼】ノエル,ch2_ryune / ch2_rose / ch2_aure / ch2_noelle,520,100,100,100,2.12,3,0,0,0
rematch:floor-boss-530,欠片試練・初回,【剣姫】ネメシア / 【剣姫】エヴェリア / 【双鐘】フェルネ / 【双鐘】クラリス,ch2_nemesia / ch2_everia / ch2_ferne / ch2_clarisse,530,100,100,100,2.73,4,0,0,1.38
rematch:floor-boss-530,欠片試練・初回,【封鍵】メリオラ / 【封鍵】エリゼル / 【薔薇】ノクテル / 【薔薇】オーリアン,ch2_meliora / ch2_elyselle / ch2_noctelle / ch2_auriane,530,100,100,100,3.36,7,0,0,0.02
rematch:floor-boss-530,欠片試練・初回,【鏡侍女】リュネ / 【鏡侍女】ロゼ / 【聖翼】アウレ / 【聖翼】ノエル,ch2_ryune / ch2_rose / ch2_aure / ch2_noelle,530,100,100,100,4.04,6,0,0,0.8
rematch:floor-boss-540,欠片試練・初回,【霊符】シオン / 【霊符】スイレン / 【日月】ルナリア / 【日月】ソラリア,ch2_shion / ch2_suiren / ch2_lunaria / ch2_solaria,540,100,100,100,2.07,3,0,0,3.56
rematch:floor-boss-540,欠片試練・初回,【双雷】カリスタ / 【双雷】ソレーヌ / 【薬毒】ミレア / 【薬毒】ヴィオラ,ch2_calista / ch2_solenne / ch2_mirea / ch2_viola,540,100,100,100,2.23,3,0,0,3.33
rematch:floor-boss-540,欠片試練・初回,【鏡侍女】リュネ / 【鏡侍女】ロゼ / 【聖翼】アウレ / 【聖翼】ノエル,ch2_ryune / ch2_rose / ch2_aure / ch2_noelle,540,100,100,100,2.76,4,0,0,0
rematch:floor-boss-550,欠片試練・初回,【剣姫】ネメシア / 【剣姫】エヴェリア / 【双鐘】フェルネ / 【双鐘】クラリス,ch2_nemesia / ch2_everia / ch2_ferne / ch2_clarisse,550,100,100,100,4.9,6,0,0,2.23
rematch:floor-boss-550,欠片試練・初回,【星糸】セレス / 【星糸】ルミナ / 【誓姫】リリエット / 【誓姫】ロゼット,ch2_celes / ch2_lumina / ch2_lyriet / ch2_rosette,550,100,100,100,5.39,8,0,0,4.91
rematch:floor-boss-550,欠片試練・初回,【竜姫】ドラシア / 【竜姫】リュシエ / 【薬毒】ミレア / 【薬毒】ヴィオラ,ch2_dracia / ch2_rucie / ch2_mirea / ch2_viola,550,100,100,100,7.29,15,0,0,6.01
rematch:floor-boss-560,欠片試練・初回,【双藤】ネヴィア / 【双藤】エルミナ / 【聖翼】アウレ / 【聖翼】ノエル,ch2_nevia / ch2_elmina / ch2_aure / ch2_noelle,560,100,100,100,1.63,2,0,0,0.59
rematch:floor-boss-560,欠片試練・初回,【封鍵】メリオラ / 【封鍵】エリゼル / 【薔薇】ノクテル / 【薔薇】オーリアン,ch2_meliora / ch2_elyselle / ch2_noctelle / ch2_auriane,560,100,100,100,1.92,2,0,0,0
rematch:floor-boss-560,欠片試練・初回,【鏡侍女】リュネ / 【鏡侍女】ロゼ / 【聖翼】アウレ / 【聖翼】ノエル,ch2_ryune / ch2_rose / ch2_aure / ch2_noelle,560,100,100,100,2,2,0,0,0
rematch:floor-boss-570,欠片試練・初回,【剣姫】ネメシア / 【剣姫】エヴェリア / 【双鐘】フェルネ / 【双鐘】クラリス,ch2_nemesia / ch2_everia / ch2_ferne / ch2_clarisse,570,100,100,100,2.33,3,0,0,1.1
rematch:floor-boss-570,欠片試練・初回,【返誓】ロスティア / 【返誓】アルテア / 【星刻】エイレーネ / 【星刻】イリデル,ch2_rostia / ch2_althea / ch2_eirene / ch2_iridelle,570,100,100,100,2.57,4,0,0,3.2
rematch:floor-boss-570,欠片試練・初回,【星糸】セレス / 【星糸】ルミナ / 【誓姫】リリエット / 【誓姫】ロゼット,ch2_celes / ch2_lumina / ch2_lyriet / ch2_rosette,570,100,100,100,2.65,6,0,0,2.21
rematch:floor-boss-580,欠片試練・初回,【剣姫】ネメシア / 【剣姫】エヴェリア / 【双鐘】フェルネ / 【双鐘】クラリス,ch2_nemesia / ch2_everia / ch2_ferne / ch2_clarisse,580,100,100,100,1.97,2,0,0,0.78
rematch:floor-boss-580,欠片試練・初回,【竜姫】ドラシア / 【竜姫】リュシエ / 【薬毒】ミレア / 【薬毒】ヴィオラ,ch2_dracia / ch2_rucie / ch2_mirea / ch2_viola,580,100,100,100,2.14,3,0,0,1.69
rematch:floor-boss-580,欠片試練・初回,【鏡侍女】リュネ / 【鏡侍女】ロゼ / 【聖翼】アウレ / 【聖翼】ノエル,ch2_ryune / ch2_rose / ch2_aure / ch2_noelle,580,100,100,100,2.2,3,0,0,0.06
rematch:floor-boss-590,欠片試練・初回,【剣姫】ネメシア / 【剣姫】エヴェリア / 【双鐘】フェルネ / 【双鐘】クラリス,ch2_nemesia / ch2_everia / ch2_ferne / ch2_clarisse,590,100,100,100,2.48,4,0,0,0.64
rematch:floor-boss-590,欠片試練・初回,【返誓】ロスティア / 【返誓】アルテア / 【星刻】エイレーネ / 【星刻】イリデル,ch2_rostia / ch2_althea / ch2_eirene / ch2_iridelle,590,100,100,100,3.14,5,0,0,0.68
rematch:floor-boss-590,欠片試練・初回,【霊符】シオン / 【霊符】スイレン / 【日月】ルナリア / 【日月】ソラリア,ch2_shion / ch2_suiren / ch2_lunaria / ch2_solaria,590,100,100,100,4.11,7,0,0,4.81
rematch:floor-boss-610,欠片試練・初回,【剣姫】ネメシア / 【剣姫】エヴェリア / 【双鐘】フェルネ / 【双鐘】クラリス,ch2_nemesia / ch2_everia / ch2_ferne / ch2_clarisse,610,100,100,100,1.32,2,0,0,0.66
rematch:floor-boss-610,欠片試練・初回,【霊符】シオン / 【霊符】スイレン / 【日月】ルナリア / 【日月】ソラリア,ch2_shion / ch2_suiren / ch2_lunaria / ch2_solaria,610,100,100,100,1.72,3,0,0,2.78
rematch:floor-boss-610,欠片試練・初回,【双雷】カリスタ / 【双雷】ソレーヌ / 【薬毒】ミレア / 【薬毒】ヴィオラ,ch2_calista / ch2_solenne / ch2_mirea / ch2_viola,610,100,100,100,1.92,3,0,0,2.57
rematch:floor-boss-620,欠片試練・初回,【霊符】シオン / 【霊符】スイレン / 【日月】ルナリア / 【日月】ソラリア,ch2_shion / ch2_suiren / ch2_lunaria / ch2_solaria,620,100,100,100,2.74,4,0,0,4.5
rematch:floor-boss-620,欠片試練・初回,【鏡侍女】リュネ / 【鏡侍女】ロゼ / 【聖翼】アウレ / 【聖翼】ノエル,ch2_ryune / ch2_rose / ch2_aure / ch2_noelle,620,100,100,100,3.12,4,0,0,0.19
rematch:floor-boss-620,欠片試練・初回,【双雷】カリスタ / 【双雷】ソレーヌ / 【薬毒】ミレア / 【薬毒】ヴィオラ,ch2_calista / ch2_solenne / ch2_mirea / ch2_viola,620,100,100,100,3.15,5,0,0,4.63
rematch:floor-boss-630,欠片試練・初回,【剣姫】ネメシア / 【剣姫】エヴェリア / 【双鐘】フェルネ / 【双鐘】クラリス,ch2_nemesia / ch2_everia / ch2_ferne / ch2_clarisse,630,100,100,100,3.87,6,0,0,1.75
rematch:floor-boss-630,欠片試練・初回,【竜姫】ドラシア / 【竜姫】リュシエ / 【薬毒】ミレア / 【薬毒】ヴィオラ,ch2_dracia / ch2_rucie / ch2_mirea / ch2_viola,630,100,100,100,5.12,7,0,0,3.67
rematch:floor-boss-630,欠片試練・初回,【霊符】シオン / 【霊符】スイレン / 【日月】ルナリア / 【日月】ソラリア,ch2_shion / ch2_suiren / ch2_lunaria / ch2_solaria,630,100,100,100,6.11,7,0,0,11.55
rematch:floor-boss-640,欠片試練・初回,【鏡侍女】リュネ / 【鏡侍女】ロゼ / 【聖翼】アウレ / 【聖翼】ノエル,ch2_ryune / ch2_rose / ch2_aure / ch2_noelle,640,100,100,100,2.11,3,6,0,0
rematch:floor-boss-640,欠片試練・初回,【霊符】シオン / 【霊符】スイレン / 【日月】ルナリア / 【日月】ソラリア,ch2_shion / ch2_suiren / ch2_lunaria / ch2_solaria,640,100,100,100,2.11,3,0,0,3.21
rematch:floor-boss-640,欠片試練・初回,【竜姫】ドラシア / 【竜姫】リュシエ / 【薬毒】ミレア / 【薬毒】ヴィオラ,ch2_dracia / ch2_rucie / ch2_mirea / ch2_viola,640,100,99,99,2.15,3,2,0,1.62
rematch:floor-boss-650,欠片試練・初回,【剣姫】ネメシア / 【剣姫】エヴェリア / 【双鐘】フェルネ / 【双鐘】クラリス,ch2_nemesia / ch2_everia / ch2_ferne / ch2_clarisse,650,100,100,100,3.5,7,0,0,1.71
rematch:floor-boss-650,欠片試練・初回,【霊符】シオン / 【霊符】スイレン / 【日月】ルナリア / 【日月】ソラリア,ch2_shion / ch2_suiren / ch2_lunaria / ch2_solaria,650,100,100,100,4.61,7,0,0,8.58
rematch:floor-boss-650,欠片試練・初回,【双雷】カリスタ / 【双雷】ソレーヌ / 【薬毒】ミレア / 【薬毒】ヴィオラ,ch2_calista / ch2_solenne / ch2_mirea / ch2_viola,650,100,100,100,5.75,16,0,0,9.43
rematch:floor-boss-660,欠片試練・初回,【返誓】ロスティア / 【返誓】アルテア / 【星刻】エイレーネ / 【星刻】イリデル,ch2_rostia / ch2_althea / ch2_eirene / ch2_iridelle,660,100,100,100,2.87,3,0,0,2.66
rematch:floor-boss-660,欠片試練・初回,【鏡侍女】リュネ / 【鏡侍女】ロゼ / 【聖翼】アウレ / 【聖翼】ノエル,ch2_ryune / ch2_rose / ch2_aure / ch2_noelle,660,100,100,100,3.35,4,0,0,0.41
rematch:floor-boss-660,欠片試練・初回,【霊符】シオン / 【霊符】スイレン / 【日月】ルナリア / 【日月】ソラリア,ch2_shion / ch2_suiren / ch2_lunaria / ch2_solaria,660,100,100,100,3.39,4,0,0,6.23
rematch:floor-boss-670,欠片試練・初回,【返誓】ロスティア / 【返誓】アルテア / 【星刻】エイレーネ / 【星刻】イリデル,ch2_rostia / ch2_althea / ch2_eirene / ch2_iridelle,670,100,100,100,2.53,4,1,0,0.74
rematch:floor-boss-670,欠片試練・初回,【封鍵】メリオラ / 【封鍵】エリゼル / 【薔薇】ノクテル / 【薔薇】オーリアン,ch2_meliora / ch2_elyselle / ch2_noctelle / ch2_auriane,670,100,100,100,2.81,4,1,0,0.03
rematch:floor-boss-670,欠片試練・初回,【双藤】ネヴィア / 【双藤】エルミナ / 【聖翼】アウレ / 【聖翼】ノエル,ch2_nevia / ch2_elmina / ch2_aure / ch2_noelle,670,100,99,99,2.83,5,5,0,0.94
rematch:floor-boss-680,欠片試練・初回,【剣姫】ネメシア / 【剣姫】エヴェリア / 【双鐘】フェルネ / 【双鐘】クラリス,ch2_nemesia / ch2_everia / ch2_ferne / ch2_clarisse,680,100,100,100,2,3,0,0,0.94
rematch:floor-boss-680,欠片試練・初回,【霊符】シオン / 【霊符】スイレン / 【日月】ルナリア / 【日月】ソラリア,ch2_shion / ch2_suiren / ch2_lunaria / ch2_solaria,680,100,100,100,2.22,4,0,0,3.61
rematch:floor-boss-680,欠片試練・初回,【鏡侍女】リュネ / 【鏡侍女】ロゼ / 【聖翼】アウレ / 【聖翼】ノエル,ch2_ryune / ch2_rose / ch2_aure / ch2_noelle,680,100,100,100,2.25,4,0,0,0
rematch:floor-boss-690,欠片試練・初回,【返誓】ロスティア / 【返誓】アルテア / 【星刻】エイレーネ / 【星刻】イリデル,ch2_rostia / ch2_althea / ch2_eirene / ch2_iridelle,690,100,100,100,5.25,11,0,0,4.23
rematch:floor-boss-690,欠片試練・初回,【剣姫】ネメシア / 【剣姫】エヴェリア / 【双鐘】フェルネ / 【双鐘】クラリス,ch2_nemesia / ch2_everia / ch2_ferne / ch2_clarisse,690,100,100,100,5.41,10,0,0,2.14
rematch:floor-boss-690,欠片試練・初回,【竜姫】ドラシア / 【竜姫】リュシエ / 【薬毒】ミレア / 【薬毒】ヴィオラ,ch2_dracia / ch2_rucie / ch2_mirea / ch2_viola,690,100,100,100,6.25,11,0,0,5.04
rematch:floor-boss-710,欠片試練・初回,【星糸】セレス / 【星糸】ルミナ / 【誓姫】リリエット / 【誓姫】ロゼット,ch2_celes / ch2_lumina / ch2_lyriet / ch2_rosette,710,100,100,100,1.91,2,0,0,1.06
rematch:floor-boss-710,欠片試練・初回,【双雷】カリスタ / 【双雷】ソレーヌ / 【薬毒】ミレア / 【薬毒】ヴィオラ,ch2_calista / ch2_solenne / ch2_mirea / ch2_viola,710,100,100,100,2.02,3,0,0,2.38
rematch:floor-boss-710,欠片試練・初回,【鏡侍女】リュネ / 【鏡侍女】ロゼ / 【聖翼】アウレ / 【聖翼】ノエル,ch2_ryune / ch2_rose / ch2_aure / ch2_noelle,710,100,100,100,2.03,3,0,0,0
rematch:floor-boss-720,欠片試練・初回,【封鍵】メリオラ / 【封鍵】エリゼル / 【薔薇】ノクテル / 【薔薇】オーリアン,ch2_meliora / ch2_elyselle / ch2_noctelle / ch2_auriane,720,100,100,100,2.08,3,0,0,0.7
rematch:floor-boss-720,欠片試練・初回,【双藤】ネヴィア / 【双藤】エルミナ / 【聖翼】アウレ / 【聖翼】ノエル,ch2_nevia / ch2_elmina / ch2_aure / ch2_noelle,720,100,100,100,2.22,3,0,0,0.38
rematch:floor-boss-720,欠片試練・初回,【霊符】シオン / 【霊符】スイレン / 【日月】ルナリア / 【日月】ソラリア,ch2_shion / ch2_suiren / ch2_lunaria / ch2_solaria,720,100,100,100,2.9,3,0,0,4.9
rematch:floor-boss-730,欠片試練・初回,【霊符】シオン / 【霊符】スイレン / 【日月】ルナリア / 【日月】ソラリア,ch2_shion / ch2_suiren / ch2_lunaria / ch2_solaria,730,100,100,100,3.18,5,0,0,5.65
rematch:floor-boss-730,欠片試練・初回,【双藤】ネヴィア / 【双藤】エルミナ / 【聖翼】アウレ / 【聖翼】ノエル,ch2_nevia / ch2_elmina / ch2_aure / ch2_noelle,730,100,100,100,3.96,12,0,0,0.69
rematch:floor-boss-730,欠片試練・初回,【返誓】ロスティア / 【返誓】アルテア / 【星刻】エイレーネ / 【星刻】イリデル,ch2_rostia / ch2_althea / ch2_eirene / ch2_iridelle,730,100,100,100,4.5,13,0,0,3.78
rematch:floor-boss-740,欠片試練・初回,【剣姫】ネメシア / 【剣姫】エヴェリア / 【双鐘】フェルネ / 【双鐘】クラリス,ch2_nemesia / ch2_everia / ch2_ferne / ch2_clarisse,740,100,100,100,2.43,4,1,0,0.68
rematch:floor-boss-740,欠片試練・初回,【霊符】シオン / 【霊符】スイレン / 【日月】ルナリア / 【日月】ソラリア,ch2_shion / ch2_suiren / ch2_lunaria / ch2_solaria,740,100,100,100,2.74,4,0,0,4.46
rematch:floor-boss-740,欠片試練・初回,【鏡侍女】リュネ / 【鏡侍女】ロゼ / 【聖翼】アウレ / 【聖翼】ノエル,ch2_ryune / ch2_rose / ch2_aure / ch2_noelle,740,100,96,96,3.25,7,13,0,0.17
rematch:floor-boss-750,欠片試練・初回,【封鍵】メリオラ / 【封鍵】エリゼル / 【薔薇】ノクテル / 【薔薇】オーリアン,ch2_meliora / ch2_elyselle / ch2_noctelle / ch2_auriane,750,100,100,100,4.22,6,0,0,0.03
rematch:floor-boss-750,欠片試練・初回,【霊符】シオン / 【霊符】スイレン / 【日月】ルナリア / 【日月】ソラリア,ch2_shion / ch2_suiren / ch2_lunaria / ch2_solaria,750,100,100,100,5.11,6,0,0,9.27
rematch:floor-boss-750,欠片試練・初回,【鏡侍女】リュネ / 【鏡侍女】ロゼ / 【聖翼】アウレ / 【聖翼】ノエル,ch2_ryune / ch2_rose / ch2_aure / ch2_noelle,750,100,100,100,5.63,9,0,0,1.82
rematch:floor-boss-760,欠片試練・初回,【返誓】ロスティア / 【返誓】アルテア / 【星刻】エイレーネ / 【星刻】イリデル,ch2_rostia / ch2_althea / ch2_eirene / ch2_iridelle,760,100,100,100,3.02,5,0,0,1.77
rematch:floor-boss-760,欠片試練・初回,【霊符】シオン / 【霊符】スイレン / 【日月】ルナリア / 【日月】ソラリア,ch2_shion / ch2_suiren / ch2_lunaria / ch2_solaria,760,100,100,100,3.11,6,1,0,5.25
rematch:floor-boss-760,欠片試練・初回,【鏡侍女】リュネ / 【鏡侍女】ロゼ / 【聖翼】アウレ / 【聖翼】ノエル,ch2_ryune / ch2_rose / ch2_aure / ch2_noelle,760,100,99,99,3.51,7,1,0,0.44
rematch:floor-boss-770,欠片試練・初回,【竜姫】ドラシア / 【竜姫】リュシエ / 【薬毒】ミレア / 【薬毒】ヴィオラ,ch2_dracia / ch2_rucie / ch2_mirea / ch2_viola,770,100,100,100,2.16,4,0,0,1.68
rematch:floor-boss-770,欠片試練・初回,【鏡侍女】リュネ / 【鏡侍女】ロゼ / 【聖翼】アウレ / 【聖翼】ノエル,ch2_ryune / ch2_rose / ch2_aure / ch2_noelle,770,100,100,100,2.42,3,0,0,0
rematch:floor-boss-770,欠片試練・初回,【双雷】カリスタ / 【双雷】ソレーヌ / 【薬毒】ミレア / 【薬毒】ヴィオラ,ch2_calista / ch2_solenne / ch2_mirea / ch2_viola,770,100,100,100,2.44,4,0,0,3.64
rematch:floor-boss-780,欠片試練・初回,【剣姫】ネメシア / 【剣姫】エヴェリア / 【双鐘】フェルネ / 【双鐘】クラリス,ch2_nemesia / ch2_everia / ch2_ferne / ch2_clarisse,780,100,100,100,2.24,3,0,0,0.71
rematch:floor-boss-780,欠片試練・初回,【返誓】ロスティア / 【返誓】アルテア / 【星刻】エイレーネ / 【星刻】イリデル,ch2_rostia / ch2_althea / ch2_eirene / ch2_iridelle,780,100,100,100,2.37,3,0,0,2.07
rematch:floor-boss-780,欠片試練・初回,【双雷】カリスタ / 【双雷】ソレーヌ / 【薬毒】ミレア / 【薬毒】ヴィオラ,ch2_calista / ch2_solenne / ch2_mirea / ch2_viola,780,100,100,100,2.98,4,0,0,4.18
rematch:floor-boss-790,欠片試練・初回,【剣姫】ネメシア / 【剣姫】エヴェリア / 【双鐘】フェルネ / 【双鐘】クラリス,ch2_nemesia / ch2_everia / ch2_ferne / ch2_clarisse,790,100,100,100,2.56,6,0,0,0.61
rematch:floor-boss-790,欠片試練・初回,【竜姫】ドラシア / 【竜姫】リュシエ / 【薬毒】ミレア / 【薬毒】ヴィオラ,ch2_dracia / ch2_rucie / ch2_mirea / ch2_viola,790,100,100,100,4.56,8,0,0,3.09
rematch:floor-boss-790,欠片試練・初回,【封鍵】メリオラ / 【封鍵】エリゼル / 【薔薇】ノクテル / 【薔薇】オーリアン,ch2_meliora / ch2_elyselle / ch2_noctelle / ch2_auriane,790,100,100,100,4.87,7,0,0,0.97
rematch:floor-boss-810,欠片試練・初回,【竜姫】ドラシア / 【竜姫】リュシエ / 【薬毒】ミレア / 【薬毒】ヴィオラ,ch2_dracia / ch2_rucie / ch2_mirea / ch2_viola,810,100,100,100,2.74,4,0,0,2.14
rematch:floor-boss-810,欠片試練・初回,【双藤】ネヴィア / 【双藤】エルミナ / 【聖翼】アウレ / 【聖翼】ノエル,ch2_nevia / ch2_elmina / ch2_aure / ch2_noelle,810,100,100,100,2.81,3,0,0,0.59
rematch:floor-boss-810,欠片試練・初回,【霊符】シオン / 【霊符】スイレン / 【日月】ルナリア / 【日月】ソラリア,ch2_shion / ch2_suiren / ch2_lunaria / ch2_solaria,810,100,100,100,2.84,3,0,0,4.69
rematch:floor-boss-820,欠片試練・初回,【剣姫】ネメシア / 【剣姫】エヴェリア / 【双鐘】フェルネ / 【双鐘】クラリス,ch2_nemesia / ch2_everia / ch2_ferne / ch2_clarisse,820,100,100,100,1.6,2,0,0,0.85
rematch:floor-boss-820,欠片試練・初回,【星糸】セレス / 【星糸】ルミナ / 【誓姫】リリエット / 【誓姫】ロゼット,ch2_celes / ch2_lumina / ch2_lyriet / ch2_rosette,820,100,100,100,1.86,2,0,0,1.47
rematch:floor-boss-820,欠片試練・初回,【竜姫】ドラシア / 【竜姫】リュシエ / 【薬毒】ミレア / 【薬毒】ヴィオラ,ch2_dracia / ch2_rucie / ch2_mirea / ch2_viola,820,100,100,100,1.97,3,0,0,1.73
rematch:floor-boss-830,欠片試練・初回,【封鍵】メリオラ / 【封鍵】エリゼル / 【薔薇】ノクテル / 【薔薇】オーリアン,ch2_meliora / ch2_elyselle / ch2_noctelle / ch2_auriane,830,100,100,100,3.12,4,0,0,0
rematch:floor-boss-830,欠片試練・初回,【双藤】ネヴィア / 【双藤】エルミナ / 【聖翼】アウレ / 【聖翼】ノエル,ch2_nevia / ch2_elmina / ch2_aure / ch2_noelle,830,100,100,100,3.65,5,0,0,0.66
rematch:floor-boss-830,欠片試練・初回,【鏡侍女】リュネ / 【鏡侍女】ロゼ / 【聖翼】アウレ / 【聖翼】ノエル,ch2_ryune / ch2_rose / ch2_aure / ch2_noelle,830,100,100,100,3.99,12,0,0,1.27
rematch:floor-boss-840,欠片試練・初回,【封鍵】メリオラ / 【封鍵】エリゼル / 【薔薇】ノクテル / 【薔薇】オーリアン,ch2_meliora / ch2_elyselle / ch2_noctelle / ch2_auriane,840,100,98,98,3.03,4,1,0,0.06
rematch:floor-boss-840,欠片試練・初回,【霊符】シオン / 【霊符】スイレン / 【日月】ルナリア / 【日月】ソラリア,ch2_shion / ch2_suiren / ch2_lunaria / ch2_solaria,840,100,97,97,3.1,7,4,0,4.8
rematch:floor-boss-840,欠片試練・初回,【鏡侍女】リュネ / 【鏡侍女】ロゼ / 【聖翼】アウレ / 【聖翼】ノエル,ch2_ryune / ch2_rose / ch2_aure / ch2_noelle,840,100,88,88,3.15,7,13,0,0.19
rematch:floor-boss-850,欠片試練・初回,【剣姫】ネメシア / 【剣姫】エヴェリア / 【双鐘】フェルネ / 【双鐘】クラリス,ch2_nemesia / ch2_everia / ch2_ferne / ch2_clarisse,850,100,100,100,7.75,14,0,0,4.39
rematch:floor-boss-850,欠片試練・初回,【封鍵】メリオラ / 【封鍵】エリゼル / 【薔薇】ノクテル / 【薔薇】オーリアン,ch2_meliora / ch2_elyselle / ch2_noctelle / ch2_auriane,850,100,99,99,8.8,19,0,0,1.13
rematch:floor-boss-850,欠片試練・初回,【竜姫】ドラシア / 【竜姫】リュシエ / 【薬毒】ミレア / 【薬毒】ヴィオラ,ch2_dracia / ch2_rucie / ch2_mirea / ch2_viola,850,100,98,98,12.61,28,0,0,9.46
rematch:floor-boss-860,欠片試練・初回,【霊符】シオン / 【霊符】スイレン / 【日月】ルナリア / 【日月】ソラリア,ch2_shion / ch2_suiren / ch2_lunaria / ch2_solaria,860,100,100,100,1.27,2,0,0,1.36
rematch:floor-boss-860,欠片試練・初回,【竜姫】ドラシア / 【竜姫】リュシエ / 【薬毒】ミレア / 【薬毒】ヴィオラ,ch2_dracia / ch2_rucie / ch2_mirea / ch2_viola,860,100,100,100,1.4,3,0,0,1.1
rematch:floor-boss-860,欠片試練・初回,【双雷】カリスタ / 【双雷】ソレーヌ / 【薬毒】ミレア / 【薬毒】ヴィオラ,ch2_calista / ch2_solenne / ch2_mirea / ch2_viola,860,100,100,100,1.97,3,0,0,1.85
rematch:floor-boss-870,欠片試練・初回,【霊符】シオン / 【霊符】スイレン / 【日月】ルナリア / 【日月】ソラリア,ch2_shion / ch2_suiren / ch2_lunaria / ch2_solaria,870,100,100,100,2.72,3,0,0,4.24
rematch:floor-boss-870,欠片試練・初回,【封鍵】メリオラ / 【封鍵】エリゼル / 【薔薇】ノクテル / 【薔薇】オーリアン,ch2_meliora / ch2_elyselle / ch2_noctelle / ch2_auriane,870,100,100,100,2.73,4,0,0,0.01
rematch:floor-boss-870,欠片試練・初回,【鏡侍女】リュネ / 【鏡侍女】ロゼ / 【聖翼】アウレ / 【聖翼】ノエル,ch2_ryune / ch2_rose / ch2_aure / ch2_noelle,870,100,100,100,2.77,4,0,0,0.07
rematch:floor-boss-880,欠片試練・初回,【返誓】ロスティア / 【返誓】アルテア / 【星刻】エイレーネ / 【星刻】イリデル,ch2_rostia / ch2_althea / ch2_eirene / ch2_iridelle,880,100,100,100,2.06,4,0,0,2.26
rematch:floor-boss-880,欠片試練・初回,【星糸】セレス / 【星糸】ルミナ / 【誓姫】リリエット / 【誓姫】ロゼット,ch2_celes / ch2_lumina / ch2_lyriet / ch2_rosette,880,100,100,100,2.11,3,0,0,1.83
rematch:floor-boss-880,欠片試練・初回,【鏡侍女】リュネ / 【鏡侍女】ロゼ / 【聖翼】アウレ / 【聖翼】ノエル,ch2_ryune / ch2_rose / ch2_aure / ch2_noelle,880,100,100,100,2.44,3,0,0,0
rematch:floor-boss-890,欠片試練・初回,【剣姫】ネメシア / 【剣姫】エヴェリア / 【双鐘】フェルネ / 【双鐘】クラリス,ch2_nemesia / ch2_everia / ch2_ferne / ch2_clarisse,890,100,100,100,2.43,3,0,0,0.49
rematch:floor-boss-890,欠片試練・初回,【霊符】シオン / 【霊符】スイレン / 【日月】ルナリア / 【日月】ソラリア,ch2_shion / ch2_suiren / ch2_lunaria / ch2_solaria,890,100,100,100,2.99,4,0,0,5.49
rematch:floor-boss-890,欠片試練・初回,【月狐】カグラ / 【月狐】サヨ / 【双鐘】フェルネ / 【双鐘】クラリス,ch2_kagura / ch2_sayo / ch2_ferne / ch2_clarisse,890,100,100,100,3.01,4,0,0,0.04
rematch:floor-boss-910,欠片試練・初回,【霊符】シオン / 【霊符】スイレン / 【日月】ルナリア / 【日月】ソラリア,ch2_shion / ch2_suiren / ch2_lunaria / ch2_solaria,910,100,100,100,4.16,8,0,0,7.31
rematch:floor-boss-910,欠片試練・初回,【封鍵】メリオラ / 【封鍵】エリゼル / 【薔薇】ノクテル / 【薔薇】オーリアン,ch2_meliora / ch2_elyselle / ch2_noctelle / ch2_auriane,910,100,100,100,4.59,9,0,0,0.3
rematch:floor-boss-910,欠片試練・初回,【鏡侍女】リュネ / 【鏡侍女】ロゼ / 【聖翼】アウレ / 【聖翼】ノエル,ch2_ryune / ch2_rose / ch2_aure / ch2_noelle,910,100,92,92,6.91,40,0,0,2.44
rematch:floor-boss-920,欠片試練・初回,【封鍵】メリオラ / 【封鍵】エリゼル / 【薔薇】ノクテル / 【薔薇】オーリアン,ch2_meliora / ch2_elyselle / ch2_noctelle / ch2_auriane,920,100,100,100,3.88,6,0,0,1.15
rematch:floor-boss-920,欠片試練・初回,【星糸】セレス / 【星糸】ルミナ / 【誓姫】リリエット / 【誓姫】ロゼット,ch2_celes / ch2_lumina / ch2_lyriet / ch2_rosette,920,100,100,100,4.38,9,1,0,3.67
rematch:floor-boss-920,欠片試練・初回,【鏡侍女】リュネ / 【鏡侍女】ロゼ / 【聖翼】アウレ / 【聖翼】ノエル,ch2_ryune / ch2_rose / ch2_aure / ch2_noelle,920,100,100,100,5.19,10,0,0,1.54
rematch:floor-boss-930,欠片試練・初回,【剣姫】ネメシア / 【剣姫】エヴェリア / 【双鐘】フェルネ / 【双鐘】クラリス,ch2_nemesia / ch2_everia / ch2_ferne / ch2_clarisse,930,100,100,100,8.12,19,0,0,2.82
rematch:floor-boss-930,欠片試練・初回,【双藤】ネヴィア / 【双藤】エルミナ / 【聖翼】アウレ / 【聖翼】ノエル,ch2_nevia / ch2_elmina / ch2_aure / ch2_noelle,930,100,95,95,18.28,37,0,0,9.12
rematch:floor-boss-930,欠片試練・初回,【封鍵】メリオラ / 【封鍵】エリゼル / 【薔薇】ノクテル / 【薔薇】オーリアン,ch2_meliora / ch2_elyselle / ch2_noctelle / ch2_auriane,930,100,89,89,20.55,39,0,0,2.2
rematch:floor-boss-940,欠片試練・初回,【剣姫】ネメシア / 【剣姫】エヴェリア / 【双鐘】フェルネ / 【双鐘】クラリス,ch2_nemesia / ch2_everia / ch2_ferne / ch2_clarisse,940,100,98,98,3.33,5,0,0,0.92
rematch:floor-boss-940,欠片試練・初回,【鏡侍女】リュネ / 【鏡侍女】ロゼ / 【聖翼】アウレ / 【聖翼】ノエル,ch2_ryune / ch2_rose / ch2_aure / ch2_noelle,940,100,89,89,5.44,10,7,0,1.77
rematch:floor-boss-940,欠片試練・初回,【双雷】カリスタ / 【双雷】ソレーヌ / 【薬毒】ミレア / 【薬毒】ヴィオラ,ch2_calista / ch2_solenne / ch2_mirea / ch2_viola,940,100,80,80,5.78,12,9,0,8.77
rematch:floor-boss-950,欠片試練・初回,【剣姫】ネメシア / 【剣姫】エヴェリア / 【双鐘】フェルネ / 【双鐘】クラリス,ch2_nemesia / ch2_everia / ch2_ferne / ch2_clarisse,950,100,100,100,4.06,5,0,0,1.23
rematch:floor-boss-950,欠片試練・初回,【封鍵】メリオラ / 【封鍵】エリゼル / 【薔薇】ノクテル / 【薔薇】オーリアン,ch2_meliora / ch2_elyselle / ch2_noctelle / ch2_auriane,950,100,100,100,4.35,7,0,0,0.04
rematch:floor-boss-950,欠片試練・初回,【鏡侍女】リュネ / 【鏡侍女】ロゼ / 【聖翼】アウレ / 【聖翼】ノエル,ch2_ryune / ch2_rose / ch2_aure / ch2_noelle,950,100,100,100,6.74,15,0,0,2.75
rematch:floor-boss-960,欠片試練・初回,【剣姫】ネメシア / 【剣姫】エヴェリア / 【双鐘】フェルネ / 【双鐘】クラリス,ch2_nemesia / ch2_everia / ch2_ferne / ch2_clarisse,960,100,100,100,2.91,3,0,0,1.27
rematch:floor-boss-960,欠片試練・初回,【双藤】ネヴィア / 【双藤】エルミナ / 【聖翼】アウレ / 【聖翼】ノエル,ch2_nevia / ch2_elmina / ch2_aure / ch2_noelle,960,100,100,100,3.19,4,0,0,0.55
rematch:floor-boss-960,欠片試練・初回,【鏡侍女】リュネ / 【鏡侍女】ロゼ / 【聖翼】アウレ / 【聖翼】ノエル,ch2_ryune / ch2_rose / ch2_aure / ch2_noelle,960,100,100,100,3.34,5,1,0,0.51
rematch:floor-boss-970,欠片試練・初回,【封鍵】メリオラ / 【封鍵】エリゼル / 【薔薇】ノクテル / 【薔薇】オーリアン,ch2_meliora / ch2_elyselle / ch2_noctelle / ch2_auriane,970,100,100,100,2.06,3,1,0,0.03
rematch:floor-boss-970,欠片試練・初回,【霊符】シオン / 【霊符】スイレン / 【日月】ルナリア / 【日月】ソラリア,ch2_shion / ch2_suiren / ch2_lunaria / ch2_solaria,970,100,100,100,2.13,3,1,0,3.84
rematch:floor-boss-970,欠片試練・初回,【鏡侍女】リュネ / 【鏡侍女】ロゼ / 【聖翼】アウレ / 【聖翼】ノエル,ch2_ryune / ch2_rose / ch2_aure / ch2_noelle,970,100,100,100,2.27,3,2,0,0.01
rematch:floor-boss-980,欠片試練・初回,【剣姫】ネメシア / 【剣姫】エヴェリア / 【双鐘】フェルネ / 【双鐘】クラリス,ch2_nemesia / ch2_everia / ch2_ferne / ch2_clarisse,980,100,100,100,2.24,3,0,0,0.95
rematch:floor-boss-980,欠片試練・初回,【封鍵】メリオラ / 【封鍵】エリゼル / 【薔薇】ノクテル / 【薔薇】オーリアン,ch2_meliora / ch2_elyselle / ch2_noctelle / ch2_auriane,980,100,100,100,2.62,3,0,0,0
rematch:floor-boss-980,欠片試練・初回,【返誓】ロスティア / 【返誓】アルテア / 【星刻】エイレーネ / 【星刻】イリデル,ch2_rostia / ch2_althea / ch2_eirene / ch2_iridelle,980,100,100,100,2.79,4,0,0,2.12
rematch:floor-boss-990,欠片試練・初回,【月狐】カグラ / 【月狐】サヨ / 【双鐘】フェルネ / 【双鐘】クラリス,ch2_kagura / ch2_sayo / ch2_ferne / ch2_clarisse,990,100,100,100,4.77,8,0,0,0.68
rematch:floor-boss-990,欠片試練・初回,【鏡侍女】リュネ / 【鏡侍女】ロゼ / 【聖翼】アウレ / 【聖翼】ノエル,ch2_ryune / ch2_rose / ch2_aure / ch2_noelle,990,100,100,100,6.88,12,1,0,2.79
rematch:floor-boss-990,欠片試練・初回,【霊符】シオン / 【霊符】スイレン / 【日月】ルナリア / 【日月】ソラリア,ch2_shion / ch2_suiren / ch2_lunaria / ch2_solaria,990,100,99,99,6.41,9,0,0,11.68
corridor:1,回廊・初周,【鏡侍女】リュネ / 【鏡侍女】ロゼ / 【聖翼】アウレ / 【聖翼】ノエル,ch2_ryune / ch2_rose / ch2_aure / ch2_noelle,10,100,100,100,1,1,0,0,0
corridor:1,回廊・初周,【双雷】カリスタ / 【双雷】ソレーヌ / 【薬毒】ミレア / 【薬毒】ヴィオラ,ch2_calista / ch2_solenne / ch2_mirea / ch2_viola,10,100,100,100,1,1,0,0,0.21
corridor:1,回廊・初周,【硝子】セリア / 【硝子】カルミア / 封書の小剣姫ルメア / 夜灯の従騎フィオラ,ch2_seria / ch2_carmia / ch2_lumea / ch2_fiora,10,100,100,100,1,1,0,0,0.04
corridor:2,回廊・初周,【霊符】シオン / 【霊符】スイレン / 【日月】ルナリア / 【日月】ソラリア,ch2_shion / ch2_suiren / ch2_lunaria / ch2_solaria,20,100,100,100,1.02,2,0,0,1.07
corridor:2,回廊・初周,【双雷】カリスタ / 【双雷】ソレーヌ / 【薬毒】ミレア / 【薬毒】ヴィオラ,ch2_calista / ch2_solenne / ch2_mirea / ch2_viola,20,100,100,100,1.06,2,0,0,0.89
corridor:2,回廊・初周,【鏡侍女】リュネ / 【鏡侍女】ロゼ / 【聖翼】アウレ / 【聖翼】ノエル,ch2_ryune / ch2_rose / ch2_aure / ch2_noelle,20,100,100,100,1.08,2,0,0,0
corridor:3,回廊・初周,【鏡侍女】リュネ / 【鏡侍女】ロゼ / 【聖翼】アウレ / 【聖翼】ノエル,ch2_ryune / ch2_rose / ch2_aure / ch2_noelle,30,100,100,100,1,1,0,0,0
corridor:3,回廊・初周,【双雷】カリスタ / 【双雷】ソレーヌ / 【薬毒】ミレア / 【薬毒】ヴィオラ,ch2_calista / ch2_solenne / ch2_mirea / ch2_viola,30,100,100,100,1,1,0,0,1.03
corridor:3,回廊・初周,【霊符】シオン / 【霊符】スイレン / 【日月】ルナリア / 【日月】ソラリア,ch2_shion / ch2_suiren / ch2_lunaria / ch2_solaria,30,100,100,100,1,1,0,0,1
corridor:4,回廊・初周,【封鍵】メリオラ / 【封鍵】エリゼル / 【薔薇】ノクテル / 【薔薇】オーリアン,ch2_meliora / ch2_elyselle / ch2_noctelle / ch2_auriane,40,100,100,100,1,1,0,0,0
corridor:4,回廊・初周,【月狐】カグラ / 【月狐】サヨ / 【双鐘】フェルネ / 【双鐘】クラリス,ch2_kagura / ch2_sayo / ch2_ferne / ch2_clarisse,40,100,100,100,1.06,2,0,0,0
corridor:4,回廊・初周,【霊符】シオン / 【霊符】スイレン / 【日月】ルナリア / 【日月】ソラリア,ch2_shion / ch2_suiren / ch2_lunaria / ch2_solaria,40,100,100,100,1.08,2,0,0,1.12
corridor:5,回廊・初周,【封鍵】メリオラ / 【封鍵】エリゼル / 【薔薇】ノクテル / 【薔薇】オーリアン,ch2_meliora / ch2_elyselle / ch2_noctelle / ch2_auriane,50,100,100,100,2,2,0,0,0
corridor:5,回廊・初周,【霊符】シオン / 【霊符】スイレン / 【日月】ルナリア / 【日月】ソラリア,ch2_shion / ch2_suiren / ch2_lunaria / ch2_solaria,50,100,100,100,2.06,3,0,0,3.29
corridor:5,回廊・初周,【鏡侍女】リュネ / 【鏡侍女】ロゼ / 【聖翼】アウレ / 【聖翼】ノエル,ch2_ryune / ch2_rose / ch2_aure / ch2_noelle,50,100,100,100,2.17,3,0,0,0.15
corridor:6,回廊・初周,【鏡侍女】リュネ / 【鏡侍女】ロゼ / 【聖翼】アウレ / 【聖翼】ノエル,ch2_ryune / ch2_rose / ch2_aure / ch2_noelle,60,100,100,100,1,1,0,0,0
corridor:6,回廊・初周,【霊符】シオン / 【霊符】スイレン / 【日月】ルナリア / 【日月】ソラリア,ch2_shion / ch2_suiren / ch2_lunaria / ch2_solaria,60,100,100,100,1,1,0,0,1.02
corridor:6,回廊・初周,【双雷】カリスタ / 【双雷】ソレーヌ / 【薬毒】ミレア / 【薬毒】ヴィオラ,ch2_calista / ch2_solenne / ch2_mirea / ch2_viola,60,100,100,100,1.02,2,0,0,1.27
corridor:7,回廊・初周,【封鍵】メリオラ / 【封鍵】エリゼル / 【薔薇】ノクテル / 【薔薇】オーリアン,ch2_meliora / ch2_elyselle / ch2_noctelle / ch2_auriane,70,100,100,100,1.03,2,0,0,0
corridor:7,回廊・初周,【剣姫】ネメシア / 【剣姫】エヴェリア / 【双鐘】フェルネ / 【双鐘】クラリス,ch2_nemesia / ch2_everia / ch2_ferne / ch2_clarisse,70,100,100,100,1.03,2,0,0,0
corridor:7,回廊・初周,【双藤】ネヴィア / 【双藤】エルミナ / 【聖翼】アウレ / 【聖翼】ノエル,ch2_nevia / ch2_elmina / ch2_aure / ch2_noelle,70,100,100,100,1.13,2,1,0,0.64
corridor:8,回廊・初周,【剣姫】ネメシア / 【剣姫】エヴェリア / 【双鐘】フェルネ / 【双鐘】クラリス,ch2_nemesia / ch2_everia / ch2_ferne / ch2_clarisse,80,100,100,100,1.76,3,53,0,0.06
corridor:8,回廊・初周,【竜姫】ドラシア / 【竜姫】リュシエ / 【薬毒】ミレア / 【薬毒】ヴィオラ,ch2_dracia / ch2_rucie / ch2_mirea / ch2_viola,80,100,100,100,2.26,4,25,0,1.34
corridor:8,回廊・初周,【双雷】カリスタ / 【双雷】ソレーヌ / 【薬毒】ミレア / 【薬毒】ヴィオラ,ch2_calista / ch2_solenne / ch2_mirea / ch2_viola,80,100,100,100,2.42,4,0,0,3.09
corridor:9,回廊・初周,【封鍵】メリオラ / 【封鍵】エリゼル / 【薔薇】ノクテル / 【薔薇】オーリアン,ch2_meliora / ch2_elyselle / ch2_noctelle / ch2_auriane,90,100,100,100,5.42,7,0,0,0.31
corridor:9,回廊・初周,【返誓】ロスティア / 【返誓】アルテア / 【星刻】エイレーネ / 【星刻】イリデル,ch2_rostia / ch2_althea / ch2_eirene / ch2_iridelle,90,100,100,100,5.48,8,0,0,5.85
corridor:9,回廊・初周,【月狐】カグラ / 【月狐】サヨ / 【双鐘】フェルネ / 【双鐘】クラリス,ch2_kagura / ch2_sayo / ch2_ferne / ch2_clarisse,90,100,100,100,6.32,10,0,0,2.2
corridor:10,回廊・初周,【剣姫】ネメシア / 【剣姫】エヴェリア / 【双鐘】フェルネ / 【双鐘】クラリス,ch2_nemesia / ch2_everia / ch2_ferne / ch2_clarisse,110,100,100,100,1.1,2,0,0,0.02
corridor:10,回廊・初周,【双藤】ネヴィア / 【双藤】エルミナ / 【聖翼】アウレ / 【聖翼】ノエル,ch2_nevia / ch2_elmina / ch2_aure / ch2_noelle,110,100,100,100,1.35,2,0,0,0.66
corridor:10,回廊・初周,【鏡侍女】リュネ / 【鏡侍女】ロゼ / 【聖翼】アウレ / 【聖翼】ノエル,ch2_ryune / ch2_rose / ch2_aure / ch2_noelle,110,100,100,100,2,2,0,0,0
corridor:11,回廊・初周,【封鍵】メリオラ / 【封鍵】エリゼル / 【薔薇】ノクテル / 【薔薇】オーリアン,ch2_meliora / ch2_elyselle / ch2_noctelle / ch2_auriane,120,100,100,100,1.13,2,0,0,0
corridor:11,回廊・初周,【星糸】セレス / 【星糸】ルミナ / 【誓姫】リリエット / 【誓姫】ロゼット,ch2_celes / ch2_lumina / ch2_lyriet / ch2_rosette,120,100,100,100,1.18,2,0,0,1.04
corridor:11,回廊・初周,【双藤】ネヴィア / 【双藤】エルミナ / 【聖翼】アウレ / 【聖翼】ノエル,ch2_nevia / ch2_elmina / ch2_aure / ch2_noelle,120,100,100,100,1.19,2,0,0,0.57
corridor:12,回廊・初周,【双藤】ネヴィア / 【双藤】エルミナ / 【聖翼】アウレ / 【聖翼】ノエル,ch2_nevia / ch2_elmina / ch2_aure / ch2_noelle,130,100,100,100,1.58,3,0,0,0.55
corridor:12,回廊・初周,【剣姫】ネメシア / 【剣姫】エヴェリア / 【双鐘】フェルネ / 【双鐘】クラリス,ch2_nemesia / ch2_everia / ch2_ferne / ch2_clarisse,130,100,100,100,1.69,2,0,0,0.27
corridor:12,回廊・初周,【双雷】カリスタ / 【双雷】ソレーヌ / 【薬毒】ミレア / 【薬毒】ヴィオラ,ch2_calista / ch2_solenne / ch2_mirea / ch2_viola,130,100,100,100,2.11,3,0,0,3.05
corridor:13,回廊・初周,【返誓】ロスティア / 【返誓】アルテア / 【星刻】エイレーネ / 【星刻】イリデル,ch2_rostia / ch2_althea / ch2_eirene / ch2_iridelle,140,100,100,100,1.07,2,0,0,1.36
corridor:13,回廊・初周,【星糸】セレス / 【星糸】ルミナ / 【誓姫】リリエット / 【誓姫】ロゼット,ch2_celes / ch2_lumina / ch2_lyriet / ch2_rosette,140,100,100,100,1.09,2,1,0,1
corridor:13,回廊・初周,【封鍵】メリオラ / 【封鍵】エリゼル / 【薔薇】ノクテル / 【薔薇】オーリアン,ch2_meliora / ch2_elyselle / ch2_noctelle / ch2_auriane,140,100,100,100,1.1,2,0,0,0
corridor:14,回廊・初周,【封鍵】メリオラ / 【封鍵】エリゼル / 【薔薇】ノクテル / 【薔薇】オーリアン,ch2_meliora / ch2_elyselle / ch2_noctelle / ch2_auriane,150,100,100,100,2,2,0,0,0
corridor:14,回廊・初周,【双藤】ネヴィア / 【双藤】エルミナ / 【聖翼】アウレ / 【聖翼】ノエル,ch2_nevia / ch2_elmina / ch2_aure / ch2_noelle,150,100,100,100,2.03,3,0,0,0.58
corridor:14,回廊・初周,【返誓】ロスティア / 【返誓】アルテア / 【星刻】エイレーネ / 【星刻】イリデル,ch2_rostia / ch2_althea / ch2_eirene / ch2_iridelle,150,100,100,100,2.04,3,0,0,1.29
corridor:15,回廊・初周,【鏡侍女】リュネ / 【鏡侍女】ロゼ / 【聖翼】アウレ / 【聖翼】ノエル,ch2_ryune / ch2_rose / ch2_aure / ch2_noelle,160,100,100,100,2,2,0,0,0
corridor:15,回廊・初周,【霊符】シオン / 【霊符】スイレン / 【日月】ルナリア / 【日月】ソラリア,ch2_shion / ch2_suiren / ch2_lunaria / ch2_solaria,160,100,100,100,2,2,0,0,2.95
corridor:15,回廊・初周,【双雷】カリスタ / 【双雷】ソレーヌ / 【薬毒】ミレア / 【薬毒】ヴィオラ,ch2_calista / ch2_solenne / ch2_mirea / ch2_viola,160,100,100,100,2.17,3,0,0,3.04
corridor:16,回廊・初周,【返誓】ロスティア / 【返誓】アルテア / 【星刻】エイレーネ / 【星刻】イリデル,ch2_rostia / ch2_althea / ch2_eirene / ch2_iridelle,170,100,100,100,2.31,3,0,0,2.53
corridor:16,回廊・初周,【封鍵】メリオラ / 【封鍵】エリゼル / 【薔薇】ノクテル / 【薔薇】オーリアン,ch2_meliora / ch2_elyselle / ch2_noctelle / ch2_auriane,170,100,100,100,3,3,0,0,0.17
corridor:16,回廊・初周,【鏡侍女】リュネ / 【鏡侍女】ロゼ / 【聖翼】アウレ / 【聖翼】ノエル,ch2_ryune / ch2_rose / ch2_aure / ch2_noelle,170,100,100,100,3.02,4,0,0,0.16
corridor:17,回廊・初周,【返誓】ロスティア / 【返誓】アルテア / 【星刻】エイレーネ / 【星刻】イリデル,ch2_rostia / ch2_althea / ch2_eirene / ch2_iridelle,180,100,100,100,3.51,7,0,0,3.29
corridor:17,回廊・初周,【封鍵】メリオラ / 【封鍵】エリゼル / 【薔薇】ノクテル / 【薔薇】オーリアン,ch2_meliora / ch2_elyselle / ch2_noctelle / ch2_auriane,180,100,100,100,4.46,18,0,0,0.23
corridor:17,回廊・初周,【霊符】シオン / 【霊符】スイレン / 【日月】ルナリア / 【日月】ソラリア,ch2_shion / ch2_suiren / ch2_lunaria / ch2_solaria,180,100,100,100,5.4,11,0,0,9.69
corridor:18,回廊・初周,【剣姫】ネメシア / 【剣姫】エヴェリア / 【双鐘】フェルネ / 【双鐘】クラリス,ch2_nemesia / ch2_everia / ch2_ferne / ch2_clarisse,190,100,100,100,1.38,2,0,0,0.18
corridor:18,回廊・初周,【封鍵】メリオラ / 【封鍵】エリゼル / 【薔薇】ノクテル / 【薔薇】オーリアン,ch2_meliora / ch2_elyselle / ch2_noctelle / ch2_auriane,190,100,100,100,2,2,0,0,0
corridor:18,回廊・初周,【月狐】カグラ / 【月狐】サヨ / 【双鐘】フェルネ / 【双鐘】クラリス,ch2_kagura / ch2_sayo / ch2_ferne / ch2_clarisse,190,100,100,100,2.06,3,0,0,0.04
corridor:19,回廊・初周,【剣姫】ネメシア / 【剣姫】エヴェリア / 【双鐘】フェルネ / 【双鐘】クラリス,ch2_nemesia / ch2_everia / ch2_ferne / ch2_clarisse,210,100,100,100,1.3,2,0,0,0.02
corridor:19,回廊・初周,【封鍵】メリオラ / 【封鍵】エリゼル / 【薔薇】ノクテル / 【薔薇】オーリアン,ch2_meliora / ch2_elyselle / ch2_noctelle / ch2_auriane,210,100,100,100,1.61,2,0,0,0
corridor:19,回廊・初周,【鏡侍女】リュネ / 【鏡侍女】ロゼ / 【聖翼】アウレ / 【聖翼】ノエル,ch2_ryune / ch2_rose / ch2_aure / ch2_noelle,210,100,100,100,2,2,0,0,0
corridor:20,回廊・初周,【剣姫】ネメシア / 【剣姫】エヴェリア / 【双鐘】フェルネ / 【双鐘】クラリス,ch2_nemesia / ch2_everia / ch2_ferne / ch2_clarisse,220,100,100,100,1.9,2,0,0,0.59
corridor:20,回廊・初周,【双雷】カリスタ / 【双雷】ソレーヌ / 【薬毒】ミレア / 【薬毒】ヴィオラ,ch2_calista / ch2_solenne / ch2_mirea / ch2_viola,220,100,100,100,2.18,3,0,0,3.26
corridor:20,回廊・初周,【鏡侍女】リュネ / 【鏡侍女】ロゼ / 【聖翼】アウレ / 【聖翼】ノエル,ch2_ryune / ch2_rose / ch2_aure / ch2_noelle,220,100,100,100,2.22,3,0,0,0
corridor:21,回廊・初周,【剣姫】ネメシア / 【剣姫】エヴェリア / 【双鐘】フェルネ / 【双鐘】クラリス,ch2_nemesia / ch2_everia / ch2_ferne / ch2_clarisse,230,100,100,100,2.23,3,0,0,0.78
corridor:21,回廊・初周,【双雷】カリスタ / 【双雷】ソレーヌ / 【薬毒】ミレア / 【薬毒】ヴィオラ,ch2_calista / ch2_solenne / ch2_mirea / ch2_viola,230,100,100,100,4.03,9,0,0,5.73
corridor:21,回廊・初周,【封鍵】メリオラ / 【封鍵】エリゼル / 【薔薇】ノクテル / 【薔薇】オーリアン,ch2_meliora / ch2_elyselle / ch2_noctelle / ch2_auriane,230,100,99,99,5.05,19,0,0,0.23
corridor:22,回廊・初周,【封鍵】メリオラ / 【封鍵】エリゼル / 【薔薇】ノクテル / 【薔薇】オーリアン,ch2_meliora / ch2_elyselle / ch2_noctelle / ch2_auriane,240,100,100,100,1.15,2,0,0,0
corridor:22,回廊・初周,【霊符】シオン / 【霊符】スイレン / 【日月】ルナリア / 【日月】ソラリア,ch2_shion / ch2_suiren / ch2_lunaria / ch2_solaria,240,100,100,100,1.31,2,0,0,1.59
corridor:22,回廊・初周,【返誓】ロスティア / 【返誓】アルテア / 【星刻】エイレーネ / 【星刻】イリデル,ch2_rostia / ch2_althea / ch2_eirene / ch2_iridelle,240,100,100,100,1.56,2,0,0,0.26
corridor:23,回廊・初周,【剣姫】ネメシア / 【剣姫】エヴェリア / 【双鐘】フェルネ / 【双鐘】クラリス,ch2_nemesia / ch2_everia / ch2_ferne / ch2_clarisse,250,100,100,100,2.07,3,0,0,0.86
corridor:23,回廊・初周,【封鍵】メリオラ / 【封鍵】エリゼル / 【薔薇】ノクテル / 【薔薇】オーリアン,ch2_meliora / ch2_elyselle / ch2_noctelle / ch2_auriane,250,100,100,100,2.38,3,0,0,0
corridor:23,回廊・初周,【鏡侍女】リュネ / 【鏡侍女】ロゼ / 【聖翼】アウレ / 【聖翼】ノエル,ch2_ryune / ch2_rose / ch2_aure / ch2_noelle,250,100,100,100,3.05,4,0,0,0.15
corridor:24,回廊・初周,【封鍵】メリオラ / 【封鍵】エリゼル / 【薔薇】ノクテル / 【薔薇】オーリアン,ch2_meliora / ch2_elyselle / ch2_noctelle / ch2_auriane,260,100,100,100,3.27,4,0,0,0.2
corridor:24,回廊・初周,【双藤】ネヴィア / 【双藤】エルミナ / 【聖翼】アウレ / 【聖翼】ノエル,ch2_nevia / ch2_elmina / ch2_aure / ch2_noelle,260,100,100,100,3.46,5,0,0,0.94
corridor:24,回廊・初周,【鏡侍女】リュネ / 【鏡侍女】ロゼ / 【聖翼】アウレ / 【聖翼】ノエル,ch2_ryune / ch2_rose / ch2_aure / ch2_noelle,260,100,100,100,3.7,5,0,0,1.07
corridor:25,回廊・初周,【鏡侍女】リュネ / 【鏡侍女】ロゼ / 【聖翼】アウレ / 【聖翼】ノエル,ch2_ryune / ch2_rose / ch2_aure / ch2_noelle,270,100,100,100,3.17,6,2,0,0.35
corridor:25,回廊・初周,【返誓】ロスティア / 【返誓】アルテア / 【星刻】エイレーネ / 【星刻】イリデル,ch2_rostia / ch2_althea / ch2_eirene / ch2_iridelle,270,100,99,99,2.76,4,1,0,2.09
corridor:25,回廊・初周,【双雷】カリスタ / 【双雷】ソレーヌ / 【薬毒】ミレア / 【薬毒】ヴィオラ,ch2_calista / ch2_solenne / ch2_mirea / ch2_viola,270,100,99,99,3.55,7,1,0,4.97
corridor:26,回廊・初周,【返誓】ロスティア / 【返誓】アルテア / 【星刻】エイレーネ / 【星刻】イリデル,ch2_rostia / ch2_althea / ch2_eirene / ch2_iridelle,280,100,100,100,1.2,2,0,0,1.5
corridor:26,回廊・初周,【竜姫】ドラシア / 【竜姫】リュシエ / 【薬毒】ミレア / 【薬毒】ヴィオラ,ch2_dracia / ch2_rucie / ch2_mirea / ch2_viola,280,100,100,100,1.87,2,0,0,1.36
corridor:26,回廊・初周,【星糸】セレス / 【星糸】ルミナ / 【誓姫】リリエット / 【誓姫】ロゼット,ch2_celes / ch2_lumina / ch2_lyriet / ch2_rosette,280,100,100,100,1.87,2,0,0,1.08
corridor:27,回廊・初周,【剣姫】ネメシア / 【剣姫】エヴェリア / 【双鐘】フェルネ / 【双鐘】クラリス,ch2_nemesia / ch2_everia / ch2_ferne / ch2_clarisse,290,100,100,100,2.87,6,0,0,0.53
corridor:27,回廊・初周,【封鍵】メリオラ / 【封鍵】エリゼル / 【薔薇】ノクテル / 【薔薇】オーリアン,ch2_meliora / ch2_elyselle / ch2_noctelle / ch2_auriane,290,100,99,99,4.98,7,0,0,0.3
corridor:27,回廊・初周,【星糸】セレス / 【星糸】ルミナ / 【誓姫】リリエット / 【誓姫】ロゼット,ch2_celes / ch2_lumina / ch2_lyriet / ch2_rosette,290,100,99,99,4.99,10,0,0,4.16
corridor:28,回廊・初周,【返誓】ロスティア / 【返誓】アルテア / 【星刻】エイレーネ / 【星刻】イリデル,ch2_rostia / ch2_althea / ch2_eirene / ch2_iridelle,310,100,100,100,1.2,2,0,0,0.98
corridor:28,回廊・初周,【霊符】シオン / 【霊符】スイレン / 【日月】ルナリア / 【日月】ソラリア,ch2_shion / ch2_suiren / ch2_lunaria / ch2_solaria,310,100,100,100,1.3,2,0,0,1.62
corridor:28,回廊・初周,【封鍵】メリオラ / 【封鍵】エリゼル / 【薔薇】ノクテル / 【薔薇】オーリアン,ch2_meliora / ch2_elyselle / ch2_noctelle / ch2_auriane,310,100,100,100,1.6,2,0,0,0
corridor:29,回廊・初周,【封鍵】メリオラ / 【封鍵】エリゼル / 【薔薇】ノクテル / 【薔薇】オーリアン,ch2_meliora / ch2_elyselle / ch2_noctelle / ch2_auriane,320,100,100,100,1.2,2,0,0,0.08
corridor:29,回廊・初周,【霊符】シオン / 【霊符】スイレン / 【日月】ルナリア / 【日月】ソラリア,ch2_shion / ch2_suiren / ch2_lunaria / ch2_solaria,320,100,100,100,1.3,2,0,0,1.75
corridor:29,回廊・初周,【竜姫】ドラシア / 【竜姫】リュシエ / 【薬毒】ミレア / 【薬毒】ヴィオラ,ch2_dracia / ch2_rucie / ch2_mirea / ch2_viola,320,100,100,100,1.45,2,0,0,1.41
corridor:30,回廊・初周,【鏡侍女】リュネ / 【鏡侍女】ロゼ / 【聖翼】アウレ / 【聖翼】ノエル,ch2_ryune / ch2_rose / ch2_aure / ch2_noelle,330,100,100,100,2.04,3,0,0,0
corridor:30,回廊・初周,【霊符】シオン / 【霊符】スイレン / 【日月】ルナリア / 【日月】ソラリア,ch2_shion / ch2_suiren / ch2_lunaria / ch2_solaria,330,100,100,100,2.12,3,0,0,3.39
corridor:30,回廊・初周,【双雷】カリスタ / 【双雷】ソレーヌ / 【薬毒】ミレア / 【薬毒】ヴィオラ,ch2_calista / ch2_solenne / ch2_mirea / ch2_viola,330,100,100,100,2.33,3,0,0,3.34
corridor:31,回廊・初周,【封鍵】メリオラ / 【封鍵】エリゼル / 【薔薇】ノクテル / 【薔薇】オーリアン,ch2_meliora / ch2_elyselle / ch2_noctelle / ch2_auriane,340,100,100,100,1.01,2,0,0,0
corridor:31,回廊・初周,【双藤】ネヴィア / 【双藤】エルミナ / 【聖翼】アウレ / 【聖翼】ノエル,ch2_nevia / ch2_elmina / ch2_aure / ch2_noelle,340,100,100,100,1.16,2,0,0,0.59
corridor:31,回廊・初周,【返誓】ロスティア / 【返誓】アルテア / 【星刻】エイレーネ / 【星刻】イリデル,ch2_rostia / ch2_althea / ch2_eirene / ch2_iridelle,340,100,100,100,1.24,2,0,0,0.38
corridor:32,回廊・初周,【封鍵】メリオラ / 【封鍵】エリゼル / 【薔薇】ノクテル / 【薔薇】オーリアン,ch2_meliora / ch2_elyselle / ch2_noctelle / ch2_auriane,350,100,100,100,2.13,3,0,0,0
corridor:32,回廊・初周,【竜姫】ドラシア / 【竜姫】リュシエ / 【薬毒】ミレア / 【薬毒】ヴィオラ,ch2_dracia / ch2_rucie / ch2_mirea / ch2_viola,350,100,100,100,2.81,3,0,0,1.95
corridor:32,回廊・初周,【鏡侍女】リュネ / 【鏡侍女】ロゼ / 【聖翼】アウレ / 【聖翼】ノエル,ch2_ryune / ch2_rose / ch2_aure / ch2_noelle,350,100,100,100,2.82,3,0,0,0.05
corridor:33,回廊・初周,【剣姫】ネメシア / 【剣姫】エヴェリア / 【双鐘】フェルネ / 【双鐘】クラリス,ch2_nemesia / ch2_everia / ch2_ferne / ch2_clarisse,360,100,100,100,2.15,3,0,0,0.6
corridor:33,回廊・初周,【霊符】シオン / 【霊符】スイレン / 【日月】ルナリア / 【日月】ソラリア,ch2_shion / ch2_suiren / ch2_lunaria / ch2_solaria,360,100,100,100,2.6,3,0,0,3.96
corridor:33,回廊・初周,【鏡侍女】リュネ / 【鏡侍女】ロゼ / 【聖翼】アウレ / 【聖翼】ノエル,ch2_ryune / ch2_rose / ch2_aure / ch2_noelle,360,100,100,100,2.9,4,0,0,0.02
corridor:34,回廊・初周,【剣姫】ネメシア / 【剣姫】エヴェリア / 【双鐘】フェルネ / 【双鐘】クラリス,ch2_nemesia / ch2_everia / ch2_ferne / ch2_clarisse,370,100,100,100,2.05,3,0,0,0.6
corridor:34,回廊・初周,【封鍵】メリオラ / 【封鍵】エリゼル / 【薔薇】ノクテル / 【薔薇】オーリアン,ch2_meliora / ch2_elyselle / ch2_noctelle / ch2_auriane,370,100,100,100,2.08,3,1,0,0.01
corridor:34,回廊・初周,【返誓】ロスティア / 【返誓】アルテア / 【星刻】エイレーネ / 【星刻】イリデル,ch2_rostia / ch2_althea / ch2_eirene / ch2_iridelle,370,100,100,100,2.22,3,0,0,0.61
corridor:35,回廊・初周,【霊符】シオン / 【霊符】スイレン / 【日月】ルナリア / 【日月】ソラリア,ch2_shion / ch2_suiren / ch2_lunaria / ch2_solaria,380,100,100,100,2.99,4,0,0,4.6
corridor:35,回廊・初周,【鏡侍女】リュネ / 【鏡侍女】ロゼ / 【聖翼】アウレ / 【聖翼】ノエル,ch2_ryune / ch2_rose / ch2_aure / ch2_noelle,380,100,100,100,3.01,4,0,0,0.05
corridor:35,回廊・初周,【双雷】カリスタ / 【双雷】ソレーヌ / 【薬毒】ミレア / 【薬毒】ヴィオラ,ch2_calista / ch2_solenne / ch2_mirea / ch2_viola,380,100,100,100,4.28,12,0,0,5.13
corridor:36,回廊・初周,【剣姫】ネメシア / 【剣姫】エヴェリア / 【双鐘】フェルネ / 【双鐘】クラリス,ch2_nemesia / ch2_everia / ch2_ferne / ch2_clarisse,390,100,100,100,8.54,17,0,0,2.62
corridor:36,回廊・初周,【封鍵】メリオラ / 【封鍵】エリゼル / 【薔薇】ノクテル / 【薔薇】オーリアン,ch2_meliora / ch2_elyselle / ch2_noctelle / ch2_auriane,390,100,99,99,12.72,23,0,0,2.25
corridor:36,回廊・初周,【月狐】カグラ / 【月狐】サヨ / 【双鐘】フェルネ / 【双鐘】クラリス,ch2_kagura / ch2_sayo / ch2_ferne / ch2_clarisse,390,100,96,96,9.91,27,0,0,2.66
corridor:37,回廊・初周,【剣姫】ネメシア / 【剣姫】エヴェリア / 【双鐘】フェルネ / 【双鐘】クラリス,ch2_nemesia / ch2_everia / ch2_ferne / ch2_clarisse,410,100,100,100,1.17,2,0,0,0.26
corridor:37,回廊・初周,【星糸】セレス / 【星糸】ルミナ / 【誓姫】リリエット / 【誓姫】ロゼット,ch2_celes / ch2_lumina / ch2_lyriet / ch2_rosette,410,100,100,100,1.65,2,0,0,1.13
corridor:37,回廊・初周,【封鍵】メリオラ / 【封鍵】エリゼル / 【薔薇】ノクテル / 【薔薇】オーリアン,ch2_meliora / ch2_elyselle / ch2_noctelle / ch2_auriane,410,100,100,100,1.83,2,0,0,0
corridor:38,回廊・初周,【剣姫】ネメシア / 【剣姫】エヴェリア / 【双鐘】フェルネ / 【双鐘】クラリス,ch2_nemesia / ch2_everia / ch2_ferne / ch2_clarisse,420,100,100,100,1.03,2,0,0,0.13
corridor:38,回廊・初周,【封鍵】メリオラ / 【封鍵】エリゼル / 【薔薇】ノクテル / 【薔薇】オーリアン,ch2_meliora / ch2_elyselle / ch2_noctelle / ch2_auriane,420,100,100,100,1.3,2,0,0,0.08
corridor:38,回廊・初周,【霊符】シオン / 【霊符】スイレン / 【日月】ルナリア / 【日月】ソラリア,ch2_shion / ch2_suiren / ch2_lunaria / ch2_solaria,420,100,100,100,1.48,2,0,0,2.09
corridor:39,回廊・初周,【封鍵】メリオラ / 【封鍵】エリゼル / 【薔薇】ノクテル / 【薔薇】オーリアン,ch2_meliora / ch2_elyselle / ch2_noctelle / ch2_auriane,430,100,100,100,1.4,2,0,0,0
corridor:39,回廊・初周,【鏡侍女】リュネ / 【鏡侍女】ロゼ / 【聖翼】アウレ / 【聖翼】ノエル,ch2_ryune / ch2_rose / ch2_aure / ch2_noelle,430,100,100,100,2.01,3,0,0,0
corridor:39,回廊・初周,【双雷】カリスタ / 【双雷】ソレーヌ / 【薬毒】ミレア / 【薬毒】ヴィオラ,ch2_calista / ch2_solenne / ch2_mirea / ch2_viola,430,100,100,100,2.26,3,0,0,3.44
corridor:40,回廊・初周,【封鍵】メリオラ / 【封鍵】エリゼル / 【薔薇】ノクテル / 【薔薇】オーリアン,ch2_meliora / ch2_elyselle / ch2_noctelle / ch2_auriane,440,100,100,100,1.07,2,0,0,0
corridor:40,回廊・初周,【霊符】シオン / 【霊符】スイレン / 【日月】ルナリア / 【日月】ソラリア,ch2_shion / ch2_suiren / ch2_lunaria / ch2_solaria,440,100,100,100,1.24,2,0,0,1.64
corridor:40,回廊・初周,【返誓】ロスティア / 【返誓】アルテア / 【星刻】エイレーネ / 【星刻】イリデル,ch2_rostia / ch2_althea / ch2_eirene / ch2_iridelle,440,100,100,100,1.81,2,0,0,0.4
corridor:41,回廊・初周,【封鍵】メリオラ / 【封鍵】エリゼル / 【薔薇】ノクテル / 【薔薇】オーリアン,ch2_meliora / ch2_elyselle / ch2_noctelle / ch2_auriane,450,100,100,100,2.77,3,0,0,0
corridor:41,回廊・初周,【双藤】ネヴィア / 【双藤】エルミナ / 【聖翼】アウレ / 【聖翼】ノエル,ch2_nevia / ch2_elmina / ch2_aure / ch2_noelle,450,100,100,100,3,4,0,0,0.81
corridor:41,回廊・初周,【霊符】シオン / 【霊符】スイレン / 【日月】ルナリア / 【日月】ソラリア,ch2_shion / ch2_suiren / ch2_lunaria / ch2_solaria,450,100,100,100,3.17,4,0,0,5.43
corridor:42,回廊・初周,【封鍵】メリオラ / 【封鍵】エリゼル / 【薔薇】ノクテル / 【薔薇】オーリアン,ch2_meliora / ch2_elyselle / ch2_noctelle / ch2_auriane,460,100,100,100,2.59,3,0,0,0
corridor:42,回廊・初周,【鏡侍女】リュネ / 【鏡侍女】ロゼ / 【聖翼】アウレ / 【聖翼】ノエル,ch2_ryune / ch2_rose / ch2_aure / ch2_noelle,460,100,100,100,3.08,4,1,0,0.19
corridor:42,回廊・初周,【霊符】シオン / 【霊符】スイレン / 【日月】ルナリア / 【日月】ソラリア,ch2_shion / ch2_suiren / ch2_lunaria / ch2_solaria,460,100,100,100,3.12,4,0,0,5.15
corridor:43,回廊・初周,【封鍵】メリオラ / 【封鍵】エリゼル / 【薔薇】ノクテル / 【薔薇】オーリアン,ch2_meliora / ch2_elyselle / ch2_noctelle / ch2_auriane,470,100,100,100,2.22,3,0,0,0.01
corridor:43,回廊・初周,【鏡侍女】リュネ / 【鏡侍女】ロゼ / 【聖翼】アウレ / 【聖翼】ノエル,ch2_ryune / ch2_rose / ch2_aure / ch2_noelle,470,100,100,100,2.69,3,0,0,0.01
corridor:43,回廊・初周,【霊符】シオン / 【霊符】スイレン / 【日月】ルナリア / 【日月】ソラリア,ch2_shion / ch2_suiren / ch2_lunaria / ch2_solaria,470,100,100,100,3,3,0,0,4.77
corridor:44,回廊・初周,【剣姫】ネメシア / 【剣姫】エヴェリア / 【双鐘】フェルネ / 【双鐘】クラリス,ch2_nemesia / ch2_everia / ch2_ferne / ch2_clarisse,480,100,100,100,2.65,4,0,0,0.82
corridor:44,回廊・初周,【霊符】シオン / 【霊符】スイレン / 【日月】ルナリア / 【日月】ソラリア,ch2_shion / ch2_suiren / ch2_lunaria / ch2_solaria,480,100,100,100,3.43,4,0,0,6.02
corridor:44,回廊・初周,【鏡侍女】リュネ / 【鏡侍女】ロゼ / 【聖翼】アウレ / 【聖翼】ノエル,ch2_ryune / ch2_rose / ch2_aure / ch2_noelle,480,100,100,100,3.66,5,0,0,0.91
corridor:45,回廊・初周,【剣姫】ネメシア / 【剣姫】エヴェリア / 【双鐘】フェルネ / 【双鐘】クラリス,ch2_nemesia / ch2_everia / ch2_ferne / ch2_clarisse,490,100,100,100,3.3,6,0,0,0.62
corridor:45,回廊・初周,【封鍵】メリオラ / 【封鍵】エリゼル / 【薔薇】ノクテル / 【薔薇】オーリアン,ch2_meliora / ch2_elyselle / ch2_noctelle / ch2_auriane,490,100,100,100,6.09,11,0,0,0.84
corridor:45,回廊・初周,【竜姫】ドラシア / 【竜姫】リュシエ / 【薬毒】ミレア / 【薬毒】ヴィオラ,ch2_dracia / ch2_rucie / ch2_mirea / ch2_viola,490,100,99,99,6.86,12,0,0,3.81
corridor:46,回廊・初周,【星糸】セレス / 【星糸】ルミナ / 【誓姫】リリエット / 【誓姫】ロゼット,ch2_celes / ch2_lumina / ch2_lyriet / ch2_rosette,510,100,100,100,1.2,2,0,0,1.05
corridor:46,回廊・初周,【封鍵】メリオラ / 【封鍵】エリゼル / 【薔薇】ノクテル / 【薔薇】オーリアン,ch2_meliora / ch2_elyselle / ch2_noctelle / ch2_auriane,510,100,100,100,1.25,2,0,0,0
corridor:46,回廊・初周,【双藤】ネヴィア / 【双藤】エルミナ / 【聖翼】アウレ / 【聖翼】ノエル,ch2_nevia / ch2_elmina / ch2_aure / ch2_noelle,510,100,100,100,1.55,2,0,0,0.52
corridor:47,回廊・初周,【封鍵】メリオラ / 【封鍵】エリゼル / 【薔薇】ノクテル / 【薔薇】オーリアン,ch2_meliora / ch2_elyselle / ch2_noctelle / ch2_auriane,520,100,100,100,2,2,0,0,0.2
corridor:47,回廊・初周,【霊符】シオン / 【霊符】スイレン / 【日月】ルナリア / 【日月】ソラリア,ch2_shion / ch2_suiren / ch2_lunaria / ch2_solaria,520,100,100,100,2.04,3,0,0,3.29
corridor:47,回廊・初周,【双雷】カリスタ / 【双雷】ソレーヌ / 【薬毒】ミレア / 【薬毒】ヴィオラ,ch2_calista / ch2_solenne / ch2_mirea / ch2_viola,520,100,100,100,2.28,3,0,0,2.99
corridor:48,回廊・初周,【封鍵】メリオラ / 【封鍵】エリゼル / 【薔薇】ノクテル / 【薔薇】オーリアン,ch2_meliora / ch2_elyselle / ch2_noctelle / ch2_auriane,530,100,100,100,2.02,3,0,0,0
corridor:48,回廊・初周,【霊符】シオン / 【霊符】スイレン / 【日月】ルナリア / 【日月】ソラリア,ch2_shion / ch2_suiren / ch2_lunaria / ch2_solaria,530,100,100,100,2.2,3,0,0,3.66
corridor:48,回廊・初周,【双雷】カリスタ / 【双雷】ソレーヌ / 【薬毒】ミレア / 【薬毒】ヴィオラ,ch2_calista / ch2_solenne / ch2_mirea / ch2_viola,530,100,100,100,2.44,3,0,0,3.44
corridor:49,回廊・初周,【封鍵】メリオラ / 【封鍵】エリゼル / 【薔薇】ノクテル / 【薔薇】オーリアン,ch2_meliora / ch2_elyselle / ch2_noctelle / ch2_auriane,540,100,100,100,2.01,3,0,0,0.01
corridor:49,回廊・初周,【双藤】ネヴィア / 【双藤】エルミナ / 【聖翼】アウレ / 【聖翼】ノエル,ch2_nevia / ch2_elmina / ch2_aure / ch2_noelle,540,100,100,100,2.05,4,0,0,0.46
corridor:49,回廊・初周,【返誓】ロスティア / 【返誓】アルテア / 【星刻】エイレーネ / 【星刻】イリデル,ch2_rostia / ch2_althea / ch2_eirene / ch2_iridelle,540,100,100,100,2.05,3,0,0,1.68
corridor:50,回廊・初周,【剣姫】ネメシア / 【剣姫】エヴェリア / 【双鐘】フェルネ / 【双鐘】クラリス,ch2_nemesia / ch2_everia / ch2_ferne / ch2_clarisse,550,100,100,100,5.33,7,0,0,1.92
corridor:50,回廊・初周,【封鍵】メリオラ / 【封鍵】エリゼル / 【薔薇】ノクテル / 【薔薇】オーリアン,ch2_meliora / ch2_elyselle / ch2_noctelle / ch2_auriane,550,100,100,100,6.98,13,0,0,0.74
corridor:50,回廊・初周,【星糸】セレス / 【星糸】ルミナ / 【誓姫】リリエット / 【誓姫】ロゼット,ch2_celes / ch2_lumina / ch2_lyriet / ch2_rosette,550,100,100,100,7.02,14,0,0,6.3
corridor:51,回廊・初周,【封鍵】メリオラ / 【封鍵】エリゼル / 【薔薇】ノクテル / 【薔薇】オーリアン,ch2_meliora / ch2_elyselle / ch2_noctelle / ch2_auriane,560,100,100,100,2.03,3,0,0,0.01
corridor:51,回廊・初周,【双藤】ネヴィア / 【双藤】エルミナ / 【聖翼】アウレ / 【聖翼】ノエル,ch2_nevia / ch2_elmina / ch2_aure / ch2_noelle,560,100,100,100,2.22,3,0,0,0.55
corridor:51,回廊・初周,【返誓】ロスティア / 【返誓】アルテア / 【星刻】エイレーネ / 【星刻】イリデル,ch2_rostia / ch2_althea / ch2_eirene / ch2_iridelle,560,100,100,100,2.23,3,0,0,1.26
corridor:52,回廊・初周,【封鍵】メリオラ / 【封鍵】エリゼル / 【薔薇】ノクテル / 【薔薇】オーリアン,ch2_meliora / ch2_elyselle / ch2_noctelle / ch2_auriane,570,100,100,100,2.08,3,0,0,0
corridor:52,回廊・初周,【返誓】ロスティア / 【返誓】アルテア / 【星刻】エイレーネ / 【星刻】イリデル,ch2_rostia / ch2_althea / ch2_eirene / ch2_iridelle,570,100,100,100,2.22,3,0,0,2.12
corridor:52,回廊・初周,【双藤】ネヴィア / 【双藤】エルミナ / 【聖翼】アウレ / 【聖翼】ノエル,ch2_nevia / ch2_elmina / ch2_aure / ch2_noelle,570,100,100,100,2.42,3,0,0,1.3
corridor:53,回廊・初周,【返誓】ロスティア / 【返誓】アルテア / 【星刻】エイレーネ / 【星刻】イリデル,ch2_rostia / ch2_althea / ch2_eirene / ch2_iridelle,580,100,100,100,1.35,2,0,0,1.56
corridor:53,回廊・初周,【鏡侍女】リュネ / 【鏡侍女】ロゼ / 【聖翼】アウレ / 【聖翼】ノエル,ch2_ryune / ch2_rose / ch2_aure / ch2_noelle,580,100,100,100,2,2,0,0,0
corridor:53,回廊・初周,【双雷】カリスタ / 【双雷】ソレーヌ / 【薬毒】ミレア / 【薬毒】ヴィオラ,ch2_calista / ch2_solenne / ch2_mirea / ch2_viola,580,100,100,100,2.03,3,0,0,2.76
corridor:54,回廊・初周,【剣姫】ネメシア / 【剣姫】エヴェリア / 【双鐘】フェルネ / 【双鐘】クラリス,ch2_nemesia / ch2_everia / ch2_ferne / ch2_clarisse,590,100,100,100,2.85,5,0,0,0.59
corridor:54,回廊・初周,【返誓】ロスティア / 【返誓】アルテア / 【星刻】エイレーネ / 【星刻】イリデル,ch2_rostia / ch2_althea / ch2_eirene / ch2_iridelle,590,100,100,100,3.38,7,0,0,0.75
corridor:54,回廊・初周,【月狐】カグラ / 【月狐】サヨ / 【双鐘】フェルネ / 【双鐘】クラリス,ch2_kagura / ch2_sayo / ch2_ferne / ch2_clarisse,590,100,100,100,5.75,12,0,0,2.26
corridor:55,回廊・初周,【霊符】シオン / 【霊符】スイレン / 【日月】ルナリア / 【日月】ソラリア,ch2_shion / ch2_suiren / ch2_lunaria / ch2_solaria,610,100,100,100,2.42,3,0,0,3.95
corridor:55,回廊・初周,【双藤】ネヴィア / 【双藤】エルミナ / 【聖翼】アウレ / 【聖翼】ノエル,ch2_nevia / ch2_elmina / ch2_aure / ch2_noelle,610,100,100,100,2.66,4,0,0,0.75
corridor:55,回廊・初周,【月狐】カグラ / 【月狐】サヨ / 【双鐘】フェルネ / 【双鐘】クラリス,ch2_kagura / ch2_sayo / ch2_ferne / ch2_clarisse,610,100,100,100,2.71,4,0,0,0.02
corridor:56,回廊・初周,【封鍵】メリオラ / 【封鍵】エリゼル / 【薔薇】ノクテル / 【薔薇】オーリアン,ch2_meliora / ch2_elyselle / ch2_noctelle / ch2_auriane,620,100,100,100,1.16,2,0,0,0.11
corridor:56,回廊・初周,【双雷】カリスタ / 【双雷】ソレーヌ / 【薬毒】ミレア / 【薬毒】ヴィオラ,ch2_calista / ch2_solenne / ch2_mirea / ch2_viola,620,100,100,100,1.93,2,0,0,2.32
corridor:56,回廊・初周,【鏡侍女】リュネ / 【鏡侍女】ロゼ / 【聖翼】アウレ / 【聖翼】ノエル,ch2_ryune / ch2_rose / ch2_aure / ch2_noelle,620,100,100,100,2,2,0,0,0
corridor:57,回廊・初周,【剣姫】ネメシア / 【剣姫】エヴェリア / 【双鐘】フェルネ / 【双鐘】クラリス,ch2_nemesia / ch2_everia / ch2_ferne / ch2_clarisse,630,100,100,100,5.56,9,0,0,2.08
corridor:57,回廊・初周,【月狐】カグラ / 【月狐】サヨ / 【双鐘】フェルネ / 【双鐘】クラリス,ch2_kagura / ch2_sayo / ch2_ferne / ch2_clarisse,630,100,100,100,6.45,12,0,0,1.37
corridor:57,回廊・初周,【双藤】ネヴィア / 【双藤】エルミナ / 【聖翼】アウレ / 【聖翼】ノエル,ch2_nevia / ch2_elmina / ch2_aure / ch2_noelle,630,100,100,100,6.64,10,0,0,3.66
corridor:58,回廊・初周,【双藤】ネヴィア / 【双藤】エルミナ / 【聖翼】アウレ / 【聖翼】ノエル,ch2_nevia / ch2_elmina / ch2_aure / ch2_noelle,640,100,99,99,1.96,3,1,0,0.63
corridor:58,回廊・初周,【双雷】カリスタ / 【双雷】ソレーヌ / 【薬毒】ミレア / 【薬毒】ヴィオラ,ch2_calista / ch2_solenne / ch2_mirea / ch2_viola,640,100,99,99,2.33,4,3,0,3.01
corridor:58,回廊・初周,【霊符】シオン / 【霊符】スイレン / 【日月】ルナリア / 【日月】ソラリア,ch2_shion / ch2_suiren / ch2_lunaria / ch2_solaria,640,100,98,98,2.07,3,2,0,2.95
corridor:59,回廊・初周,【剣姫】ネメシア / 【剣姫】エヴェリア / 【双鐘】フェルネ / 【双鐘】クラリス,ch2_nemesia / ch2_everia / ch2_ferne / ch2_clarisse,650,100,100,100,4.17,5,0,0,1.54
corridor:59,回廊・初周,【封鍵】メリオラ / 【封鍵】エリゼル / 【薔薇】ノクテル / 【薔薇】オーリアン,ch2_meliora / ch2_elyselle / ch2_noctelle / ch2_auriane,650,100,100,100,4.2,5,0,0,0
corridor:59,回廊・初周,【双藤】ネヴィア / 【双藤】エルミナ / 【聖翼】アウレ / 【聖翼】ノエル,ch2_nevia / ch2_elmina / ch2_aure / ch2_noelle,650,100,100,100,4.99,7,0,0,1.41
corridor:60,回廊・初周,【返誓】ロスティア / 【返誓】アルテア / 【星刻】エイレーネ / 【星刻】イリデル,ch2_rostia / ch2_althea / ch2_eirene / ch2_iridelle,660,100,100,100,2.99,4,0,0,2.34
corridor:60,回廊・初周,【封鍵】メリオラ / 【封鍵】エリゼル / 【薔薇】ノクテル / 【薔薇】オーリアン,ch2_meliora / ch2_elyselle / ch2_noctelle / ch2_auriane,660,100,100,100,3.15,4,0,0,0.01
corridor:60,回廊・初周,【星糸】セレス / 【星糸】ルミナ / 【誓姫】リリエット / 【誓姫】ロゼット,ch2_celes / ch2_lumina / ch2_lyriet / ch2_rosette,660,100,100,100,3.33,8,0,0,3.06
corridor:61,回廊・初周,【返誓】ロスティア / 【返誓】アルテア / 【星刻】エイレーネ / 【星刻】イリデル,ch2_rostia / ch2_althea / ch2_eirene / ch2_iridelle,670,100,95,95,3.42,6,8,0,1.75
corridor:61,回廊・初周,【星糸】セレス / 【星糸】ルミナ / 【誓姫】リリエット / 【誓姫】ロゼット,ch2_celes / ch2_lumina / ch2_lyriet / ch2_rosette,670,100,89,89,4.11,10,13,0,3.22
corridor:61,回廊・初周,【月狐】カグラ / 【月狐】サヨ / 【双鐘】フェルネ / 【双鐘】クラリス,ch2_kagura / ch2_sayo / ch2_ferne / ch2_clarisse,670,100,77,77,5.92,12,37,0,0.94
corridor:62,回廊・初周,【鏡侍女】リュネ / 【鏡侍女】ロゼ / 【聖翼】アウレ / 【聖翼】ノエル,ch2_ryune / ch2_rose / ch2_aure / ch2_noelle,680,100,100,100,2.23,3,0,0,0
corridor:62,回廊・初周,【霊符】シオン / 【霊符】スイレン / 【日月】ルナリア / 【日月】ソラリア,ch2_shion / ch2_suiren / ch2_lunaria / ch2_solaria,680,100,100,100,2.25,3,0,0,3.67
corridor:62,回廊・初周,【双雷】カリスタ / 【双雷】ソレーヌ / 【薬毒】ミレア / 【薬毒】ヴィオラ,ch2_calista / ch2_solenne / ch2_mirea / ch2_viola,680,100,100,100,2.76,5,0,0,3.68
corridor:63,回廊・初周,【封鍵】メリオラ / 【封鍵】エリゼル / 【薔薇】ノクテル / 【薔薇】オーリアン,ch2_meliora / ch2_elyselle / ch2_noctelle / ch2_auriane,690,100,100,100,11.63,24,0,0,2.54
corridor:63,回廊・初周,【返誓】ロスティア / 【返誓】アルテア / 【星刻】エイレーネ / 【星刻】イリデル,ch2_rostia / ch2_althea / ch2_eirene / ch2_iridelle,690,100,99,99,7.46,15,0,0,6.35
corridor:63,回廊・初周,【竜姫】ドラシア / 【竜姫】リュシエ / 【薬毒】ミレア / 【薬毒】ヴィオラ,ch2_dracia / ch2_rucie / ch2_mirea / ch2_viola,690,100,98,98,8.76,19,0,0,6.32
corridor:64,回廊・初周,【剣姫】ネメシア / 【剣姫】エヴェリア / 【双鐘】フェルネ / 【双鐘】クラリス,ch2_nemesia / ch2_everia / ch2_ferne / ch2_clarisse,710,100,100,100,1.4,2,0,0,0.04
corridor:64,回廊・初周,【封鍵】メリオラ / 【封鍵】エリゼル / 【薔薇】ノクテル / 【薔薇】オーリアン,ch2_meliora / ch2_elyselle / ch2_noctelle / ch2_auriane,710,100,100,100,1.47,2,0,0,0
corridor:64,回廊・初周,【霊符】シオン / 【霊符】スイレン / 【日月】ルナリア / 【日月】ソラリア,ch2_shion / ch2_suiren / ch2_lunaria / ch2_solaria,710,100,100,100,1.95,2,0,0,2.76
corridor:65,回廊・初周,【剣姫】ネメシア / 【剣姫】エヴェリア / 【双鐘】フェルネ / 【双鐘】クラリス,ch2_nemesia / ch2_everia / ch2_ferne / ch2_clarisse,720,100,100,100,2.36,3,0,0,0.97
corridor:65,回廊・初周,【封鍵】メリオラ / 【封鍵】エリゼル / 【薔薇】ノクテル / 【薔薇】オーリアン,ch2_meliora / ch2_elyselle / ch2_noctelle / ch2_auriane,720,100,100,100,2.83,4,0,0,0.16
corridor:65,回廊・初周,【霊符】シオン / 【霊符】スイレン / 【日月】ルナリア / 【日月】ソラリア,ch2_shion / ch2_suiren / ch2_lunaria / ch2_solaria,720,100,100,100,3.36,4,0,0,6.1
corridor:66,回廊・初周,【剣姫】ネメシア / 【剣姫】エヴェリア / 【双鐘】フェルネ / 【双鐘】クラリス,ch2_nemesia / ch2_everia / ch2_ferne / ch2_clarisse,730,100,100,100,3.04,5,0,0,0.54
corridor:66,回廊・初周,【霊符】シオン / 【霊符】スイレン / 【日月】ルナリア / 【日月】ソラリア,ch2_shion / ch2_suiren / ch2_lunaria / ch2_solaria,730,100,100,100,3.98,11,0,0,7.13
corridor:66,回廊・初周,【鏡侍女】リュネ / 【鏡侍女】ロゼ / 【聖翼】アウレ / 【聖翼】ノエル,ch2_ryune / ch2_rose / ch2_aure / ch2_noelle,730,100,100,100,6.31,18,0,0,3.04
corridor:67,回廊・初周,【剣姫】ネメシア / 【剣姫】エヴェリア / 【双鐘】フェルネ / 【双鐘】クラリス,ch2_nemesia / ch2_everia / ch2_ferne / ch2_clarisse,740,100,100,100,2.36,4,0,0,0.63
corridor:67,回廊・初周,【霊符】シオン / 【霊符】スイレン / 【日月】ルナリア / 【日月】ソラリア,ch2_shion / ch2_suiren / ch2_lunaria / ch2_solaria,740,100,95,95,3.36,9,3,0,4.76
corridor:67,回廊・初周,【竜姫】ドラシア / 【竜姫】リュシエ / 【薬毒】ミレア / 【薬毒】ヴィオラ,ch2_dracia / ch2_rucie / ch2_mirea / ch2_viola,740,100,95,95,3.75,6,6,0,1.16
corridor:68,回廊・初周,【剣姫】ネメシア / 【剣姫】エヴェリア / 【双鐘】フェルネ / 【双鐘】クラリス,ch2_nemesia / ch2_everia / ch2_ferne / ch2_clarisse,750,100,100,100,5.85,12,0,0,1.94
corridor:68,回廊・初周,【封鍵】メリオラ / 【封鍵】エリゼル / 【薔薇】ノクテル / 【薔薇】オーリアン,ch2_meliora / ch2_elyselle / ch2_noctelle / ch2_auriane,750,100,100,100,6.16,13,0,0,0.7
corridor:68,回廊・初周,【霊符】シオン / 【霊符】スイレン / 【日月】ルナリア / 【日月】ソラリア,ch2_shion / ch2_suiren / ch2_lunaria / ch2_solaria,750,100,100,100,8.04,13,0,0,15.12
corridor:69,回廊・初周,【剣姫】ネメシア / 【剣姫】エヴェリア / 【双鐘】フェルネ / 【双鐘】クラリス,ch2_nemesia / ch2_everia / ch2_ferne / ch2_clarisse,760,100,100,100,3.37,10,1,0,1.22
corridor:69,回廊・初周,【封鍵】メリオラ / 【封鍵】エリゼル / 【薔薇】ノクテル / 【薔薇】オーリアン,ch2_meliora / ch2_elyselle / ch2_noctelle / ch2_auriane,760,100,100,100,3.55,5,1,0,0.02
corridor:69,回廊・初周,【竜姫】ドラシア / 【竜姫】リュシエ / 【薬毒】ミレア / 【薬毒】ヴィオラ,ch2_dracia / ch2_rucie / ch2_mirea / ch2_viola,760,100,99,99,4.24,7,1,0,2.58
corridor:70,回廊・初周,【霊符】シオン / 【霊符】スイレン / 【日月】ルナリア / 【日月】ソラリア,ch2_shion / ch2_suiren / ch2_lunaria / ch2_solaria,770,100,100,100,2.13,4,0,0,2.97
corridor:70,回廊・初周,【封鍵】メリオラ / 【封鍵】エリゼル / 【薔薇】ノクテル / 【薔薇】オーリアン,ch2_meliora / ch2_elyselle / ch2_noctelle / ch2_auriane,770,100,100,100,2.36,5,0,0,0
corridor:70,回廊・初周,【双雷】カリスタ / 【双雷】ソレーヌ / 【薬毒】ミレア / 【薬毒】ヴィオラ,ch2_calista / ch2_solenne / ch2_mirea / ch2_viola,770,100,98,98,2.37,9,1,0,3.07
corridor:71,回廊・初周,【封鍵】メリオラ / 【封鍵】エリゼル / 【薔薇】ノクテル / 【薔薇】オーリアン,ch2_meliora / ch2_elyselle / ch2_noctelle / ch2_auriane,780,100,100,100,2.54,3,0,0,0
corridor:71,回廊・初周,【双藤】ネヴィア / 【双藤】エルミナ / 【聖翼】アウレ / 【聖翼】ノエル,ch2_nevia / ch2_elmina / ch2_aure / ch2_noelle,780,100,100,100,2.55,3,0,0,1.3
corridor:71,回廊・初周,【剣姫】ネメシア / 【剣姫】エヴェリア / 【双鐘】フェルネ / 【双鐘】クラリス,ch2_nemesia / ch2_everia / ch2_ferne / ch2_clarisse,780,100,100,100,2.69,3,0,0,0.65
corridor:72,回廊・初周,【剣姫】ネメシア / 【剣姫】エヴェリア / 【双鐘】フェルネ / 【双鐘】クラリス,ch2_nemesia / ch2_everia / ch2_ferne / ch2_clarisse,790,100,99,99,4.42,8,0,0,2.06
corridor:72,回廊・初周,【封鍵】メリオラ / 【封鍵】エリゼル / 【薔薇】ノクテル / 【薔薇】オーリアン,ch2_meliora / ch2_elyselle / ch2_noctelle / ch2_auriane,790,100,91,91,9.89,20,0,0,1.94
corridor:72,回廊・初周,【竜姫】ドラシア / 【竜姫】リュシエ / 【薬毒】ミレア / 【薬毒】ヴィオラ,ch2_dracia / ch2_rucie / ch2_mirea / ch2_viola,790,100,80,80,7.39,13,0,0,4.11
corridor:73,回廊・初周,【霊符】シオン / 【霊符】スイレン / 【日月】ルナリア / 【日月】ソラリア,ch2_shion / ch2_suiren / ch2_lunaria / ch2_solaria,810,100,100,100,2.28,3,0,0,3.67
corridor:73,回廊・初周,【封鍵】メリオラ / 【封鍵】エリゼル / 【薔薇】ノクテル / 【薔薇】オーリアン,ch2_meliora / ch2_elyselle / ch2_noctelle / ch2_auriane,810,100,100,100,2.39,3,0,0,0
corridor:73,回廊・初周,【鏡侍女】リュネ / 【鏡侍女】ロゼ / 【聖翼】アウレ / 【聖翼】ノエル,ch2_ryune / ch2_rose / ch2_aure / ch2_noelle,810,100,100,100,2.98,3,0,0,0.01
corridor:74,回廊・初周,【双藤】ネヴィア / 【双藤】エルミナ / 【聖翼】アウレ / 【聖翼】ノエル,ch2_nevia / ch2_elmina / ch2_aure / ch2_noelle,820,100,100,100,1.96,3,0,0,0.53
corridor:74,回廊・初周,【封鍵】メリオラ / 【封鍵】エリゼル / 【薔薇】ノクテル / 【薔薇】オーリアン,ch2_meliora / ch2_elyselle / ch2_noctelle / ch2_auriane,820,100,100,100,2.01,3,0,0,0.2
corridor:74,回廊・初周,【霊符】シオン / 【霊符】スイレン / 【日月】ルナリア / 【日月】ソラリア,ch2_shion / ch2_suiren / ch2_lunaria / ch2_solaria,820,100,100,100,2.14,3,0,0,3.74
corridor:75,回廊・初周,【剣姫】ネメシア / 【剣姫】エヴェリア / 【双鐘】フェルネ / 【双鐘】クラリス,ch2_nemesia / ch2_everia / ch2_ferne / ch2_clarisse,830,100,100,100,7.87,14,0,0,2.81
corridor:75,回廊・初周,【月狐】カグラ / 【月狐】サヨ / 【双鐘】フェルネ / 【双鐘】クラリス,ch2_kagura / ch2_sayo / ch2_ferne / ch2_clarisse,830,100,100,100,9.09,14,0,0,2.47
corridor:75,回廊・初周,【鏡侍女】リュネ / 【鏡侍女】ロゼ / 【聖翼】アウレ / 【聖翼】ノエル,ch2_ryune / ch2_rose / ch2_aure / ch2_noelle,830,100,96,96,15.49,30,0,0,8.85
corridor:76,回廊・初周,【剣姫】ネメシア / 【剣姫】エヴェリア / 【双鐘】フェルネ / 【双鐘】クラリス,ch2_nemesia / ch2_everia / ch2_ferne / ch2_clarisse,840,100,91,91,2.85,5,2,0,0.61
corridor:76,回廊・初周,【星糸】セレス / 【星糸】ルミナ / 【誓姫】リリエット / 【誓姫】ロゼット,ch2_celes / ch2_lumina / ch2_lyriet / ch2_rosette,840,100,80,80,3.44,6,6,0,2.93
corridor:76,回廊・初周,【封鍵】メリオラ / 【封鍵】エリゼル / 【薔薇】ノクテル / 【薔薇】オーリアン,ch2_meliora / ch2_elyselle / ch2_noctelle / ch2_auriane,840,100,77,77,3.53,5,13,0,0.18
corridor:77,回廊・初周,【双藤】ネヴィア / 【双藤】エルミナ / 【聖翼】アウレ / 【聖翼】ノエル,ch2_nevia / ch2_elmina / ch2_aure / ch2_noelle,850,100,99,99,12.62,25,0,0,4.91
corridor:77,回廊・初周,【剣姫】ネメシア / 【剣姫】エヴェリア / 【双鐘】フェルネ / 【双鐘】クラリス,ch2_nemesia / ch2_everia / ch2_ferne / ch2_clarisse,850,100,98,98,15.11,31,0,0,4.45
corridor:77,回廊・初周,【封鍵】メリオラ / 【封鍵】エリゼル / 【薔薇】ノクテル / 【薔薇】オーリアン,ch2_meliora / ch2_elyselle / ch2_noctelle / ch2_auriane,850,100,97,97,13.35,24,0,0,1.66
corridor:78,回廊・初周,【剣姫】ネメシア / 【剣姫】エヴェリア / 【双鐘】フェルネ / 【双鐘】クラリス,ch2_nemesia / ch2_everia / ch2_ferne / ch2_clarisse,860,100,100,100,1.64,3,0,0,0.45
corridor:78,回廊・初周,【返誓】ロスティア / 【返誓】アルテア / 【星刻】エイレーネ / 【星刻】イリデル,ch2_rostia / ch2_althea / ch2_eirene / ch2_iridelle,860,100,100,100,1.8,3,0,0,1.37
corridor:78,回廊・初周,【鏡侍女】リュネ / 【鏡侍女】ロゼ / 【聖翼】アウレ / 【聖翼】ノエル,ch2_ryune / ch2_rose / ch2_aure / ch2_noelle,860,100,100,100,2.22,3,0,0,0.01
corridor:79,回廊・初周,【封鍵】メリオラ / 【封鍵】エリゼル / 【薔薇】ノクテル / 【薔薇】オーリアン,ch2_meliora / ch2_elyselle / ch2_noctelle / ch2_auriane,870,100,100,100,4.09,6,1,0,0.48
corridor:79,回廊・初周,【剣姫】ネメシア / 【剣姫】エヴェリア / 【双鐘】フェルネ / 【双鐘】クラリス,ch2_nemesia / ch2_everia / ch2_ferne / ch2_clarisse,870,100,99,99,3.43,5,1,0,0.83
corridor:79,回廊・初周,【星糸】セレス / 【星糸】ルミナ / 【誓姫】リリエット / 【誓姫】ロゼット,ch2_celes / ch2_lumina / ch2_lyriet / ch2_rosette,870,100,99,99,4.23,7,1,0,3.27
corridor:80,回廊・初周,【封鍵】メリオラ / 【封鍵】エリゼル / 【薔薇】ノクテル / 【薔薇】オーリアン,ch2_meliora / ch2_elyselle / ch2_noctelle / ch2_auriane,880,100,100,100,2,2,0,0,0
corridor:80,回廊・初周,【返誓】ロスティア / 【返誓】アルテア / 【星刻】エイレーネ / 【星刻】イリデル,ch2_rostia / ch2_althea / ch2_eirene / ch2_iridelle,880,100,100,100,2.04,3,0,0,2.06
corridor:80,回廊・初周,【竜姫】ドラシア / 【竜姫】リュシエ / 【薬毒】ミレア / 【薬毒】ヴィオラ,ch2_dracia / ch2_rucie / ch2_mirea / ch2_viola,880,100,100,100,2.59,3,0,0,1.04
corridor:81,回廊・初周,【返誓】ロスティア / 【返誓】アルテア / 【星刻】エイレーネ / 【星刻】イリデル,ch2_rostia / ch2_althea / ch2_eirene / ch2_iridelle,890,100,100,100,2.97,6,0,0,2.1
corridor:81,回廊・初周,【月狐】カグラ / 【月狐】サヨ / 【双鐘】フェルネ / 【双鐘】クラリス,ch2_kagura / ch2_sayo / ch2_ferne / ch2_clarisse,890,100,100,100,3.32,5,0,0,0.23
corridor:81,回廊・初周,【星糸】セレス / 【星糸】ルミナ / 【誓姫】リリエット / 【誓姫】ロゼット,ch2_celes / ch2_lumina / ch2_lyriet / ch2_rosette,890,100,100,100,3.49,6,0,0,3.17
corridor:82,回廊・初周,【剣姫】ネメシア / 【剣姫】エヴェリア / 【双鐘】フェルネ / 【双鐘】クラリス,ch2_nemesia / ch2_everia / ch2_ferne / ch2_clarisse,910,100,96,96,6.49,12,0,0,2.27
corridor:82,回廊・初周,【霊符】シオン / 【霊符】スイレン / 【日月】ルナリア / 【日月】ソラリア,ch2_shion / ch2_suiren / ch2_lunaria / ch2_solaria,910,100,74,74,8.14,21,0,0,14.81
corridor:82,回廊・初周,【星糸】セレス / 【星糸】ルミナ / 【誓姫】リリエット / 【誓姫】ロゼット,ch2_celes / ch2_lumina / ch2_lyriet / ch2_rosette,910,100,73,73,9.49,17,0,0,8.96
corridor:83,回廊・初周,【剣姫】ネメシア / 【剣姫】エヴェリア / 【双鐘】フェルネ / 【双鐘】クラリス,ch2_nemesia / ch2_everia / ch2_ferne / ch2_clarisse,920,100,100,100,5.1,10,0,0,2.4
corridor:83,回廊・初周,【封鍵】メリオラ / 【封鍵】エリゼル / 【薔薇】ノクテル / 【薔薇】オーリアン,ch2_meliora / ch2_elyselle / ch2_noctelle / ch2_auriane,920,100,100,100,5.36,10,1,0,2.78
corridor:83,回廊・初周,【霊符】シオン / 【霊符】スイレン / 【日月】ルナリア / 【日月】ソラリア,ch2_shion / ch2_suiren / ch2_lunaria / ch2_solaria,920,100,100,100,7.13,12,0,0,13.24
corridor:84,回廊・初周,【封鍵】メリオラ / 【封鍵】エリゼル / 【薔薇】ノクテル / 【薔薇】オーリアン,ch2_meliora / ch2_elyselle / ch2_noctelle / ch2_auriane,930,100,92,92,20.57,40,0,0,2.31
corridor:84,回廊・初周,【竜姫】ドラシア / 【竜姫】リュシエ / 【薬毒】ミレア / 【薬毒】ヴィオラ,ch2_dracia / ch2_rucie / ch2_mirea / ch2_viola,930,100,85,85,18.91,40,2,0,8.29
corridor:84,回廊・初周,【双藤】ネヴィア / 【双藤】エルミナ / 【聖翼】アウレ / 【聖翼】ノエル,ch2_nevia / ch2_elmina / ch2_aure / ch2_noelle,930,100,84,84,21.98,39,1,0,9.07
corridor:85,回廊・初周,刻律機クロノギア / 獣界覇王ベヒモルク / ベチー / 星葬姫ルミナリア,time_keeper / king_behemoth / bechi / storm_sovereign,940,100,98,98,7.11,22,0,0,0
corridor:85,回廊・初周,原初不死鳥フェニクシア / 黒曜竜ヴァルグリム / 深淵海姫セイレーネ / 天帝麒麟セイラン,primordial_phoenix / earth_sovereign / time_dragon / celestial_kirin,940,100,87,87,12.7,26,2,0,0
corridor:85,回廊・初周,原初不死鳥フェニクシア / 終環蛇ヨルムンガルド / 虚無鯨アビサリス / 永劫戦姫エタルキア,primordial_phoenix / world_serpent / crownless_hero / eternal_valkyrie,940,100,80,80,11.28,22,3,0,0
corridor:86,回廊・初周,【剣姫】ネメシア / 【剣姫】エヴェリア / 【双鐘】フェルネ / 【双鐘】クラリス,ch2_nemesia / ch2_everia / ch2_ferne / ch2_clarisse,950,100,100,100,7.89,15,0,0,2.95
corridor:86,回廊・初周,【封鍵】メリオラ / 【封鍵】エリゼル / 【薔薇】ノクテル / 【薔薇】オーリアン,ch2_meliora / ch2_elyselle / ch2_noctelle / ch2_auriane,950,100,100,100,8.42,18,1,0,1.18
corridor:86,回廊・初周,【月狐】カグラ / 【月狐】サヨ / 【双鐘】フェルネ / 【双鐘】クラリス,ch2_kagura / ch2_sayo / ch2_ferne / ch2_clarisse,950,100,93,93,16.1,36,0,0,4.24
corridor:87,回廊・初周,【剣姫】ネメシア / 【剣姫】エヴェリア / 【双鐘】フェルネ / 【双鐘】クラリス,ch2_nemesia / ch2_everia / ch2_ferne / ch2_clarisse,960,100,100,100,2.99,4,1,0,0.99
corridor:87,回廊・初周,【封鍵】メリオラ / 【封鍵】エリゼル / 【薔薇】ノクテル / 【薔薇】オーリアン,ch2_meliora / ch2_elyselle / ch2_noctelle / ch2_auriane,960,100,100,100,3.13,5,1,0,0.15
corridor:87,回廊・初周,【月狐】カグラ / 【月狐】サヨ / 【双鐘】フェルネ / 【双鐘】クラリス,ch2_kagura / ch2_sayo / ch2_ferne / ch2_clarisse,960,100,98,98,4.77,6,2,0,1.08
corridor:88,回廊・初周,【剣姫】ネメシア / 【剣姫】エヴェリア / 【双鐘】フェルネ / 【双鐘】クラリス,ch2_nemesia / ch2_everia / ch2_ferne / ch2_clarisse,970,100,100,100,2.09,3,0,0,1.48
corridor:88,回廊・初周,【封鍵】メリオラ / 【封鍵】エリゼル / 【薔薇】ノクテル / 【薔薇】オーリアン,ch2_meliora / ch2_elyselle / ch2_noctelle / ch2_auriane,970,100,99,99,2.78,3,0,0,0.23
corridor:88,回廊・初周,【鏡侍女】リュネ / 【鏡侍女】ロゼ / 【聖翼】アウレ / 【聖翼】ノエル,ch2_ryune / ch2_rose / ch2_aure / ch2_noelle,970,100,97,97,3.14,7,4,0,0.15
corridor:89,回廊・初周,【封鍵】メリオラ / 【封鍵】エリゼル / 【薔薇】ノクテル / 【薔薇】オーリアン,ch2_meliora / ch2_elyselle / ch2_noctelle / ch2_auriane,980,100,99,99,5.56,19,1,0,0.29
corridor:89,回廊・初周,【双藤】ネヴィア / 【双藤】エルミナ / 【聖翼】アウレ / 【聖翼】ノエル,ch2_nevia / ch2_elmina / ch2_aure / ch2_noelle,980,100,98,98,5.74,21,1,0,1.96
corridor:89,回廊・初周,【鏡侍女】リュネ / 【鏡侍女】ロゼ / 【聖翼】アウレ / 【聖翼】ノエル,ch2_ryune / ch2_rose / ch2_aure / ch2_noelle,980,100,78,78,7.9,36,3,0,7.31
corridor:90,回廊・初周,【月狐】カグラ / 【月狐】サヨ / 【双鐘】フェルネ / 【双鐘】クラリス,ch2_kagura / ch2_sayo / ch2_ferne / ch2_clarisse,990,100,93,93,7.9,13,2,0,1.65
corridor:90,回廊・初周,【霊符】シオン / 【霊符】スイレン / 【日月】ルナリア / 【日月】ソラリア,ch2_shion / ch2_suiren / ch2_lunaria / ch2_solaria,990,100,89,89,11.4,16,1,0,20.87
corridor:90,回廊・初周,【鏡侍女】リュネ / 【鏡侍女】ロゼ / 【聖翼】アウレ / 【聖翼】ノエル,ch2_ryune / ch2_rose / ch2_aure / ch2_noelle,990,100,80,80,16.36,33,3,0,6.61
corridor:91,回廊・初周,【鏡侍女】リュネ / 【鏡侍女】ロゼ / 【聖翼】アウレ / 【聖翼】ノエル,ch2_ryune / ch2_rose / ch2_aure / ch2_noelle,6700,100,100,100,4.05,5,0,0,1.24
corridor:91,回廊・初周,【双藤】ネヴィア / 【双藤】エルミナ / 【聖翼】アウレ / 【聖翼】ノエル,ch2_nevia / ch2_elmina / ch2_aure / ch2_noelle,6700,100,100,100,4.19,5,0,0,0
corridor:91,回廊・初周,【封鍵】メリオラ / 【封鍵】エリゼル / 【薔薇】ノクテル / 【薔薇】オーリアン,ch2_meliora / ch2_elyselle / ch2_noctelle / ch2_auriane,6700,100,100,100,4.23,5,0,0,0
corridor:92,回廊・初周,【封鍵】メリオラ / 【封鍵】エリゼル / 【薔薇】ノクテル / 【薔薇】オーリアン,ch2_meliora / ch2_elyselle / ch2_noctelle / ch2_auriane,6772,100,100,100,1.08,2,0,0,0
corridor:92,回廊・初周,【双藤】ネヴィア / 【双藤】エルミナ / 【聖翼】アウレ / 【聖翼】ノエル,ch2_nevia / ch2_elmina / ch2_aure / ch2_noelle,6772,100,100,100,1.48,2,0,0,0.61
corridor:92,回廊・初周,【鏡侍女】リュネ / 【鏡侍女】ロゼ / 【聖翼】アウレ / 【聖翼】ノエル,ch2_ryune / ch2_rose / ch2_aure / ch2_noelle,6772,100,100,100,2,2,0,0,0
corridor:93,回廊・初周,【剣姫】ネメシア / 【剣姫】エヴェリア / 【双鐘】フェルネ / 【双鐘】クラリス,ch2_nemesia / ch2_everia / ch2_ferne / ch2_clarisse,6844,100,100,100,2,2,0,0,0.2
corridor:93,回廊・初周,【双雷】カリスタ / 【双雷】ソレーヌ / 【薬毒】ミレア / 【薬毒】ヴィオラ,ch2_calista / ch2_solenne / ch2_mirea / ch2_viola,6844,100,100,100,2.01,3,0,0,1.88
corridor:93,回廊・初周,【鏡侍女】リュネ / 【鏡侍女】ロゼ / 【聖翼】アウレ / 【聖翼】ノエル,ch2_ryune / ch2_rose / ch2_aure / ch2_noelle,6844,100,100,100,2.04,3,0,0,0
corridor:94,回廊・初周,【封鍵】メリオラ / 【封鍵】エリゼル / 【薔薇】ノクテル / 【薔薇】オーリアン,ch2_meliora / ch2_elyselle / ch2_noctelle / ch2_auriane,6916,100,100,100,2,2,0,0,0
corridor:94,回廊・初周,【双藤】ネヴィア / 【双藤】エルミナ / 【聖翼】アウレ / 【聖翼】ノエル,ch2_nevia / ch2_elmina / ch2_aure / ch2_noelle,6916,100,100,100,2,2,0,0,0.58
corridor:94,回廊・初周,【剣姫】ネメシア / 【剣姫】エヴェリア / 【双鐘】フェルネ / 【双鐘】クラリス,ch2_nemesia / ch2_everia / ch2_ferne / ch2_clarisse,6916,100,100,100,2,2,0,0,0.03
corridor:95,回廊・初周,【霊符】シオン / 【霊符】スイレン / 【日月】ルナリア / 【日月】ソラリア,ch2_shion / ch2_suiren / ch2_lunaria / ch2_solaria,6988,100,100,100,2,2,0,0,2.3
corridor:95,回廊・初周,【封鍵】メリオラ / 【封鍵】エリゼル / 【薔薇】ノクテル / 【薔薇】オーリアン,ch2_meliora / ch2_elyselle / ch2_noctelle / ch2_auriane,6988,100,100,100,2.02,3,0,0,0.03
corridor:95,回廊・初周,【返誓】ロスティア / 【返誓】アルテア / 【星刻】エイレーネ / 【星刻】イリデル,ch2_rostia / ch2_althea / ch2_eirene / ch2_iridelle,6988,100,100,100,2.02,3,0,0,1.58
corridor:96,回廊・初周,【封鍵】メリオラ / 【封鍵】エリゼル / 【薔薇】ノクテル / 【薔薇】オーリアン,ch2_meliora / ch2_elyselle / ch2_noctelle / ch2_auriane,7060,100,100,100,1.19,2,0,0,0.01
corridor:96,回廊・初周,【双雷】カリスタ / 【双雷】ソレーヌ / 【薬毒】ミレア / 【薬毒】ヴィオラ,ch2_calista / ch2_solenne / ch2_mirea / ch2_viola,7060,100,100,100,1.65,3,0,0,1.61
corridor:96,回廊・初周,【月狐】カグラ / 【月狐】サヨ / 【双鐘】フェルネ / 【双鐘】クラリス,ch2_kagura / ch2_sayo / ch2_ferne / ch2_clarisse,7060,100,100,100,1.97,2,0,0,0.01
corridor:97,回廊・初周,【星糸】セレス / 【星糸】ルミナ / 【誓姫】リリエット / 【誓姫】ロゼット,ch2_celes / ch2_lumina / ch2_lyriet / ch2_rosette,7132,100,100,100,2.04,4,0,0,1.1
corridor:97,回廊・初周,【封鍵】メリオラ / 【封鍵】エリゼル / 【薔薇】ノクテル / 【薔薇】オーリアン,ch2_meliora / ch2_elyselle / ch2_noctelle / ch2_auriane,7132,100,100,100,2.24,3,0,0,0
corridor:97,回廊・初周,【鏡侍女】リュネ / 【鏡侍女】ロゼ / 【聖翼】アウレ / 【聖翼】ノエル,ch2_ryune / ch2_rose / ch2_aure / ch2_noelle,7132,100,100,100,2.57,3,0,0,0
corridor:98,回廊・初周,【返誓】ロスティア / 【返誓】アルテア / 【星刻】エイレーネ / 【星刻】イリデル,ch2_rostia / ch2_althea / ch2_eirene / ch2_iridelle,7204,100,100,100,2.87,4,0,0,1.85
corridor:98,回廊・初周,【封鍵】メリオラ / 【封鍵】エリゼル / 【薔薇】ノクテル / 【薔薇】オーリアン,ch2_meliora / ch2_elyselle / ch2_noctelle / ch2_auriane,7204,100,100,100,3.03,4,0,0,0.01
corridor:98,回廊・初周,【月狐】カグラ / 【月狐】サヨ / 【双鐘】フェルネ / 【双鐘】クラリス,ch2_kagura / ch2_sayo / ch2_ferne / ch2_clarisse,7204,100,100,100,3.9,4,0,0,0.99
corridor:99,回廊・初周,【双藤】ネヴィア / 【双藤】エルミナ / 【聖翼】アウレ / 【聖翼】ノエル,ch2_nevia / ch2_elmina / ch2_aure / ch2_noelle,7276,100,100,100,4.94,7,0,0,2.77
corridor:99,回廊・初周,【剣姫】ネメシア / 【剣姫】エヴェリア / 【双鐘】フェルネ / 【双鐘】クラリス,ch2_nemesia / ch2_everia / ch2_ferne / ch2_clarisse,7276,100,99,99,3.65,6,0,0,0.85
corridor:99,回廊・初周,【封鍵】メリオラ / 【封鍵】エリゼル / 【薔薇】ノクテル / 【薔薇】オーリアン,ch2_meliora / ch2_elyselle / ch2_noctelle / ch2_auriane,7276,100,98,98,4.08,6,0,0,0.06
corridor:100,回廊・初周,【封鍵】メリオラ / 【封鍵】エリゼル / 【薔薇】ノクテル / 【薔薇】オーリアン,ch2_meliora / ch2_elyselle / ch2_noctelle / ch2_auriane,7348,100,100,100,2.08,3,0,0,0
corridor:100,回廊・初周,【返誓】ロスティア / 【返誓】アルテア / 【星刻】エイレーネ / 【星刻】イリデル,ch2_rostia / ch2_althea / ch2_eirene / ch2_iridelle,7348,100,100,100,2.25,3,0,0,0.96
corridor:100,回廊・初周,【月狐】カグラ / 【月狐】サヨ / 【双鐘】フェルネ / 【双鐘】クラリス,ch2_kagura / ch2_sayo / ch2_ferne / ch2_clarisse,7348,100,100,100,2.94,3,0,0,0
corridor:101,回廊・初周,【星糸】セレス / 【星糸】ルミナ / 【誓姫】リリエット / 【誓姫】ロゼット,ch2_celes / ch2_lumina / ch2_lyriet / ch2_rosette,7420,100,100,100,3.39,4,0,0,2.93
corridor:101,回廊・初周,【双藤】ネヴィア / 【双藤】エルミナ / 【聖翼】アウレ / 【聖翼】ノエル,ch2_nevia / ch2_elmina / ch2_aure / ch2_noelle,7420,100,100,100,4,4,0,0,1.89
corridor:101,回廊・初周,【月狐】カグラ / 【月狐】サヨ / 【双鐘】フェルネ / 【双鐘】クラリス,ch2_kagura / ch2_sayo / ch2_ferne / ch2_clarisse,7420,100,100,100,4.61,5,0,0,1.2
corridor:102,回廊・初周,【剣姫】ネメシア / 【剣姫】エヴェリア / 【双鐘】フェルネ / 【双鐘】クラリス,ch2_nemesia / ch2_everia / ch2_ferne / ch2_clarisse,7492,100,100,100,2.7,4,0,0,0.68
corridor:102,回廊・初周,【星糸】セレス / 【星糸】ルミナ / 【誓姫】リリエット / 【誓姫】ロゼット,ch2_celes / ch2_lumina / ch2_lyriet / ch2_rosette,7492,100,100,100,2.72,4,0,0,2.07
corridor:102,回廊・初周,【竜姫】ドラシア / 【竜姫】リュシエ / 【薬毒】ミレア / 【薬毒】ヴィオラ,ch2_dracia / ch2_rucie / ch2_mirea / ch2_viola,7492,100,100,100,2.96,4,0,0,1.81
corridor:103,回廊・初周,【剣姫】ネメシア / 【剣姫】エヴェリア / 【双鐘】フェルネ / 【双鐘】クラリス,ch2_nemesia / ch2_everia / ch2_ferne / ch2_clarisse,7564,100,100,100,7.54,24,0,0,1.34
corridor:103,回廊・初周,【双藤】ネヴィア / 【双藤】エルミナ / 【聖翼】アウレ / 【聖翼】ノエル,ch2_nevia / ch2_elmina / ch2_aure / ch2_noelle,7564,100,100,100,8.61,15,0,0,4.14
corridor:103,回廊・初周,【霊符】シオン / 【霊符】スイレン / 【日月】ルナリア / 【日月】ソラリア,ch2_shion / ch2_suiren / ch2_lunaria / ch2_solaria,7564,100,100,100,8.71,22,0,0,16.12
corridor:104,回廊・初周,【封鍵】メリオラ / 【封鍵】エリゼル / 【薔薇】ノクテル / 【薔薇】オーリアン,ch2_meliora / ch2_elyselle / ch2_noctelle / ch2_auriane,7636,100,100,100,2.11,5,0,0,0.2
corridor:104,回廊・初周,【双藤】ネヴィア / 【双藤】エルミナ / 【聖翼】アウレ / 【聖翼】ノエル,ch2_nevia / ch2_elmina / ch2_aure / ch2_noelle,7636,100,100,100,2.26,5,0,0,0.72
corridor:104,回廊・初周,【鏡侍女】リュネ / 【鏡侍女】ロゼ / 【聖翼】アウレ / 【聖翼】ノエル,ch2_ryune / ch2_rose / ch2_aure / ch2_noelle,7636,100,100,100,2.49,6,0,0,0.27
corridor:105,回廊・初周,【封鍵】メリオラ / 【封鍵】エリゼル / 【薔薇】ノクテル / 【薔薇】オーリアン,ch2_meliora / ch2_elyselle / ch2_noctelle / ch2_auriane,7708,100,100,100,2.14,3,0,0,0
corridor:105,回廊・初周,【剣姫】ネメシア / 【剣姫】エヴェリア / 【双鐘】フェルネ / 【双鐘】クラリス,ch2_nemesia / ch2_everia / ch2_ferne / ch2_clarisse,7708,100,100,100,2.58,4,0,0,0.6
corridor:105,回廊・初周,【霊符】シオン / 【霊符】スイレン / 【日月】ルナリア / 【日月】ソラリア,ch2_shion / ch2_suiren / ch2_lunaria / ch2_solaria,7708,100,100,100,3.11,4,0,0,5.12
corridor:106,回廊・初周,【竜姫】ドラシア / 【竜姫】リュシエ / 【薬毒】ミレア / 【薬毒】ヴィオラ,ch2_dracia / ch2_rucie / ch2_mirea / ch2_viola,7780,100,98,98,2.61,8,38,0,1.14
corridor:106,回廊・初周,【霊符】シオン / 【霊符】スイレン / 【日月】ルナリア / 【日月】ソラリア,ch2_shion / ch2_suiren / ch2_lunaria / ch2_solaria,7780,100,93,93,2.11,4,0,0,3.16
corridor:106,回廊・初周,【月狐】カグラ / 【月狐】サヨ / 【双鐘】フェルネ / 【双鐘】クラリス,ch2_kagura / ch2_sayo / ch2_ferne / ch2_clarisse,7780,100,93,93,3.23,4,0,0,0.41
corridor:107,回廊・初周,熾天聖セラフィエル / 終環蛇ヨルムンガルド / 虚無鯨アビサリス / 星葬姫ルミナリア,seraphim / world_serpent / crownless_hero / storm_sovereign,7852,100,94,94,11.01,25,0,0,0
corridor:107,回廊・初周,天翔聖馬ペガシエル / 終環蛇ヨルムンガルド / ベチー / 星葬姫ルミナリア,celestial_pegasus / world_serpent / bechi / storm_sovereign,7852,100,91,91,9.4,22,0,0,0
corridor:107,回廊・初周,森羅王ケルヌンノス / 創世巨神ジェネゴリア / 虚無鯨アビサリス / 無窮九頭竜インフィニドラ,forest_cernunnos / genesis_golem / crownless_hero / infinite_hydra,7852,100,85,85,11.59,35,0,0,0
corridor:108,回廊・初周,【星糸】セレス / 【星糸】ルミナ / 【誓姫】リリエット / 【誓姫】ロゼット,ch2_celes / ch2_lumina / ch2_lyriet / ch2_rosette,7930,100,100,100,1.15,2,0,0,1
corridor:108,回廊・初周,【鏡侍女】リュネ / 【鏡侍女】ロゼ / 【聖翼】アウレ / 【聖翼】ノエル,ch2_ryune / ch2_rose / ch2_aure / ch2_noelle,7930,100,100,100,2,2,12,0,0.01
corridor:108,回廊・初周,【双藤】ネヴィア / 【双藤】エルミナ / 【聖翼】アウレ / 【聖翼】ノエル,ch2_nevia / ch2_elmina / ch2_aure / ch2_noelle,7930,100,100,100,2,2,0,0,0.62
corridor:109,回廊・初周,【剣姫】ネメシア / 【剣姫】エヴェリア / 【双鐘】フェルネ / 【双鐘】クラリス,ch2_nemesia / ch2_everia / ch2_ferne / ch2_clarisse,8005,100,100,100,1.56,2,0,0,0.63
corridor:109,回廊・初周,【封鍵】メリオラ / 【封鍵】エリゼル / 【薔薇】ノクテル / 【薔薇】オーリアン,ch2_meliora / ch2_elyselle / ch2_noctelle / ch2_auriane,8005,100,100,100,2.01,3,0,0,0.13
corridor:109,回廊・初周,【双藤】ネヴィア / 【双藤】エルミナ / 【聖翼】アウレ / 【聖翼】ノエル,ch2_nevia / ch2_elmina / ch2_aure / ch2_noelle,8005,100,100,100,2.03,3,0,0,0.66
corridor:110,回廊・初周,【月狐】カグラ / 【月狐】サヨ / 【双鐘】フェルネ / 【双鐘】クラリス,ch2_kagura / ch2_sayo / ch2_ferne / ch2_clarisse,8074,100,100,100,4.49,8,0,0,0.43
corridor:110,回廊・初周,【剣姫】ネメシア / 【剣姫】エヴェリア / 【双鐘】フェルネ / 【双鐘】クラリス,ch2_nemesia / ch2_everia / ch2_ferne / ch2_clarisse,8074,100,99,99,2.9,5,0,0,1.12
corridor:110,回廊・初周,【鏡侍女】リュネ / 【鏡侍女】ロゼ / 【聖翼】アウレ / 【聖翼】ノエル,ch2_ryune / ch2_rose / ch2_aure / ch2_noelle,8074,100,93,93,6.06,11,15,0,0.75
corridor:111,回廊・初周,【剣姫】ネメシア / 【剣姫】エヴェリア / 【双鐘】フェルネ / 【双鐘】クラリス,ch2_nemesia / ch2_everia / ch2_ferne / ch2_clarisse,8149,100,100,100,1.99,3,0,0,0.86
corridor:111,回廊・初周,【霊符】シオン / 【霊符】スイレン / 【日月】ルナリア / 【日月】ソラリア,ch2_shion / ch2_suiren / ch2_lunaria / ch2_solaria,8149,100,99,99,2.98,4,0,0,5.17
corridor:111,回廊・初周,【封鍵】メリオラ / 【封鍵】エリゼル / 【薔薇】ノクテル / 【薔薇】オーリアン,ch2_meliora / ch2_elyselle / ch2_noctelle / ch2_auriane,8149,100,99,99,3.46,6,0,0,0.97
corridor:112,回廊・初周,【双藤】ネヴィア / 【双藤】エルミナ / 【聖翼】アウレ / 【聖翼】ノエル,ch2_nevia / ch2_elmina / ch2_aure / ch2_noelle,8218,100,97,97,11.66,16,0,0,1.49
corridor:112,回廊・初周,【剣姫】ネメシア / 【剣姫】エヴェリア / 【双鐘】フェルネ / 【双鐘】クラリス,ch2_nemesia / ch2_everia / ch2_ferne / ch2_clarisse,8218,100,93,93,16.53,32,0,0,3.84
corridor:112,回廊・初周,【霊符】シオン / 【霊符】スイレン / 【日月】ルナリア / 【日月】ソラリア,ch2_shion / ch2_suiren / ch2_lunaria / ch2_solaria,8218,100,88,88,15.23,22,0,0,27.45
team:1,4対4・第1巡,【鏡侍女】リュネ / 【鏡侍女】ロゼ / 【聖翼】アウレ / 【聖翼】ノエル,ch2_ryune / ch2_rose / ch2_aure / ch2_noelle,108,100,100,100,1,1,0,0,0
team:1,4対4・第1巡,【双雷】カリスタ / 【双雷】ソレーヌ / 【薬毒】ミレア / 【薬毒】ヴィオラ,ch2_calista / ch2_solenne / ch2_mirea / ch2_viola,108,100,100,100,1,1,0,0,0.02
team:1,4対4・第1巡,【硝子】セリア / 【硝子】カルミア / 封書の小剣姫ルメア / 夜灯の従騎フィオラ,ch2_seria / ch2_carmia / ch2_lumea / ch2_fiora,108,100,100,100,1,1,0,0,0
team:2,4対4・第1巡,【鏡侍女】リュネ / 【鏡侍女】ロゼ / 【聖翼】アウレ / 【聖翼】ノエル,ch2_ryune / ch2_rose / ch2_aure / ch2_noelle,111,100,100,100,1,1,0,0,0
team:2,4対4・第1巡,【双雷】カリスタ / 【双雷】ソレーヌ / 【薬毒】ミレア / 【薬毒】ヴィオラ,ch2_calista / ch2_solenne / ch2_mirea / ch2_viola,111,100,100,100,1.01,2,0,0,0.23
team:2,4対4・第1巡,【硝子】セリア / 【硝子】カルミア / 封書の小剣姫ルメア / 夜灯の従騎フィオラ,ch2_seria / ch2_carmia / ch2_lumea / ch2_fiora,111,100,100,100,1.06,2,2,0,0.06
team:3,4対4・第1巡,【鏡侍女】リュネ / 【鏡侍女】ロゼ / 【聖翼】アウレ / 【聖翼】ノエル,ch2_ryune / ch2_rose / ch2_aure / ch2_noelle,114,100,100,100,1,1,0,0,0
team:3,4対4・第1巡,【双雷】カリスタ / 【双雷】ソレーヌ / 【薬毒】ミレア / 【薬毒】ヴィオラ,ch2_calista / ch2_solenne / ch2_mirea / ch2_viola,114,100,100,100,1,1,0,0,0.34
team:3,4対4・第1巡,【硝子】セリア / 【硝子】カルミア / 封書の小剣姫ルメア / 夜灯の従騎フィオラ,ch2_seria / ch2_carmia / ch2_lumea / ch2_fiora,114,100,100,100,1.11,2,0,0,0.02
team:4,4対4・第1巡,【霊符】シオン / 【霊符】スイレン / 【日月】ルナリア / 【日月】ソラリア,ch2_shion / ch2_suiren / ch2_lunaria / ch2_solaria,117,100,100,100,1,1,0,0,1.02
team:4,4対4・第1巡,【鏡侍女】リュネ / 【鏡侍女】ロゼ / 【聖翼】アウレ / 【聖翼】ノエル,ch2_ryune / ch2_rose / ch2_aure / ch2_noelle,117,100,100,100,1.01,2,0,0,0
team:4,4対4・第1巡,【双雷】カリスタ / 【双雷】ソレーヌ / 【薬毒】ミレア / 【薬毒】ヴィオラ,ch2_calista / ch2_solenne / ch2_mirea / ch2_viola,117,100,100,100,1.02,2,0,0,0.59
team:5,4対4・第1巡,【封鍵】メリオラ / 【封鍵】エリゼル / 【薔薇】ノクテル / 【薔薇】オーリアン,ch2_meliora / ch2_elyselle / ch2_noctelle / ch2_auriane,120,100,100,100,1,1,0,0,0
team:5,4対4・第1巡,【剣姫】ネメシア / 【剣姫】エヴェリア / 【双鐘】フェルネ / 【双鐘】クラリス,ch2_nemesia / ch2_everia / ch2_ferne / ch2_clarisse,120,100,100,100,1,1,0,0,0.91
team:5,4対4・第1巡,【鏡侍女】リュネ / 【鏡侍女】ロゼ / 【聖翼】アウレ / 【聖翼】ノエル,ch2_ryune / ch2_rose / ch2_aure / ch2_noelle,120,100,100,100,1.44,2,0,0,0
team:6,4対4・第1巡,【鏡侍女】リュネ / 【鏡侍女】ロゼ / 【聖翼】アウレ / 【聖翼】ノエル,ch2_ryune / ch2_rose / ch2_aure / ch2_noelle,123,100,100,100,1,1,0,0,0
team:6,4対4・第1巡,【双雷】カリスタ / 【双雷】ソレーヌ / 【薬毒】ミレア / 【薬毒】ヴィオラ,ch2_calista / ch2_solenne / ch2_mirea / ch2_viola,123,100,100,100,1,1,0,0,1.42
team:6,4対4・第1巡,【霊符】シオン / 【霊符】スイレン / 【日月】ルナリア / 【日月】ソラリア,ch2_shion / ch2_suiren / ch2_lunaria / ch2_solaria,123,100,100,100,1,1,0,0,1
team:7,4対4・第1巡,【霊符】シオン / 【霊符】スイレン / 【日月】ルナリア / 【日月】ソラリア,ch2_shion / ch2_suiren / ch2_lunaria / ch2_solaria,126,100,100,100,1,1,0,0,1
team:7,4対4・第1巡,【封鍵】メリオラ / 【封鍵】エリゼル / 【薔薇】ノクテル / 【薔薇】オーリアン,ch2_meliora / ch2_elyselle / ch2_noctelle / ch2_auriane,126,100,100,100,1,1,0,0,0
team:7,4対4・第1巡,【双藤】ネヴィア / 【双藤】エルミナ / 【聖翼】アウレ / 【聖翼】ノエル,ch2_nevia / ch2_elmina / ch2_aure / ch2_noelle,126,100,100,100,1.04,2,0,0,0.47
team:8,4対4・第1巡,【封鍵】メリオラ / 【封鍵】エリゼル / 【薔薇】ノクテル / 【薔薇】オーリアン,ch2_meliora / ch2_elyselle / ch2_noctelle / ch2_auriane,129,100,100,100,1.06,2,0,0,0
team:8,4対4・第1巡,【霊符】シオン / 【霊符】スイレン / 【日月】ルナリア / 【日月】ソラリア,ch2_shion / ch2_suiren / ch2_lunaria / ch2_solaria,129,100,100,100,1.36,2,0,0,2.05
team:8,4対4・第1巡,【鏡侍女】リュネ / 【鏡侍女】ロゼ / 【聖翼】アウレ / 【聖翼】ノエル,ch2_ryune / ch2_rose / ch2_aure / ch2_noelle,129,100,100,100,1.38,2,0,0,0
team:9,4対4・第1巡,【封鍵】メリオラ / 【封鍵】エリゼル / 【薔薇】ノクテル / 【薔薇】オーリアン,ch2_meliora / ch2_elyselle / ch2_noctelle / ch2_auriane,132,100,100,100,3.22,4,0,0,1.04
team:9,4対4・第1巡,【返誓】ロスティア / 【返誓】アルテア / 【星刻】エイレーネ / 【星刻】イリデル,ch2_rostia / ch2_althea / ch2_eirene / ch2_iridelle,132,100,100,100,3.62,5,0,0,2.09
team:9,4対4・第1巡,【双藤】ネヴィア / 【双藤】エルミナ / 【聖翼】アウレ / 【聖翼】ノエル,ch2_nevia / ch2_elmina / ch2_aure / ch2_noelle,132,100,100,100,3.65,5,0,0,1.46
team:10,4対4・第1巡,【霊符】シオン / 【霊符】スイレン / 【日月】ルナリア / 【日月】ソラリア,ch2_shion / ch2_suiren / ch2_lunaria / ch2_solaria,135,100,100,100,1,1,0,0,1.04
team:10,4対4・第1巡,【封鍵】メリオラ / 【封鍵】エリゼル / 【薔薇】ノクテル / 【薔薇】オーリアン,ch2_meliora / ch2_elyselle / ch2_noctelle / ch2_auriane,135,100,100,100,1,1,0,0,0
team:10,4対4・第1巡,【星糸】セレス / 【星糸】ルミナ / 【誓姫】リリエット / 【誓姫】ロゼット,ch2_celes / ch2_lumina / ch2_lyriet / ch2_rosette,135,100,100,100,1.02,2,0,0,0.99
team:11,4対4・第1巡,【鏡侍女】リュネ / 【鏡侍女】ロゼ / 【聖翼】アウレ / 【聖翼】ノエル,ch2_ryune / ch2_rose / ch2_aure / ch2_noelle,132,100,100,100,1,1,0,0,0
team:11,4対4・第1巡,【霊符】シオン / 【霊符】スイレン / 【日月】ルナリア / 【日月】ソラリア,ch2_shion / ch2_suiren / ch2_lunaria / ch2_solaria,132,100,100,100,1,1,0,0,1.02
team:11,4対4・第1巡,【封鍵】メリオラ / 【封鍵】エリゼル / 【薔薇】ノクテル / 【薔薇】オーリアン,ch2_meliora / ch2_elyselle / ch2_noctelle / ch2_auriane,132,100,100,100,1,1,0,0,0
team:12,4対4・第1巡,【封鍵】メリオラ / 【封鍵】エリゼル / 【薔薇】ノクテル / 【薔薇】オーリアン,ch2_meliora / ch2_elyselle / ch2_noctelle / ch2_auriane,135,100,100,100,1,1,0,0,0
team:12,4対4・第1巡,【双雷】カリスタ / 【双雷】ソレーヌ / 【薬毒】ミレア / 【薬毒】ヴィオラ,ch2_calista / ch2_solenne / ch2_mirea / ch2_viola,135,100,100,100,1.62,2,0,0,1.59
team:12,4対4・第1巡,【鏡侍女】リュネ / 【鏡侍女】ロゼ / 【聖翼】アウレ / 【聖翼】ノエル,ch2_ryune / ch2_rose / ch2_aure / ch2_noelle,135,100,100,100,1.89,2,0,0,0
team:13,4対4・第1巡,【封鍵】メリオラ / 【封鍵】エリゼル / 【薔薇】ノクテル / 【薔薇】オーリアン,ch2_meliora / ch2_elyselle / ch2_noctelle / ch2_auriane,140,100,100,100,1,1,0,0,0
team:13,4対4・第1巡,【返誓】ロスティア / 【返誓】アルテア / 【星刻】エイレーネ / 【星刻】イリデル,ch2_rostia / ch2_althea / ch2_eirene / ch2_iridelle,140,100,100,100,1,1,0,0,0.22
team:13,4対4・第1巡,【星糸】セレス / 【星糸】ルミナ / 【誓姫】リリエット / 【誓姫】ロゼット,ch2_celes / ch2_lumina / ch2_lyriet / ch2_rosette,140,100,100,100,1.03,2,0,0,0.97
team:14,4対4・第1巡,【封鍵】メリオラ / 【封鍵】エリゼル / 【薔薇】ノクテル / 【薔薇】オーリアン,ch2_meliora / ch2_elyselle / ch2_noctelle / ch2_auriane,150,100,100,100,1.56,2,0,0,0
team:14,4対4・第1巡,【双藤】ネヴィア / 【双藤】エルミナ / 【聖翼】アウレ / 【聖翼】ノエル,ch2_nevia / ch2_elmina / ch2_aure / ch2_noelle,150,100,100,100,1.6,2,0,0,0.49
team:14,4対4・第1巡,【星糸】セレス / 【星糸】ルミナ / 【誓姫】リリエット / 【誓姫】ロゼット,ch2_celes / ch2_lumina / ch2_lyriet / ch2_rosette,150,100,100,100,2,2,0,0,1.45
team:15,4対4・第1巡,【鏡侍女】リュネ / 【鏡侍女】ロゼ / 【聖翼】アウレ / 【聖翼】ノエル,ch2_ryune / ch2_rose / ch2_aure / ch2_noelle,160,100,100,100,2,2,0,0,0
team:15,4対4・第1巡,【霊符】シオン / 【霊符】スイレン / 【日月】ルナリア / 【日月】ソラリア,ch2_shion / ch2_suiren / ch2_lunaria / ch2_solaria,160,100,100,100,2,2,0,0,2.84
team:15,4対4・第1巡,【封鍵】メリオラ / 【封鍵】エリゼル / 【薔薇】ノクテル / 【薔薇】オーリアン,ch2_meliora / ch2_elyselle / ch2_noctelle / ch2_auriane,160,100,100,100,2,2,0,0,0.01
team:16,4対4・第1巡,【封鍵】メリオラ / 【封鍵】エリゼル / 【薔薇】ノクテル / 【薔薇】オーリアン,ch2_meliora / ch2_elyselle / ch2_noctelle / ch2_auriane,170,100,100,100,2.21,3,0,0,0.07
team:16,4対4・第1巡,【霊符】シオン / 【霊符】スイレン / 【日月】ルナリア / 【日月】ソラリア,ch2_shion / ch2_suiren / ch2_lunaria / ch2_solaria,170,100,100,100,2.55,3,0,0,4.05
team:16,4対4・第1巡,【鏡侍女】リュネ / 【鏡侍女】ロゼ / 【聖翼】アウレ / 【聖翼】ノエル,ch2_ryune / ch2_rose / ch2_aure / ch2_noelle,170,100,100,100,2.56,3,0,0,0
team:17,4対4・第1巡,【返誓】ロスティア / 【返誓】アルテア / 【星刻】エイレーネ / 【星刻】イリデル,ch2_rostia / ch2_althea / ch2_eirene / ch2_iridelle,180,100,100,100,2.95,4,0,0,1.84
team:17,4対4・第1巡,【封鍵】メリオラ / 【封鍵】エリゼル / 【薔薇】ノクテル / 【薔薇】オーリアン,ch2_meliora / ch2_elyselle / ch2_noctelle / ch2_auriane,180,100,100,100,3.03,4,0,0,0.32
team:17,4対4・第1巡,【鏡侍女】リュネ / 【鏡侍女】ロゼ / 【聖翼】アウレ / 【聖翼】ノエル,ch2_ryune / ch2_rose / ch2_aure / ch2_noelle,180,100,100,100,3.2,4,0,0,0.46
team:18,4対4・第1巡,【剣姫】ネメシア / 【剣姫】エヴェリア / 【双鐘】フェルネ / 【双鐘】クラリス,ch2_nemesia / ch2_everia / ch2_ferne / ch2_clarisse,190,100,100,100,1.07,2,0,0,0.22
team:18,4対4・第1巡,【霊符】シオン / 【霊符】スイレン / 【日月】ルナリア / 【日月】ソラリア,ch2_shion / ch2_suiren / ch2_lunaria / ch2_solaria,190,100,100,100,1.99,2,0,0,2.94
team:18,4対4・第1巡,【鏡侍女】リュネ / 【鏡侍女】ロゼ / 【聖翼】アウレ / 【聖翼】ノエル,ch2_ryune / ch2_rose / ch2_aure / ch2_noelle,190,100,100,100,2,2,0,0,0
team:19,4対4・第1巡,【封鍵】メリオラ / 【封鍵】エリゼル / 【薔薇】ノクテル / 【薔薇】オーリアン,ch2_meliora / ch2_elyselle / ch2_noctelle / ch2_auriane,210,100,100,100,1.02,2,0,0,0
team:19,4対4・第1巡,【双藤】ネヴィア / 【双藤】エルミナ / 【聖翼】アウレ / 【聖翼】ノエル,ch2_nevia / ch2_elmina / ch2_aure / ch2_noelle,210,100,100,100,1.04,2,0,0,0.04
team:19,4対4・第1巡,【返誓】ロスティア / 【返誓】アルテア / 【星刻】エイレーネ / 【星刻】イリデル,ch2_rostia / ch2_althea / ch2_eirene / ch2_iridelle,210,100,100,100,1.4,2,0,0,0.03
team:20,4対4・第1巡,【双雷】カリスタ / 【双雷】ソレーヌ / 【薬毒】ミレア / 【薬毒】ヴィオラ,ch2_calista / ch2_solenne / ch2_mirea / ch2_viola,220,100,100,100,1.83,2,0,0,2.05
team:20,4対4・第1巡,【霊符】シオン / 【霊符】スイレン / 【日月】ルナリア / 【日月】ソラリア,ch2_shion / ch2_suiren / ch2_lunaria / ch2_solaria,220,100,100,100,1.89,2,0,0,2.22
team:20,4対4・第1巡,【鏡侍女】リュネ / 【鏡侍女】ロゼ / 【聖翼】アウレ / 【聖翼】ノエル,ch2_ryune / ch2_rose / ch2_aure / ch2_noelle,220,100,100,100,2,2,0,0,0
team:21,4対4・第1巡,【剣姫】ネメシア / 【剣姫】エヴェリア / 【双鐘】フェルネ / 【双鐘】クラリス,ch2_nemesia / ch2_everia / ch2_ferne / ch2_clarisse,230,100,100,100,1.72,2,0,0,0.05
team:21,4対4・第1巡,【双雷】カリスタ / 【双雷】ソレーヌ / 【薬毒】ミレア / 【薬毒】ヴィオラ,ch2_calista / ch2_solenne / ch2_mirea / ch2_viola,230,100,100,100,2.25,3,0,0,2.73
team:21,4対4・第1巡,【鏡侍女】リュネ / 【鏡侍女】ロゼ / 【聖翼】アウレ / 【聖翼】ノエル,ch2_ryune / ch2_rose / ch2_aure / ch2_noelle,230,100,100,100,3,3,0,0,0
team:22,4対4・第1巡,【霊符】シオン / 【霊符】スイレン / 【日月】ルナリア / 【日月】ソラリア,ch2_shion / ch2_suiren / ch2_lunaria / ch2_solaria,240,100,100,100,1,1,0,0,1.03
team:22,4対4・第1巡,【鏡侍女】リュネ / 【鏡侍女】ロゼ / 【聖翼】アウレ / 【聖翼】ノエル,ch2_ryune / ch2_rose / ch2_aure / ch2_noelle,240,100,100,100,1.03,2,0,0,0
team:22,4対4・第1巡,【双雷】カリスタ / 【双雷】ソレーヌ / 【薬毒】ミレア / 【薬毒】ヴィオラ,ch2_calista / ch2_solenne / ch2_mirea / ch2_viola,240,100,100,100,1.08,2,0,0,1.33
team:23,4対4・第1巡,【封鍵】メリオラ / 【封鍵】エリゼル / 【薔薇】ノクテル / 【薔薇】オーリアン,ch2_meliora / ch2_elyselle / ch2_noctelle / ch2_auriane,250,100,100,100,2,2,0,0,0
team:23,4対4・第1巡,【双藤】ネヴィア / 【双藤】エルミナ / 【聖翼】アウレ / 【聖翼】ノエル,ch2_nevia / ch2_elmina / ch2_aure / ch2_noelle,250,100,100,100,2,2,0,0,0.5
team:23,4対4・第1巡,【霊符】シオン / 【霊符】スイレン / 【日月】ルナリア / 【日月】ソラリア,ch2_shion / ch2_suiren / ch2_lunaria / ch2_solaria,250,100,100,100,2.02,3,0,0,3.35
team:24,4対4・第1巡,【剣姫】ネメシア / 【剣姫】エヴェリア / 【双鐘】フェルネ / 【双鐘】クラリス,ch2_nemesia / ch2_everia / ch2_ferne / ch2_clarisse,260,100,100,100,2.81,3,0,0,0.64
team:24,4対4・第1巡,【霊符】シオン / 【霊符】スイレン / 【日月】ルナリア / 【日月】ソラリア,ch2_shion / ch2_suiren / ch2_lunaria / ch2_solaria,260,100,100,100,3.15,4,0,0,5.7
team:24,4対4・第1巡,【鏡侍女】リュネ / 【鏡侍女】ロゼ / 【聖翼】アウレ / 【聖翼】ノエル,ch2_ryune / ch2_rose / ch2_aure / ch2_noelle,260,100,100,100,3.22,4,0,0,0.5
team:25,4対4・第1巡,【返誓】ロスティア / 【返誓】アルテア / 【星刻】エイレーネ / 【星刻】イリデル,ch2_rostia / ch2_althea / ch2_eirene / ch2_iridelle,270,100,100,100,2.61,3,0,0,2.12
team:25,4対4・第1巡,【封鍵】メリオラ / 【封鍵】エリゼル / 【薔薇】ノクテル / 【薔薇】オーリアン,ch2_meliora / ch2_elyselle / ch2_noctelle / ch2_auriane,270,100,100,100,2.89,3,0,0,0.65
team:25,4対4・第1巡,【双藤】ネヴィア / 【双藤】エルミナ / 【聖翼】アウレ / 【聖翼】ノエル,ch2_nevia / ch2_elmina / ch2_aure / ch2_noelle,270,100,100,100,3.11,6,2,0,0.69
team:26,4対4・第1巡,【霊符】シオン / 【霊符】スイレン / 【日月】ルナリア / 【日月】ソラリア,ch2_shion / ch2_suiren / ch2_lunaria / ch2_solaria,280,100,100,100,1.86,2,0,0,2.29
team:26,4対4・第1巡,【双雷】カリスタ / 【双雷】ソレーヌ / 【薬毒】ミレア / 【薬毒】ヴィオラ,ch2_calista / ch2_solenne / ch2_mirea / ch2_viola,280,100,100,100,1.97,2,0,0,2.03
team:26,4対4・第1巡,【鏡侍女】リュネ / 【鏡侍女】ロゼ / 【聖翼】アウレ / 【聖翼】ノエル,ch2_ryune / ch2_rose / ch2_aure / ch2_noelle,280,100,100,100,2,2,0,0,0
team:27,4対4・第1巡,【剣姫】ネメシア / 【剣姫】エヴェリア / 【双鐘】フェルネ / 【双鐘】クラリス,ch2_nemesia / ch2_everia / ch2_ferne / ch2_clarisse,290,100,100,100,2.9,4,0,0,0.73
team:27,4対4・第1巡,【星糸】セレス / 【星糸】ルミナ / 【誓姫】リリエット / 【誓姫】ロゼット,ch2_celes / ch2_lumina / ch2_lyriet / ch2_rosette,290,100,100,100,3.98,7,0,0,3.18
team:27,4対4・第1巡,【月狐】カグラ / 【月狐】サヨ / 【双鐘】フェルネ / 【双鐘】クラリス,ch2_kagura / ch2_sayo / ch2_ferne / ch2_clarisse,290,100,100,100,4,4,0,0,0.14
team:28,4対4・第1巡,【封鍵】メリオラ / 【封鍵】エリゼル / 【薔薇】ノクテル / 【薔薇】オーリアン,ch2_meliora / ch2_elyselle / ch2_noctelle / ch2_auriane,310,100,100,100,1,1,0,0,0
team:28,4対4・第1巡,【剣姫】ネメシア / 【剣姫】エヴェリア / 【双鐘】フェルネ / 【双鐘】クラリス,ch2_nemesia / ch2_everia / ch2_ferne / ch2_clarisse,310,100,100,100,1.01,2,0,0,0.08
team:28,4対4・第1巡,【霊符】シオン / 【霊符】スイレン / 【日月】ルナリア / 【日月】ソラリア,ch2_shion / ch2_suiren / ch2_lunaria / ch2_solaria,310,100,100,100,1.07,2,0,0,1.14
team:29,4対4・第1巡,【返誓】ロスティア / 【返誓】アルテア / 【星刻】エイレーネ / 【星刻】イリデル,ch2_rostia / ch2_althea / ch2_eirene / ch2_iridelle,320,100,100,100,1,1,0,0,0.72
team:29,4対4・第1巡,【霊符】シオン / 【霊符】スイレン / 【日月】ルナリア / 【日月】ソラリア,ch2_shion / ch2_suiren / ch2_lunaria / ch2_solaria,320,100,100,100,1.03,2,0,0,1.47
team:29,4対4・第1巡,【星糸】セレス / 【星糸】ルミナ / 【誓姫】リリエット / 【誓姫】ロゼット,ch2_celes / ch2_lumina / ch2_lyriet / ch2_rosette,320,100,100,100,1.06,2,0,0,1
team:30,4対4・第1巡,【封鍵】メリオラ / 【封鍵】エリゼル / 【薔薇】ノクテル / 【薔薇】オーリアン,ch2_meliora / ch2_elyselle / ch2_noctelle / ch2_auriane,330,100,100,100,1.25,2,0,0,0
team:30,4対4・第1巡,【霊符】シオン / 【霊符】スイレン / 【日月】ルナリア / 【日月】ソラリア,ch2_shion / ch2_suiren / ch2_lunaria / ch2_solaria,330,100,100,100,1.58,2,0,0,2.2
team:30,4対4・第1巡,【鏡侍女】リュネ / 【鏡侍女】ロゼ / 【聖翼】アウレ / 【聖翼】ノエル,ch2_ryune / ch2_rose / ch2_aure / ch2_noelle,330,100,100,100,2,2,0,0,0
team:31,4対4・第1巡,【返誓】ロスティア / 【返誓】アルテア / 【星刻】エイレーネ / 【星刻】イリデル,ch2_rostia / ch2_althea / ch2_eirene / ch2_iridelle,340,100,100,100,1.21,2,0,0,0.56
team:31,4対4・第1巡,【霊符】シオン / 【霊符】スイレン / 【日月】ルナリア / 【日月】ソラリア,ch2_shion / ch2_suiren / ch2_lunaria / ch2_solaria,340,100,100,100,1.83,2,0,0,2.07
team:31,4対4・第1巡,【鏡侍女】リュネ / 【鏡侍女】ロゼ / 【聖翼】アウレ / 【聖翼】ノエル,ch2_ryune / ch2_rose / ch2_aure / ch2_noelle,340,100,100,100,1.98,2,0,0,0
team:32,4対4・第1巡,【双藤】ネヴィア / 【双藤】エルミナ / 【聖翼】アウレ / 【聖翼】ノエル,ch2_nevia / ch2_elmina / ch2_aure / ch2_noelle,350,100,100,100,2.66,3,0,0,0.44
team:32,4対4・第1巡,【竜姫】ドラシア / 【竜姫】リュシエ / 【薬毒】ミレア / 【薬毒】ヴィオラ,ch2_dracia / ch2_rucie / ch2_mirea / ch2_viola,350,100,100,100,2.89,4,0,0,2.44
team:32,4対4・第1巡,【霊符】シオン / 【霊符】スイレン / 【日月】ルナリア / 【日月】ソラリア,ch2_shion / ch2_suiren / ch2_lunaria / ch2_solaria,350,100,100,100,2.99,3,0,0,4.83
team:33,4対4・第1巡,【剣姫】ネメシア / 【剣姫】エヴェリア / 【双鐘】フェルネ / 【双鐘】クラリス,ch2_nemesia / ch2_everia / ch2_ferne / ch2_clarisse,360,100,100,100,3.02,4,0,0,0.71
team:33,4対4・第1巡,【鏡侍女】リュネ / 【鏡侍女】ロゼ / 【聖翼】アウレ / 【聖翼】ノエル,ch2_ryune / ch2_rose / ch2_aure / ch2_noelle,360,100,100,100,3.11,4,0,0,0.27
team:33,4対4・第1巡,【霊符】シオン / 【霊符】スイレン / 【日月】ルナリア / 【日月】ソラリア,ch2_shion / ch2_suiren / ch2_lunaria / ch2_solaria,360,100,100,100,3.15,4,0,0,5.46
team:34,4対4・第1巡,【返誓】ロスティア / 【返誓】アルテア / 【星刻】エイレーネ / 【星刻】イリデル,ch2_rostia / ch2_althea / ch2_eirene / ch2_iridelle,370,100,100,100,2.68,4,0,0,1.94
team:34,4対4・第1巡,【霊符】シオン / 【霊符】スイレン / 【日月】ルナリア / 【日月】ソラリア,ch2_shion / ch2_suiren / ch2_lunaria / ch2_solaria,370,100,100,100,2.99,3,0,0,4.84
team:34,4対4・第1巡,【鏡侍女】リュネ / 【鏡侍女】ロゼ / 【聖翼】アウレ / 【聖翼】ノエル,ch2_ryune / ch2_rose / ch2_aure / ch2_noelle,370,100,100,100,3.02,4,1,0,0.08
team:35,4対4・第1巡,【封鍵】メリオラ / 【封鍵】エリゼル / 【薔薇】ノクテル / 【薔薇】オーリアン,ch2_meliora / ch2_elyselle / ch2_noctelle / ch2_auriane,380,100,100,100,3.1,4,0,0,0.31
team:35,4対4・第1巡,【鏡侍女】リュネ / 【鏡侍女】ロゼ / 【聖翼】アウレ / 【聖翼】ノエル,ch2_ryune / ch2_rose / ch2_aure / ch2_noelle,380,100,100,100,3.12,5,0,0,0.29
team:35,4対4・第1巡,【霊符】シオン / 【霊符】スイレン / 【日月】ルナリア / 【日月】ソラリア,ch2_shion / ch2_suiren / ch2_lunaria / ch2_solaria,380,100,100,100,3.22,4,0,0,5.45
team:36,4対4・第1巡,【剣姫】ネメシア / 【剣姫】エヴェリア / 【双鐘】フェルネ / 【双鐘】クラリス,ch2_nemesia / ch2_everia / ch2_ferne / ch2_clarisse,390,100,99,99,9.81,16,0,0,2.55
team:36,4対4・第1巡,【霊符】シオン / 【霊符】スイレン / 【日月】ルナリア / 【日月】ソラリア,ch2_shion / ch2_suiren / ch2_lunaria / ch2_solaria,390,100,96,96,15.9,23,0,0,29.82
team:36,4対4・第1巡,【封鍵】メリオラ / 【封鍵】エリゼル / 【薔薇】ノクテル / 【薔薇】オーリアン,ch2_meliora / ch2_elyselle / ch2_noctelle / ch2_auriane,390,100,88,88,15.98,36,0,0,4.25
team:37,4対4・第1巡,【返誓】ロスティア / 【返誓】アルテア / 【星刻】エイレーネ / 【星刻】イリデル,ch2_rostia / ch2_althea / ch2_eirene / ch2_iridelle,410,100,100,100,1.87,3,0,0,0.95
team:37,4対4・第1巡,【霊符】シオン / 【霊符】スイレン / 【日月】ルナリア / 【日月】ソラリア,ch2_shion / ch2_suiren / ch2_lunaria / ch2_solaria,410,100,100,100,2,2,0,0,2.93
team:37,4対4・第1巡,【双藤】ネヴィア / 【双藤】エルミナ / 【聖翼】アウレ / 【聖翼】ノエル,ch2_nevia / ch2_elmina / ch2_aure / ch2_noelle,410,100,100,100,2,2,0,0,0.47
team:38,4対4・第1巡,【霊符】シオン / 【霊符】スイレン / 【日月】ルナリア / 【日月】ソラリア,ch2_shion / ch2_suiren / ch2_lunaria / ch2_solaria,420,100,100,100,2,2,0,0,3.09
team:38,4対4・第1巡,【剣姫】ネメシア / 【剣姫】エヴェリア / 【双鐘】フェルネ / 【双鐘】クラリス,ch2_nemesia / ch2_everia / ch2_ferne / ch2_clarisse,420,100,100,100,2,2,0,0,0.4
team:38,4対4・第1巡,【鏡侍女】リュネ / 【鏡侍女】ロゼ / 【聖翼】アウレ / 【聖翼】ノエル,ch2_ryune / ch2_rose / ch2_aure / ch2_noelle,420,100,100,100,2.19,3,0,0,0
team:39,4対4・第1巡,【双藤】ネヴィア / 【双藤】エルミナ / 【聖翼】アウレ / 【聖翼】ノエル,ch2_nevia / ch2_elmina / ch2_aure / ch2_noelle,430,100,100,100,2.05,3,0,0,0.41
team:39,4対4・第1巡,【星糸】セレス / 【星糸】ルミナ / 【誓姫】リリエット / 【誓姫】ロゼット,ch2_celes / ch2_lumina / ch2_lyriet / ch2_rosette,430,100,100,100,2.08,3,0,0,1.96
team:39,4対4・第1巡,【封鍵】メリオラ / 【封鍵】エリゼル / 【薔薇】ノクテル / 【薔薇】オーリアン,ch2_meliora / ch2_elyselle / ch2_noctelle / ch2_auriane,430,100,100,100,2.1,3,0,0,0.23
team:40,4対4・第1巡,【双藤】ネヴィア / 【双藤】エルミナ / 【聖翼】アウレ / 【聖翼】ノエル,ch2_nevia / ch2_elmina / ch2_aure / ch2_noelle,440,100,100,100,2,2,0,0,0.39
team:40,4対4・第1巡,【星糸】セレス / 【星糸】ルミナ / 【誓姫】リリエット / 【誓姫】ロゼット,ch2_celes / ch2_lumina / ch2_lyriet / ch2_rosette,440,100,100,100,2,2,0,0,1.19
team:40,4対4・第1巡,【封鍵】メリオラ / 【封鍵】エリゼル / 【薔薇】ノクテル / 【薔薇】オーリアン,ch2_meliora / ch2_elyselle / ch2_noctelle / ch2_auriane,440,100,100,100,2.02,3,0,0,0.28
team:41,4対4・第1巡,【双藤】ネヴィア / 【双藤】エルミナ / 【聖翼】アウレ / 【聖翼】ノエル,ch2_nevia / ch2_elmina / ch2_aure / ch2_noelle,450,100,100,100,3.76,5,0,0,0.67
team:41,4対4・第1巡,【星糸】セレス / 【星糸】ルミナ / 【誓姫】リリエット / 【誓姫】ロゼット,ch2_celes / ch2_lumina / ch2_lyriet / ch2_rosette,450,100,100,100,3.87,5,0,0,3.39
team:41,4対4・第1巡,【返誓】ロスティア / 【返誓】アルテア / 【星刻】エイレーネ / 【星刻】イリデル,ch2_rostia / ch2_althea / ch2_eirene / ch2_iridelle,450,100,100,100,4.14,6,0,0,1.03
team:42,4対4・第1巡,【剣姫】ネメシア / 【剣姫】エヴェリア / 【双鐘】フェルネ / 【双鐘】クラリス,ch2_nemesia / ch2_everia / ch2_ferne / ch2_clarisse,460,100,100,100,3.22,4,0,0,1.58
team:42,4対4・第1巡,【霊符】シオン / 【霊符】スイレン / 【日月】ルナリア / 【日月】ソラリア,ch2_shion / ch2_suiren / ch2_lunaria / ch2_solaria,460,100,100,100,4.1,5,0,0,7.22
team:42,4対4・第1巡,【封鍵】メリオラ / 【封鍵】エリゼル / 【薔薇】ノクテル / 【薔薇】オーリアン,ch2_meliora / ch2_elyselle / ch2_noctelle / ch2_auriane,460,100,100,100,4.22,6,0,0,1.01
team:43,4対4・第1巡,【封鍵】メリオラ / 【封鍵】エリゼル / 【薔薇】ノクテル / 【薔薇】オーリアン,ch2_meliora / ch2_elyselle / ch2_noctelle / ch2_auriane,470,100,100,100,3,4,0,0,0.07
team:43,4対4・第1巡,【鏡侍女】リュネ / 【鏡侍女】ロゼ / 【聖翼】アウレ / 【聖翼】ノエル,ch2_ryune / ch2_rose / ch2_aure / ch2_noelle,470,100,100,100,3.08,5,3,0,0.1
team:43,4対4・第1巡,【霊符】シオン / 【霊符】スイレン / 【日月】ルナリア / 【日月】ソラリア,ch2_shion / ch2_suiren / ch2_lunaria / ch2_solaria,470,100,100,100,3.14,4,0,0,5.36
team:44,4対4・第1巡,【剣姫】ネメシア / 【剣姫】エヴェリア / 【双鐘】フェルネ / 【双鐘】クラリス,ch2_nemesia / ch2_everia / ch2_ferne / ch2_clarisse,480,100,100,100,3.21,4,0,0,1.35
team:44,4対4・第1巡,【双藤】ネヴィア / 【双藤】エルミナ / 【聖翼】アウレ / 【聖翼】ノエル,ch2_nevia / ch2_elmina / ch2_aure / ch2_noelle,480,100,100,100,3.9,5,0,0,0.75
team:44,4対4・第1巡,【鏡侍女】リュネ / 【鏡侍女】ロゼ / 【聖翼】アウレ / 【聖翼】ノエル,ch2_ryune / ch2_rose / ch2_aure / ch2_noelle,480,100,100,100,4.07,5,0,0,1.12
team:45,4対4・第1巡,【剣姫】ネメシア / 【剣姫】エヴェリア / 【双鐘】フェルネ / 【双鐘】クラリス,ch2_nemesia / ch2_everia / ch2_ferne / ch2_clarisse,490,100,100,100,3.77,6,0,0,0.66
team:45,4対4・第1巡,【竜姫】ドラシア / 【竜姫】リュシエ / 【薬毒】ミレア / 【薬毒】ヴィオラ,ch2_dracia / ch2_rucie / ch2_mirea / ch2_viola,490,100,100,100,7.12,13,0,0,5.72
team:45,4対4・第1巡,【封鍵】メリオラ / 【封鍵】エリゼル / 【薔薇】ノクテル / 【薔薇】オーリアン,ch2_meliora / ch2_elyselle / ch2_noctelle / ch2_auriane,490,100,100,100,7.48,10,0,0,1.98
team:46,4対4・第1巡,【霊符】シオン / 【霊符】スイレン / 【日月】ルナリア / 【日月】ソラリア,ch2_shion / ch2_suiren / ch2_lunaria / ch2_solaria,510,100,100,100,1.96,2,0,0,2.56
team:46,4対4・第1巡,【竜姫】ドラシア / 【竜姫】リュシエ / 【薬毒】ミレア / 【薬毒】ヴィオラ,ch2_dracia / ch2_rucie / ch2_mirea / ch2_viola,510,100,100,100,1.97,3,0,0,1.51
team:46,4対4・第1巡,【鏡侍女】リュネ / 【鏡侍女】ロゼ / 【聖翼】アウレ / 【聖翼】ノエル,ch2_ryune / ch2_rose / ch2_aure / ch2_noelle,510,100,100,100,2.03,3,0,0,0.01
team:47,4対4・第1巡,【封鍵】メリオラ / 【封鍵】エリゼル / 【薔薇】ノクテル / 【薔薇】オーリアン,ch2_meliora / ch2_elyselle / ch2_noctelle / ch2_auriane,520,100,100,100,2.02,3,0,0,0.21
team:47,4対4・第1巡,【霊符】シオン / 【霊符】スイレン / 【日月】ルナリア / 【日月】ソラリア,ch2_shion / ch2_suiren / ch2_lunaria / ch2_solaria,520,100,100,100,2.32,3,0,0,3.92
team:47,4対4・第1巡,【双雷】カリスタ / 【双雷】ソレーヌ / 【薬毒】ミレア / 【薬毒】ヴィオラ,ch2_calista / ch2_solenne / ch2_mirea / ch2_viola,520,100,100,100,2.7,3,0,0,3.22
team:48,4対4・第1巡,【霊符】シオン / 【霊符】スイレン / 【日月】ルナリア / 【日月】ソラリア,ch2_shion / ch2_suiren / ch2_lunaria / ch2_solaria,530,100,100,100,2.29,3,0,0,3.94
team:48,4対4・第1巡,【双雷】カリスタ / 【双雷】ソレーヌ / 【薬毒】ミレア / 【薬毒】ヴィオラ,ch2_calista / ch2_solenne / ch2_mirea / ch2_viola,530,100,100,100,2.53,3,0,0,3.53
team:48,4対4・第1巡,【鏡侍女】リュネ / 【鏡侍女】ロゼ / 【聖翼】アウレ / 【聖翼】ノエル,ch2_ryune / ch2_rose / ch2_aure / ch2_noelle,530,100,100,100,2.9,3,0,0,0
team:49,4対4・第1巡,【霊符】シオン / 【霊符】スイレン / 【日月】ルナリア / 【日月】ソラリア,ch2_shion / ch2_suiren / ch2_lunaria / ch2_solaria,540,100,100,100,2.36,3,1,0,3.85
team:49,4対4・第1巡,【封鍵】メリオラ / 【封鍵】エリゼル / 【薔薇】ノクテル / 【薔薇】オーリアン,ch2_meliora / ch2_elyselle / ch2_noctelle / ch2_auriane,540,100,100,100,2.37,3,0,0,0.81
team:49,4対4・第1巡,【双雷】カリスタ / 【双雷】ソレーヌ / 【薬毒】ミレア / 【薬毒】ヴィオラ,ch2_calista / ch2_solenne / ch2_mirea / ch2_viola,540,100,100,100,2.5,3,1,0,3.51
team:50,4対4・第1巡,【剣姫】ネメシア / 【剣姫】エヴェリア / 【双鐘】フェルネ / 【双鐘】クラリス,ch2_nemesia / ch2_everia / ch2_ferne / ch2_clarisse,550,100,100,100,6.06,8,0,0,1.87
team:50,4対4・第1巡,【双藤】ネヴィア / 【双藤】エルミナ / 【聖翼】アウレ / 【聖翼】ノエル,ch2_nevia / ch2_elmina / ch2_aure / ch2_noelle,550,100,100,100,6.24,8,0,0,1.79
team:50,4対4・第1巡,【返誓】ロスティア / 【返誓】アルテア / 【星刻】エイレーネ / 【星刻】イリデル,ch2_rostia / ch2_althea / ch2_eirene / ch2_iridelle,550,100,100,100,6.77,10,0,0,3.56
team:51,4対4・第1巡,【星糸】セレス / 【星糸】ルミナ / 【誓姫】リリエット / 【誓姫】ロゼット,ch2_celes / ch2_lumina / ch2_lyriet / ch2_rosette,560,100,100,100,2.35,4,0,0,2.03
team:51,4対4・第1巡,【霊符】シオン / 【霊符】スイレン / 【日月】ルナリア / 【日月】ソラリア,ch2_shion / ch2_suiren / ch2_lunaria / ch2_solaria,560,100,100,100,2.99,3,0,0,4.85
team:51,4対4・第1巡,【双藤】ネヴィア / 【双藤】エルミナ / 【聖翼】アウレ / 【聖翼】ノエル,ch2_nevia / ch2_elmina / ch2_aure / ch2_noelle,560,100,100,100,3.14,4,0,0,0.57
team:52,4対4・第1巡,【返誓】ロスティア / 【返誓】アルテア / 【星刻】エイレーネ / 【星刻】イリデル,ch2_rostia / ch2_althea / ch2_eirene / ch2_iridelle,570,100,100,100,2.53,3,0,0,2.26
team:52,4対4・第1巡,【封鍵】メリオラ / 【封鍵】エリゼル / 【薔薇】ノクテル / 【薔薇】オーリアン,ch2_meliora / ch2_elyselle / ch2_noctelle / ch2_auriane,570,100,100,100,2.92,3,0,0,0.96
team:52,4対4・第1巡,【双藤】ネヴィア / 【双藤】エルミナ / 【聖翼】アウレ / 【聖翼】ノエル,ch2_nevia / ch2_elmina / ch2_aure / ch2_noelle,570,100,100,100,3,3,0,0,0.62
team:53,4対4・第1巡,【鏡侍女】リュネ / 【鏡侍女】ロゼ / 【聖翼】アウレ / 【聖翼】ノエル,ch2_ryune / ch2_rose / ch2_aure / ch2_noelle,580,100,100,100,2,2,0,0,0
team:53,4対4・第1巡,【霊符】シオン / 【霊符】スイレン / 【日月】ルナリア / 【日月】ソラリア,ch2_shion / ch2_suiren / ch2_lunaria / ch2_solaria,580,100,100,100,2,2,0,0,2.99
team:53,4対4・第1巡,【封鍵】メリオラ / 【封鍵】エリゼル / 【薔薇】ノクテル / 【薔薇】オーリアン,ch2_meliora / ch2_elyselle / ch2_noctelle / ch2_auriane,580,100,100,100,2,2,0,0,0.02
team:54,4対4・第1巡,【剣姫】ネメシア / 【剣姫】エヴェリア / 【双鐘】フェルネ / 【双鐘】クラリス,ch2_nemesia / ch2_everia / ch2_ferne / ch2_clarisse,590,100,100,100,3.25,6,0,0,0.74
team:54,4対4・第1巡,【鏡侍女】リュネ / 【鏡侍女】ロゼ / 【聖翼】アウレ / 【聖翼】ノエル,ch2_ryune / ch2_rose / ch2_aure / ch2_noelle,590,100,100,100,7.62,14,0,0,0.41
team:54,4対4・第1巡,【封鍵】メリオラ / 【封鍵】エリゼル / 【薔薇】ノクテル / 【薔薇】オーリアン,ch2_meliora / ch2_elyselle / ch2_noctelle / ch2_auriane,590,100,100,100,8.25,15,0,0,0.89
team:55,4対4・第1巡,【双雷】カリスタ / 【双雷】ソレーヌ / 【薬毒】ミレア / 【薬毒】ヴィオラ,ch2_calista / ch2_solenne / ch2_mirea / ch2_viola,610,100,100,100,2.08,4,0,0,2.84
team:55,4対4・第1巡,【封鍵】メリオラ / 【封鍵】エリゼル / 【薔薇】ノクテル / 【薔薇】オーリアン,ch2_meliora / ch2_elyselle / ch2_noctelle / ch2_auriane,610,100,100,100,2.13,3,0,0,0.01
team:55,4対4・第1巡,【鏡侍女】リュネ / 【鏡侍女】ロゼ / 【聖翼】アウレ / 【聖翼】ノエル,ch2_ryune / ch2_rose / ch2_aure / ch2_noelle,610,100,100,100,2.21,4,0,0,0.12
team:56,4対4・第1巡,【封鍵】メリオラ / 【封鍵】エリゼル / 【薔薇】ノクテル / 【薔薇】オーリアン,ch2_meliora / ch2_elyselle / ch2_noctelle / ch2_auriane,620,100,100,100,1.98,2,0,0,0.01
team:56,4対4・第1巡,【鏡侍女】リュネ / 【鏡侍女】ロゼ / 【聖翼】アウレ / 【聖翼】ノエル,ch2_ryune / ch2_rose / ch2_aure / ch2_noelle,620,100,100,100,2,2,0,0,0
team:56,4対4・第1巡,【双藤】ネヴィア / 【双藤】エルミナ / 【聖翼】アウレ / 【聖翼】ノエル,ch2_nevia / ch2_elmina / ch2_aure / ch2_noelle,620,100,100,100,2,2,0,0,0.52
team:57,4対4・第1巡,【返誓】ロスティア / 【返誓】アルテア / 【星刻】エイレーネ / 【星刻】イリデル,ch2_rostia / ch2_althea / ch2_eirene / ch2_iridelle,630,100,100,100,4.32,8,0,0,3.07
team:57,4対4・第1巡,【剣姫】ネメシア / 【剣姫】エヴェリア / 【双鐘】フェルネ / 【双鐘】クラリス,ch2_nemesia / ch2_everia / ch2_ferne / ch2_clarisse,630,100,100,100,5.04,8,0,0,1.62
team:57,4対4・第1巡,【竜姫】ドラシア / 【竜姫】リュシエ / 【薬毒】ミレア / 【薬毒】ヴィオラ,ch2_dracia / ch2_rucie / ch2_mirea / ch2_viola,630,100,100,100,6.34,12,0,0,4.53
team:58,4対4・第1巡,【剣姫】ネメシア / 【剣姫】エヴェリア / 【双鐘】フェルネ / 【双鐘】クラリス,ch2_nemesia / ch2_everia / ch2_ferne / ch2_clarisse,640,100,100,100,1.82,2,0,0,0.27
team:58,4対4・第1巡,【鏡侍女】リュネ / 【鏡侍女】ロゼ / 【聖翼】アウレ / 【聖翼】ノエル,ch2_ryune / ch2_rose / ch2_aure / ch2_noelle,640,100,100,100,2.03,3,1,0,0.01
team:58,4対4・第1巡,【双雷】カリスタ / 【双雷】ソレーヌ / 【薬毒】ミレア / 【薬毒】ヴィオラ,ch2_calista / ch2_solenne / ch2_mirea / ch2_viola,640,100,100,100,2.31,4,0,0,2.8
team:59,4対4・第1巡,【剣姫】ネメシア / 【剣姫】エヴェリア / 【双鐘】フェルネ / 【双鐘】クラリス,ch2_nemesia / ch2_everia / ch2_ferne / ch2_clarisse,650,100,100,100,3.82,5,0,0,1.19
team:59,4対4・第1巡,【双藤】ネヴィア / 【双藤】エルミナ / 【聖翼】アウレ / 【聖翼】ノエル,ch2_nevia / ch2_elmina / ch2_aure / ch2_noelle,650,100,100,100,4.37,6,0,0,1.1
team:59,4対4・第1巡,【霊符】シオン / 【霊符】スイレン / 【日月】ルナリア / 【日月】ソラリア,ch2_shion / ch2_suiren / ch2_lunaria / ch2_solaria,650,100,100,100,5,7,0,0,9.28
team:60,4対4・第1巡,【双藤】ネヴィア / 【双藤】エルミナ / 【聖翼】アウレ / 【聖翼】ノエル,ch2_nevia / ch2_elmina / ch2_aure / ch2_noelle,660,100,100,100,3.27,4,0,0,1.08
team:60,4対4・第1巡,【封鍵】メリオラ / 【封鍵】エリゼル / 【薔薇】ノクテル / 【薔薇】オーリアン,ch2_meliora / ch2_elyselle / ch2_noctelle / ch2_auriane,660,100,100,100,3.39,5,0,0,0.42
team:60,4対4・第1巡,【剣姫】ネメシア / 【剣姫】エヴェリア / 【双鐘】フェルネ / 【双鐘】クラリス,ch2_nemesia / ch2_everia / ch2_ferne / ch2_clarisse,660,100,100,100,3.4,4,0,0,0.7
team:61,4対4・第1巡,【霊符】シオン / 【霊符】スイレン / 【日月】ルナリア / 【日月】ソラリア,ch2_shion / ch2_suiren / ch2_lunaria / ch2_solaria,670,100,95,95,4.25,8,20,0,7.03
team:61,4対4・第1巡,【竜姫】ドラシア / 【竜姫】リュシエ / 【薬毒】ミレア / 【薬毒】ヴィオラ,ch2_dracia / ch2_rucie / ch2_mirea / ch2_viola,670,100,92,92,4.8,14,49,0,2.89
team:61,4対4・第1巡,【双藤】ネヴィア / 【双藤】エルミナ / 【聖翼】アウレ / 【聖翼】ノエル,ch2_nevia / ch2_elmina / ch2_aure / ch2_noelle,670,100,89,89,4.37,13,50,0,1.33
team:62,4対4・第1巡,【返誓】ロスティア / 【返誓】アルテア / 【星刻】エイレーネ / 【星刻】イリデル,ch2_rostia / ch2_althea / ch2_eirene / ch2_iridelle,680,100,100,100,1.98,3,0,0,0.45
team:62,4対4・第1巡,【剣姫】ネメシア / 【剣姫】エヴェリア / 【双鐘】フェルネ / 【双鐘】クラリス,ch2_nemesia / ch2_everia / ch2_ferne / ch2_clarisse,680,100,100,100,2.01,3,0,0,0.68
team:62,4対4・第1巡,【鏡侍女】リュネ / 【鏡侍女】ロゼ / 【聖翼】アウレ / 【聖翼】ノエル,ch2_ryune / ch2_rose / ch2_aure / ch2_noelle,680,100,100,100,2.03,3,0,0,0
team:63,4対4・第1巡,【剣姫】ネメシア / 【剣姫】エヴェリア / 【双鐘】フェルネ / 【双鐘】クラリス,ch2_nemesia / ch2_everia / ch2_ferne / ch2_clarisse,690,100,100,100,5.42,10,0,0,1.58
team:63,4対4・第1巡,【封鍵】メリオラ / 【封鍵】エリゼル / 【薔薇】ノクテル / 【薔薇】オーリアン,ch2_meliora / ch2_elyselle / ch2_noctelle / ch2_auriane,690,100,100,100,9.02,16,0,0,2.44
team:63,4対4・第1巡,【霊符】シオン / 【霊符】スイレン / 【日月】ルナリア / 【日月】ソラリア,ch2_shion / ch2_suiren / ch2_lunaria / ch2_solaria,690,100,99,99,10.73,16,0,0,20.56
team:64,4対4・第1巡,【霊符】シオン / 【霊符】スイレン / 【日月】ルナリア / 【日月】ソラリア,ch2_shion / ch2_suiren / ch2_lunaria / ch2_solaria,710,100,100,100,1.33,2,0,0,1.46
team:64,4対4・第1巡,【鏡侍女】リュネ / 【鏡侍女】ロゼ / 【聖翼】アウレ / 【聖翼】ノエル,ch2_ryune / ch2_rose / ch2_aure / ch2_noelle,710,100,100,100,1.78,2,0,0,0
team:64,4対4・第1巡,【双雷】カリスタ / 【双雷】ソレーヌ / 【薬毒】ミレア / 【薬毒】ヴィオラ,ch2_calista / ch2_solenne / ch2_mirea / ch2_viola,710,100,100,100,1.8,2,0,0,1.97
team:65,4対4・第1巡,【双藤】ネヴィア / 【双藤】エルミナ / 【聖翼】アウレ / 【聖翼】ノエル,ch2_nevia / ch2_elmina / ch2_aure / ch2_noelle,720,100,100,100,2.14,3,0,0,0.45
team:65,4対4・第1巡,【霊符】シオン / 【霊符】スイレン / 【日月】ルナリア / 【日月】ソラリア,ch2_shion / ch2_suiren / ch2_lunaria / ch2_solaria,720,100,100,100,2.15,3,0,0,3.73
team:65,4対4・第1巡,【鏡侍女】リュネ / 【鏡侍女】ロゼ / 【聖翼】アウレ / 【聖翼】ノエル,ch2_ryune / ch2_rose / ch2_aure / ch2_noelle,720,100,100,100,2.55,3,0,0,0
team:66,4対4・第1巡,【星糸】セレス / 【星糸】ルミナ / 【誓姫】リリエット / 【誓姫】ロゼット,ch2_celes / ch2_lumina / ch2_lyriet / ch2_rosette,730,100,100,100,2.42,3,0,0,2.11
team:66,4対4・第1巡,【霊符】シオン / 【霊符】スイレン / 【日月】ルナリア / 【日月】ソラリア,ch2_shion / ch2_suiren / ch2_lunaria / ch2_solaria,730,100,100,100,2.78,4,0,0,4.66
team:66,4対4・第1巡,【双藤】ネヴィア / 【双藤】エルミナ / 【聖翼】アウレ / 【聖翼】ノエル,ch2_nevia / ch2_elmina / ch2_aure / ch2_noelle,730,100,100,100,2.93,4,0,0,0.25
team:67,4対4・第1巡,【双藤】ネヴィア / 【双藤】エルミナ / 【聖翼】アウレ / 【聖翼】ノエル,ch2_nevia / ch2_elmina / ch2_aure / ch2_noelle,740,100,100,100,2.19,3,0,0,0.26
team:67,4対4・第1巡,【星糸】セレス / 【星糸】ルミナ / 【誓姫】リリエット / 【誓姫】ロゼット,ch2_celes / ch2_lumina / ch2_lyriet / ch2_rosette,740,100,100,100,2.26,3,0,0,1.88
team:67,4対4・第1巡,【封鍵】メリオラ / 【封鍵】エリゼル / 【薔薇】ノクテル / 【薔薇】オーリアン,ch2_meliora / ch2_elyselle / ch2_noctelle / ch2_auriane,740,100,100,100,2.31,3,0,0,0.21
team:68,4対4・第1巡,【封鍵】メリオラ / 【封鍵】エリゼル / 【薔薇】ノクテル / 【薔薇】オーリアン,ch2_meliora / ch2_elyselle / ch2_noctelle / ch2_auriane,750,100,100,100,3.49,5,0,0,1.02
team:68,4対4・第1巡,【剣姫】ネメシア / 【剣姫】エヴェリア / 【双鐘】フェルネ / 【双鐘】クラリス,ch2_nemesia / ch2_everia / ch2_ferne / ch2_clarisse,750,100,100,100,3.5,5,0,0,1.3
team:68,4対4・第1巡,【霊符】シオン / 【霊符】スイレン / 【日月】ルナリア / 【日月】ソラリア,ch2_shion / ch2_suiren / ch2_lunaria / ch2_solaria,750,100,100,100,4.52,6,0,0,8.11
team:69,4対4・第1巡,【剣姫】ネメシア / 【剣姫】エヴェリア / 【双鐘】フェルネ / 【双鐘】クラリス,ch2_nemesia / ch2_everia / ch2_ferne / ch2_clarisse,760,100,100,100,2.87,3,0,0,0.49
team:69,4対4・第1巡,【封鍵】メリオラ / 【封鍵】エリゼル / 【薔薇】ノクテル / 【薔薇】オーリアン,ch2_meliora / ch2_elyselle / ch2_noctelle / ch2_auriane,760,100,100,100,3.09,4,0,0,0.33
team:69,4対4・第1巡,【双雷】カリスタ / 【双雷】ソレーヌ / 【薬毒】ミレア / 【薬毒】ヴィオラ,ch2_calista / ch2_solenne / ch2_mirea / ch2_viola,760,100,100,100,3.64,5,0,0,5.36
team:70,4対4・第1巡,【竜姫】ドラシア / 【竜姫】リュシエ / 【薬毒】ミレア / 【薬毒】ヴィオラ,ch2_dracia / ch2_rucie / ch2_mirea / ch2_viola,770,100,100,100,1.84,2,0,0,1.44
team:70,4対4・第1巡,【星糸】セレス / 【星糸】ルミナ / 【誓姫】リリエット / 【誓姫】ロゼット,ch2_celes / ch2_lumina / ch2_lyriet / ch2_rosette,770,100,100,100,1.94,2,0,0,1.25
team:70,4対4・第1巡,【霊符】シオン / 【霊符】スイレン / 【日月】ルナリア / 【日月】ソラリア,ch2_shion / ch2_suiren / ch2_lunaria / ch2_solaria,770,100,100,100,1.99,2,0,0,2.89
team:71,4対4・第1巡,【封鍵】メリオラ / 【封鍵】エリゼル / 【薔薇】ノクテル / 【薔薇】オーリアン,ch2_meliora / ch2_elyselle / ch2_noctelle / ch2_auriane,780,100,100,100,2.89,3,0,0,0.72
team:71,4対4・第1巡,【双藤】ネヴィア / 【双藤】エルミナ / 【聖翼】アウレ / 【聖翼】ノエル,ch2_nevia / ch2_elmina / ch2_aure / ch2_noelle,780,100,100,100,3,3,0,0,0.58
team:71,4対4・第1巡,【鏡侍女】リュネ / 【鏡侍女】ロゼ / 【聖翼】アウレ / 【聖翼】ノエル,ch2_ryune / ch2_rose / ch2_aure / ch2_noelle,780,100,100,100,3,3,0,0,0.01
team:72,4対4・第1巡,【剣姫】ネメシア / 【剣姫】エヴェリア / 【双鐘】フェルネ / 【双鐘】クラリス,ch2_nemesia / ch2_everia / ch2_ferne / ch2_clarisse,790,100,100,100,3.01,4,0,0,0.65
team:72,4対4・第1巡,【月狐】カグラ / 【月狐】サヨ / 【双鐘】フェルネ / 【双鐘】クラリス,ch2_kagura / ch2_sayo / ch2_ferne / ch2_clarisse,790,100,100,100,4.1,7,0,0,0.45
team:72,4対4・第1巡,【双藤】ネヴィア / 【双藤】エルミナ / 【聖翼】アウレ / 【聖翼】ノエル,ch2_nevia / ch2_elmina / ch2_aure / ch2_noelle,790,100,100,100,5.75,7,0,0,1.58
team:73,4対4・第1巡,【返誓】ロスティア / 【返誓】アルテア / 【星刻】エイレーネ / 【星刻】イリデル,ch2_rostia / ch2_althea / ch2_eirene / ch2_iridelle,810,100,100,100,2,2,0,0,0.46
team:73,4対4・第1巡,【星糸】セレス / 【星糸】ルミナ / 【誓姫】リリエット / 【誓姫】ロゼット,ch2_celes / ch2_lumina / ch2_lyriet / ch2_rosette,810,100,100,100,2,2,0,0,1.24
team:73,4対4・第1巡,【鏡侍女】リュネ / 【鏡侍女】ロゼ / 【聖翼】アウレ / 【聖翼】ノエル,ch2_ryune / ch2_rose / ch2_aure / ch2_noelle,810,100,100,100,2,2,0,0,0
team:74,4対4・第1巡,【封鍵】メリオラ / 【封鍵】エリゼル / 【薔薇】ノクテル / 【薔薇】オーリアン,ch2_meliora / ch2_elyselle / ch2_noctelle / ch2_auriane,820,100,100,100,1.28,2,0,0,0
team:74,4対4・第1巡,【双藤】ネヴィア / 【双藤】エルミナ / 【聖翼】アウレ / 【聖翼】ノエル,ch2_nevia / ch2_elmina / ch2_aure / ch2_noelle,820,100,100,100,1.65,2,0,0,0.38
team:74,4対4・第1巡,【返誓】ロスティア / 【返誓】アルテア / 【星刻】エイレーネ / 【星刻】イリデル,ch2_rostia / ch2_althea / ch2_eirene / ch2_iridelle,820,100,100,100,2,2,0,0,0.26
team:75,4対4・第1巡,【封鍵】メリオラ / 【封鍵】エリゼル / 【薔薇】ノクテル / 【薔薇】オーリアン,ch2_meliora / ch2_elyselle / ch2_noctelle / ch2_auriane,830,100,100,100,3.02,4,0,0,0.25
team:75,4対4・第1巡,【双藤】ネヴィア / 【双藤】エルミナ / 【聖翼】アウレ / 【聖翼】ノエル,ch2_nevia / ch2_elmina / ch2_aure / ch2_noelle,830,100,100,100,3.43,5,0,0,0.95
team:75,4対4・第1巡,【竜姫】ドラシア / 【竜姫】リュシエ / 【薬毒】ミレア / 【薬毒】ヴィオラ,ch2_dracia / ch2_rucie / ch2_mirea / ch2_viola,830,100,100,100,3.91,6,0,0,3.23
team:76,4対4・第1巡,【返誓】ロスティア / 【返誓】アルテア / 【星刻】エイレーネ / 【星刻】イリデル,ch2_rostia / ch2_althea / ch2_eirene / ch2_iridelle,840,100,100,100,2.48,3,0,0,2.23
team:76,4対4・第1巡,【剣姫】ネメシア / 【剣姫】エヴェリア / 【双鐘】フェルネ / 【双鐘】クラリス,ch2_nemesia / ch2_everia / ch2_ferne / ch2_clarisse,840,100,99,99,2.26,3,1,0,1.34
team:76,4対4・第1巡,【封鍵】メリオラ / 【封鍵】エリゼル / 【薔薇】ノクテル / 【薔薇】オーリアン,ch2_meliora / ch2_elyselle / ch2_noctelle / ch2_auriane,840,100,99,99,2.99,3,2,0,0.35
team:77,4対4・第1巡,【双藤】ネヴィア / 【双藤】エルミナ / 【聖翼】アウレ / 【聖翼】ノエル,ch2_nevia / ch2_elmina / ch2_aure / ch2_noelle,850,100,100,100,6.51,11,0,0,1.72
team:77,4対4・第1巡,【霊符】シオン / 【霊符】スイレン / 【日月】ルナリア / 【日月】ソラリア,ch2_shion / ch2_suiren / ch2_lunaria / ch2_solaria,850,100,100,100,8.83,16,0,0,9.47
team:77,4対4・第1巡,【双雷】カリスタ / 【双雷】ソレーヌ / 【薬毒】ミレア / 【薬毒】ヴィオラ,ch2_calista / ch2_solenne / ch2_mirea / ch2_viola,850,100,89,89,12.66,31,0,0,20.09
team:78,4対4・第1巡,【剣姫】ネメシア / 【剣姫】エヴェリア / 【双鐘】フェルネ / 【双鐘】クラリス,ch2_nemesia / ch2_everia / ch2_ferne / ch2_clarisse,860,100,100,100,1.91,2,0,0,0.63
team:78,4対4・第1巡,【星糸】セレス / 【星糸】ルミナ / 【誓姫】リリエット / 【誓姫】ロゼット,ch2_celes / ch2_lumina / ch2_lyriet / ch2_rosette,860,100,100,100,1.95,3,0,0,1.36
team:78,4対4・第1巡,【霊符】シオン / 【霊符】スイレン / 【日月】ルナリア / 【日月】ソラリア,ch2_shion / ch2_suiren / ch2_lunaria / ch2_solaria,860,100,100,100,1.96,2,0,0,2.62
team:79,4対4・第1巡,【星糸】セレス / 【星糸】ルミナ / 【誓姫】リリエット / 【誓姫】ロゼット,ch2_celes / ch2_lumina / ch2_lyriet / ch2_rosette,870,100,100,100,2.93,5,0,0,2.27
team:79,4対4・第1巡,【霊符】シオン / 【霊符】スイレン / 【日月】ルナリア / 【日月】ソラリア,ch2_shion / ch2_suiren / ch2_lunaria / ch2_solaria,870,100,100,100,3.13,4,0,0,5.26
team:79,4対4・第1巡,【双藤】ネヴィア / 【双藤】エルミナ / 【聖翼】アウレ / 【聖翼】ノエル,ch2_nevia / ch2_elmina / ch2_aure / ch2_noelle,870,100,100,100,3.22,5,0,0,0.53
team:80,4対4・第1巡,【霊符】シオン / 【霊符】スイレン / 【日月】ルナリア / 【日月】ソラリア,ch2_shion / ch2_suiren / ch2_lunaria / ch2_solaria,880,100,100,100,2.2,3,0,0,3.91
team:80,4対4・第1巡,【双藤】ネヴィア / 【双藤】エルミナ / 【聖翼】アウレ / 【聖翼】ノエル,ch2_nevia / ch2_elmina / ch2_aure / ch2_noelle,880,100,100,100,2.38,3,0,0,0.52
team:80,4対4・第1巡,【竜姫】ドラシア / 【竜姫】リュシエ / 【薬毒】ミレア / 【薬毒】ヴィオラ,ch2_dracia / ch2_rucie / ch2_mirea / ch2_viola,880,100,100,100,2.41,3,0,0,2.32
team:81,4対4・第1巡,【剣姫】ネメシア / 【剣姫】エヴェリア / 【双鐘】フェルネ / 【双鐘】クラリス,ch2_nemesia / ch2_everia / ch2_ferne / ch2_clarisse,890,100,100,100,2.42,3,0,0,0.81
team:81,4対4・第1巡,【月狐】カグラ / 【月狐】サヨ / 【双鐘】フェルネ / 【双鐘】クラリス,ch2_kagura / ch2_sayo / ch2_ferne / ch2_clarisse,890,100,100,100,3.11,5,0,0,0.01
team:81,4対4・第1巡,【竜姫】ドラシア / 【竜姫】リュシエ / 【薬毒】ミレア / 【薬毒】ヴィオラ,ch2_dracia / ch2_rucie / ch2_mirea / ch2_viola,890,100,100,100,3.42,4,0,0,2.75
team:82,4対4・第1巡,【剣姫】ネメシア / 【剣姫】エヴェリア / 【双鐘】フェルネ / 【双鐘】クラリス,ch2_nemesia / ch2_everia / ch2_ferne / ch2_clarisse,910,100,100,100,3.44,5,0,0,1.46
team:82,4対4・第1巡,【霊符】シオン / 【霊符】スイレン / 【日月】ルナリア / 【日月】ソラリア,ch2_shion / ch2_suiren / ch2_lunaria / ch2_solaria,910,100,100,100,4.33,6,1,0,7.92
team:82,4対4・第1巡,【双藤】ネヴィア / 【双藤】エルミナ / 【聖翼】アウレ / 【聖翼】ノエル,ch2_nevia / ch2_elmina / ch2_aure / ch2_noelle,910,100,100,100,4.48,6,2,0,1.02
team:83,4対4・第1巡,【剣姫】ネメシア / 【剣姫】エヴェリア / 【双鐘】フェルネ / 【双鐘】クラリス,ch2_nemesia / ch2_everia / ch2_ferne / ch2_clarisse,920,100,100,100,3.01,4,0,0,0.9
team:83,4対4・第1巡,【封鍵】メリオラ / 【封鍵】エリゼル / 【薔薇】ノクテル / 【薔薇】オーリアン,ch2_meliora / ch2_elyselle / ch2_noctelle / ch2_auriane,920,100,100,100,3.22,5,0,0,0.62
team:83,4対4・第1巡,【双藤】ネヴィア / 【双藤】エルミナ / 【聖翼】アウレ / 【聖翼】ノエル,ch2_nevia / ch2_elmina / ch2_aure / ch2_noelle,920,100,100,100,3.72,5,0,0,0.67
team:84,4対4・第1巡,【剣姫】ネメシア / 【剣姫】エヴェリア / 【双鐘】フェルネ / 【双鐘】クラリス,ch2_nemesia / ch2_everia / ch2_ferne / ch2_clarisse,930,100,100,100,7.8,14,0,0,3.42
team:84,4対4・第1巡,【双藤】ネヴィア / 【双藤】エルミナ / 【聖翼】アウレ / 【聖翼】ノエル,ch2_nevia / ch2_elmina / ch2_aure / ch2_noelle,930,100,99,99,12.01,32,0,0,4.06
team:84,4対4・第1巡,【返誓】ロスティア / 【返誓】アルテア / 【星刻】エイレーネ / 【星刻】イリデル,ch2_rostia / ch2_althea / ch2_eirene / ch2_iridelle,930,100,98,98,10.48,22,0,0,7.51
team:85,4対4・第1巡,【剣姫】ネメシア / 【剣姫】エヴェリア / 【双鐘】フェルネ / 【双鐘】クラリス,ch2_nemesia / ch2_everia / ch2_ferne / ch2_clarisse,940,100,99,99,3.2,4,1,0,1.44
team:85,4対4・第1巡,【双藤】ネヴィア / 【双藤】エルミナ / 【聖翼】アウレ / 【聖翼】ノエル,ch2_nevia / ch2_elmina / ch2_aure / ch2_noelle,940,100,96,96,4.25,8,6,0,0.97
team:85,4対4・第1巡,【霊符】シオン / 【霊符】スイレン / 【日月】ルナリア / 【日月】ソラリア,ch2_shion / ch2_suiren / ch2_lunaria / ch2_solaria,940,100,96,96,4.25,6,7,0,7.58
team:86,4対4・第1巡,【剣姫】ネメシア / 【剣姫】エヴェリア / 【双鐘】フェルネ / 【双鐘】クラリス,ch2_nemesia / ch2_everia / ch2_ferne / ch2_clarisse,950,100,100,100,4.31,6,0,0,1.54
team:86,4対4・第1巡,【封鍵】メリオラ / 【封鍵】エリゼル / 【薔薇】ノクテル / 【薔薇】オーリアン,ch2_meliora / ch2_elyselle / ch2_noctelle / ch2_auriane,950,100,100,100,5.31,10,0,0,1.17
team:86,4対4・第1巡,【双藤】ネヴィア / 【双藤】エルミナ / 【聖翼】アウレ / 【聖翼】ノエル,ch2_nevia / ch2_elmina / ch2_aure / ch2_noelle,950,100,100,100,5.8,10,0,0,1.4
team:87,4対4・第1巡,【封鍵】メリオラ / 【封鍵】エリゼル / 【薔薇】ノクテル / 【薔薇】オーリアン,ch2_meliora / ch2_elyselle / ch2_noctelle / ch2_auriane,960,100,100,100,3.01,4,0,0,1.06
team:87,4対4・第1巡,【双藤】ネヴィア / 【双藤】エルミナ / 【聖翼】アウレ / 【聖翼】ノエル,ch2_nevia / ch2_elmina / ch2_aure / ch2_noelle,960,100,100,100,3.11,4,0,0,0.77
team:87,4対4・第1巡,【竜姫】ドラシア / 【竜姫】リュシエ / 【薬毒】ミレア / 【薬毒】ヴィオラ,ch2_dracia / ch2_rucie / ch2_mirea / ch2_viola,960,100,100,100,3.33,4,0,0,3.23
team:88,4対4・第1巡,【剣姫】ネメシア / 【剣姫】エヴェリア / 【双鐘】フェルネ / 【双鐘】クラリス,ch2_nemesia / ch2_everia / ch2_ferne / ch2_clarisse,970,100,100,100,2,2,0,0,0.63
team:88,4対4・第1巡,【双藤】ネヴィア / 【双藤】エルミナ / 【聖翼】アウレ / 【聖翼】ノエル,ch2_nevia / ch2_elmina / ch2_aure / ch2_noelle,970,100,100,100,2.97,4,0,0,0.47
team:88,4対4・第1巡,【鏡侍女】リュネ / 【鏡侍女】ロゼ / 【聖翼】アウレ / 【聖翼】ノエル,ch2_ryune / ch2_rose / ch2_aure / ch2_noelle,970,100,100,100,2.99,3,0,0,0.02
team:89,4対4・第1巡,【剣姫】ネメシア / 【剣姫】エヴェリア / 【双鐘】フェルネ / 【双鐘】クラリス,ch2_nemesia / ch2_everia / ch2_ferne / ch2_clarisse,980,100,100,100,3.02,4,0,0,0.67
team:89,4対4・第1巡,【封鍵】メリオラ / 【封鍵】エリゼル / 【薔薇】ノクテル / 【薔薇】オーリアン,ch2_meliora / ch2_elyselle / ch2_noctelle / ch2_auriane,980,100,100,100,3.42,4,0,0,1.14
team:89,4対4・第1巡,【霊符】シオン / 【霊符】スイレン / 【日月】ルナリア / 【日月】ソラリア,ch2_shion / ch2_suiren / ch2_lunaria / ch2_solaria,980,100,100,100,3.75,4,0,0,6.48
team:90,4対4・第1巡,【双藤】ネヴィア / 【双藤】エルミナ / 【聖翼】アウレ / 【聖翼】ノエル,ch2_nevia / ch2_elmina / ch2_aure / ch2_noelle,990,100,100,100,6.84,9,0,0,2.14
team:90,4対4・第1巡,【月狐】カグラ / 【月狐】サヨ / 【双鐘】フェルネ / 【双鐘】クラリス,ch2_kagura / ch2_sayo / ch2_ferne / ch2_clarisse,990,100,99,99,4.66,9,0,0,0.53
team:90,4対4・第1巡,【霊符】シオン / 【霊符】スイレン / 【日月】ルナリア / 【日月】ソラリア,ch2_shion / ch2_suiren / ch2_lunaria / ch2_solaria,990,100,97,97,7.12,10,0,0,13.47
manual:abyss_gluttony:projection50,手動顕現試練,【鏡侍女】リュネ / 【鏡侍女】ロゼ / 【聖翼】アウレ / 【聖翼】ノエル,ch2_ryune / ch2_rose / ch2_aure / ch2_noelle,999,100,100,100,1,1,0,0,0
manual:abyss_gluttony:projection50,手動顕現試練,【双雷】カリスタ / 【双雷】ソレーヌ / 【薬毒】ミレア / 【薬毒】ヴィオラ,ch2_calista / ch2_solenne / ch2_mirea / ch2_viola,999,100,100,100,1,1,0,0,0.92
manual:abyss_gluttony:projection50,手動顕現試練,【霊符】シオン / 【霊符】スイレン / 【日月】ルナリア / 【日月】ソラリア,ch2_shion / ch2_suiren / ch2_lunaria / ch2_solaria,999,100,100,100,1,1,0,0,1.03
manual:abyss_gluttony:projection100,手動顕現試練,【鏡侍女】リュネ / 【鏡侍女】ロゼ / 【聖翼】アウレ / 【聖翼】ノエル,ch2_ryune / ch2_rose / ch2_aure / ch2_noelle,4999,100,100,100,1,1,0,0,0
manual:abyss_gluttony:projection100,手動顕現試練,【双雷】カリスタ / 【双雷】ソレーヌ / 【薬毒】ミレア / 【薬毒】ヴィオラ,ch2_calista / ch2_solenne / ch2_mirea / ch2_viola,4999,100,100,100,1,1,0,0,0.95
manual:abyss_gluttony:projection100,手動顕現試練,【霊符】シオン / 【霊符】スイレン / 【日月】ルナリア / 【日月】ソラリア,ch2_shion / ch2_suiren / ch2_lunaria / ch2_solaria,4999,100,100,100,1,1,0,0,1.03
manual:abyss_gluttony:manifest50,手動顕現試練,【鏡侍女】リュネ / 【鏡侍女】ロゼ / 【聖翼】アウレ / 【聖翼】ノエル,ch2_ryune / ch2_rose / ch2_aure / ch2_noelle,9999,100,100,100,1,1,0,0,0
manual:abyss_gluttony:manifest50,手動顕現試練,【双雷】カリスタ / 【双雷】ソレーヌ / 【薬毒】ミレア / 【薬毒】ヴィオラ,ch2_calista / ch2_solenne / ch2_mirea / ch2_viola,9999,100,100,100,1,1,0,0,0.95
manual:abyss_gluttony:manifest50,手動顕現試練,【霊符】シオン / 【霊符】スイレン / 【日月】ルナリア / 【日月】ソラリア,ch2_shion / ch2_suiren / ch2_lunaria / ch2_solaria,9999,100,100,100,1,1,0,0,1.03
manual:abyss_gluttony:manifest100,手動顕現試練,【鏡侍女】リュネ / 【鏡侍女】ロゼ / 【聖翼】アウレ / 【聖翼】ノエル,ch2_ryune / ch2_rose / ch2_aure / ch2_noelle,10000,100,100,100,1,1,0,0,0
manual:abyss_gluttony:manifest100,手動顕現試練,【双雷】カリスタ / 【双雷】ソレーヌ / 【薬毒】ミレア / 【薬毒】ヴィオラ,ch2_calista / ch2_solenne / ch2_mirea / ch2_viola,10000,100,100,100,1,1,0,0,0.97
manual:abyss_gluttony:manifest100,手動顕現試練,【霊符】シオン / 【霊符】スイレン / 【日月】ルナリア / 【日月】ソラリア,ch2_shion / ch2_suiren / ch2_lunaria / ch2_solaria,10000,100,100,100,1,1,0,0,1.03
manual:abyss_wrath:projection50,手動顕現試練,【鏡侍女】リュネ / 【鏡侍女】ロゼ / 【聖翼】アウレ / 【聖翼】ノエル,ch2_ryune / ch2_rose / ch2_aure / ch2_noelle,999,100,100,100,1,1,0,0,0
manual:abyss_wrath:projection50,手動顕現試練,【双雷】カリスタ / 【双雷】ソレーヌ / 【薬毒】ミレア / 【薬毒】ヴィオラ,ch2_calista / ch2_solenne / ch2_mirea / ch2_viola,999,100,100,100,1,1,0,0,0.41
manual:abyss_wrath:projection50,手動顕現試練,【硝子】セリア / 【硝子】カルミア / 封書の小剣姫ルメア / 夜灯の従騎フィオラ,ch2_seria / ch2_carmia / ch2_lumea / ch2_fiora,999,100,100,100,1.03,2,2,0,0.01
manual:abyss_wrath:projection100,手動顕現試練,【鏡侍女】リュネ / 【鏡侍女】ロゼ / 【聖翼】アウレ / 【聖翼】ノエル,ch2_ryune / ch2_rose / ch2_aure / ch2_noelle,4999,100,100,100,1,1,0,0,0
manual:abyss_wrath:projection100,手動顕現試練,【双雷】カリスタ / 【双雷】ソレーヌ / 【薬毒】ミレア / 【薬毒】ヴィオラ,ch2_calista / ch2_solenne / ch2_mirea / ch2_viola,4999,100,100,100,1,1,0,0,0.4
manual:abyss_wrath:projection100,手動顕現試練,【硝子】セリア / 【硝子】カルミア / 封書の小剣姫ルメア / 夜灯の従騎フィオラ,ch2_seria / ch2_carmia / ch2_lumea / ch2_fiora,4999,100,100,100,1.04,2,4,0,0.04
manual:abyss_wrath:manifest50,手動顕現試練,【鏡侍女】リュネ / 【鏡侍女】ロゼ / 【聖翼】アウレ / 【聖翼】ノエル,ch2_ryune / ch2_rose / ch2_aure / ch2_noelle,9999,100,100,100,1,1,0,0,0
manual:abyss_wrath:manifest50,手動顕現試練,【双雷】カリスタ / 【双雷】ソレーヌ / 【薬毒】ミレア / 【薬毒】ヴィオラ,ch2_calista / ch2_solenne / ch2_mirea / ch2_viola,9999,100,100,100,1,1,0,0,0.4
manual:abyss_wrath:manifest50,手動顕現試練,【硝子】セリア / 【硝子】カルミア / 封書の小剣姫ルメア / 夜灯の従騎フィオラ,ch2_seria / ch2_carmia / ch2_lumea / ch2_fiora,9999,100,100,100,1.04,2,3,0,0.07
manual:abyss_wrath:manifest100,手動顕現試練,【鏡侍女】リュネ / 【鏡侍女】ロゼ / 【聖翼】アウレ / 【聖翼】ノエル,ch2_ryune / ch2_rose / ch2_aure / ch2_noelle,10000,100,100,100,1,1,0,0,0
manual:abyss_wrath:manifest100,手動顕現試練,【双雷】カリスタ / 【双雷】ソレーヌ / 【薬毒】ミレア / 【薬毒】ヴィオラ,ch2_calista / ch2_solenne / ch2_mirea / ch2_viola,10000,100,100,100,1,1,0,0,0.4
manual:abyss_wrath:manifest100,手動顕現試練,【硝子】セリア / 【硝子】カルミア / 封書の小剣姫ルメア / 夜灯の従騎フィオラ,ch2_seria / ch2_carmia / ch2_lumea / ch2_fiora,10000,100,100,100,1.04,2,3,0,0.07
manual:abyss_envy:projection50,手動顕現試練,【鏡侍女】リュネ / 【鏡侍女】ロゼ / 【聖翼】アウレ / 【聖翼】ノエル,ch2_ryune / ch2_rose / ch2_aure / ch2_noelle,999,100,100,100,2,2,0,0,0
manual:abyss_envy:projection50,手動顕現試練,【双雷】カリスタ / 【双雷】ソレーヌ / 【薬毒】ミレア / 【薬毒】ヴィオラ,ch2_calista / ch2_solenne / ch2_mirea / ch2_viola,999,100,100,100,2,2,0,0,0.91
manual:abyss_envy:projection50,手動顕現試練,【霊符】シオン / 【霊符】スイレン / 【日月】ルナリア / 【日月】ソラリア,ch2_shion / ch2_suiren / ch2_lunaria / ch2_solaria,999,100,100,100,2,2,0,0,2.13
manual:abyss_envy:projection100,手動顕現試練,【鏡侍女】リュネ / 【鏡侍女】ロゼ / 【聖翼】アウレ / 【聖翼】ノエル,ch2_ryune / ch2_rose / ch2_aure / ch2_noelle,4999,100,100,100,2,2,0,0,0
manual:abyss_envy:projection100,手動顕現試練,【双雷】カリスタ / 【双雷】ソレーヌ / 【薬毒】ミレア / 【薬毒】ヴィオラ,ch2_calista / ch2_solenne / ch2_mirea / ch2_viola,4999,100,100,100,2,2,0,0,0.92
manual:abyss_envy:projection100,手動顕現試練,【霊符】シオン / 【霊符】スイレン / 【日月】ルナリア / 【日月】ソラリア,ch2_shion / ch2_suiren / ch2_lunaria / ch2_solaria,4999,100,100,100,2,2,0,0,2.12
manual:abyss_envy:manifest50,手動顕現試練,【鏡侍女】リュネ / 【鏡侍女】ロゼ / 【聖翼】アウレ / 【聖翼】ノエル,ch2_ryune / ch2_rose / ch2_aure / ch2_noelle,9999,100,100,100,2,2,0,0,0
manual:abyss_envy:manifest50,手動顕現試練,【双雷】カリスタ / 【双雷】ソレーヌ / 【薬毒】ミレア / 【薬毒】ヴィオラ,ch2_calista / ch2_solenne / ch2_mirea / ch2_viola,9999,100,100,100,2,2,0,0,0.93
manual:abyss_envy:manifest50,手動顕現試練,【硝子】セリア / 【硝子】カルミア / 封書の小剣姫ルメア / 夜灯の従騎フィオラ,ch2_seria / ch2_carmia / ch2_lumea / ch2_fiora,9999,100,100,100,2.03,3,31,0,0.38
manual:abyss_envy:manifest100,手動顕現試練,【鏡侍女】リュネ / 【鏡侍女】ロゼ / 【聖翼】アウレ / 【聖翼】ノエル,ch2_ryune / ch2_rose / ch2_aure / ch2_noelle,10000,100,100,100,2,2,0,0,0
manual:abyss_envy:manifest100,手動顕現試練,【双雷】カリスタ / 【双雷】ソレーヌ / 【薬毒】ミレア / 【薬毒】ヴィオラ,ch2_calista / ch2_solenne / ch2_mirea / ch2_viola,10000,100,100,100,2,2,0,0,0.93
manual:abyss_envy:manifest100,手動顕現試練,【硝子】セリア / 【硝子】カルミア / 封書の小剣姫ルメア / 夜灯の従騎フィオラ,ch2_seria / ch2_carmia / ch2_lumea / ch2_fiora,10000,100,100,100,2.03,3,32,0,0.31
manual:abyss_sloth:projection50,手動顕現試練,【鏡侍女】リュネ / 【鏡侍女】ロゼ / 【聖翼】アウレ / 【聖翼】ノエル,ch2_ryune / ch2_rose / ch2_aure / ch2_noelle,999,100,100,100,1,1,0,0,0
manual:abyss_sloth:projection50,手動顕現試練,【双雷】カリスタ / 【双雷】ソレーヌ / 【薬毒】ミレア / 【薬毒】ヴィオラ,ch2_calista / ch2_solenne / ch2_mirea / ch2_viola,999,100,100,100,1,1,0,0,1.38
manual:abyss_sloth:projection50,手動顕現試練,【霊符】シオン / 【霊符】スイレン / 【日月】ルナリア / 【日月】ソラリア,ch2_shion / ch2_suiren / ch2_lunaria / ch2_solaria,999,100,100,100,1,1,0,0,1
manual:abyss_sloth:projection100,手動顕現試練,【鏡侍女】リュネ / 【鏡侍女】ロゼ / 【聖翼】アウレ / 【聖翼】ノエル,ch2_ryune / ch2_rose / ch2_aure / ch2_noelle,4999,100,100,100,1,1,0,0,0
manual:abyss_sloth:projection100,手動顕現試練,【霊符】シオン / 【霊符】スイレン / 【日月】ルナリア / 【日月】ソラリア,ch2_shion / ch2_suiren / ch2_lunaria / ch2_solaria,4999,100,100,100,1,1,0,0,1
manual:abyss_sloth:projection100,手動顕現試練,【双雷】カリスタ / 【双雷】ソレーヌ / 【薬毒】ミレア / 【薬毒】ヴィオラ,ch2_calista / ch2_solenne / ch2_mirea / ch2_viola,4999,100,100,100,1.04,2,0,0,1.39
manual:abyss_sloth:manifest50,手動顕現試練,【鏡侍女】リュネ / 【鏡侍女】ロゼ / 【聖翼】アウレ / 【聖翼】ノエル,ch2_ryune / ch2_rose / ch2_aure / ch2_noelle,9999,100,100,100,1,1,0,0,0
manual:abyss_sloth:manifest50,手動顕現試練,【霊符】シオン / 【霊符】スイレン / 【日月】ルナリア / 【日月】ソラリア,ch2_shion / ch2_suiren / ch2_lunaria / ch2_solaria,9999,100,100,100,1,1,0,0,1
manual:abyss_sloth:manifest50,手動顕現試練,【双雷】カリスタ / 【双雷】ソレーヌ / 【薬毒】ミレア / 【薬毒】ヴィオラ,ch2_calista / ch2_solenne / ch2_mirea / ch2_viola,9999,100,100,100,1.04,2,0,0,1.39
manual:abyss_sloth:manifest100,手動顕現試練,【鏡侍女】リュネ / 【鏡侍女】ロゼ / 【聖翼】アウレ / 【聖翼】ノエル,ch2_ryune / ch2_rose / ch2_aure / ch2_noelle,10000,100,100,100,1,1,0,0,0
manual:abyss_sloth:manifest100,手動顕現試練,【霊符】シオン / 【霊符】スイレン / 【日月】ルナリア / 【日月】ソラリア,ch2_shion / ch2_suiren / ch2_lunaria / ch2_solaria,10000,100,100,100,1,1,0,0,1
manual:abyss_sloth:manifest100,手動顕現試練,【双雷】カリスタ / 【双雷】ソレーヌ / 【薬毒】ミレア / 【薬毒】ヴィオラ,ch2_calista / ch2_solenne / ch2_mirea / ch2_viola,10000,100,100,100,1.04,2,0,0,1.39
manual:abyss_greed:projection50,手動顕現試練,【鏡侍女】リュネ / 【鏡侍女】ロゼ / 【聖翼】アウレ / 【聖翼】ノエル,ch2_ryune / ch2_rose / ch2_aure / ch2_noelle,999,100,100,100,2,2,0,0,0
manual:abyss_greed:projection50,手動顕現試練,【双雷】カリスタ / 【双雷】ソレーヌ / 【薬毒】ミレア / 【薬毒】ヴィオラ,ch2_calista / ch2_solenne / ch2_mirea / ch2_viola,999,100,100,100,2,2,0,0,0.93
manual:abyss_greed:projection50,手動顕現試練,【霊符】シオン / 【霊符】スイレン / 【日月】ルナリア / 【日月】ソラリア,ch2_shion / ch2_suiren / ch2_lunaria / ch2_solaria,999,100,100,100,2,2,0,0,2.2
manual:abyss_greed:projection100,手動顕現試練,【鏡侍女】リュネ / 【鏡侍女】ロゼ / 【聖翼】アウレ / 【聖翼】ノエル,ch2_ryune / ch2_rose / ch2_aure / ch2_noelle,4999,100,100,100,2,2,0,0,0
manual:abyss_greed:projection100,手動顕現試練,【双雷】カリスタ / 【双雷】ソレーヌ / 【薬毒】ミレア / 【薬毒】ヴィオラ,ch2_calista / ch2_solenne / ch2_mirea / ch2_viola,4999,100,100,100,2,2,0,0,0.92
manual:abyss_greed:projection100,手動顕現試練,【霊符】シオン / 【霊符】スイレン / 【日月】ルナリア / 【日月】ソラリア,ch2_shion / ch2_suiren / ch2_lunaria / ch2_solaria,4999,100,100,100,2,2,0,0,2.17
manual:abyss_greed:manifest50,手動顕現試練,【鏡侍女】リュネ / 【鏡侍女】ロゼ / 【聖翼】アウレ / 【聖翼】ノエル,ch2_ryune / ch2_rose / ch2_aure / ch2_noelle,9999,100,100,100,2,2,0,0,0.01
manual:abyss_greed:manifest50,手動顕現試練,【双雷】カリスタ / 【双雷】ソレーヌ / 【薬毒】ミレア / 【薬毒】ヴィオラ,ch2_calista / ch2_solenne / ch2_mirea / ch2_viola,9999,100,100,100,2,2,0,0,0.9
manual:abyss_greed:manifest50,手動顕現試練,【硝子】セリア / 【硝子】カルミア / 封書の小剣姫ルメア / 夜灯の従騎フィオラ,ch2_seria / ch2_carmia / ch2_lumea / ch2_fiora,9999,100,100,100,2.05,3,18,0,0.38
manual:abyss_greed:manifest100,手動顕現試練,【鏡侍女】リュネ / 【鏡侍女】ロゼ / 【聖翼】アウレ / 【聖翼】ノエル,ch2_ryune / ch2_rose / ch2_aure / ch2_noelle,10000,100,100,100,2,2,0,0,0.01
manual:abyss_greed:manifest100,手動顕現試練,【双雷】カリスタ / 【双雷】ソレーヌ / 【薬毒】ミレア / 【薬毒】ヴィオラ,ch2_calista / ch2_solenne / ch2_mirea / ch2_viola,10000,100,100,100,2,2,0,0,0.9
manual:abyss_greed:manifest100,手動顕現試練,【硝子】セリア / 【硝子】カルミア / 封書の小剣姫ルメア / 夜灯の従騎フィオラ,ch2_seria / ch2_carmia / ch2_lumea / ch2_fiora,10000,100,100,100,2.04,3,18,0,0.31
manual:abyss_lust:projection50,手動顕現試練,【双雷】カリスタ / 【双雷】ソレーヌ / 【薬毒】ミレア / 【薬毒】ヴィオラ,ch2_calista / ch2_solenne / ch2_mirea / ch2_viola,999,100,100,100,1,1,0,0,0.07
manual:abyss_lust:projection50,手動顕現試練,【鏡侍女】リュネ / 【鏡侍女】ロゼ / 【聖翼】アウレ / 【聖翼】ノエル,ch2_ryune / ch2_rose / ch2_aure / ch2_noelle,999,100,100,100,1.01,2,0,0,0
manual:abyss_lust:projection50,手動顕現試練,【硝子】セリア / 【硝子】カルミア / 封書の小剣姫ルメア / 夜灯の従騎フィオラ,ch2_seria / ch2_carmia / ch2_lumea / ch2_fiora,999,100,100,100,1.2,3,5,0,0.11
manual:abyss_lust:projection100,手動顕現試練,【双雷】カリスタ / 【双雷】ソレーヌ / 【薬毒】ミレア / 【薬毒】ヴィオラ,ch2_calista / ch2_solenne / ch2_mirea / ch2_viola,4999,100,100,100,1,1,0,0,0.06
manual:abyss_lust:projection100,手動顕現試練,【鏡侍女】リュネ / 【鏡侍女】ロゼ / 【聖翼】アウレ / 【聖翼】ノエル,ch2_ryune / ch2_rose / ch2_aure / ch2_noelle,4999,100,100,100,1.01,2,0,0,0
manual:abyss_lust:projection100,手動顕現試練,【硝子】セリア / 【硝子】カルミア / 封書の小剣姫ルメア / 夜灯の従騎フィオラ,ch2_seria / ch2_carmia / ch2_lumea / ch2_fiora,4999,100,100,100,1.19,3,8,0,0.13
manual:abyss_lust:manifest50,手動顕現試練,【双雷】カリスタ / 【双雷】ソレーヌ / 【薬毒】ミレア / 【薬毒】ヴィオラ,ch2_calista / ch2_solenne / ch2_mirea / ch2_viola,9999,100,100,100,1,1,0,0,0.07
manual:abyss_lust:manifest50,手動顕現試練,【鏡侍女】リュネ / 【鏡侍女】ロゼ / 【聖翼】アウレ / 【聖翼】ノエル,ch2_ryune / ch2_rose / ch2_aure / ch2_noelle,9999,100,100,100,1.01,2,0,0,0
manual:abyss_lust:manifest50,手動顕現試練,【硝子】セリア / 【硝子】カルミア / 封書の小剣姫ルメア / 夜灯の従騎フィオラ,ch2_seria / ch2_carmia / ch2_lumea / ch2_fiora,9999,100,100,100,1.2,3,8,0,0.13
manual:abyss_lust:manifest100,手動顕現試練,【双雷】カリスタ / 【双雷】ソレーヌ / 【薬毒】ミレア / 【薬毒】ヴィオラ,ch2_calista / ch2_solenne / ch2_mirea / ch2_viola,10000,100,100,100,1,1,0,0,0.07
manual:abyss_lust:manifest100,手動顕現試練,【鏡侍女】リュネ / 【鏡侍女】ロゼ / 【聖翼】アウレ / 【聖翼】ノエル,ch2_ryune / ch2_rose / ch2_aure / ch2_noelle,10000,100,100,100,1.01,2,0,0,0
manual:abyss_lust:manifest100,手動顕現試練,【硝子】セリア / 【硝子】カルミア / 封書の小剣姫ルメア / 夜灯の従騎フィオラ,ch2_seria / ch2_carmia / ch2_lumea / ch2_fiora,10000,100,100,100,1.2,3,8,0,0.13
manual:abyss_pride:projection50,手動顕現試練,【鏡侍女】リュネ / 【鏡侍女】ロゼ / 【聖翼】アウレ / 【聖翼】ノエル,ch2_ryune / ch2_rose / ch2_aure / ch2_noelle,999,100,100,100,1,1,0,0,0
manual:abyss_pride:projection50,手動顕現試練,【霊符】シオン / 【霊符】スイレン / 【日月】ルナリア / 【日月】ソラリア,ch2_shion / ch2_suiren / ch2_lunaria / ch2_solaria,999,100,100,100,1.03,2,0,0,1.05
manual:abyss_pride:projection50,手動顕現試練,【双雷】カリスタ / 【双雷】ソレーヌ / 【薬毒】ミレア / 【薬毒】ヴィオラ,ch2_calista / ch2_solenne / ch2_mirea / ch2_viola,999,100,100,100,1.08,2,0,0,1.12
manual:abyss_pride:projection100,手動顕現試練,【鏡侍女】リュネ / 【鏡侍女】ロゼ / 【聖翼】アウレ / 【聖翼】ノエル,ch2_ryune / ch2_rose / ch2_aure / ch2_noelle,4999,100,100,100,1,1,0,0,0
manual:abyss_pride:projection100,手動顕現試練,【霊符】シオン / 【霊符】スイレン / 【日月】ルナリア / 【日月】ソラリア,ch2_shion / ch2_suiren / ch2_lunaria / ch2_solaria,4999,100,100,100,1.03,2,0,0,1.06
manual:abyss_pride:projection100,手動顕現試練,【双雷】カリスタ / 【双雷】ソレーヌ / 【薬毒】ミレア / 【薬毒】ヴィオラ,ch2_calista / ch2_solenne / ch2_mirea / ch2_viola,4999,100,100,100,1.06,2,0,0,1.24
manual:abyss_pride:manifest50,手動顕現試練,【鏡侍女】リュネ / 【鏡侍女】ロゼ / 【聖翼】アウレ / 【聖翼】ノエル,ch2_ryune / ch2_rose / ch2_aure / ch2_noelle,9999,100,100,100,1,1,0,0,0
manual:abyss_pride:manifest50,手動顕現試練,【霊符】シオン / 【霊符】スイレン / 【日月】ルナリア / 【日月】ソラリア,ch2_shion / ch2_suiren / ch2_lunaria / ch2_solaria,9999,100,100,100,1.03,2,0,0,1.06
manual:abyss_pride:manifest50,手動顕現試練,【双雷】カリスタ / 【双雷】ソレーヌ / 【薬毒】ミレア / 【薬毒】ヴィオラ,ch2_calista / ch2_solenne / ch2_mirea / ch2_viola,9999,100,100,100,1.07,2,0,0,1.24
manual:abyss_pride:manifest100,手動顕現試練,【鏡侍女】リュネ / 【鏡侍女】ロゼ / 【聖翼】アウレ / 【聖翼】ノエル,ch2_ryune / ch2_rose / ch2_aure / ch2_noelle,10000,100,100,100,1,1,0,0,0
manual:abyss_pride:manifest100,手動顕現試練,【霊符】シオン / 【霊符】スイレン / 【日月】ルナリア / 【日月】ソラリア,ch2_shion / ch2_suiren / ch2_lunaria / ch2_solaria,10000,100,100,100,1.03,2,0,0,1.06
manual:abyss_pride:manifest100,手動顕現試練,【双雷】カリスタ / 【双雷】ソレーヌ / 【薬毒】ミレア / 【薬毒】ヴィオラ,ch2_calista / ch2_solenne / ch2_mirea / ch2_viola,10000,100,100,100,1.07,2,0,0,1.24
manual:ten_time:projection50,手動顕現試練,【霊符】シオン / 【霊符】スイレン / 【日月】ルナリア / 【日月】ソラリア,ch2_shion / ch2_suiren / ch2_lunaria / ch2_solaria,999,100,100,100,1.02,2,0,0,1.05
manual:ten_time:projection50,手動顕現試練,【封鍵】メリオラ / 【封鍵】エリゼル / 【薔薇】ノクテル / 【薔薇】オーリアン,ch2_meliora / ch2_elyselle / ch2_noctelle / ch2_auriane,999,100,100,100,1.03,2,0,0,0
manual:ten_time:projection50,手動顕現試練,【双雷】カリスタ / 【双雷】ソレーヌ / 【薬毒】ミレア / 【薬毒】ヴィオラ,ch2_calista / ch2_solenne / ch2_mirea / ch2_viola,999,100,100,100,1.37,3,0,0,1.41
manual:ten_time:projection100,手動顕現試練,【霊符】シオン / 【霊符】スイレン / 【日月】ルナリア / 【日月】ソラリア,ch2_shion / ch2_suiren / ch2_lunaria / ch2_solaria,4999,100,100,100,1.05,2,0,0,1.12
manual:ten_time:projection100,手動顕現試練,【封鍵】メリオラ / 【封鍵】エリゼル / 【薔薇】ノクテル / 【薔薇】オーリアン,ch2_meliora / ch2_elyselle / ch2_noctelle / ch2_auriane,4999,100,100,100,1.1,2,0,0,0
manual:ten_time:projection100,手動顕現試練,【双雷】カリスタ / 【双雷】ソレーヌ / 【薬毒】ミレア / 【薬毒】ヴィオラ,ch2_calista / ch2_solenne / ch2_mirea / ch2_viola,4999,100,100,100,1.57,3,0,0,1.47
manual:ten_time:manifest50,手動顕現試練,【霊符】シオン / 【霊符】スイレン / 【日月】ルナリア / 【日月】ソラリア,ch2_shion / ch2_suiren / ch2_lunaria / ch2_solaria,9999,100,100,100,1.11,3,0,0,1.18
manual:ten_time:manifest50,手動顕現試練,【封鍵】メリオラ / 【封鍵】エリゼル / 【薔薇】ノクテル / 【薔薇】オーリアン,ch2_meliora / ch2_elyselle / ch2_noctelle / ch2_auriane,9999,100,100,100,1.13,2,0,0,0
manual:ten_time:manifest50,手動顕現試練,【双雷】カリスタ / 【双雷】ソレーヌ / 【薬毒】ミレア / 【薬毒】ヴィオラ,ch2_calista / ch2_solenne / ch2_mirea / ch2_viola,9999,100,100,100,1.56,3,0,0,1.48
manual:ten_time:manifest100,手動顕現試練,【霊符】シオン / 【霊符】スイレン / 【日月】ルナリア / 【日月】ソラリア,ch2_shion / ch2_suiren / ch2_lunaria / ch2_solaria,10000,100,100,100,1.11,3,0,0,1.18
manual:ten_time:manifest100,手動顕現試練,【封鍵】メリオラ / 【封鍵】エリゼル / 【薔薇】ノクテル / 【薔薇】オーリアン,ch2_meliora / ch2_elyselle / ch2_noctelle / ch2_auriane,10000,100,100,100,1.13,2,0,0,0
manual:ten_time:manifest100,手動顕現試練,【双雷】カリスタ / 【双雷】ソレーヌ / 【薬毒】ミレア / 【薬毒】ヴィオラ,ch2_calista / ch2_solenne / ch2_mirea / ch2_viola,10000,100,100,100,1.56,3,0,0,1.48
manual:ten_space:projection50,手動顕現試練,【封鍵】メリオラ / 【封鍵】エリゼル / 【薔薇】ノクテル / 【薔薇】オーリアン,ch2_meliora / ch2_elyselle / ch2_noctelle / ch2_auriane,999,100,100,100,1.03,2,0,0,0
manual:ten_space:projection50,手動顕現試練,【霊符】シオン / 【霊符】スイレン / 【日月】ルナリア / 【日月】ソラリア,ch2_shion / ch2_suiren / ch2_lunaria / ch2_solaria,999,100,100,100,1.64,3,0,0,2.36
manual:ten_space:projection50,手動顕現試練,【双藤】ネヴィア / 【双藤】エルミナ / 【聖翼】アウレ / 【聖翼】ノエル,ch2_nevia / ch2_elmina / ch2_aure / ch2_noelle,999,100,100,100,1.88,3,0,0,0.28
manual:ten_space:projection100,手動顕現試練,【封鍵】メリオラ / 【封鍵】エリゼル / 【薔薇】ノクテル / 【薔薇】オーリアン,ch2_meliora / ch2_elyselle / ch2_noctelle / ch2_auriane,4999,100,100,100,1.05,2,0,0,0
manual:ten_space:projection100,手動顕現試練,【霊符】シオン / 【霊符】スイレン / 【日月】ルナリア / 【日月】ソラリア,ch2_shion / ch2_suiren / ch2_lunaria / ch2_solaria,4999,100,100,100,1.75,3,0,0,2.54
manual:ten_space:projection100,手動顕現試練,【双藤】ネヴィア / 【双藤】エルミナ / 【聖翼】アウレ / 【聖翼】ノエル,ch2_nevia / ch2_elmina / ch2_aure / ch2_noelle,4999,100,100,100,1.92,3,0,0,0.3
manual:ten_space:manifest50,手動顕現試練,【封鍵】メリオラ / 【封鍵】エリゼル / 【薔薇】ノクテル / 【薔薇】オーリアン,ch2_meliora / ch2_elyselle / ch2_noctelle / ch2_auriane,9999,100,100,100,1.08,2,0,0,0
manual:ten_space:manifest50,手動顕現試練,【霊符】シオン / 【霊符】スイレン / 【日月】ルナリア / 【日月】ソラリア,ch2_shion / ch2_suiren / ch2_lunaria / ch2_solaria,9999,100,100,100,1.77,3,0,0,2.56
manual:ten_space:manifest50,手動顕現試練,【双藤】ネヴィア / 【双藤】エルミナ / 【聖翼】アウレ / 【聖翼】ノエル,ch2_nevia / ch2_elmina / ch2_aure / ch2_noelle,9999,100,100,100,1.97,3,0,0,0.31
manual:ten_space:manifest100,手動顕現試練,【封鍵】メリオラ / 【封鍵】エリゼル / 【薔薇】ノクテル / 【薔薇】オーリアン,ch2_meliora / ch2_elyselle / ch2_noctelle / ch2_auriane,10000,100,100,100,1.08,2,0,0,0
manual:ten_space:manifest100,手動顕現試練,【霊符】シオン / 【霊符】スイレン / 【日月】ルナリア / 【日月】ソラリア,ch2_shion / ch2_suiren / ch2_lunaria / ch2_solaria,10000,100,100,100,1.77,3,0,0,2.57
manual:ten_space:manifest100,手動顕現試練,【双藤】ネヴィア / 【双藤】エルミナ / 【聖翼】アウレ / 【聖翼】ノエル,ch2_nevia / ch2_elmina / ch2_aure / ch2_noelle,10000,100,100,100,1.98,3,0,0,0.31
manual:ten_life:projection50,手動顕現試練,【封鍵】メリオラ / 【封鍵】エリゼル / 【薔薇】ノクテル / 【薔薇】オーリアン,ch2_meliora / ch2_elyselle / ch2_noctelle / ch2_auriane,999,100,100,100,1,1,0,0,0
manual:ten_life:projection50,手動顕現試練,【月狐】カグラ / 【月狐】サヨ / 【双鐘】フェルネ / 【双鐘】クラリス,ch2_kagura / ch2_sayo / ch2_ferne / ch2_clarisse,999,100,100,100,1.01,2,0,0,0
manual:ten_life:projection50,手動顕現試練,【霊符】シオン / 【霊符】スイレン / 【日月】ルナリア / 【日月】ソラリア,ch2_shion / ch2_suiren / ch2_lunaria / ch2_solaria,999,100,100,100,1.11,2,0,0,1.22
manual:ten_life:projection100,手動顕現試練,【封鍵】メリオラ / 【封鍵】エリゼル / 【薔薇】ノクテル / 【薔薇】オーリアン,ch2_meliora / ch2_elyselle / ch2_noctelle / ch2_auriane,4999,100,100,100,1,1,0,0,0
manual:ten_life:projection100,手動顕現試練,【月狐】カグラ / 【月狐】サヨ / 【双鐘】フェルネ / 【双鐘】クラリス,ch2_kagura / ch2_sayo / ch2_ferne / ch2_clarisse,4999,100,100,100,1.01,2,0,0,0
manual:ten_life:projection100,手動顕現試練,【霊符】シオン / 【霊符】スイレン / 【日月】ルナリア / 【日月】ソラリア,ch2_shion / ch2_suiren / ch2_lunaria / ch2_solaria,4999,100,100,100,1.12,2,0,0,1.22
manual:ten_life:manifest50,手動顕現試練,【封鍵】メリオラ / 【封鍵】エリゼル / 【薔薇】ノクテル / 【薔薇】オーリアン,ch2_meliora / ch2_elyselle / ch2_noctelle / ch2_auriane,9999,100,100,100,1,1,0,0,0
manual:ten_life:manifest50,手動顕現試練,【月狐】カグラ / 【月狐】サヨ / 【双鐘】フェルネ / 【双鐘】クラリス,ch2_kagura / ch2_sayo / ch2_ferne / ch2_clarisse,9999,100,100,100,1.01,2,0,0,0
manual:ten_life:manifest50,手動顕現試練,【霊符】シオン / 【霊符】スイレン / 【日月】ルナリア / 【日月】ソラリア,ch2_shion / ch2_suiren / ch2_lunaria / ch2_solaria,9999,100,100,100,1.11,2,0,0,1.23
manual:ten_life:manifest100,手動顕現試練,【封鍵】メリオラ / 【封鍵】エリゼル / 【薔薇】ノクテル / 【薔薇】オーリアン,ch2_meliora / ch2_elyselle / ch2_noctelle / ch2_auriane,10000,100,100,100,1,1,0,0,0
manual:ten_life:manifest100,手動顕現試練,【月狐】カグラ / 【月狐】サヨ / 【双鐘】フェルネ / 【双鐘】クラリス,ch2_kagura / ch2_sayo / ch2_ferne / ch2_clarisse,10000,100,100,100,1.01,2,0,0,0
manual:ten_life:manifest100,手動顕現試練,【霊符】シオン / 【霊符】スイレン / 【日月】ルナリア / 【日月】ソラリア,ch2_shion / ch2_suiren / ch2_lunaria / ch2_solaria,10000,100,100,100,1.11,2,0,0,1.23
manual:ten_death:projection50,手動顕現試練,【封鍵】メリオラ / 【封鍵】エリゼル / 【薔薇】ノクテル / 【薔薇】オーリアン,ch2_meliora / ch2_elyselle / ch2_noctelle / ch2_auriane,999,100,100,100,1.01,2,0,0,0
manual:ten_death:projection50,手動顕現試練,【鏡侍女】リュネ / 【鏡侍女】ロゼ / 【聖翼】アウレ / 【聖翼】ノエル,ch2_ryune / ch2_rose / ch2_aure / ch2_noelle,999,100,100,100,1.09,2,0,0,0
manual:ten_death:projection50,手動顕現試練,【霊符】シオン / 【霊符】スイレン / 【日月】ルナリア / 【日月】ソラリア,ch2_shion / ch2_suiren / ch2_lunaria / ch2_solaria,999,100,100,100,1.35,3,0,0,1.64
manual:ten_death:projection100,手動顕現試練,【封鍵】メリオラ / 【封鍵】エリゼル / 【薔薇】ノクテル / 【薔薇】オーリアン,ch2_meliora / ch2_elyselle / ch2_noctelle / ch2_auriane,4999,100,100,100,1.02,2,0,0,0
manual:ten_death:projection100,手動顕現試練,【鏡侍女】リュネ / 【鏡侍女】ロゼ / 【聖翼】アウレ / 【聖翼】ノエル,ch2_ryune / ch2_rose / ch2_aure / ch2_noelle,4999,100,100,100,1.11,2,0,0,0
manual:ten_death:projection100,手動顕現試練,【霊符】シオン / 【霊符】スイレン / 【日月】ルナリア / 【日月】ソラリア,ch2_shion / ch2_suiren / ch2_lunaria / ch2_solaria,4999,100,100,100,1.41,3,0,0,1.86
manual:ten_death:manifest50,手動顕現試練,【封鍵】メリオラ / 【封鍵】エリゼル / 【薔薇】ノクテル / 【薔薇】オーリアン,ch2_meliora / ch2_elyselle / ch2_noctelle / ch2_auriane,9999,100,100,100,1.02,2,0,0,0
manual:ten_death:manifest50,手動顕現試練,【鏡侍女】リュネ / 【鏡侍女】ロゼ / 【聖翼】アウレ / 【聖翼】ノエル,ch2_ryune / ch2_rose / ch2_aure / ch2_noelle,9999,100,100,100,1.14,2,0,0,0
manual:ten_death:manifest50,手動顕現試練,【霊符】シオン / 【霊符】スイレン / 【日月】ルナリア / 【日月】ソラリア,ch2_shion / ch2_suiren / ch2_lunaria / ch2_solaria,9999,100,100,100,1.46,3,0,0,2.39
manual:ten_death:manifest100,手動顕現試練,【封鍵】メリオラ / 【封鍵】エリゼル / 【薔薇】ノクテル / 【薔薇】オーリアン,ch2_meliora / ch2_elyselle / ch2_noctelle / ch2_auriane,10000,100,100,100,1.02,2,0,0,0
manual:ten_death:manifest100,手動顕現試練,【鏡侍女】リュネ / 【鏡侍女】ロゼ / 【聖翼】アウレ / 【聖翼】ノエル,ch2_ryune / ch2_rose / ch2_aure / ch2_noelle,10000,100,100,100,1.14,2,0,0,0
manual:ten_death:manifest100,手動顕現試練,【霊符】シオン / 【霊符】スイレン / 【日月】ルナリア / 【日月】ソラリア,ch2_shion / ch2_suiren / ch2_lunaria / ch2_solaria,10000,100,100,100,1.46,3,0,0,2.39
manual:ten_fate:projection50,手動顕現試練,【月狐】カグラ / 【月狐】サヨ / 【双鐘】フェルネ / 【双鐘】クラリス,ch2_kagura / ch2_sayo / ch2_ferne / ch2_clarisse,999,100,100,100,1.05,2,0,0,0
manual:ten_fate:projection50,手動顕現試練,【霊符】シオン / 【霊符】スイレン / 【日月】ルナリア / 【日月】ソラリア,ch2_shion / ch2_suiren / ch2_lunaria / ch2_solaria,999,100,100,100,1.26,2,0,0,1.4
manual:ten_fate:projection50,手動顕現試練,【鏡侍女】リュネ / 【鏡侍女】ロゼ / 【聖翼】アウレ / 【聖翼】ノエル,ch2_ryune / ch2_rose / ch2_aure / ch2_noelle,999,100,100,100,1.61,3,0,0,0
manual:ten_fate:projection100,手動顕現試練,【霊符】シオン / 【霊符】スイレン / 【日月】ルナリア / 【日月】ソラリア,ch2_shion / ch2_suiren / ch2_lunaria / ch2_solaria,4999,100,100,100,1.32,2,0,0,1.48
manual:ten_fate:projection100,手動顕現試練,【竜姫】ドラシア / 【竜姫】リュシエ / 【薬毒】ミレア / 【薬毒】ヴィオラ,ch2_dracia / ch2_rucie / ch2_mirea / ch2_viola,4999,100,100,100,1.36,3,0,0,0.59
manual:ten_fate:projection100,手動顕現試練,【鏡侍女】リュネ / 【鏡侍女】ロゼ / 【聖翼】アウレ / 【聖翼】ノエル,ch2_ryune / ch2_rose / ch2_aure / ch2_noelle,4999,100,100,100,1.76,3,0,0,0
manual:ten_fate:manifest50,手動顕現試練,【霊符】シオン / 【霊符】スイレン / 【日月】ルナリア / 【日月】ソラリア,ch2_shion / ch2_suiren / ch2_lunaria / ch2_solaria,9999,100,100,100,1.36,3,0,0,1.52
manual:ten_fate:manifest50,手動顕現試練,【竜姫】ドラシア / 【竜姫】リュシエ / 【薬毒】ミレア / 【薬毒】ヴィオラ,ch2_dracia / ch2_rucie / ch2_mirea / ch2_viola,9999,100,100,100,1.37,3,0,0,0.61
manual:ten_fate:manifest50,手動顕現試練,【鏡侍女】リュネ / 【鏡侍女】ロゼ / 【聖翼】アウレ / 【聖翼】ノエル,ch2_ryune / ch2_rose / ch2_aure / ch2_noelle,9999,100,100,100,1.77,3,0,0,0
manual:ten_fate:manifest100,手動顕現試練,【霊符】シオン / 【霊符】スイレン / 【日月】ルナリア / 【日月】ソラリア,ch2_shion / ch2_suiren / ch2_lunaria / ch2_solaria,10000,100,100,100,1.36,3,0,0,1.52
manual:ten_fate:manifest100,手動顕現試練,【竜姫】ドラシア / 【竜姫】リュシエ / 【薬毒】ミレア / 【薬毒】ヴィオラ,ch2_dracia / ch2_rucie / ch2_mirea / ch2_viola,10000,100,100,100,1.37,3,0,0,0.61
manual:ten_fate:manifest100,手動顕現試練,【鏡侍女】リュネ / 【鏡侍女】ロゼ / 【聖翼】アウレ / 【聖翼】ノエル,ch2_ryune / ch2_rose / ch2_aure / ch2_noelle,10000,100,100,100,1.77,3,0,0,0
manual:ten_chaos:projection50,手動顕現試練,【封鍵】メリオラ / 【封鍵】エリゼル / 【薔薇】ノクテル / 【薔薇】オーリアン,ch2_meliora / ch2_elyselle / ch2_noctelle / ch2_auriane,999,100,100,100,2.01,3,0,0,0.02
manual:ten_chaos:projection50,手動顕現試練,【霊符】シオン / 【霊符】スイレン / 【日月】ルナリア / 【日月】ソラリア,ch2_shion / ch2_suiren / ch2_lunaria / ch2_solaria,999,100,100,100,2.05,3,0,0,2.75
manual:ten_chaos:projection50,手動顕現試練,【鏡侍女】リュネ / 【鏡侍女】ロゼ / 【聖翼】アウレ / 【聖翼】ノエル,ch2_ryune / ch2_rose / ch2_aure / ch2_noelle,999,100,100,100,2.13,3,0,0,0.01
manual:ten_chaos:projection100,手動顕現試練,【封鍵】メリオラ / 【封鍵】エリゼル / 【薔薇】ノクテル / 【薔薇】オーリアン,ch2_meliora / ch2_elyselle / ch2_noctelle / ch2_auriane,4999,100,100,100,2,2,0,0,0
manual:ten_chaos:projection100,手動顕現試練,【霊符】シオン / 【霊符】スイレン / 【日月】ルナリア / 【日月】ソラリア,ch2_shion / ch2_suiren / ch2_lunaria / ch2_solaria,4999,100,100,100,2.05,3,0,0,2.78
manual:ten_chaos:projection100,手動顕現試練,【鏡侍女】リュネ / 【鏡侍女】ロゼ / 【聖翼】アウレ / 【聖翼】ノエル,ch2_ryune / ch2_rose / ch2_aure / ch2_noelle,4999,100,100,100,2.24,4,0,0,0.02
manual:ten_chaos:manifest50,手動顕現試練,【霊符】シオン / 【霊符】スイレン / 【日月】ルナリア / 【日月】ソラリア,ch2_shion / ch2_suiren / ch2_lunaria / ch2_solaria,9999,100,100,100,2.06,4,0,0,2.82
manual:ten_chaos:manifest50,手動顕現試練,【星糸】セレス / 【星糸】ルミナ / 【誓姫】リリエット / 【誓姫】ロゼット,ch2_celes / ch2_lumina / ch2_lyriet / ch2_rosette,9999,100,100,100,2.06,3,0,0,1.09
manual:ten_chaos:manifest50,手動顕現試練,【双藤】ネヴィア / 【双藤】エルミナ / 【聖翼】アウレ / 【聖翼】ノエル,ch2_nevia / ch2_elmina / ch2_aure / ch2_noelle,9999,100,100,100,2.25,4,0,0,0.89
manual:ten_chaos:manifest100,手動顕現試練,【星糸】セレス / 【星糸】ルミナ / 【誓姫】リリエット / 【誓姫】ロゼット,ch2_celes / ch2_lumina / ch2_lyriet / ch2_rosette,10000,100,100,100,2.06,3,0,0,1.09
manual:ten_chaos:manifest100,手動顕現試練,【霊符】シオン / 【霊符】スイレン / 【日月】ルナリア / 【日月】ソラリア,ch2_shion / ch2_suiren / ch2_lunaria / ch2_solaria,10000,100,100,100,2.07,3,0,0,2.86
manual:ten_chaos:manifest100,手動顕現試練,【双藤】ネヴィア / 【双藤】エルミナ / 【聖翼】アウレ / 【聖翼】ノエル,ch2_nevia / ch2_elmina / ch2_aure / ch2_noelle,10000,100,100,100,2.25,4,0,0,0.9
manual:ten_dominion:projection50,手動顕現試練,【鏡侍女】リュネ / 【鏡侍女】ロゼ / 【聖翼】アウレ / 【聖翼】ノエル,ch2_ryune / ch2_rose / ch2_aure / ch2_noelle,999,100,100,100,1,1,0,0,0
manual:ten_dominion:projection50,手動顕現試練,【双雷】カリスタ / 【双雷】ソレーヌ / 【薬毒】ミレア / 【薬毒】ヴィオラ,ch2_calista / ch2_solenne / ch2_mirea / ch2_viola,999,100,100,100,1.01,2,0,0,1.35
manual:ten_dominion:projection50,手動顕現試練,【霊符】シオン / 【霊符】スイレン / 【日月】ルナリア / 【日月】ソラリア,ch2_shion / ch2_suiren / ch2_lunaria / ch2_solaria,999,100,100,100,1.02,2,0,0,1.04
manual:ten_dominion:projection100,手動顕現試練,【鏡侍女】リュネ / 【鏡侍女】ロゼ / 【聖翼】アウレ / 【聖翼】ノエル,ch2_ryune / ch2_rose / ch2_aure / ch2_noelle,4999,100,100,100,1,1,0,0,0
manual:ten_dominion:projection100,手動顕現試練,【双雷】カリスタ / 【双雷】ソレーヌ / 【薬毒】ミレア / 【薬毒】ヴィオラ,ch2_calista / ch2_solenne / ch2_mirea / ch2_viola,4999,100,100,100,1.02,2,0,0,1.37
manual:ten_dominion:projection100,手動顕現試練,【霊符】シオン / 【霊符】スイレン / 【日月】ルナリア / 【日月】ソラリア,ch2_shion / ch2_suiren / ch2_lunaria / ch2_solaria,4999,100,100,100,1.02,2,0,0,1.04
manual:ten_dominion:manifest50,手動顕現試練,【鏡侍女】リュネ / 【鏡侍女】ロゼ / 【聖翼】アウレ / 【聖翼】ノエル,ch2_ryune / ch2_rose / ch2_aure / ch2_noelle,9999,100,100,100,1,1,0,0,0
manual:ten_dominion:manifest50,手動顕現試練,【霊符】シオン / 【霊符】スイレン / 【日月】ルナリア / 【日月】ソラリア,ch2_shion / ch2_suiren / ch2_lunaria / ch2_solaria,9999,100,100,100,1.01,2,0,0,1.03
manual:ten_dominion:manifest50,手動顕現試練,【双雷】カリスタ / 【双雷】ソレーヌ / 【薬毒】ミレア / 【薬毒】ヴィオラ,ch2_calista / ch2_solenne / ch2_mirea / ch2_viola,9999,100,100,100,1.03,2,0,0,1.37
manual:ten_dominion:manifest100,手動顕現試練,【鏡侍女】リュネ / 【鏡侍女】ロゼ / 【聖翼】アウレ / 【聖翼】ノエル,ch2_ryune / ch2_rose / ch2_aure / ch2_noelle,10000,100,100,100,1,1,0,0,0
manual:ten_dominion:manifest100,手動顕現試練,【霊符】シオン / 【霊符】スイレン / 【日月】ルナリア / 【日月】ソラリア,ch2_shion / ch2_suiren / ch2_lunaria / ch2_solaria,10000,100,100,100,1.01,2,0,0,1.03
manual:ten_dominion:manifest100,手動顕現試練,【双雷】カリスタ / 【双雷】ソレーヌ / 【薬毒】ミレア / 【薬毒】ヴィオラ,ch2_calista / ch2_solenne / ch2_mirea / ch2_viola,10000,100,100,100,1.03,2,0,0,1.37
manual:ten_creation:projection50,手動顕現試練,【封鍵】メリオラ / 【封鍵】エリゼル / 【薔薇】ノクテル / 【薔薇】オーリアン,ch2_meliora / ch2_elyselle / ch2_noctelle / ch2_auriane,999,100,100,100,1,1,0,0,0
manual:ten_creation:projection50,手動顕現試練,【霊符】シオン / 【霊符】スイレン / 【日月】ルナリア / 【日月】ソラリア,ch2_shion / ch2_suiren / ch2_lunaria / ch2_solaria,999,100,100,100,1.09,2,0,0,1.28
manual:ten_creation:projection50,手動顕現試練,【双藤】ネヴィア / 【双藤】エルミナ / 【聖翼】アウレ / 【聖翼】ノエル,ch2_nevia / ch2_elmina / ch2_aure / ch2_noelle,999,100,100,100,1.47,2,0,0,0
manual:ten_creation:projection100,手動顕現試練,【封鍵】メリオラ / 【封鍵】エリゼル / 【薔薇】ノクテル / 【薔薇】オーリアン,ch2_meliora / ch2_elyselle / ch2_noctelle / ch2_auriane,4999,100,100,100,1,1,0,0,0
manual:ten_creation:projection100,手動顕現試練,【霊符】シオン / 【霊符】スイレン / 【日月】ルナリア / 【日月】ソラリア,ch2_shion / ch2_suiren / ch2_lunaria / ch2_solaria,4999,100,100,100,1.13,2,0,0,1.33
manual:ten_creation:projection100,手動顕現試練,【双藤】ネヴィア / 【双藤】エルミナ / 【聖翼】アウレ / 【聖翼】ノエル,ch2_nevia / ch2_elmina / ch2_aure / ch2_noelle,4999,100,100,100,1.62,2,0,0,0
manual:ten_creation:manifest50,手動顕現試練,【封鍵】メリオラ / 【封鍵】エリゼル / 【薔薇】ノクテル / 【薔薇】オーリアン,ch2_meliora / ch2_elyselle / ch2_noctelle / ch2_auriane,9999,100,100,100,1,1,0,0,0
manual:ten_creation:manifest50,手動顕現試練,【霊符】シオン / 【霊符】スイレン / 【日月】ルナリア / 【日月】ソラリア,ch2_shion / ch2_suiren / ch2_lunaria / ch2_solaria,9999,100,100,100,1.13,2,0,0,1.27
manual:ten_creation:manifest50,手動顕現試練,【双藤】ネヴィア / 【双藤】エルミナ / 【聖翼】アウレ / 【聖翼】ノエル,ch2_nevia / ch2_elmina / ch2_aure / ch2_noelle,9999,100,100,100,1.71,2,0,0,0
manual:ten_creation:manifest100,手動顕現試練,【封鍵】メリオラ / 【封鍵】エリゼル / 【薔薇】ノクテル / 【薔薇】オーリアン,ch2_meliora / ch2_elyselle / ch2_noctelle / ch2_auriane,10000,100,100,100,1,1,0,0,0
manual:ten_creation:manifest100,手動顕現試練,【霊符】シオン / 【霊符】スイレン / 【日月】ルナリア / 【日月】ソラリア,ch2_shion / ch2_suiren / ch2_lunaria / ch2_solaria,10000,100,100,100,1.13,2,0,0,1.27
manual:ten_creation:manifest100,手動顕現試練,【双藤】ネヴィア / 【双藤】エルミナ / 【聖翼】アウレ / 【聖翼】ノエル,ch2_nevia / ch2_elmina / ch2_aure / ch2_noelle,10000,100,100,100,1.71,2,0,0,0
manual:ten_end:projection50,手動顕現試練,【鏡侍女】リュネ / 【鏡侍女】ロゼ / 【聖翼】アウレ / 【聖翼】ノエル,ch2_ryune / ch2_rose / ch2_aure / ch2_noelle,999,100,100,100,1.01,2,0,0,0
manual:ten_end:projection50,手動顕現試練,【双雷】カリスタ / 【双雷】ソレーヌ / 【薬毒】ミレア / 【薬毒】ヴィオラ,ch2_calista / ch2_solenne / ch2_mirea / ch2_viola,999,100,100,100,1.01,2,0,0,0.66
manual:ten_end:projection50,手動顕現試練,【霊符】シオン / 【霊符】スイレン / 【日月】ルナリア / 【日月】ソラリア,ch2_shion / ch2_suiren / ch2_lunaria / ch2_solaria,999,100,100,100,1.01,2,0,0,1.03
manual:ten_end:projection100,手動顕現試練,【双雷】カリスタ / 【双雷】ソレーヌ / 【薬毒】ミレア / 【薬毒】ヴィオラ,ch2_calista / ch2_solenne / ch2_mirea / ch2_viola,4999,100,100,100,1.01,2,0,0,0.74
manual:ten_end:projection100,手動顕現試練,【霊符】シオン / 【霊符】スイレン / 【日月】ルナリア / 【日月】ソラリア,ch2_shion / ch2_suiren / ch2_lunaria / ch2_solaria,4999,100,100,100,1.01,2,0,0,1.02
manual:ten_end:projection100,手動顕現試練,【鏡侍女】リュネ / 【鏡侍女】ロゼ / 【聖翼】アウレ / 【聖翼】ノエル,ch2_ryune / ch2_rose / ch2_aure / ch2_noelle,4999,100,100,100,1.02,2,0,0,0
manual:ten_end:manifest50,手動顕現試練,【双雷】カリスタ / 【双雷】ソレーヌ / 【薬毒】ミレア / 【薬毒】ヴィオラ,ch2_calista / ch2_solenne / ch2_mirea / ch2_viola,9999,100,100,100,1.01,2,0,0,0.75
manual:ten_end:manifest50,手動顕現試練,【霊符】シオン / 【霊符】スイレン / 【日月】ルナリア / 【日月】ソラリア,ch2_shion / ch2_suiren / ch2_lunaria / ch2_solaria,9999,100,100,100,1.01,2,0,0,1.02
manual:ten_end:manifest50,手動顕現試練,【鏡侍女】リュネ / 【鏡侍女】ロゼ / 【聖翼】アウレ / 【聖翼】ノエル,ch2_ryune / ch2_rose / ch2_aure / ch2_noelle,9999,100,100,100,1.02,2,0,0,0
manual:ten_end:manifest100,手動顕現試練,【双雷】カリスタ / 【双雷】ソレーヌ / 【薬毒】ミレア / 【薬毒】ヴィオラ,ch2_calista / ch2_solenne / ch2_mirea / ch2_viola,10000,100,100,100,1.01,2,0,0,0.75
manual:ten_end:manifest100,手動顕現試練,【霊符】シオン / 【霊符】スイレン / 【日月】ルナリア / 【日月】ソラリア,ch2_shion / ch2_suiren / ch2_lunaria / ch2_solaria,10000,100,100,100,1.01,2,0,0,1.02
manual:ten_end:manifest100,手動顕現試練,【鏡侍女】リュネ / 【鏡侍女】ロゼ / 【聖翼】アウレ / 【聖翼】ノエル,ch2_ryune / ch2_rose / ch2_aure / ch2_noelle,10000,100,100,100,1.02,2,0,0,0
manual:ten_divinity:projection50,手動顕現試練,【竜姫】ドラシア / 【竜姫】リュシエ / 【薬毒】ミレア / 【薬毒】ヴィオラ,ch2_dracia / ch2_rucie / ch2_mirea / ch2_viola,999,100,100,100,8.28,17,0,0,2.58
manual:ten_divinity:projection50,手動顕現試練,【封鍵】メリオラ / 【封鍵】エリゼル / 【薔薇】ノクテル / 【薔薇】オーリアン,ch2_meliora / ch2_elyselle / ch2_noctelle / ch2_auriane,999,100,100,100,9.65,15,0,0,1.89
manual:ten_divinity:projection50,手動顕現試練,【双藤】ネヴィア / 【双藤】エルミナ / 【聖翼】アウレ / 【聖翼】ノエル,ch2_nevia / ch2_elmina / ch2_aure / ch2_noelle,999,100,99,99,8.6,13,0,0,0.37
manual:ten_divinity:projection100,手動顕現試練,【封鍵】メリオラ / 【封鍵】エリゼル / 【薔薇】ノクテル / 【薔薇】オーリアン,ch2_meliora / ch2_elyselle / ch2_noctelle / ch2_auriane,4999,100,100,100,9.8,18,0,0,1.85
manual:ten_divinity:projection100,手動顕現試練,【竜姫】ドラシア / 【竜姫】リュシエ / 【薬毒】ミレア / 【薬毒】ヴィオラ,ch2_dracia / ch2_rucie / ch2_mirea / ch2_viola,4999,100,99,99,8.61,15,0,0,2.66
manual:ten_divinity:projection100,手動顕現試練,【双藤】ネヴィア / 【双藤】エルミナ / 【聖翼】アウレ / 【聖翼】ノエル,ch2_nevia / ch2_elmina / ch2_aure / ch2_noelle,4999,100,99,99,8.86,18,0,0,0.36
manual:ten_divinity:manifest50,手動顕現試練,【竜姫】ドラシア / 【竜姫】リュシエ / 【薬毒】ミレア / 【薬毒】ヴィオラ,ch2_dracia / ch2_rucie / ch2_mirea / ch2_viola,9999,100,100,100,8.94,16,0,0,2.61
manual:ten_divinity:manifest50,手動顕現試練,【封鍵】メリオラ / 【封鍵】エリゼル / 【薔薇】ノクテル / 【薔薇】オーリアン,ch2_meliora / ch2_elyselle / ch2_noctelle / ch2_auriane,9999,100,100,100,9.94,19,0,0,1.9
manual:ten_divinity:manifest50,手動顕現試練,【双藤】ネヴィア / 【双藤】エルミナ / 【聖翼】アウレ / 【聖翼】ノエル,ch2_nevia / ch2_elmina / ch2_aure / ch2_noelle,9999,100,98,98,8.92,11,0,0,0.34
manual:ten_divinity:manifest100,手動顕現試練,【竜姫】ドラシア / 【竜姫】リュシエ / 【薬毒】ミレア / 【薬毒】ヴィオラ,ch2_dracia / ch2_rucie / ch2_mirea / ch2_viola,10000,100,100,100,8.97,16,0,0,2.59
manual:ten_divinity:manifest100,手動顕現試練,【封鍵】メリオラ / 【封鍵】エリゼル / 【薔薇】ノクテル / 【薔薇】オーリアン,ch2_meliora / ch2_elyselle / ch2_noctelle / ch2_auriane,10000,100,100,100,10.01,19,0,0,1.93
manual:ten_divinity:manifest100,手動顕現試練,【双藤】ネヴィア / 【双藤】エルミナ / 【聖翼】アウレ / 【聖翼】ノエル,ch2_nevia / ch2_elmina / ch2_aure / ch2_noelle,10000,100,98,98,8.93,11,0,0,0.35
chapter:a1_patrol:0,第二章,【鏡侍女】リュネ / 【鏡侍女】ロゼ / 【聖翼】アウレ / 【聖翼】ノエル,ch2_ryune / ch2_rose / ch2_aure / ch2_noelle,1400,100,100,100,1,1,0,0,0
chapter:a1_patrol:0,第二章,【双雷】カリスタ / 【双雷】ソレーヌ / 【薬毒】ミレア / 【薬毒】ヴィオラ,ch2_calista / ch2_solenne / ch2_mirea / ch2_viola,1400,100,100,100,1,1,0,0,1.84
chapter:a1_patrol:0,第二章,【霊符】シオン / 【霊符】スイレン / 【日月】ルナリア / 【日月】ソラリア,ch2_shion / ch2_suiren / ch2_lunaria / ch2_solaria,1400,100,100,100,1,1,0,0,1
chapter:a1_patrol:1,第二章,【鏡侍女】リュネ / 【鏡侍女】ロゼ / 【聖翼】アウレ / 【聖翼】ノエル,ch2_ryune / ch2_rose / ch2_aure / ch2_noelle,1652,100,100,100,1,1,0,0,0
chapter:a1_patrol:1,第二章,【双雷】カリスタ / 【双雷】ソレーヌ / 【薬毒】ミレア / 【薬毒】ヴィオラ,ch2_calista / ch2_solenne / ch2_mirea / ch2_viola,1652,100,100,100,1,1,0,0,1.31
chapter:a1_patrol:1,第二章,【霊符】シオン / 【霊符】スイレン / 【日月】ルナリア / 【日月】ソラリア,ch2_shion / ch2_suiren / ch2_lunaria / ch2_solaria,1652,100,100,100,1,1,0,0,1
chapter:a1_patrol:2,第二章,【鏡侍女】リュネ / 【鏡侍女】ロゼ / 【聖翼】アウレ / 【聖翼】ノエル,ch2_ryune / ch2_rose / ch2_aure / ch2_noelle,1904,100,100,100,1,1,0,0,0
chapter:a1_patrol:2,第二章,【双雷】カリスタ / 【双雷】ソレーヌ / 【薬毒】ミレア / 【薬毒】ヴィオラ,ch2_calista / ch2_solenne / ch2_mirea / ch2_viola,1904,100,100,100,1,1,0,0,1.01
chapter:a1_patrol:2,第二章,【霊符】シオン / 【霊符】スイレン / 【日月】ルナリア / 【日月】ソラリア,ch2_shion / ch2_suiren / ch2_lunaria / ch2_solaria,1904,100,100,100,1,1,0,0,1
chapter:a1_patrol:3,第二章,【鏡侍女】リュネ / 【鏡侍女】ロゼ / 【聖翼】アウレ / 【聖翼】ノエル,ch2_ryune / ch2_rose / ch2_aure / ch2_noelle,2156,100,100,100,1,1,0,0,0
chapter:a1_patrol:3,第二章,【双雷】カリスタ / 【双雷】ソレーヌ / 【薬毒】ミレア / 【薬毒】ヴィオラ,ch2_calista / ch2_solenne / ch2_mirea / ch2_viola,2156,100,100,100,1,1,0,0,0.99
chapter:a1_patrol:3,第二章,【霊符】シオン / 【霊符】スイレン / 【日月】ルナリア / 【日月】ソラリア,ch2_shion / ch2_suiren / ch2_lunaria / ch2_solaria,2156,100,100,100,1,1,0,0,1
chapter:a1_patrol:4,第二章,【鏡侍女】リュネ / 【鏡侍女】ロゼ / 【聖翼】アウレ / 【聖翼】ノエル,ch2_ryune / ch2_rose / ch2_aure / ch2_noelle,2408,100,100,100,1,1,0,0,0
chapter:a1_patrol:4,第二章,【双雷】カリスタ / 【双雷】ソレーヌ / 【薬毒】ミレア / 【薬毒】ヴィオラ,ch2_calista / ch2_solenne / ch2_mirea / ch2_viola,2408,100,100,100,1,1,0,0,0.98
chapter:a1_patrol:4,第二章,【霊符】シオン / 【霊符】スイレン / 【日月】ルナリア / 【日月】ソラリア,ch2_shion / ch2_suiren / ch2_lunaria / ch2_solaria,2408,100,100,100,1,1,0,0,1
chapter:a1_patrol:5,第二章,【鏡侍女】リュネ / 【鏡侍女】ロゼ / 【聖翼】アウレ / 【聖翼】ノエル,ch2_ryune / ch2_rose / ch2_aure / ch2_noelle,2660,100,100,100,1,1,0,0,0
chapter:a1_patrol:5,第二章,【双雷】カリスタ / 【双雷】ソレーヌ / 【薬毒】ミレア / 【薬毒】ヴィオラ,ch2_calista / ch2_solenne / ch2_mirea / ch2_viola,2660,100,100,100,1,1,0,0,0.15
chapter:a1_patrol:5,第二章,【霊符】シオン / 【霊符】スイレン / 【日月】ルナリア / 【日月】ソラリア,ch2_shion / ch2_suiren / ch2_lunaria / ch2_solaria,2660,100,100,100,1,1,0,0,1
chapter:a1_west:0,第二章,【鏡侍女】リュネ / 【鏡侍女】ロゼ / 【聖翼】アウレ / 【聖翼】ノエル,ch2_ryune / ch2_rose / ch2_aure / ch2_noelle,1460,100,100,100,1,1,0,0,0
chapter:a1_west:0,第二章,【霊符】シオン / 【霊符】スイレン / 【日月】ルナリア / 【日月】ソラリア,ch2_shion / ch2_suiren / ch2_lunaria / ch2_solaria,1460,100,100,100,1,1,0,0,1
chapter:a1_west:0,第二章,【双雷】カリスタ / 【双雷】ソレーヌ / 【薬毒】ミレア / 【薬毒】ヴィオラ,ch2_calista / ch2_solenne / ch2_mirea / ch2_viola,1460,100,100,100,1.01,2,0,0,1.94
chapter:a1_west:1,第二章,【鏡侍女】リュネ / 【鏡侍女】ロゼ / 【聖翼】アウレ / 【聖翼】ノエル,ch2_ryune / ch2_rose / ch2_aure / ch2_noelle,1723,100,100,100,1,1,0,0,0
chapter:a1_west:1,第二章,【双雷】カリスタ / 【双雷】ソレーヌ / 【薬毒】ミレア / 【薬毒】ヴィオラ,ch2_calista / ch2_solenne / ch2_mirea / ch2_viola,1723,100,100,100,1,1,0,0,1.97
chapter:a1_west:1,第二章,【霊符】シオン / 【霊符】スイレン / 【日月】ルナリア / 【日月】ソラリア,ch2_shion / ch2_suiren / ch2_lunaria / ch2_solaria,1723,100,100,100,1,1,0,0,1
chapter:a1_west:2,第二章,【鏡侍女】リュネ / 【鏡侍女】ロゼ / 【聖翼】アウレ / 【聖翼】ノエル,ch2_ryune / ch2_rose / ch2_aure / ch2_noelle,1986,100,100,100,1,1,0,0,0
chapter:a1_west:2,第二章,【双雷】カリスタ / 【双雷】ソレーヌ / 【薬毒】ミレア / 【薬毒】ヴィオラ,ch2_calista / ch2_solenne / ch2_mirea / ch2_viola,1986,100,100,100,1,1,0,0,1.97
chapter:a1_west:2,第二章,【霊符】シオン / 【霊符】スイレン / 【日月】ルナリア / 【日月】ソラリア,ch2_shion / ch2_suiren / ch2_lunaria / ch2_solaria,1986,100,100,100,1,1,0,0,1
chapter:a1_west:3,第二章,【鏡侍女】リュネ / 【鏡侍女】ロゼ / 【聖翼】アウレ / 【聖翼】ノエル,ch2_ryune / ch2_rose / ch2_aure / ch2_noelle,2248,100,100,100,1,1,0,0,0
chapter:a1_west:3,第二章,【双雷】カリスタ / 【双雷】ソレーヌ / 【薬毒】ミレア / 【薬毒】ヴィオラ,ch2_calista / ch2_solenne / ch2_mirea / ch2_viola,2248,100,100,100,1,1,0,0,1.03
chapter:a1_west:3,第二章,【霊符】シオン / 【霊符】スイレン / 【日月】ルナリア / 【日月】ソラリア,ch2_shion / ch2_suiren / ch2_lunaria / ch2_solaria,2248,100,100,100,1,1,0,0,1
chapter:a1_west:4,第二章,【鏡侍女】リュネ / 【鏡侍女】ロゼ / 【聖翼】アウレ / 【聖翼】ノエル,ch2_ryune / ch2_rose / ch2_aure / ch2_noelle,2511,100,100,100,1,1,0,0,0
chapter:a1_west:4,第二章,【双雷】カリスタ / 【双雷】ソレーヌ / 【薬毒】ミレア / 【薬毒】ヴィオラ,ch2_calista / ch2_solenne / ch2_mirea / ch2_viola,2511,100,100,100,1,1,0,0,1.03
chapter:a1_west:4,第二章,【霊符】シオン / 【霊符】スイレン / 【日月】ルナリア / 【日月】ソラリア,ch2_shion / ch2_suiren / ch2_lunaria / ch2_solaria,2511,100,100,100,1,1,0,0,1
chapter:a1_west:5,第二章,【鏡侍女】リュネ / 【鏡侍女】ロゼ / 【聖翼】アウレ / 【聖翼】ノエル,ch2_ryune / ch2_rose / ch2_aure / ch2_noelle,2774,100,100,100,1,1,0,0,0
chapter:a1_west:5,第二章,【双雷】カリスタ / 【双雷】ソレーヌ / 【薬毒】ミレア / 【薬毒】ヴィオラ,ch2_calista / ch2_solenne / ch2_mirea / ch2_viola,2774,100,100,100,1,1,0,0,1.03
chapter:a1_west:5,第二章,【硝子】セリア / 【硝子】カルミア / 封書の小剣姫ルメア / 夜灯の従騎フィオラ,ch2_seria / ch2_carmia / ch2_lumea / ch2_fiora,2774,100,100,100,1.01,2,0,0,0.71
chapter:a1_east:0,第二章,【鏡侍女】リュネ / 【鏡侍女】ロゼ / 【聖翼】アウレ / 【聖翼】ノエル,ch2_ryune / ch2_rose / ch2_aure / ch2_noelle,1520,100,100,100,1,1,0,0,0
chapter:a1_east:0,第二章,【霊符】シオン / 【霊符】スイレン / 【日月】ルナリア / 【日月】ソラリア,ch2_shion / ch2_suiren / ch2_lunaria / ch2_solaria,1520,100,100,100,1,1,0,0,1.01
chapter:a1_east:0,第二章,【双雷】カリスタ / 【双雷】ソレーヌ / 【薬毒】ミレア / 【薬毒】ヴィオラ,ch2_calista / ch2_solenne / ch2_mirea / ch2_viola,1520,100,100,100,1.02,2,0,0,1.96
chapter:a1_east:1,第二章,【鏡侍女】リュネ / 【鏡侍女】ロゼ / 【聖翼】アウレ / 【聖翼】ノエル,ch2_ryune / ch2_rose / ch2_aure / ch2_noelle,1794,100,100,100,1,1,0,0,0
chapter:a1_east:1,第二章,【双雷】カリスタ / 【双雷】ソレーヌ / 【薬毒】ミレア / 【薬毒】ヴィオラ,ch2_calista / ch2_solenne / ch2_mirea / ch2_viola,1794,100,100,100,1,1,0,0,1.03
chapter:a1_east:1,第二章,【霊符】シオン / 【霊符】スイレン / 【日月】ルナリア / 【日月】ソラリア,ch2_shion / ch2_suiren / ch2_lunaria / ch2_solaria,1794,100,100,100,1,1,0,0,1
chapter:a1_east:2,第二章,【鏡侍女】リュネ / 【鏡侍女】ロゼ / 【聖翼】アウレ / 【聖翼】ノエル,ch2_ryune / ch2_rose / ch2_aure / ch2_noelle,2067,100,100,100,1,1,0,0,0
chapter:a1_east:2,第二章,【双雷】カリスタ / 【双雷】ソレーヌ / 【薬毒】ミレア / 【薬毒】ヴィオラ,ch2_calista / ch2_solenne / ch2_mirea / ch2_viola,2067,100,100,100,1,1,0,0,1.03
chapter:a1_east:2,第二章,【霊符】シオン / 【霊符】スイレン / 【日月】ルナリア / 【日月】ソラリア,ch2_shion / ch2_suiren / ch2_lunaria / ch2_solaria,2067,100,100,100,1,1,0,0,1
chapter:a1_east:3,第二章,【鏡侍女】リュネ / 【鏡侍女】ロゼ / 【聖翼】アウレ / 【聖翼】ノエル,ch2_ryune / ch2_rose / ch2_aure / ch2_noelle,2341,100,100,100,1,1,0,0,0
chapter:a1_east:3,第二章,【双雷】カリスタ / 【双雷】ソレーヌ / 【薬毒】ミレア / 【薬毒】ヴィオラ,ch2_calista / ch2_solenne / ch2_mirea / ch2_viola,2341,100,100,100,1,1,0,0,1.03
chapter:a1_east:3,第二章,【霊符】シオン / 【霊符】スイレン / 【日月】ルナリア / 【日月】ソラリア,ch2_shion / ch2_suiren / ch2_lunaria / ch2_solaria,2341,100,100,100,1,1,0,0,1
chapter:a1_east:4,第二章,【鏡侍女】リュネ / 【鏡侍女】ロゼ / 【聖翼】アウレ / 【聖翼】ノエル,ch2_ryune / ch2_rose / ch2_aure / ch2_noelle,2614,100,100,100,1,1,0,0,0
chapter:a1_east:4,第二章,【双雷】カリスタ / 【双雷】ソレーヌ / 【薬毒】ミレア / 【薬毒】ヴィオラ,ch2_calista / ch2_solenne / ch2_mirea / ch2_viola,2614,100,100,100,1,1,0,0,1.03
chapter:a1_east:4,第二章,【霊符】シオン / 【霊符】スイレン / 【日月】ルナリア / 【日月】ソラリア,ch2_shion / ch2_suiren / ch2_lunaria / ch2_solaria,2614,100,100,100,1,1,0,0,1
chapter:a1_east:5,第二章,【鏡侍女】リュネ / 【鏡侍女】ロゼ / 【聖翼】アウレ / 【聖翼】ノエル,ch2_ryune / ch2_rose / ch2_aure / ch2_noelle,2888,100,100,100,1,1,0,0,0
chapter:a1_east:5,第二章,【双雷】カリスタ / 【双雷】ソレーヌ / 【薬毒】ミレア / 【薬毒】ヴィオラ,ch2_calista / ch2_solenne / ch2_mirea / ch2_viola,2888,100,100,100,1,1,0,0,1.03
chapter:a1_east:5,第二章,【霊符】シオン / 【霊符】スイレン / 【日月】ルナリア / 【日月】ソラリア,ch2_shion / ch2_suiren / ch2_lunaria / ch2_solaria,2888,100,100,100,1,1,0,0,1
chapter:a1_heart:0,第二章,【返誓】ロスティア / 【返誓】アルテア / 【星刻】エイレーネ / 【星刻】イリデル,ch2_rostia / ch2_althea / ch2_eirene / ch2_iridelle,1580,100,100,100,1,1,0,0,0.76
chapter:a1_heart:0,第二章,【鏡侍女】リュネ / 【鏡侍女】ロゼ / 【聖翼】アウレ / 【聖翼】ノエル,ch2_ryune / ch2_rose / ch2_aure / ch2_noelle,1580,100,100,100,1.03,2,0,0,0
chapter:a1_heart:0,第二章,【双藤】ネヴィア / 【双藤】エルミナ / 【聖翼】アウレ / 【聖翼】ノエル,ch2_nevia / ch2_elmina / ch2_aure / ch2_noelle,1580,100,100,100,1.04,2,0,0,0.04
chapter:a1_heart:1,第二章,【封鍵】メリオラ / 【封鍵】エリゼル / 【薔薇】ノクテル / 【薔薇】オーリアン,ch2_meliora / ch2_elyselle / ch2_noctelle / ch2_auriane,1864,100,100,100,1.01,2,0,0,0
chapter:a1_heart:1,第二章,【鏡侍女】リュネ / 【鏡侍女】ロゼ / 【聖翼】アウレ / 【聖翼】ノエル,ch2_ryune / ch2_rose / ch2_aure / ch2_noelle,1864,100,100,100,1.04,2,0,0,0
chapter:a1_heart:1,第二章,【双藤】ネヴィア / 【双藤】エルミナ / 【聖翼】アウレ / 【聖翼】ノエル,ch2_nevia / ch2_elmina / ch2_aure / ch2_noelle,1864,100,100,100,1.04,2,0,0,0
chapter:a1_heart:2,第二章,【鏡侍女】リュネ / 【鏡侍女】ロゼ / 【聖翼】アウレ / 【聖翼】ノエル,ch2_ryune / ch2_rose / ch2_aure / ch2_noelle,2149,100,100,100,1,1,0,0,0
chapter:a1_heart:2,第二章,【封鍵】メリオラ / 【封鍵】エリゼル / 【薔薇】ノクテル / 【薔薇】オーリアン,ch2_meliora / ch2_elyselle / ch2_noctelle / ch2_auriane,2149,100,100,100,1,1,0,0,0
chapter:a1_heart:2,第二章,【双藤】ネヴィア / 【双藤】エルミナ / 【聖翼】アウレ / 【聖翼】ノエル,ch2_nevia / ch2_elmina / ch2_aure / ch2_noelle,2149,100,100,100,1.02,2,0,0,0.01
chapter:a1_heart:3,第二章,【鏡侍女】リュネ / 【鏡侍女】ロゼ / 【聖翼】アウレ / 【聖翼】ノエル,ch2_ryune / ch2_rose / ch2_aure / ch2_noelle,2433,100,100,100,1,1,0,0,0
chapter:a1_heart:3,第二章,【封鍵】メリオラ / 【封鍵】エリゼル / 【薔薇】ノクテル / 【薔薇】オーリアン,ch2_meliora / ch2_elyselle / ch2_noctelle / ch2_auriane,2433,100,100,100,1,1,0,0,0
chapter:a1_heart:3,第二章,【竜姫】ドラシア / 【竜姫】リュシエ / 【薬毒】ミレア / 【薬毒】ヴィオラ,ch2_dracia / ch2_rucie / ch2_mirea / ch2_viola,2433,100,100,100,1,1,0,0,1
chapter:a1_heart:4,第二章,【鏡侍女】リュネ / 【鏡侍女】ロゼ / 【聖翼】アウレ / 【聖翼】ノエル,ch2_ryune / ch2_rose / ch2_aure / ch2_noelle,2718,100,100,100,1,1,0,0,0
chapter:a1_heart:4,第二章,【封鍵】メリオラ / 【封鍵】エリゼル / 【薔薇】ノクテル / 【薔薇】オーリアン,ch2_meliora / ch2_elyselle / ch2_noctelle / ch2_auriane,2718,100,100,100,1,1,0,0,0
chapter:a1_heart:4,第二章,【竜姫】ドラシア / 【竜姫】リュシエ / 【薬毒】ミレア / 【薬毒】ヴィオラ,ch2_dracia / ch2_rucie / ch2_mirea / ch2_viola,2718,100,100,100,1,1,0,0,1
chapter:a1_heart:5,第二章,【鏡侍女】リュネ / 【鏡侍女】ロゼ / 【聖翼】アウレ / 【聖翼】ノエル,ch2_ryune / ch2_rose / ch2_aure / ch2_noelle,3002,100,100,100,1,1,0,0,0
chapter:a1_heart:5,第二章,【封鍵】メリオラ / 【封鍵】エリゼル / 【薔薇】ノクテル / 【薔薇】オーリアン,ch2_meliora / ch2_elyselle / ch2_noctelle / ch2_auriane,3002,100,100,100,1,1,0,0,0
chapter:a1_heart:5,第二章,【竜姫】ドラシア / 【竜姫】リュシエ / 【薬毒】ミレア / 【薬毒】ヴィオラ,ch2_dracia / ch2_rucie / ch2_mirea / ch2_viola,3002,100,100,100,1,1,0,0,1
chapter:a2_patrol:0,第二章,【鏡侍女】リュネ / 【鏡侍女】ロゼ / 【聖翼】アウレ / 【聖翼】ノエル,ch2_ryune / ch2_rose / ch2_aure / ch2_noelle,2000,100,100,100,1,1,0,0,0
chapter:a2_patrol:0,第二章,【双雷】カリスタ / 【双雷】ソレーヌ / 【薬毒】ミレア / 【薬毒】ヴィオラ,ch2_calista / ch2_solenne / ch2_mirea / ch2_viola,2000,100,100,100,1,1,0,0,1.86
chapter:a2_patrol:0,第二章,【霊符】シオン / 【霊符】スイレン / 【日月】ルナリア / 【日月】ソラリア,ch2_shion / ch2_suiren / ch2_lunaria / ch2_solaria,2000,100,100,100,1,1,0,0,1
chapter:a2_patrol:1,第二章,【鏡侍女】リュネ / 【鏡侍女】ロゼ / 【聖翼】アウレ / 【聖翼】ノエル,ch2_ryune / ch2_rose / ch2_aure / ch2_noelle,2360,100,100,100,1,1,0,0,0
chapter:a2_patrol:1,第二章,【双雷】カリスタ / 【双雷】ソレーヌ / 【薬毒】ミレア / 【薬毒】ヴィオラ,ch2_calista / ch2_solenne / ch2_mirea / ch2_viola,2360,100,100,100,1,1,0,0,1.24
chapter:a2_patrol:1,第二章,【霊符】シオン / 【霊符】スイレン / 【日月】ルナリア / 【日月】ソラリア,ch2_shion / ch2_suiren / ch2_lunaria / ch2_solaria,2360,100,100,100,1,1,0,0,1
chapter:a2_patrol:2,第二章,【鏡侍女】リュネ / 【鏡侍女】ロゼ / 【聖翼】アウレ / 【聖翼】ノエル,ch2_ryune / ch2_rose / ch2_aure / ch2_noelle,2720,100,100,100,1,1,0,0,0
chapter:a2_patrol:2,第二章,【双雷】カリスタ / 【双雷】ソレーヌ / 【薬毒】ミレア / 【薬毒】ヴィオラ,ch2_calista / ch2_solenne / ch2_mirea / ch2_viola,2720,100,100,100,1,1,0,0,1.03
chapter:a2_patrol:2,第二章,【硝子】セリア / 【硝子】カルミア / 封書の小剣姫ルメア / 夜灯の従騎フィオラ,ch2_seria / ch2_carmia / ch2_lumea / ch2_fiora,2720,100,100,100,1.05,2,3,0,0
chapter:a2_patrol:3,第二章,【鏡侍女】リュネ / 【鏡侍女】ロゼ / 【聖翼】アウレ / 【聖翼】ノエル,ch2_ryune / ch2_rose / ch2_aure / ch2_noelle,3080,100,100,100,1,1,0,0,0
chapter:a2_patrol:3,第二章,【双雷】カリスタ / 【双雷】ソレーヌ / 【薬毒】ミレア / 【薬毒】ヴィオラ,ch2_calista / ch2_solenne / ch2_mirea / ch2_viola,3080,100,100,100,1,1,0,0,1.02
chapter:a2_patrol:3,第二章,【硝子】セリア / 【硝子】カルミア / 封書の小剣姫ルメア / 夜灯の従騎フィオラ,ch2_seria / ch2_carmia / ch2_lumea / ch2_fiora,3080,100,100,100,1.03,2,2,0,0
chapter:a2_patrol:4,第二章,【鏡侍女】リュネ / 【鏡侍女】ロゼ / 【聖翼】アウレ / 【聖翼】ノエル,ch2_ryune / ch2_rose / ch2_aure / ch2_noelle,3440,100,100,100,1,1,0,0,0
chapter:a2_patrol:4,第二章,【双雷】カリスタ / 【双雷】ソレーヌ / 【薬毒】ミレア / 【薬毒】ヴィオラ,ch2_calista / ch2_solenne / ch2_mirea / ch2_viola,3440,100,100,100,1,1,0,0,0.92
chapter:a2_patrol:4,第二章,【硝子】セリア / 【硝子】カルミア / 封書の小剣姫ルメア / 夜灯の従騎フィオラ,ch2_seria / ch2_carmia / ch2_lumea / ch2_fiora,3440,100,100,100,1.02,2,1,0,0
chapter:a2_patrol:5,第二章,【鏡侍女】リュネ / 【鏡侍女】ロゼ / 【聖翼】アウレ / 【聖翼】ノエル,ch2_ryune / ch2_rose / ch2_aure / ch2_noelle,3800,100,100,100,1,1,0,0,0
chapter:a2_patrol:5,第二章,【双雷】カリスタ / 【双雷】ソレーヌ / 【薬毒】ミレア / 【薬毒】ヴィオラ,ch2_calista / ch2_solenne / ch2_mirea / ch2_viola,3800,100,100,100,1,1,0,0,0.93
chapter:a2_patrol:5,第二章,【硝子】セリア / 【硝子】カルミア / 封書の小剣姫ルメア / 夜灯の従騎フィオラ,ch2_seria / ch2_carmia / ch2_lumea / ch2_fiora,3800,100,100,100,1.02,2,1,0,0
chapter:a2_west:0,第二章,【鏡侍女】リュネ / 【鏡侍女】ロゼ / 【聖翼】アウレ / 【聖翼】ノエル,ch2_ryune / ch2_rose / ch2_aure / ch2_noelle,2060,100,100,100,1,1,0,0,0
chapter:a2_west:0,第二章,【霊符】シオン / 【霊符】スイレン / 【日月】ルナリア / 【日月】ソラリア,ch2_shion / ch2_suiren / ch2_lunaria / ch2_solaria,2060,100,100,100,1,1,0,0,1.02
chapter:a2_west:0,第二章,【双雷】カリスタ / 【双雷】ソレーヌ / 【薬毒】ミレア / 【薬毒】ヴィオラ,ch2_calista / ch2_solenne / ch2_mirea / ch2_viola,2060,100,100,100,1.38,2,0,0,1.95
chapter:a2_west:1,第二章,【鏡侍女】リュネ / 【鏡侍女】ロゼ / 【聖翼】アウレ / 【聖翼】ノエル,ch2_ryune / ch2_rose / ch2_aure / ch2_noelle,2431,100,100,100,1,1,0,0,0
chapter:a2_west:1,第二章,【霊符】シオン / 【霊符】スイレン / 【日月】ルナリア / 【日月】ソラリア,ch2_shion / ch2_suiren / ch2_lunaria / ch2_solaria,2431,100,100,100,1,1,0,0,1.04
chapter:a2_west:1,第二章,【双雷】カリスタ / 【双雷】ソレーヌ / 【薬毒】ミレア / 【薬毒】ヴィオラ,ch2_calista / ch2_solenne / ch2_mirea / ch2_viola,2431,100,100,100,1.09,2,0,0,1.95
chapter:a2_west:2,第二章,【鏡侍女】リュネ / 【鏡侍女】ロゼ / 【聖翼】アウレ / 【聖翼】ノエル,ch2_ryune / ch2_rose / ch2_aure / ch2_noelle,2802,100,100,100,1,1,0,0,0
chapter:a2_west:2,第二章,【霊符】シオン / 【霊符】スイレン / 【日月】ルナリア / 【日月】ソラリア,ch2_shion / ch2_suiren / ch2_lunaria / ch2_solaria,2802,100,100,100,1,1,0,0,1.03
chapter:a2_west:2,第二章,【封鍵】メリオラ / 【封鍵】エリゼル / 【薔薇】ノクテル / 【薔薇】オーリアン,ch2_meliora / ch2_elyselle / ch2_noctelle / ch2_auriane,2802,100,100,100,1,1,0,0,0
chapter:a2_west:3,第二章,【鏡侍女】リュネ / 【鏡侍女】ロゼ / 【聖翼】アウレ / 【聖翼】ノエル,ch2_ryune / ch2_rose / ch2_aure / ch2_noelle,3172,100,100,100,1,1,0,0,0
chapter:a2_west:3,第二章,【霊符】シオン / 【霊符】スイレン / 【日月】ルナリア / 【日月】ソラリア,ch2_shion / ch2_suiren / ch2_lunaria / ch2_solaria,3172,100,100,100,1,1,0,0,1.02
chapter:a2_west:3,第二章,【封鍵】メリオラ / 【封鍵】エリゼル / 【薔薇】ノクテル / 【薔薇】オーリアン,ch2_meliora / ch2_elyselle / ch2_noctelle / ch2_auriane,3172,100,100,100,1,1,0,0,0
chapter:a2_west:4,第二章,【鏡侍女】リュネ / 【鏡侍女】ロゼ / 【聖翼】アウレ / 【聖翼】ノエル,ch2_ryune / ch2_rose / ch2_aure / ch2_noelle,3543,100,100,100,1,1,0,0,0
chapter:a2_west:4,第二章,【霊符】シオン / 【霊符】スイレン / 【日月】ルナリア / 【日月】ソラリア,ch2_shion / ch2_suiren / ch2_lunaria / ch2_solaria,3543,100,100,100,1,1,0,0,1
chapter:a2_west:4,第二章,【双雷】カリスタ / 【双雷】ソレーヌ / 【薬毒】ミレア / 【薬毒】ヴィオラ,ch2_calista / ch2_solenne / ch2_mirea / ch2_viola,3543,100,100,100,1.01,2,0,0,1.97
chapter:a2_west:5,第二章,【鏡侍女】リュネ / 【鏡侍女】ロゼ / 【聖翼】アウレ / 【聖翼】ノエル,ch2_ryune / ch2_rose / ch2_aure / ch2_noelle,3914,100,100,100,1,1,0,0,0
chapter:a2_west:5,第二章,【霊符】シオン / 【霊符】スイレン / 【日月】ルナリア / 【日月】ソラリア,ch2_shion / ch2_suiren / ch2_lunaria / ch2_solaria,3914,100,100,100,1,1,0,0,1
chapter:a2_west:5,第二章,【双雷】カリスタ / 【双雷】ソレーヌ / 【薬毒】ミレア / 【薬毒】ヴィオラ,ch2_calista / ch2_solenne / ch2_mirea / ch2_viola,3914,100,100,100,1.01,2,0,0,1.97
chapter:a2_east:0,第二章,【霊符】シオン / 【霊符】スイレン / 【日月】ルナリア / 【日月】ソラリア,ch2_shion / ch2_suiren / ch2_lunaria / ch2_solaria,2120,100,100,100,1,1,0,0,1.98
chapter:a2_east:0,第二章,【竜姫】ドラシア / 【竜姫】リュシエ / 【薬毒】ミレア / 【薬毒】ヴィオラ,ch2_dracia / ch2_rucie / ch2_mirea / ch2_viola,2120,100,100,100,1.01,2,0,0,1.29
chapter:a2_east:0,第二章,【双雷】カリスタ / 【双雷】ソレーヌ / 【薬毒】ミレア / 【薬毒】ヴィオラ,ch2_calista / ch2_solenne / ch2_mirea / ch2_viola,2120,100,100,100,1.07,2,0,0,1.99
chapter:a2_east:1,第二章,【霊符】シオン / 【霊符】スイレン / 【日月】ルナリア / 【日月】ソラリア,ch2_shion / ch2_suiren / ch2_lunaria / ch2_solaria,2502,100,100,100,1,1,0,0,1.13
chapter:a2_east:1,第二章,【竜姫】ドラシア / 【竜姫】リュシエ / 【薬毒】ミレア / 【薬毒】ヴィオラ,ch2_dracia / ch2_rucie / ch2_mirea / ch2_viola,2502,100,100,100,1.01,2,0,0,1.04
chapter:a2_east:1,第二章,【双雷】カリスタ / 【双雷】ソレーヌ / 【薬毒】ミレア / 【薬毒】ヴィオラ,ch2_calista / ch2_solenne / ch2_mirea / ch2_viola,2502,100,100,100,1.07,2,0,0,1.99
chapter:a2_east:2,第二章,【霊符】シオン / 【霊符】スイレン / 【日月】ルナリア / 【日月】ソラリア,ch2_shion / ch2_suiren / ch2_lunaria / ch2_solaria,2883,100,100,100,1,1,0,0,1.06
chapter:a2_east:2,第二章,【竜姫】ドラシア / 【竜姫】リュシエ / 【薬毒】ミレア / 【薬毒】ヴィオラ,ch2_dracia / ch2_rucie / ch2_mirea / ch2_viola,2883,100,100,100,1,1,0,0,0.99
chapter:a2_east:2,第二章,【双雷】カリスタ / 【双雷】ソレーヌ / 【薬毒】ミレア / 【薬毒】ヴィオラ,ch2_calista / ch2_solenne / ch2_mirea / ch2_viola,2883,100,100,100,1.11,2,0,0,1.09
chapter:a2_east:3,第二章,【霊符】シオン / 【霊符】スイレン / 【日月】ルナリア / 【日月】ソラリア,ch2_shion / ch2_suiren / ch2_lunaria / ch2_solaria,3265,100,100,100,1,1,0,0,1.02
chapter:a2_east:3,第二章,【竜姫】ドラシア / 【竜姫】リュシエ / 【薬毒】ミレア / 【薬毒】ヴィオラ,ch2_dracia / ch2_rucie / ch2_mirea / ch2_viola,3265,100,100,100,1,1,0,0,0.99
chapter:a2_east:3,第二章,【双雷】カリスタ / 【双雷】ソレーヌ / 【薬毒】ミレア / 【薬毒】ヴィオラ,ch2_calista / ch2_solenne / ch2_mirea / ch2_viola,3265,100,100,100,1.01,2,0,0,1.98
chapter:a2_east:4,第二章,【霊符】シオン / 【霊符】スイレン / 【日月】ルナリア / 【日月】ソラリア,ch2_shion / ch2_suiren / ch2_lunaria / ch2_solaria,3646,100,100,100,1,1,0,0,1.02
chapter:a2_east:4,第二章,【双雷】カリスタ / 【双雷】ソレーヌ / 【薬毒】ミレア / 【薬毒】ヴィオラ,ch2_calista / ch2_solenne / ch2_mirea / ch2_viola,3646,100,100,100,1.01,2,0,0,1.94
chapter:a2_east:4,第二章,【鏡侍女】リュネ / 【鏡侍女】ロゼ / 【聖翼】アウレ / 【聖翼】ノエル,ch2_ryune / ch2_rose / ch2_aure / ch2_noelle,3646,100,100,100,1.06,2,0,0,0
chapter:a2_east:5,第二章,【霊符】シオン / 【霊符】スイレン / 【日月】ルナリア / 【日月】ソラリア,ch2_shion / ch2_suiren / ch2_lunaria / ch2_solaria,4028,100,100,100,1,1,0,0,1.01
chapter:a2_east:5,第二章,【双雷】カリスタ / 【双雷】ソレーヌ / 【薬毒】ミレア / 【薬毒】ヴィオラ,ch2_calista / ch2_solenne / ch2_mirea / ch2_viola,4028,100,100,100,1.02,2,0,0,1.95
chapter:a2_east:5,第二章,【鏡侍女】リュネ / 【鏡侍女】ロゼ / 【聖翼】アウレ / 【聖翼】ノエル,ch2_ryune / ch2_rose / ch2_aure / ch2_noelle,4028,100,100,100,1.03,2,0,0,0
chapter:a2_heart:0,第二章,【鏡侍女】リュネ / 【鏡侍女】ロゼ / 【聖翼】アウレ / 【聖翼】ノエル,ch2_ryune / ch2_rose / ch2_aure / ch2_noelle,2180,100,100,100,1.03,2,0,0,0
chapter:a2_heart:0,第二章,【双藤】ネヴィア / 【双藤】エルミナ / 【聖翼】アウレ / 【聖翼】ノエル,ch2_nevia / ch2_elmina / ch2_aure / ch2_noelle,2180,100,100,100,1.03,2,0,0,0.04
chapter:a2_heart:0,第二章,【星糸】セレス / 【星糸】ルミナ / 【誓姫】リリエット / 【誓姫】ロゼット,ch2_celes / ch2_lumina / ch2_lyriet / ch2_rosette,2180,100,100,100,1.09,2,0,0,1.04
chapter:a2_heart:1,第二章,【封鍵】メリオラ / 【封鍵】エリゼル / 【薔薇】ノクテル / 【薔薇】オーリアン,ch2_meliora / ch2_elyselle / ch2_noctelle / ch2_auriane,2572,100,100,100,1,1,0,0,0
chapter:a2_heart:1,第二章,【双藤】ネヴィア / 【双藤】エルミナ / 【聖翼】アウレ / 【聖翼】ノエル,ch2_nevia / ch2_elmina / ch2_aure / ch2_noelle,2572,100,100,100,1.02,2,0,0,0.04
chapter:a2_heart:1,第二章,【鏡侍女】リュネ / 【鏡侍女】ロゼ / 【聖翼】アウレ / 【聖翼】ノエル,ch2_ryune / ch2_rose / ch2_aure / ch2_noelle,2572,100,100,100,1.03,2,0,0,0
chapter:a2_heart:2,第二章,【封鍵】メリオラ / 【封鍵】エリゼル / 【薔薇】ノクテル / 【薔薇】オーリアン,ch2_meliora / ch2_elyselle / ch2_noctelle / ch2_auriane,2965,100,100,100,1,1,0,0,0
chapter:a2_heart:2,第二章,【鏡侍女】リュネ / 【鏡侍女】ロゼ / 【聖翼】アウレ / 【聖翼】ノエル,ch2_ryune / ch2_rose / ch2_aure / ch2_noelle,2965,100,100,100,1.02,2,0,0,0
chapter:a2_heart:2,第二章,【双藤】ネヴィア / 【双藤】エルミナ / 【聖翼】アウレ / 【聖翼】ノエル,ch2_nevia / ch2_elmina / ch2_aure / ch2_noelle,2965,100,100,100,1.02,2,0,0,0.04
chapter:a2_heart:3,第二章,【封鍵】メリオラ / 【封鍵】エリゼル / 【薔薇】ノクテル / 【薔薇】オーリアン,ch2_meliora / ch2_elyselle / ch2_noctelle / ch2_auriane,3357,100,100,100,1,1,0,0,0
chapter:a2_heart:3,第二章,【鏡侍女】リュネ / 【鏡侍女】ロゼ / 【聖翼】アウレ / 【聖翼】ノエル,ch2_ryune / ch2_rose / ch2_aure / ch2_noelle,3357,100,100,100,1.02,2,0,0,0
chapter:a2_heart:3,第二章,【霊符】シオン / 【霊符】スイレン / 【日月】ルナリア / 【日月】ソラリア,ch2_shion / ch2_suiren / ch2_lunaria / ch2_solaria,3357,100,100,100,1.02,2,0,0,2
chapter:a2_heart:4,第二章,【鏡侍女】リュネ / 【鏡侍女】ロゼ / 【聖翼】アウレ / 【聖翼】ノエル,ch2_ryune / ch2_rose / ch2_aure / ch2_noelle,3750,100,100,100,1,1,0,0,0
chapter:a2_heart:4,第二章,【封鍵】メリオラ / 【封鍵】エリゼル / 【薔薇】ノクテル / 【薔薇】オーリアン,ch2_meliora / ch2_elyselle / ch2_noctelle / ch2_auriane,3750,100,100,100,1,1,0,0,0
chapter:a2_heart:4,第二章,【霊符】シオン / 【霊符】スイレン / 【日月】ルナリア / 【日月】ソラリア,ch2_shion / ch2_suiren / ch2_lunaria / ch2_solaria,3750,100,100,100,1.02,2,0,0,1.95
chapter:a2_heart:5,第二章,【鏡侍女】リュネ / 【鏡侍女】ロゼ / 【聖翼】アウレ / 【聖翼】ノエル,ch2_ryune / ch2_rose / ch2_aure / ch2_noelle,4142,100,100,100,1,1,0,0,0
chapter:a2_heart:5,第二章,【封鍵】メリオラ / 【封鍵】エリゼル / 【薔薇】ノクテル / 【薔薇】オーリアン,ch2_meliora / ch2_elyselle / ch2_noctelle / ch2_auriane,4142,100,100,100,1,1,0,0,0
chapter:a2_heart:5,第二章,【霊符】シオン / 【霊符】スイレン / 【日月】ルナリア / 【日月】ソラリア,ch2_shion / ch2_suiren / ch2_lunaria / ch2_solaria,4142,100,100,100,1.02,2,0,0,1.12
chapter:a3_patrol:0,第二章,【霊符】シオン / 【霊符】スイレン / 【日月】ルナリア / 【日月】ソラリア,ch2_shion / ch2_suiren / ch2_lunaria / ch2_solaria,2800,100,100,100,1.01,2,0,0,2
chapter:a3_patrol:0,第二章,【封鍵】メリオラ / 【封鍵】エリゼル / 【薔薇】ノクテル / 【薔薇】オーリアン,ch2_meliora / ch2_elyselle / ch2_noctelle / ch2_auriane,2800,100,100,100,1.01,2,0,0,0
chapter:a3_patrol:0,第二章,【返誓】ロスティア / 【返誓】アルテア / 【星刻】エイレーネ / 【星刻】イリデル,ch2_rostia / ch2_althea / ch2_eirene / ch2_iridelle,2800,100,100,100,1.01,2,0,0,0.04
chapter:a3_patrol:1,第二章,【封鍵】メリオラ / 【封鍵】エリゼル / 【薔薇】ノクテル / 【薔薇】オーリアン,ch2_meliora / ch2_elyselle / ch2_noctelle / ch2_auriane,3304,100,100,100,1,1,0,0,0
chapter:a3_patrol:1,第二章,【返誓】ロスティア / 【返誓】アルテア / 【星刻】エイレーネ / 【星刻】イリデル,ch2_rostia / ch2_althea / ch2_eirene / ch2_iridelle,3304,100,100,100,1,1,0,0,0.04
chapter:a3_patrol:1,第二章,【霊符】シオン / 【霊符】スイレン / 【日月】ルナリア / 【日月】ソラリア,ch2_shion / ch2_suiren / ch2_lunaria / ch2_solaria,3304,100,100,100,1.01,2,0,0,1.18
chapter:a3_patrol:2,第二章,【霊符】シオン / 【霊符】スイレン / 【日月】ルナリア / 【日月】ソラリア,ch2_shion / ch2_suiren / ch2_lunaria / ch2_solaria,3808,100,100,100,1,1,0,0,1.11
chapter:a3_patrol:2,第二章,【封鍵】メリオラ / 【封鍵】エリゼル / 【薔薇】ノクテル / 【薔薇】オーリアン,ch2_meliora / ch2_elyselle / ch2_noctelle / ch2_auriane,3808,100,100,100,1,1,0,0,0
chapter:a3_patrol:2,第二章,【鏡侍女】リュネ / 【鏡侍女】ロゼ / 【聖翼】アウレ / 【聖翼】ノエル,ch2_ryune / ch2_rose / ch2_aure / ch2_noelle,3808,100,100,100,1.06,2,0,0,0
chapter:a3_patrol:3,第二章,【霊符】シオン / 【霊符】スイレン / 【日月】ルナリア / 【日月】ソラリア,ch2_shion / ch2_suiren / ch2_lunaria / ch2_solaria,4312,100,100,100,1,1,0,0,1.08
chapter:a3_patrol:3,第二章,【鏡侍女】リュネ / 【鏡侍女】ロゼ / 【聖翼】アウレ / 【聖翼】ノエル,ch2_ryune / ch2_rose / ch2_aure / ch2_noelle,4312,100,100,100,1.03,2,0,0,0
chapter:a3_patrol:3,第二章,【双雷】カリスタ / 【双雷】ソレーヌ / 【薬毒】ミレア / 【薬毒】ヴィオラ,ch2_calista / ch2_solenne / ch2_mirea / ch2_viola,4312,100,100,100,1.32,2,0,0,1.9
chapter:a3_patrol:4,第二章,【鏡侍女】リュネ / 【鏡侍女】ロゼ / 【聖翼】アウレ / 【聖翼】ノエル,ch2_ryune / ch2_rose / ch2_aure / ch2_noelle,4816,100,100,100,1,1,0,0,0
chapter:a3_patrol:4,第二章,【霊符】シオン / 【霊符】スイレン / 【日月】ルナリア / 【日月】ソラリア,ch2_shion / ch2_suiren / ch2_lunaria / ch2_solaria,4816,100,100,100,1,1,0,0,1.04
chapter:a3_patrol:4,第二章,【双雷】カリスタ / 【双雷】ソレーヌ / 【薬毒】ミレア / 【薬毒】ヴィオラ,ch2_calista / ch2_solenne / ch2_mirea / ch2_viola,4816,100,100,100,1.26,2,0,0,1.93
chapter:a3_patrol:5,第二章,【鏡侍女】リュネ / 【鏡侍女】ロゼ / 【聖翼】アウレ / 【聖翼】ノエル,ch2_ryune / ch2_rose / ch2_aure / ch2_noelle,5320,100,100,100,1,1,0,0,0
chapter:a3_patrol:5,第二章,【霊符】シオン / 【霊符】スイレン / 【日月】ルナリア / 【日月】ソラリア,ch2_shion / ch2_suiren / ch2_lunaria / ch2_solaria,5320,100,100,100,1,1,0,0,1.08
chapter:a3_patrol:5,第二章,【双雷】カリスタ / 【双雷】ソレーヌ / 【薬毒】ミレア / 【薬毒】ヴィオラ,ch2_calista / ch2_solenne / ch2_mirea / ch2_viola,5320,100,100,100,1.03,2,0,0,1.93
chapter:a3_west:0,第二章,【剣姫】ネメシア / 【剣姫】エヴェリア / 【双鐘】フェルネ / 【双鐘】クラリス,ch2_nemesia / ch2_everia / ch2_ferne / ch2_clarisse,2860,100,100,100,1.02,2,0,0,0.04
chapter:a3_west:0,第二章,【霊符】シオン / 【霊符】スイレン / 【日月】ルナリア / 【日月】ソラリア,ch2_shion / ch2_suiren / ch2_lunaria / ch2_solaria,2860,100,100,100,1.03,2,0,0,2
chapter:a3_west:0,第二章,【返誓】ロスティア / 【返誓】アルテア / 【星刻】エイレーネ / 【星刻】イリデル,ch2_rostia / ch2_althea / ch2_eirene / ch2_iridelle,2860,100,100,100,1.07,2,0,0,0.01
chapter:a3_west:1,第二章,【返誓】ロスティア / 【返誓】アルテア / 【星刻】エイレーネ / 【星刻】イリデル,ch2_rostia / ch2_althea / ch2_eirene / ch2_iridelle,3375,100,100,100,1.02,2,0,0,0.85
chapter:a3_west:1,第二章,【霊符】シオン / 【霊符】スイレン / 【日月】ルナリア / 【日月】ソラリア,ch2_shion / ch2_suiren / ch2_lunaria / ch2_solaria,3375,100,100,100,1.03,2,0,0,1.1
chapter:a3_west:1,第二章,【双藤】ネヴィア / 【双藤】エルミナ / 【聖翼】アウレ / 【聖翼】ノエル,ch2_nevia / ch2_elmina / ch2_aure / ch2_noelle,3375,100,100,100,1.14,2,0,0,0.03
chapter:a3_west:2,第二章,【返誓】ロスティア / 【返誓】アルテア / 【星刻】エイレーネ / 【星刻】イリデル,ch2_rostia / ch2_althea / ch2_eirene / ch2_iridelle,3890,100,100,100,1,1,0,0,0.76
chapter:a3_west:2,第二章,【霊符】シオン / 【霊符】スイレン / 【日月】ルナリア / 【日月】ソラリア,ch2_shion / ch2_suiren / ch2_lunaria / ch2_solaria,3890,100,100,100,1.01,2,0,0,1.13
chapter:a3_west:2,第二章,【双藤】ネヴィア / 【双藤】エルミナ / 【聖翼】アウレ / 【聖翼】ノエル,ch2_nevia / ch2_elmina / ch2_aure / ch2_noelle,3890,100,100,100,1.05,2,0,0,0.09
chapter:a3_west:3,第二章,【霊符】シオン / 【霊符】スイレン / 【日月】ルナリア / 【日月】ソラリア,ch2_shion / ch2_suiren / ch2_lunaria / ch2_solaria,4404,100,100,100,1.01,2,0,0,1.08
chapter:a3_west:3,第二章,【双藤】ネヴィア / 【双藤】エルミナ / 【聖翼】アウレ / 【聖翼】ノエル,ch2_nevia / ch2_elmina / ch2_aure / ch2_noelle,4404,100,100,100,1.01,2,0,0,0.07
chapter:a3_west:3,第二章,【竜姫】ドラシア / 【竜姫】リュシエ / 【薬毒】ミレア / 【薬毒】ヴィオラ,ch2_dracia / ch2_rucie / ch2_mirea / ch2_viola,4404,100,100,100,1.05,2,0,0,1
chapter:a3_west:4,第二章,【霊符】シオン / 【霊符】スイレン / 【日月】ルナリア / 【日月】ソラリア,ch2_shion / ch2_suiren / ch2_lunaria / ch2_solaria,4919,100,100,100,1.01,2,0,0,1.08
chapter:a3_west:4,第二章,【竜姫】ドラシア / 【竜姫】リュシエ / 【薬毒】ミレア / 【薬毒】ヴィオラ,ch2_dracia / ch2_rucie / ch2_mirea / ch2_viola,4919,100,100,100,1.01,2,0,0,1
chapter:a3_west:4,第二章,【双雷】カリスタ / 【双雷】ソレーヌ / 【薬毒】ミレア / 【薬毒】ヴィオラ,ch2_calista / ch2_solenne / ch2_mirea / ch2_viola,4919,100,100,100,1.04,2,0,0,1.09
chapter:a3_west:5,第二章,【霊符】シオン / 【霊符】スイレン / 【日月】ルナリア / 【日月】ソラリア,ch2_shion / ch2_suiren / ch2_lunaria / ch2_solaria,5434,100,100,100,1.01,2,0,0,1.08
chapter:a3_west:5,第二章,【竜姫】ドラシア / 【竜姫】リュシエ / 【薬毒】ミレア / 【薬毒】ヴィオラ,ch2_dracia / ch2_rucie / ch2_mirea / ch2_viola,5434,100,100,100,1.02,2,0,0,1
chapter:a3_west:5,第二章,【双雷】カリスタ / 【双雷】ソレーヌ / 【薬毒】ミレア / 【薬毒】ヴィオラ,ch2_calista / ch2_solenne / ch2_mirea / ch2_viola,5434,100,100,100,1.04,2,0,0,1.09
chapter:a3_east:0,第二章,【剣姫】ネメシア / 【剣姫】エヴェリア / 【双鐘】フェルネ / 【双鐘】クラリス,ch2_nemesia / ch2_everia / ch2_ferne / ch2_clarisse,2920,100,100,100,1.07,2,0,0,1.02
chapter:a3_east:0,第二章,【霊符】シオン / 【霊符】スイレン / 【日月】ルナリア / 【日月】ソラリア,ch2_shion / ch2_suiren / ch2_lunaria / ch2_solaria,2920,100,100,100,1.12,2,0,0,2.04
chapter:a3_east:0,第二章,【竜姫】ドラシア / 【竜姫】リュシエ / 【薬毒】ミレア / 【薬毒】ヴィオラ,ch2_dracia / ch2_rucie / ch2_mirea / ch2_viola,2920,100,100,100,1.61,3,0,0,2.07
chapter:a3_east:1,第二章,【霊符】シオン / 【霊符】スイレン / 【日月】ルナリア / 【日月】ソラリア,ch2_shion / ch2_suiren / ch2_lunaria / ch2_solaria,3446,100,100,100,1,1,0,0,2
chapter:a3_east:1,第二章,【剣姫】ネメシア / 【剣姫】エヴェリア / 【双鐘】フェルネ / 【双鐘】クラリス,ch2_nemesia / ch2_everia / ch2_ferne / ch2_clarisse,3446,100,100,100,1.04,2,0,0,0.98
chapter:a3_east:1,第二章,【封鍵】メリオラ / 【封鍵】エリゼル / 【薔薇】ノクテル / 【薔薇】オーリアン,ch2_meliora / ch2_elyselle / ch2_noctelle / ch2_auriane,3446,100,100,100,2,2,0,0,2.96
chapter:a3_east:2,第二章,【霊符】シオン / 【霊符】スイレン / 【日月】ルナリア / 【日月】ソラリア,ch2_shion / ch2_suiren / ch2_lunaria / ch2_solaria,3971,100,100,100,1,1,0,0,1.91
chapter:a3_east:2,第二章,【返誓】ロスティア / 【返誓】アルテア / 【星刻】エイレーネ / 【星刻】イリデル,ch2_rostia / ch2_althea / ch2_eirene / ch2_iridelle,3971,100,100,100,1,1,0,0,0.85
chapter:a3_east:2,第二章,【剣姫】ネメシア / 【剣姫】エヴェリア / 【双鐘】フェルネ / 【双鐘】クラリス,ch2_nemesia / ch2_everia / ch2_ferne / ch2_clarisse,3971,100,100,100,1.02,2,0,0,0.98
chapter:a3_east:3,第二章,【返誓】ロスティア / 【返誓】アルテア / 【星刻】エイレーネ / 【星刻】イリデル,ch2_rostia / ch2_althea / ch2_eirene / ch2_iridelle,4497,100,100,100,1,1,0,0,0.84
chapter:a3_east:3,第二章,【霊符】シオン / 【霊符】スイレン / 【日月】ルナリア / 【日月】ソラリア,ch2_shion / ch2_suiren / ch2_lunaria / ch2_solaria,4497,100,100,100,1.01,2,0,0,1.85
chapter:a3_east:3,第二章,【剣姫】ネメシア / 【剣姫】エヴェリア / 【双鐘】フェルネ / 【双鐘】クラリス,ch2_nemesia / ch2_everia / ch2_ferne / ch2_clarisse,4497,100,100,100,1.01,2,0,0,0.97
chapter:a3_east:4,第二章,【霊符】シオン / 【霊符】スイレン / 【日月】ルナリア / 【日月】ソラリア,ch2_shion / ch2_suiren / ch2_lunaria / ch2_solaria,5022,100,100,100,1,1,0,0,1.87
chapter:a3_east:4,第二章,【竜姫】ドラシア / 【竜姫】リュシエ / 【薬毒】ミレア / 【薬毒】ヴィオラ,ch2_dracia / ch2_rucie / ch2_mirea / ch2_viola,5022,100,100,100,1,1,0,0,0.99
chapter:a3_east:4,第二章,【返誓】ロスティア / 【返誓】アルテア / 【星刻】エイレーネ / 【星刻】イリデル,ch2_rostia / ch2_althea / ch2_eirene / ch2_iridelle,5022,100,100,100,1,1,0,0,0.84
chapter:a3_east:5,第二章,【霊符】シオン / 【霊符】スイレン / 【日月】ルナリア / 【日月】ソラリア,ch2_shion / ch2_suiren / ch2_lunaria / ch2_solaria,5548,100,100,100,1,1,0,0,1.93
chapter:a3_east:5,第二章,【竜姫】ドラシア / 【竜姫】リュシエ / 【薬毒】ミレア / 【薬毒】ヴィオラ,ch2_dracia / ch2_rucie / ch2_mirea / ch2_viola,5548,100,100,100,1,1,0,0,0.99
chapter:a3_east:5,第二章,【返誓】ロスティア / 【返誓】アルテア / 【星刻】エイレーネ / 【星刻】イリデル,ch2_rostia / ch2_althea / ch2_eirene / ch2_iridelle,5548,100,100,100,1,1,0,0,0.91
chapter:a3_heart:0,第二章,【剣姫】ネメシア / 【剣姫】エヴェリア / 【双鐘】フェルネ / 【双鐘】クラリス,ch2_nemesia / ch2_everia / ch2_ferne / ch2_clarisse,2980,100,100,100,4.94,6,0,0,3.12
chapter:a3_heart:0,第二章,【双藤】ネヴィア / 【双藤】エルミナ / 【聖翼】アウレ / 【聖翼】ノエル,ch2_nevia / ch2_elmina / ch2_aure / ch2_noelle,2980,100,95,95,4.28,16,0,0,1.88
chapter:a3_heart:0,第二章,【剣姫】ネメシア / 【剣姫】エヴェリア / 灰燭の呪術師セネラ / 鎖翼竜ヴェルグ,ch2_nemesia / ch2_everia / ch2_senela / ch2_velg,2980,100,89,89,6.18,8,0,0,4.12
chapter:a3_heart:1,第二章,【剣姫】ネメシア / 【剣姫】エヴェリア / 【双鐘】フェルネ / 【双鐘】クラリス,ch2_nemesia / ch2_everia / ch2_ferne / ch2_clarisse,3516,100,100,100,3.48,5,0,0,1.99
chapter:a3_heart:1,第二章,【返誓】ロスティア / 【返誓】アルテア / 【星刻】エイレーネ / 【星刻】イリデル,ch2_rostia / ch2_althea / ch2_eirene / ch2_iridelle,3516,100,94,94,6.81,21,0,0,7.39
chapter:a3_heart:1,第二章,【封鍵】メリオラ / 【封鍵】エリゼル / 【薔薇】ノクテル / 【薔薇】オーリアン,ch2_meliora / ch2_elyselle / ch2_noctelle / ch2_auriane,3516,100,88,88,12.94,39,0,0,10.3
chapter:a3_heart:2,第二章,【剣姫】ネメシア / 【剣姫】エヴェリア / 【双鐘】フェルネ / 【双鐘】クラリス,ch2_nemesia / ch2_everia / ch2_ferne / ch2_clarisse,4053,100,100,100,4.01,5,0,0,2.35
chapter:a3_heart:2,第二章,【鏡侍女】リュネ / 【鏡侍女】ロゼ / 【聖翼】アウレ / 【聖翼】ノエル,ch2_ryune / ch2_rose / ch2_aure / ch2_noelle,4053,100,99,99,10.17,16,2,0,1.63
chapter:a3_heart:2,第二章,【封鍵】メリオラ / 【封鍵】エリゼル / 【薔薇】ノクテル / 【薔薇】オーリアン,ch2_meliora / ch2_elyselle / ch2_noctelle / ch2_auriane,4053,100,93,93,10.17,38,0,0,7.35
chapter:a3_heart:3,第二章,【剣姫】ネメシア / 【剣姫】エヴェリア / 【双鐘】フェルネ / 【双鐘】クラリス,ch2_nemesia / ch2_everia / ch2_ferne / ch2_clarisse,4589,100,100,100,4.12,5,0,0,2.29
chapter:a3_heart:3,第二章,【竜姫】ドラシア / 【竜姫】リュシエ / 【薬毒】ミレア / 【薬毒】ヴィオラ,ch2_dracia / ch2_rucie / ch2_mirea / ch2_viola,4589,100,100,100,5.36,9,0,0,5.38
chapter:a3_heart:3,第二章,【封鍵】メリオラ / 【封鍵】エリゼル / 【薔薇】ノクテル / 【薔薇】オーリアン,ch2_meliora / ch2_elyselle / ch2_noctelle / ch2_auriane,4589,100,100,100,7.35,19,0,0,3.92
chapter:a3_heart:4,第二章,【返誓】ロスティア / 【返誓】アルテア / 【星刻】エイレーネ / 【星刻】イリデル,ch2_rostia / ch2_althea / ch2_eirene / ch2_iridelle,5126,100,100,100,3.73,5,0,0,4.93
chapter:a3_heart:4,第二章,【竜姫】ドラシア / 【竜姫】リュシエ / 【薬毒】ミレア / 【薬毒】ヴィオラ,ch2_dracia / ch2_rucie / ch2_mirea / ch2_viola,5126,100,100,100,4.28,7,0,0,4.97
chapter:a3_heart:4,第二章,【封鍵】メリオラ / 【封鍵】エリゼル / 【薔薇】ノクテル / 【薔薇】オーリアン,ch2_meliora / ch2_elyselle / ch2_noctelle / ch2_auriane,5126,100,100,100,6.08,11,0,0,3.32
chapter:a3_heart:5,第二章,【返誓】ロスティア / 【返誓】アルテア / 【星刻】エイレーネ / 【星刻】イリデル,ch2_rostia / ch2_althea / ch2_eirene / ch2_iridelle,5662,100,100,100,3.1,4,0,0,3.05
chapter:a3_heart:5,第二章,【竜姫】ドラシア / 【竜姫】リュシエ / 【薬毒】ミレア / 【薬毒】ヴィオラ,ch2_dracia / ch2_rucie / ch2_mirea / ch2_viola,5662,100,100,100,3.94,6,0,0,4.51
chapter:a3_heart:5,第二章,【封鍵】メリオラ / 【封鍵】エリゼル / 【薔薇】ノクテル / 【薔薇】オーリアン,ch2_meliora / ch2_elyselle / ch2_noctelle / ch2_auriane,5662,100,100,100,5.8,7,0,0,3.42
chapter:a4_patrol:0,第二章,【鏡侍女】リュネ / 【鏡侍女】ロゼ / 【聖翼】アウレ / 【聖翼】ノエル,ch2_ryune / ch2_rose / ch2_aure / ch2_noelle,3800,100,100,100,1,1,0,0,0
chapter:a4_patrol:0,第二章,【霊符】シオン / 【霊符】スイレン / 【日月】ルナリア / 【日月】ソラリア,ch2_shion / ch2_suiren / ch2_lunaria / ch2_solaria,3800,100,100,100,1,1,0,0,1
chapter:a4_patrol:0,第二章,【双雷】カリスタ / 【双雷】ソレーヌ / 【薬毒】ミレア / 【薬毒】ヴィオラ,ch2_calista / ch2_solenne / ch2_mirea / ch2_viola,3800,100,100,100,1.01,2,0,0,1.86
chapter:a4_patrol:1,第二章,【鏡侍女】リュネ / 【鏡侍女】ロゼ / 【聖翼】アウレ / 【聖翼】ノエル,ch2_ryune / ch2_rose / ch2_aure / ch2_noelle,4484,100,100,100,1,1,0,0,0
chapter:a4_patrol:1,第二章,【霊符】シオン / 【霊符】スイレン / 【日月】ルナリア / 【日月】ソラリア,ch2_shion / ch2_suiren / ch2_lunaria / ch2_solaria,4484,100,100,100,1,1,0,0,1
chapter:a4_patrol:1,第二章,【双雷】カリスタ / 【双雷】ソレーヌ / 【薬毒】ミレア / 【薬毒】ヴィオラ,ch2_calista / ch2_solenne / ch2_mirea / ch2_viola,4484,100,100,100,1.01,2,0,0,1.88
chapter:a4_patrol:2,第二章,【鏡侍女】リュネ / 【鏡侍女】ロゼ / 【聖翼】アウレ / 【聖翼】ノエル,ch2_ryune / ch2_rose / ch2_aure / ch2_noelle,5168,100,100,100,1,1,0,0,0
chapter:a4_patrol:2,第二章,【霊符】シオン / 【霊符】スイレン / 【日月】ルナリア / 【日月】ソラリア,ch2_shion / ch2_suiren / ch2_lunaria / ch2_solaria,5168,100,100,100,1,1,0,0,1
chapter:a4_patrol:2,第二章,【双雷】カリスタ / 【双雷】ソレーヌ / 【薬毒】ミレア / 【薬毒】ヴィオラ,ch2_calista / ch2_solenne / ch2_mirea / ch2_viola,5168,100,100,100,1.03,2,0,0,1
chapter:a4_patrol:3,第二章,【鏡侍女】リュネ / 【鏡侍女】ロゼ / 【聖翼】アウレ / 【聖翼】ノエル,ch2_ryune / ch2_rose / ch2_aure / ch2_noelle,5852,100,100,100,1,1,0,0,0
chapter:a4_patrol:3,第二章,【双雷】カリスタ / 【双雷】ソレーヌ / 【薬毒】ミレア / 【薬毒】ヴィオラ,ch2_calista / ch2_solenne / ch2_mirea / ch2_viola,5852,100,100,100,1,1,0,0,1.01
chapter:a4_patrol:3,第二章,【霊符】シオン / 【霊符】スイレン / 【日月】ルナリア / 【日月】ソラリア,ch2_shion / ch2_suiren / ch2_lunaria / ch2_solaria,5852,100,100,100,1,1,0,0,1
chapter:a4_patrol:4,第二章,【鏡侍女】リュネ / 【鏡侍女】ロゼ / 【聖翼】アウレ / 【聖翼】ノエル,ch2_ryune / ch2_rose / ch2_aure / ch2_noelle,6536,100,100,100,1,1,0,0,0
chapter:a4_patrol:4,第二章,【双雷】カリスタ / 【双雷】ソレーヌ / 【薬毒】ミレア / 【薬毒】ヴィオラ,ch2_calista / ch2_solenne / ch2_mirea / ch2_viola,6536,100,100,100,1,1,0,0,1.67
chapter:a4_patrol:4,第二章,【霊符】シオン / 【霊符】スイレン / 【日月】ルナリア / 【日月】ソラリア,ch2_shion / ch2_suiren / ch2_lunaria / ch2_solaria,6536,100,100,100,1,1,0,0,1
chapter:a4_patrol:5,第二章,【鏡侍女】リュネ / 【鏡侍女】ロゼ / 【聖翼】アウレ / 【聖翼】ノエル,ch2_ryune / ch2_rose / ch2_aure / ch2_noelle,7220,100,100,100,1,1,0,0,0
chapter:a4_patrol:5,第二章,【双雷】カリスタ / 【双雷】ソレーヌ / 【薬毒】ミレア / 【薬毒】ヴィオラ,ch2_calista / ch2_solenne / ch2_mirea / ch2_viola,7220,100,100,100,1,1,0,0,1.67
chapter:a4_patrol:5,第二章,【霊符】シオン / 【霊符】スイレン / 【日月】ルナリア / 【日月】ソラリア,ch2_shion / ch2_suiren / ch2_lunaria / ch2_solaria,7220,100,100,100,1,1,0,0,1
chapter:a4_west:0,第二章,【返誓】ロスティア / 【返誓】アルテア / 【星刻】エイレーネ / 【星刻】イリデル,ch2_rostia / ch2_althea / ch2_eirene / ch2_iridelle,3860,100,100,100,1.8,2,0,0,1.09
chapter:a4_west:0,第二章,【霊符】シオン / 【霊符】スイレン / 【日月】ルナリア / 【日月】ソラリア,ch2_shion / ch2_suiren / ch2_lunaria / ch2_solaria,3860,100,100,100,2,2,0,0,3.01
chapter:a4_west:0,第二章,【双藤】ネヴィア / 【双藤】エルミナ / 【聖翼】アウレ / 【聖翼】ノエル,ch2_nevia / ch2_elmina / ch2_aure / ch2_noelle,3860,100,100,100,2,2,0,0,0.73
chapter:a4_west:1,第二章,【霊符】シオン / 【霊符】スイレン / 【日月】ルナリア / 【日月】ソラリア,ch2_shion / ch2_suiren / ch2_lunaria / ch2_solaria,4555,100,100,100,2,2,0,0,3
chapter:a4_west:1,第二章,【双藤】ネヴィア / 【双藤】エルミナ / 【聖翼】アウレ / 【聖翼】ノエル,ch2_nevia / ch2_elmina / ch2_aure / ch2_noelle,4555,100,100,100,2,2,0,0,0.1
chapter:a4_west:1,第二章,【竜姫】ドラシア / 【竜姫】リュシエ / 【薬毒】ミレア / 【薬毒】ヴィオラ,ch2_dracia / ch2_rucie / ch2_mirea / ch2_viola,4555,100,100,100,2.09,4,0,0,1.35
chapter:a4_west:2,第二章,【霊符】シオン / 【霊符】スイレン / 【日月】ルナリア / 【日月】ソラリア,ch2_shion / ch2_suiren / ch2_lunaria / ch2_solaria,5250,100,100,100,2,2,0,0,3.01
chapter:a4_west:2,第二章,【鏡侍女】リュネ / 【鏡侍女】ロゼ / 【聖翼】アウレ / 【聖翼】ノエル,ch2_ryune / ch2_rose / ch2_aure / ch2_noelle,5250,100,100,100,2.01,3,0,0,0
chapter:a4_west:2,第二章,【双雷】カリスタ / 【双雷】ソレーヌ / 【薬毒】ミレア / 【薬毒】ヴィオラ,ch2_calista / ch2_solenne / ch2_mirea / ch2_viola,5250,100,100,100,2.01,3,0,0,2.35
chapter:a4_west:3,第二章,【返誓】ロスティア / 【返誓】アルテア / 【星刻】エイレーネ / 【星刻】イリデル,ch2_rostia / ch2_althea / ch2_eirene / ch2_iridelle,5944,100,100,100,1.43,2,0,0,0.68
chapter:a4_west:3,第二章,【鏡侍女】リュネ / 【鏡侍女】ロゼ / 【聖翼】アウレ / 【聖翼】ノエル,ch2_ryune / ch2_rose / ch2_aure / ch2_noelle,5944,100,100,100,2,2,0,0,0
chapter:a4_west:3,第二章,【双雷】カリスタ / 【双雷】ソレーヌ / 【薬毒】ミレア / 【薬毒】ヴィオラ,ch2_calista / ch2_solenne / ch2_mirea / ch2_viola,5944,100,100,100,2,2,0,0,2.15
chapter:a4_west:4,第二章,【剣姫】ネメシア / 【剣姫】エヴェリア / 【双鐘】フェルネ / 【双鐘】クラリス,ch2_nemesia / ch2_everia / ch2_ferne / ch2_clarisse,6639,100,100,100,1.02,2,0,0,0.1
chapter:a4_west:4,第二章,【鏡侍女】リュネ / 【鏡侍女】ロゼ / 【聖翼】アウレ / 【聖翼】ノエル,ch2_ryune / ch2_rose / ch2_aure / ch2_noelle,6639,100,100,100,2,2,0,0,0
chapter:a4_west:4,第二章,【双雷】カリスタ / 【双雷】ソレーヌ / 【薬毒】ミレア / 【薬毒】ヴィオラ,ch2_calista / ch2_solenne / ch2_mirea / ch2_viola,6639,100,100,100,2,2,0,0,2.05
chapter:a4_west:5,第二章,【剣姫】ネメシア / 【剣姫】エヴェリア / 【双鐘】フェルネ / 【双鐘】クラリス,ch2_nemesia / ch2_everia / ch2_ferne / ch2_clarisse,7334,100,100,100,1.01,2,0,0,0.13
chapter:a4_west:5,第二章,【星糸】セレス / 【星糸】ルミナ / 【誓姫】リリエット / 【誓姫】ロゼット,ch2_celes / ch2_lumina / ch2_lyriet / ch2_rosette,7334,100,100,100,1.06,2,0,0,1
chapter:a4_west:5,第二章,【双藤】ネヴィア / 【双藤】エルミナ / 【聖翼】アウレ / 【聖翼】ノエル,ch2_nevia / ch2_elmina / ch2_aure / ch2_noelle,7334,100,100,100,1.07,2,0,0,0.74
chapter:a4_east:0,第二章,【剣姫】ネメシア / 【剣姫】エヴェリア / 【双鐘】フェルネ / 【双鐘】クラリス,ch2_nemesia / ch2_everia / ch2_ferne / ch2_clarisse,3920,100,100,100,1.08,2,0,0,0.05
chapter:a4_east:0,第二章,【返誓】ロスティア / 【返誓】アルテア / 【星刻】エイレーネ / 【星刻】イリデル,ch2_rostia / ch2_althea / ch2_eirene / ch2_iridelle,3920,100,100,100,1.49,3,0,0,1.5
chapter:a4_east:0,第二章,【霊符】シオン / 【霊符】スイレン / 【日月】ルナリア / 【日月】ソラリア,ch2_shion / ch2_suiren / ch2_lunaria / ch2_solaria,3920,100,100,100,2,2,0,0,3.1
chapter:a4_east:1,第二章,【剣姫】ネメシア / 【剣姫】エヴェリア / 【双鐘】フェルネ / 【双鐘】クラリス,ch2_nemesia / ch2_everia / ch2_ferne / ch2_clarisse,4626,100,100,100,1.03,2,0,0,0.06
chapter:a4_east:1,第二章,【霊符】シオン / 【霊符】スイレン / 【日月】ルナリア / 【日月】ソラリア,ch2_shion / ch2_suiren / ch2_lunaria / ch2_solaria,4626,100,100,100,1.98,2,0,0,2.9
chapter:a4_east:1,第二章,【封鍵】メリオラ / 【封鍵】エリゼル / 【薔薇】ノクテル / 【薔薇】オーリアン,ch2_meliora / ch2_elyselle / ch2_noctelle / ch2_auriane,4626,100,100,100,2,2,0,0,2.19
chapter:a4_east:2,第二章,【返誓】ロスティア / 【返誓】アルテア / 【星刻】エイレーネ / 【星刻】イリデル,ch2_rostia / ch2_althea / ch2_eirene / ch2_iridelle,5331,100,100,100,1.01,2,0,0,0.99
chapter:a4_east:2,第二章,【剣姫】ネメシア / 【剣姫】エヴェリア / 【双鐘】フェルネ / 【双鐘】クラリス,ch2_nemesia / ch2_everia / ch2_ferne / ch2_clarisse,5331,100,100,100,1.01,2,0,0,0.09
chapter:a4_east:2,第二章,【双雷】カリスタ / 【双雷】ソレーヌ / 【薬毒】ミレア / 【薬毒】ヴィオラ,ch2_calista / ch2_solenne / ch2_mirea / ch2_viola,5331,100,100,100,2.06,3,0,0,3.2
chapter:a4_east:3,第二章,【剣姫】ネメシア / 【剣姫】エヴェリア / 【双鐘】フェルネ / 【双鐘】クラリス,ch2_nemesia / ch2_everia / ch2_ferne / ch2_clarisse,6037,100,100,100,1.01,2,0,0,0.05
chapter:a4_east:3,第二章,【返誓】ロスティア / 【返誓】アルテア / 【星刻】エイレーネ / 【星刻】イリデル,ch2_rostia / ch2_althea / ch2_eirene / ch2_iridelle,6037,100,100,100,1.2,2,0,0,0.17
chapter:a4_east:3,第二章,【双雷】カリスタ / 【双雷】ソレーヌ / 【薬毒】ミレア / 【薬毒】ヴィオラ,ch2_calista / ch2_solenne / ch2_mirea / ch2_viola,6037,100,100,100,2,2,0,0,3.1
chapter:a4_east:4,第二章,【剣姫】ネメシア / 【剣姫】エヴェリア / 【双鐘】フェルネ / 【双鐘】クラリス,ch2_nemesia / ch2_everia / ch2_ferne / ch2_clarisse,6742,100,100,100,1,1,0,0,0.05
chapter:a4_east:4,第二章,【霊符】シオン / 【霊符】スイレン / 【日月】ルナリア / 【日月】ソラリア,ch2_shion / ch2_suiren / ch2_lunaria / ch2_solaria,6742,100,100,100,1.01,2,0,0,1.05
chapter:a4_east:4,第二章,【返誓】ロスティア / 【返誓】アルテア / 【星刻】エイレーネ / 【星刻】イリデル,ch2_rostia / ch2_althea / ch2_eirene / ch2_iridelle,6742,100,100,100,1.09,2,0,0,0.09
chapter:a4_east:5,第二章,【霊符】シオン / 【霊符】スイレン / 【日月】ルナリア / 【日月】ソラリア,ch2_shion / ch2_suiren / ch2_lunaria / ch2_solaria,7448,100,100,100,1.02,2,0,0,1.04
chapter:a4_east:5,第二章,【封鍵】メリオラ / 【封鍵】エリゼル / 【薔薇】ノクテル / 【薔薇】オーリアン,ch2_meliora / ch2_elyselle / ch2_noctelle / ch2_auriane,7448,100,100,100,1.08,2,0,0,0.02
chapter:a4_east:5,第二章,【竜姫】ドラシア / 【竜姫】リュシエ / 【薬毒】ミレア / 【薬毒】ヴィオラ,ch2_dracia / ch2_rucie / ch2_mirea / ch2_viola,7448,100,100,100,1.17,2,0,0,1.04
chapter:a4_heart:0,第二章,【剣姫】ネメシア / 【剣姫】エヴェリア / 【双鐘】フェルネ / 【双鐘】クラリス,ch2_nemesia / ch2_everia / ch2_ferne / ch2_clarisse,3980,100,100,100,2.86,3,0,0,1.07
chapter:a4_heart:0,第二章,【返誓】ロスティア / 【返誓】アルテア / 【星刻】エイレーネ / 【星刻】イリデル,ch2_rostia / ch2_althea / ch2_eirene / ch2_iridelle,3980,100,97,97,5.16,12,0,0,7.36
chapter:a4_heart:0,第二章,【月狐】カグラ / 【月狐】サヨ / 【双鐘】フェルネ / 【双鐘】クラリス,ch2_kagura / ch2_sayo / ch2_ferne / ch2_clarisse,3980,100,95,95,6.19,9,0,0,2.52
chapter:a4_heart:1,第二章,【剣姫】ネメシア / 【剣姫】エヴェリア / 【双鐘】フェルネ / 【双鐘】クラリス,ch2_nemesia / ch2_everia / ch2_ferne / ch2_clarisse,4696,100,100,100,2.11,3,0,0,1.21
chapter:a4_heart:1,第二章,【返誓】ロスティア / 【返誓】アルテア / 【星刻】エイレーネ / 【星刻】イリデル,ch2_rostia / ch2_althea / ch2_eirene / ch2_iridelle,4696,100,100,100,2.98,5,0,0,5.53
chapter:a4_heart:1,第二章,【封鍵】メリオラ / 【封鍵】エリゼル / 【薔薇】ノクテル / 【薔薇】オーリアン,ch2_meliora / ch2_elyselle / ch2_noctelle / ch2_auriane,4696,100,100,100,3.97,5,0,0,1.33
chapter:a4_heart:2,第二章,【剣姫】ネメシア / 【剣姫】エヴェリア / 【双鐘】フェルネ / 【双鐘】クラリス,ch2_nemesia / ch2_everia / ch2_ferne / ch2_clarisse,5413,100,100,100,2,2,0,0,0.95
chapter:a4_heart:2,第二章,【霊符】シオン / 【霊符】スイレン / 【日月】ルナリア / 【日月】ソラリア,ch2_shion / ch2_suiren / ch2_lunaria / ch2_solaria,5413,100,100,100,2.01,3,0,0,3.25
chapter:a4_heart:2,第二章,【封鍵】メリオラ / 【封鍵】エリゼル / 【薔薇】ノクテル / 【薔薇】オーリアン,ch2_meliora / ch2_elyselle / ch2_noctelle / ch2_auriane,5413,100,100,100,3,3,0,0,0.41
chapter:a4_heart:3,第二章,【剣姫】ネメシア / 【剣姫】エヴェリア / 【双鐘】フェルネ / 【双鐘】クラリス,ch2_nemesia / ch2_everia / ch2_ferne / ch2_clarisse,6129,100,100,100,2,2,0,0,0.09
chapter:a4_heart:3,第二章,【星糸】セレス / 【星糸】ルミナ / 【誓姫】リリエット / 【誓姫】ロゼット,ch2_celes / ch2_lumina / ch2_lyriet / ch2_rosette,6129,100,100,100,2.01,3,0,0,1.97
chapter:a4_heart:3,第二章,【封鍵】メリオラ / 【封鍵】エリゼル / 【薔薇】ノクテル / 【薔薇】オーリアン,ch2_meliora / ch2_elyselle / ch2_noctelle / ch2_auriane,6129,100,100,100,3,3,0,0,0.03
chapter:a4_heart:4,第二章,【霊符】シオン / 【霊符】スイレン / 【日月】ルナリア / 【日月】ソラリア,ch2_shion / ch2_suiren / ch2_lunaria / ch2_solaria,6846,100,100,100,2,2,0,0,3
chapter:a4_heart:4,第二章,【剣姫】ネメシア / 【剣姫】エヴェリア / 【双鐘】フェルネ / 【双鐘】クラリス,ch2_nemesia / ch2_everia / ch2_ferne / ch2_clarisse,6846,100,100,100,2,2,0,0,0.05
chapter:a4_heart:4,第二章,【星糸】セレス / 【星糸】ルミナ / 【誓姫】リリエット / 【誓姫】ロゼット,ch2_celes / ch2_lumina / ch2_lyriet / ch2_rosette,6846,100,100,100,2.02,3,0,0,1.94
chapter:a4_heart:5,第二章,【霊符】シオン / 【霊符】スイレン / 【日月】ルナリア / 【日月】ソラリア,ch2_shion / ch2_suiren / ch2_lunaria / ch2_solaria,7562,100,100,100,2,2,0,0,3.01
chapter:a4_heart:5,第二章,【双藤】ネヴィア / 【双藤】エルミナ / 【聖翼】アウレ / 【聖翼】ノエル,ch2_nevia / ch2_elmina / ch2_aure / ch2_noelle,7562,100,100,100,2,2,0,0,0.04
chapter:a4_heart:5,第二章,【返誓】ロスティア / 【返誓】アルテア / 【星刻】エイレーネ / 【星刻】イリデル,ch2_rostia / ch2_althea / ch2_eirene / ch2_iridelle,7562,100,100,100,2,2,0,0,3.61
chapter:patrol:0,第二章,【鏡侍女】リュネ / 【鏡侍女】ロゼ / 【聖翼】アウレ / 【聖翼】ノエル,ch2_ryune / ch2_rose / ch2_aure / ch2_noelle,1050,100,100,100,1,1,0,0,0
chapter:patrol:0,第二章,【双雷】カリスタ / 【双雷】ソレーヌ / 【薬毒】ミレア / 【薬毒】ヴィオラ,ch2_calista / ch2_solenne / ch2_mirea / ch2_viola,1050,100,100,100,1,1,0,0,0.74
chapter:patrol:0,第二章,【硝子】セリア / 【硝子】カルミア / 封書の小剣姫ルメア / 夜灯の従騎フィオラ,ch2_seria / ch2_carmia / ch2_lumea / ch2_fiora,1050,100,100,100,1,1,0,0,0
chapter:patrol:1,第二章,【鏡侍女】リュネ / 【鏡侍女】ロゼ / 【聖翼】アウレ / 【聖翼】ノエル,ch2_ryune / ch2_rose / ch2_aure / ch2_noelle,1239,100,100,100,1,1,0,0,0
chapter:patrol:1,第二章,【双雷】カリスタ / 【双雷】ソレーヌ / 【薬毒】ミレア / 【薬毒】ヴィオラ,ch2_calista / ch2_solenne / ch2_mirea / ch2_viola,1239,100,100,100,1,1,0,0,0.01
chapter:patrol:1,第二章,【硝子】セリア / 【硝子】カルミア / 封書の小剣姫ルメア / 夜灯の従騎フィオラ,ch2_seria / ch2_carmia / ch2_lumea / ch2_fiora,1239,100,100,100,1,1,0,0,0
chapter:patrol:2,第二章,【鏡侍女】リュネ / 【鏡侍女】ロゼ / 【聖翼】アウレ / 【聖翼】ノエル,ch2_ryune / ch2_rose / ch2_aure / ch2_noelle,1428,100,100,100,1,1,0,0,0
chapter:patrol:2,第二章,【双雷】カリスタ / 【双雷】ソレーヌ / 【薬毒】ミレア / 【薬毒】ヴィオラ,ch2_calista / ch2_solenne / ch2_mirea / ch2_viola,1428,100,100,100,1,1,0,0,0.02
chapter:patrol:2,第二章,【硝子】セリア / 【硝子】カルミア / 封書の小剣姫ルメア / 夜灯の従騎フィオラ,ch2_seria / ch2_carmia / ch2_lumea / ch2_fiora,1428,100,100,100,1,1,0,0,0
chapter:patrol:3,第二章,【鏡侍女】リュネ / 【鏡侍女】ロゼ / 【聖翼】アウレ / 【聖翼】ノエル,ch2_ryune / ch2_rose / ch2_aure / ch2_noelle,1617,100,100,100,1,1,0,0,0
chapter:patrol:3,第二章,【双雷】カリスタ / 【双雷】ソレーヌ / 【薬毒】ミレア / 【薬毒】ヴィオラ,ch2_calista / ch2_solenne / ch2_mirea / ch2_viola,1617,100,100,100,1,1,0,0,0
chapter:patrol:3,第二章,【硝子】セリア / 【硝子】カルミア / 封書の小剣姫ルメア / 夜灯の従騎フィオラ,ch2_seria / ch2_carmia / ch2_lumea / ch2_fiora,1617,100,100,100,1,1,0,0,0
chapter:patrol:4,第二章,【鏡侍女】リュネ / 【鏡侍女】ロゼ / 【聖翼】アウレ / 【聖翼】ノエル,ch2_ryune / ch2_rose / ch2_aure / ch2_noelle,1806,100,100,100,1,1,0,0,0
chapter:patrol:4,第二章,【双雷】カリスタ / 【双雷】ソレーヌ / 【薬毒】ミレア / 【薬毒】ヴィオラ,ch2_calista / ch2_solenne / ch2_mirea / ch2_viola,1806,100,100,100,1,1,0,0,0
chapter:patrol:4,第二章,【硝子】セリア / 【硝子】カルミア / 封書の小剣姫ルメア / 夜灯の従騎フィオラ,ch2_seria / ch2_carmia / ch2_lumea / ch2_fiora,1806,100,100,100,1,1,0,0,0
chapter:patrol:5,第二章,【鏡侍女】リュネ / 【鏡侍女】ロゼ / 【聖翼】アウレ / 【聖翼】ノエル,ch2_ryune / ch2_rose / ch2_aure / ch2_noelle,1995,100,100,100,1,1,0,0,0
chapter:patrol:5,第二章,【双雷】カリスタ / 【双雷】ソレーヌ / 【薬毒】ミレア / 【薬毒】ヴィオラ,ch2_calista / ch2_solenne / ch2_mirea / ch2_viola,1995,100,100,100,1,1,0,0,0
chapter:patrol:5,第二章,【硝子】セリア / 【硝子】カルミア / 封書の小剣姫ルメア / 夜灯の従騎フィオラ,ch2_seria / ch2_carmia / ch2_lumea / ch2_fiora,1995,100,100,100,1,1,0,0,0
chapter:west:0,第二章,【鏡侍女】リュネ / 【鏡侍女】ロゼ / 【聖翼】アウレ / 【聖翼】ノエル,ch2_ryune / ch2_rose / ch2_aure / ch2_noelle,1100,100,100,100,1,1,0,0,0
chapter:west:0,第二章,【双雷】カリスタ / 【双雷】ソレーヌ / 【薬毒】ミレア / 【薬毒】ヴィオラ,ch2_calista / ch2_solenne / ch2_mirea / ch2_viola,1100,100,100,100,1,1,0,0,0.76
chapter:west:0,第二章,【霊符】シオン / 【霊符】スイレン / 【日月】ルナリア / 【日月】ソラリア,ch2_shion / ch2_suiren / ch2_lunaria / ch2_solaria,1100,100,100,100,1,1,0,0,1
chapter:west:1,第二章,【鏡侍女】リュネ / 【鏡侍女】ロゼ / 【聖翼】アウレ / 【聖翼】ノエル,ch2_ryune / ch2_rose / ch2_aure / ch2_noelle,1298,100,100,100,1,1,0,0,0
chapter:west:1,第二章,【双雷】カリスタ / 【双雷】ソレーヌ / 【薬毒】ミレア / 【薬毒】ヴィオラ,ch2_calista / ch2_solenne / ch2_mirea / ch2_viola,1298,100,100,100,1,1,0,0,0.71
chapter:west:1,第二章,【硝子】セリア / 【硝子】カルミア / 封書の小剣姫ルメア / 夜灯の従騎フィオラ,ch2_seria / ch2_carmia / ch2_lumea / ch2_fiora,1298,100,100,100,1,1,0,0,0
chapter:west:2,第二章,【鏡侍女】リュネ / 【鏡侍女】ロゼ / 【聖翼】アウレ / 【聖翼】ノエル,ch2_ryune / ch2_rose / ch2_aure / ch2_noelle,1496,100,100,100,1,1,0,0,0
chapter:west:2,第二章,【双雷】カリスタ / 【双雷】ソレーヌ / 【薬毒】ミレア / 【薬毒】ヴィオラ,ch2_calista / ch2_solenne / ch2_mirea / ch2_viola,1496,100,100,100,1,1,0,0,0.08
chapter:west:2,第二章,【硝子】セリア / 【硝子】カルミア / 封書の小剣姫ルメア / 夜灯の従騎フィオラ,ch2_seria / ch2_carmia / ch2_lumea / ch2_fiora,1496,100,100,100,1,1,0,0,0
chapter:west:3,第二章,【鏡侍女】リュネ / 【鏡侍女】ロゼ / 【聖翼】アウレ / 【聖翼】ノエル,ch2_ryune / ch2_rose / ch2_aure / ch2_noelle,1694,100,100,100,1,1,0,0,0
chapter:west:3,第二章,【双雷】カリスタ / 【双雷】ソレーヌ / 【薬毒】ミレア / 【薬毒】ヴィオラ,ch2_calista / ch2_solenne / ch2_mirea / ch2_viola,1694,100,100,100,1,1,0,0,0
chapter:west:3,第二章,【硝子】セリア / 【硝子】カルミア / 封書の小剣姫ルメア / 夜灯の従騎フィオラ,ch2_seria / ch2_carmia / ch2_lumea / ch2_fiora,1694,100,100,100,1,1,0,0,0
chapter:west:4,第二章,【鏡侍女】リュネ / 【鏡侍女】ロゼ / 【聖翼】アウレ / 【聖翼】ノエル,ch2_ryune / ch2_rose / ch2_aure / ch2_noelle,1892,100,100,100,1,1,0,0,0
chapter:west:4,第二章,【双雷】カリスタ / 【双雷】ソレーヌ / 【薬毒】ミレア / 【薬毒】ヴィオラ,ch2_calista / ch2_solenne / ch2_mirea / ch2_viola,1892,100,100,100,1,1,0,0,0
chapter:west:4,第二章,【硝子】セリア / 【硝子】カルミア / 封書の小剣姫ルメア / 夜灯の従騎フィオラ,ch2_seria / ch2_carmia / ch2_lumea / ch2_fiora,1892,100,100,100,1,1,0,0,0
chapter:west:5,第二章,【鏡侍女】リュネ / 【鏡侍女】ロゼ / 【聖翼】アウレ / 【聖翼】ノエル,ch2_ryune / ch2_rose / ch2_aure / ch2_noelle,2090,100,100,100,1,1,0,0,0
chapter:west:5,第二章,【双雷】カリスタ / 【双雷】ソレーヌ / 【薬毒】ミレア / 【薬毒】ヴィオラ,ch2_calista / ch2_solenne / ch2_mirea / ch2_viola,2090,100,100,100,1,1,0,0,0
chapter:west:5,第二章,【硝子】セリア / 【硝子】カルミア / 封書の小剣姫ルメア / 夜灯の従騎フィオラ,ch2_seria / ch2_carmia / ch2_lumea / ch2_fiora,2090,100,100,100,1,1,0,0,0
chapter:east:0,第二章,【鏡侍女】リュネ / 【鏡侍女】ロゼ / 【聖翼】アウレ / 【聖翼】ノエル,ch2_ryune / ch2_rose / ch2_aure / ch2_noelle,1100,100,100,100,1,1,0,0,0
chapter:east:0,第二章,【双雷】カリスタ / 【双雷】ソレーヌ / 【薬毒】ミレア / 【薬毒】ヴィオラ,ch2_calista / ch2_solenne / ch2_mirea / ch2_viola,1100,100,100,100,1,1,0,0,0.8
chapter:east:0,第二章,【硝子】セリア / 【硝子】カルミア / 封書の小剣姫ルメア / 夜灯の従騎フィオラ,ch2_seria / ch2_carmia / ch2_lumea / ch2_fiora,1100,100,100,100,1.03,2,0,0,0.01
chapter:east:1,第二章,【鏡侍女】リュネ / 【鏡侍女】ロゼ / 【聖翼】アウレ / 【聖翼】ノエル,ch2_ryune / ch2_rose / ch2_aure / ch2_noelle,1298,100,100,100,1,1,0,0,0
chapter:east:1,第二章,【双雷】カリスタ / 【双雷】ソレーヌ / 【薬毒】ミレア / 【薬毒】ヴィオラ,ch2_calista / ch2_solenne / ch2_mirea / ch2_viola,1298,100,100,100,1,1,0,0,0.05
chapter:east:1,第二章,【硝子】セリア / 【硝子】カルミア / 封書の小剣姫ルメア / 夜灯の従騎フィオラ,ch2_seria / ch2_carmia / ch2_lumea / ch2_fiora,1298,100,100,100,1,1,0,0,0
chapter:east:2,第二章,【鏡侍女】リュネ / 【鏡侍女】ロゼ / 【聖翼】アウレ / 【聖翼】ノエル,ch2_ryune / ch2_rose / ch2_aure / ch2_noelle,1496,100,100,100,1,1,0,0,0
chapter:east:2,第二章,【双雷】カリスタ / 【双雷】ソレーヌ / 【薬毒】ミレア / 【薬毒】ヴィオラ,ch2_calista / ch2_solenne / ch2_mirea / ch2_viola,1496,100,100,100,1,1,0,0,0.02
chapter:east:2,第二章,【硝子】セリア / 【硝子】カルミア / 封書の小剣姫ルメア / 夜灯の従騎フィオラ,ch2_seria / ch2_carmia / ch2_lumea / ch2_fiora,1496,100,100,100,1,1,0,0,0
chapter:east:3,第二章,【鏡侍女】リュネ / 【鏡侍女】ロゼ / 【聖翼】アウレ / 【聖翼】ノエル,ch2_ryune / ch2_rose / ch2_aure / ch2_noelle,1694,100,100,100,1,1,0,0,0
chapter:east:3,第二章,【双雷】カリスタ / 【双雷】ソレーヌ / 【薬毒】ミレア / 【薬毒】ヴィオラ,ch2_calista / ch2_solenne / ch2_mirea / ch2_viola,1694,100,100,100,1,1,0,0,0
chapter:east:3,第二章,【硝子】セリア / 【硝子】カルミア / 封書の小剣姫ルメア / 夜灯の従騎フィオラ,ch2_seria / ch2_carmia / ch2_lumea / ch2_fiora,1694,100,100,100,1,1,0,0,0
chapter:east:4,第二章,【鏡侍女】リュネ / 【鏡侍女】ロゼ / 【聖翼】アウレ / 【聖翼】ノエル,ch2_ryune / ch2_rose / ch2_aure / ch2_noelle,1892,100,100,100,1,1,0,0,0
chapter:east:4,第二章,【双雷】カリスタ / 【双雷】ソレーヌ / 【薬毒】ミレア / 【薬毒】ヴィオラ,ch2_calista / ch2_solenne / ch2_mirea / ch2_viola,1892,100,100,100,1,1,0,0,0
chapter:east:4,第二章,【硝子】セリア / 【硝子】カルミア / 封書の小剣姫ルメア / 夜灯の従騎フィオラ,ch2_seria / ch2_carmia / ch2_lumea / ch2_fiora,1892,100,100,100,1,1,0,0,0
chapter:east:5,第二章,【鏡侍女】リュネ / 【鏡侍女】ロゼ / 【聖翼】アウレ / 【聖翼】ノエル,ch2_ryune / ch2_rose / ch2_aure / ch2_noelle,2090,100,100,100,1,1,0,0,0
chapter:east:5,第二章,【双雷】カリスタ / 【双雷】ソレーヌ / 【薬毒】ミレア / 【薬毒】ヴィオラ,ch2_calista / ch2_solenne / ch2_mirea / ch2_viola,2090,100,100,100,1,1,0,0,0
chapter:east:5,第二章,【硝子】セリア / 【硝子】カルミア / 封書の小剣姫ルメア / 夜灯の従騎フィオラ,ch2_seria / ch2_carmia / ch2_lumea / ch2_fiora,2090,100,100,100,1,1,0,0,0
chapter:heart:0,第二章,【霊符】シオン / 【霊符】スイレン / 【日月】ルナリア / 【日月】ソラリア,ch2_shion / ch2_suiren / ch2_lunaria / ch2_solaria,1200,100,100,100,1,1,0,0,1.93
chapter:heart:0,第二章,【竜姫】ドラシア / 【竜姫】リュシエ / 【薬毒】ミレア / 【薬毒】ヴィオラ,ch2_dracia / ch2_rucie / ch2_mirea / ch2_viola,1200,100,100,100,1,1,0,0,0.99
chapter:heart:0,第二章,【鏡侍女】リュネ / 【鏡侍女】ロゼ / 【聖翼】アウレ / 【聖翼】ノエル,ch2_ryune / ch2_rose / ch2_aure / ch2_noelle,1200,100,100,100,1.09,2,0,0,0
chapter:heart:1,第二章,【鏡侍女】リュネ / 【鏡侍女】ロゼ / 【聖翼】アウレ / 【聖翼】ノエル,ch2_ryune / ch2_rose / ch2_aure / ch2_noelle,1416,100,100,100,1,1,0,0,0
chapter:heart:1,第二章,【霊符】シオン / 【霊符】スイレン / 【日月】ルナリア / 【日月】ソラリア,ch2_shion / ch2_suiren / ch2_lunaria / ch2_solaria,1416,100,100,100,1,1,0,0,1.04
chapter:heart:1,第二章,【双雷】カリスタ / 【双雷】ソレーヌ / 【薬毒】ミレア / 【薬毒】ヴィオラ,ch2_calista / ch2_solenne / ch2_mirea / ch2_viola,1416,100,100,100,1.01,2,0,0,1.96
chapter:heart:2,第二章,【鏡侍女】リュネ / 【鏡侍女】ロゼ / 【聖翼】アウレ / 【聖翼】ノエル,ch2_ryune / ch2_rose / ch2_aure / ch2_noelle,1632,100,100,100,1,1,0,0,0
chapter:heart:2,第二章,【霊符】シオン / 【霊符】スイレン / 【日月】ルナリア / 【日月】ソラリア,ch2_shion / ch2_suiren / ch2_lunaria / ch2_solaria,1632,100,100,100,1,1,0,0,1
chapter:heart:2,第二章,【双雷】カリスタ / 【双雷】ソレーヌ / 【薬毒】ミレア / 【薬毒】ヴィオラ,ch2_calista / ch2_solenne / ch2_mirea / ch2_viola,1632,100,100,100,1.02,2,0,0,0.99
chapter:heart:3,第二章,【鏡侍女】リュネ / 【鏡侍女】ロゼ / 【聖翼】アウレ / 【聖翼】ノエル,ch2_ryune / ch2_rose / ch2_aure / ch2_noelle,1848,100,100,100,1,1,0,0,0
chapter:heart:3,第二章,【双雷】カリスタ / 【双雷】ソレーヌ / 【薬毒】ミレア / 【薬毒】ヴィオラ,ch2_calista / ch2_solenne / ch2_mirea / ch2_viola,1848,100,100,100,1,1,0,0,0.79
chapter:heart:3,第二章,【霊符】シオン / 【霊符】スイレン / 【日月】ルナリア / 【日月】ソラリア,ch2_shion / ch2_suiren / ch2_lunaria / ch2_solaria,1848,100,100,100,1,1,0,0,1
chapter:heart:4,第二章,【鏡侍女】リュネ / 【鏡侍女】ロゼ / 【聖翼】アウレ / 【聖翼】ノエル,ch2_ryune / ch2_rose / ch2_aure / ch2_noelle,2064,100,100,100,1,1,0,0,0
chapter:heart:4,第二章,【双雷】カリスタ / 【双雷】ソレーヌ / 【薬毒】ミレア / 【薬毒】ヴィオラ,ch2_calista / ch2_solenne / ch2_mirea / ch2_viola,2064,100,100,100,1,1,0,0,0.73
chapter:heart:4,第二章,【硝子】セリア / 【硝子】カルミア / 封書の小剣姫ルメア / 夜灯の従騎フィオラ,ch2_seria / ch2_carmia / ch2_lumea / ch2_fiora,2064,100,100,100,1,1,0,0,0.02
chapter:heart:5,第二章,【鏡侍女】リュネ / 【鏡侍女】ロゼ / 【聖翼】アウレ / 【聖翼】ノエル,ch2_ryune / ch2_rose / ch2_aure / ch2_noelle,2280,100,100,100,1,1,0,0,0
chapter:heart:5,第二章,【双雷】カリスタ / 【双雷】ソレーヌ / 【薬毒】ミレア / 【薬毒】ヴィオラ,ch2_calista / ch2_solenne / ch2_mirea / ch2_viola,2280,100,100,100,1,1,0,0,0.73
chapter:heart:5,第二章,【硝子】セリア / 【硝子】カルミア / 封書の小剣姫ルメア / 夜灯の従騎フィオラ,ch2_seria / ch2_carmia / ch2_lumea / ch2_fiora,2280,100,100,100,1.01,2,0,0,0
chapter:vault0:0,第二章,【返誓】ロスティア / 【返誓】アルテア / 【星刻】エイレーネ / 【星刻】イリデル,ch2_rostia / ch2_althea / ch2_eirene / ch2_iridelle,1650,100,100,100,1,1,0,0,0.84
chapter:vault0:0,第二章,【剣姫】ネメシア / 【剣姫】エヴェリア / 【双鐘】フェルネ / 【双鐘】クラリス,ch2_nemesia / ch2_everia / ch2_ferne / ch2_clarisse,1650,100,100,100,1.01,2,0,0,0.11
chapter:vault0:0,第二章,【星糸】セレス / 【星糸】ルミナ / 【誓姫】リリエット / 【誓姫】ロゼット,ch2_celes / ch2_lumina / ch2_lyriet / ch2_rosette,1650,100,100,100,1.05,2,0,0,1
chapter:vault0:1,第二章,【返誓】ロスティア / 【返誓】アルテア / 【星刻】エイレーネ / 【星刻】イリデル,ch2_rostia / ch2_althea / ch2_eirene / ch2_iridelle,1947,100,100,100,1,1,0,0,0.92
chapter:vault0:1,第二章,【霊符】シオン / 【霊符】スイレン / 【日月】ルナリア / 【日月】ソラリア,ch2_shion / ch2_suiren / ch2_lunaria / ch2_solaria,1947,100,100,100,1.02,2,0,0,1.08
chapter:vault0:1,第二章,【星糸】セレス / 【星糸】ルミナ / 【誓姫】リリエット / 【誓姫】ロゼット,ch2_celes / ch2_lumina / ch2_lyriet / ch2_rosette,1947,100,100,100,1.02,2,0,0,1
chapter:vault0:2,第二章,【返誓】ロスティア / 【返誓】アルテア / 【星刻】エイレーネ / 【星刻】イリデル,ch2_rostia / ch2_althea / ch2_eirene / ch2_iridelle,2244,100,100,100,1,1,0,0,0.92
chapter:vault0:2,第二章,【霊符】シオン / 【霊符】スイレン / 【日月】ルナリア / 【日月】ソラリア,ch2_shion / ch2_suiren / ch2_lunaria / ch2_solaria,2244,100,100,100,1.02,2,0,0,1.04
chapter:vault0:2,第二章,【星糸】セレス / 【星糸】ルミナ / 【誓姫】リリエット / 【誓姫】ロゼット,ch2_celes / ch2_lumina / ch2_lyriet / ch2_rosette,2244,100,100,100,1.03,2,0,0,1
chapter:vault0:3,第二章,【竜姫】ドラシア / 【竜姫】リュシエ / 【薬毒】ミレア / 【薬毒】ヴィオラ,ch2_dracia / ch2_rucie / ch2_mirea / ch2_viola,2541,100,100,100,1,1,0,0,0.99
chapter:vault0:3,第二章,【霊符】シオン / 【霊符】スイレン / 【日月】ルナリア / 【日月】ソラリア,ch2_shion / ch2_suiren / ch2_lunaria / ch2_solaria,2541,100,100,100,1.01,2,0,0,1
chapter:vault0:3,第二章,【双雷】カリスタ / 【双雷】ソレーヌ / 【薬毒】ミレア / 【薬毒】ヴィオラ,ch2_calista / ch2_solenne / ch2_mirea / ch2_viola,2541,100,100,100,1.35,2,0,0,1.99
chapter:vault0:4,第二章,【霊符】シオン / 【霊符】スイレン / 【日月】ルナリア / 【日月】ソラリア,ch2_shion / ch2_suiren / ch2_lunaria / ch2_solaria,2838,100,100,100,1,1,0,0,1.05
chapter:vault0:4,第二章,【鏡侍女】リュネ / 【鏡侍女】ロゼ / 【聖翼】アウレ / 【聖翼】ノエル,ch2_ryune / ch2_rose / ch2_aure / ch2_noelle,2838,100,100,100,1.11,2,0,0,0
chapter:vault0:4,第二章,【双雷】カリスタ / 【双雷】ソレーヌ / 【薬毒】ミレア / 【薬毒】ヴィオラ,ch2_calista / ch2_solenne / ch2_mirea / ch2_viola,2838,100,100,100,1.94,2,0,0,1.09
chapter:vault0:5,第二章,【霊符】シオン / 【霊符】スイレン / 【日月】ルナリア / 【日月】ソラリア,ch2_shion / ch2_suiren / ch2_lunaria / ch2_solaria,3135,100,100,100,1,1,0,0,1.05
chapter:vault0:5,第二章,【鏡侍女】リュネ / 【鏡侍女】ロゼ / 【聖翼】アウレ / 【聖翼】ノエル,ch2_ryune / ch2_rose / ch2_aure / ch2_noelle,3135,100,100,100,1.11,2,0,0,0
chapter:vault0:5,第二章,【双雷】カリスタ / 【双雷】ソレーヌ / 【薬毒】ミレア / 【薬毒】ヴィオラ,ch2_calista / ch2_solenne / ch2_mirea / ch2_viola,3135,100,100,100,1.92,2,0,0,1.09
chapter:roam0_1:0,第二章,【鏡侍女】リュネ / 【鏡侍女】ロゼ / 【聖翼】アウレ / 【聖翼】ノエル,ch2_ryune / ch2_rose / ch2_aure / ch2_noelle,1050,100,100,100,1,1,0,0,0
chapter:roam0_1:0,第二章,【双雷】カリスタ / 【双雷】ソレーヌ / 【薬毒】ミレア / 【薬毒】ヴィオラ,ch2_calista / ch2_solenne / ch2_mirea / ch2_viola,1050,100,100,100,1,1,0,0,0.04
chapter:roam0_1:0,第二章,【硝子】セリア / 【硝子】カルミア / 封書の小剣姫ルメア / 夜灯の従騎フィオラ,ch2_seria / ch2_carmia / ch2_lumea / ch2_fiora,1050,100,100,100,1,1,0,0,0
chapter:roam0_1:1,第二章,【鏡侍女】リュネ / 【鏡侍女】ロゼ / 【聖翼】アウレ / 【聖翼】ノエル,ch2_ryune / ch2_rose / ch2_aure / ch2_noelle,1239,100,100,100,1,1,0,0,0
chapter:roam0_1:1,第二章,【双雷】カリスタ / 【双雷】ソレーヌ / 【薬毒】ミレア / 【薬毒】ヴィオラ,ch2_calista / ch2_solenne / ch2_mirea / ch2_viola,1239,100,100,100,1,1,0,0,0
chapter:roam0_1:1,第二章,【硝子】セリア / 【硝子】カルミア / 封書の小剣姫ルメア / 夜灯の従騎フィオラ,ch2_seria / ch2_carmia / ch2_lumea / ch2_fiora,1239,100,100,100,1,1,0,0,0
chapter:roam0_1:2,第二章,【鏡侍女】リュネ / 【鏡侍女】ロゼ / 【聖翼】アウレ / 【聖翼】ノエル,ch2_ryune / ch2_rose / ch2_aure / ch2_noelle,1428,100,100,100,1,1,0,0,0
chapter:roam0_1:2,第二章,【双雷】カリスタ / 【双雷】ソレーヌ / 【薬毒】ミレア / 【薬毒】ヴィオラ,ch2_calista / ch2_solenne / ch2_mirea / ch2_viola,1428,100,100,100,1,1,0,0,0
chapter:roam0_1:2,第二章,【硝子】セリア / 【硝子】カルミア / 封書の小剣姫ルメア / 夜灯の従騎フィオラ,ch2_seria / ch2_carmia / ch2_lumea / ch2_fiora,1428,100,100,100,1,1,0,0,0
chapter:roam0_1:3,第二章,【鏡侍女】リュネ / 【鏡侍女】ロゼ / 【聖翼】アウレ / 【聖翼】ノエル,ch2_ryune / ch2_rose / ch2_aure / ch2_noelle,1617,100,100,100,1,1,0,0,0
chapter:roam0_1:3,第二章,【双雷】カリスタ / 【双雷】ソレーヌ / 【薬毒】ミレア / 【薬毒】ヴィオラ,ch2_calista / ch2_solenne / ch2_mirea / ch2_viola,1617,100,100,100,1,1,0,0,0
chapter:roam0_1:3,第二章,【硝子】セリア / 【硝子】カルミア / 封書の小剣姫ルメア / 夜灯の従騎フィオラ,ch2_seria / ch2_carmia / ch2_lumea / ch2_fiora,1617,100,100,100,1,1,0,0,0
chapter:roam0_1:4,第二章,【鏡侍女】リュネ / 【鏡侍女】ロゼ / 【聖翼】アウレ / 【聖翼】ノエル,ch2_ryune / ch2_rose / ch2_aure / ch2_noelle,1806,100,100,100,1,1,0,0,0
chapter:roam0_1:4,第二章,【双雷】カリスタ / 【双雷】ソレーヌ / 【薬毒】ミレア / 【薬毒】ヴィオラ,ch2_calista / ch2_solenne / ch2_mirea / ch2_viola,1806,100,100,100,1,1,0,0,0
chapter:roam0_1:4,第二章,【硝子】セリア / 【硝子】カルミア / 封書の小剣姫ルメア / 夜灯の従騎フィオラ,ch2_seria / ch2_carmia / ch2_lumea / ch2_fiora,1806,100,100,100,1,1,0,0,0
chapter:roam0_1:5,第二章,【鏡侍女】リュネ / 【鏡侍女】ロゼ / 【聖翼】アウレ / 【聖翼】ノエル,ch2_ryune / ch2_rose / ch2_aure / ch2_noelle,1995,100,100,100,1,1,0,0,0
chapter:roam0_1:5,第二章,【双雷】カリスタ / 【双雷】ソレーヌ / 【薬毒】ミレア / 【薬毒】ヴィオラ,ch2_calista / ch2_solenne / ch2_mirea / ch2_viola,1995,100,100,100,1,1,0,0,0
chapter:roam0_1:5,第二章,【硝子】セリア / 【硝子】カルミア / 封書の小剣姫ルメア / 夜灯の従騎フィオラ,ch2_seria / ch2_carmia / ch2_lumea / ch2_fiora,1995,100,100,100,1,1,0,0,0
chapter:roam0_3:0,第二章,【鏡侍女】リュネ / 【鏡侍女】ロゼ / 【聖翼】アウレ / 【聖翼】ノエル,ch2_ryune / ch2_rose / ch2_aure / ch2_noelle,1050,100,100,100,1,1,0,0,0
chapter:roam0_3:0,第二章,【双雷】カリスタ / 【双雷】ソレーヌ / 【薬毒】ミレア / 【薬毒】ヴィオラ,ch2_calista / ch2_solenne / ch2_mirea / ch2_viola,1050,100,100,100,1,1,0,0,0.04
chapter:roam0_3:0,第二章,【硝子】セリア / 【硝子】カルミア / 封書の小剣姫ルメア / 夜灯の従騎フィオラ,ch2_seria / ch2_carmia / ch2_lumea / ch2_fiora,1050,100,100,100,1,1,0,0,0
chapter:roam0_3:1,第二章,【鏡侍女】リュネ / 【鏡侍女】ロゼ / 【聖翼】アウレ / 【聖翼】ノエル,ch2_ryune / ch2_rose / ch2_aure / ch2_noelle,1239,100,100,100,1,1,0,0,0
chapter:roam0_3:1,第二章,【双雷】カリスタ / 【双雷】ソレーヌ / 【薬毒】ミレア / 【薬毒】ヴィオラ,ch2_calista / ch2_solenne / ch2_mirea / ch2_viola,1239,100,100,100,1,1,0,0,0.05
chapter:roam0_3:1,第二章,【硝子】セリア / 【硝子】カルミア / 封書の小剣姫ルメア / 夜灯の従騎フィオラ,ch2_seria / ch2_carmia / ch2_lumea / ch2_fiora,1239,100,100,100,1,1,0,0,0
chapter:roam0_3:2,第二章,【鏡侍女】リュネ / 【鏡侍女】ロゼ / 【聖翼】アウレ / 【聖翼】ノエル,ch2_ryune / ch2_rose / ch2_aure / ch2_noelle,1428,100,100,100,1,1,0,0,0
chapter:roam0_3:2,第二章,【双雷】カリスタ / 【双雷】ソレーヌ / 【薬毒】ミレア / 【薬毒】ヴィオラ,ch2_calista / ch2_solenne / ch2_mirea / ch2_viola,1428,100,100,100,1,1,0,0,0
chapter:roam0_3:2,第二章,【硝子】セリア / 【硝子】カルミア / 封書の小剣姫ルメア / 夜灯の従騎フィオラ,ch2_seria / ch2_carmia / ch2_lumea / ch2_fiora,1428,100,100,100,1,1,0,0,0
chapter:roam0_3:3,第二章,【鏡侍女】リュネ / 【鏡侍女】ロゼ / 【聖翼】アウレ / 【聖翼】ノエル,ch2_ryune / ch2_rose / ch2_aure / ch2_noelle,1617,100,100,100,1,1,0,0,0
chapter:roam0_3:3,第二章,【双雷】カリスタ / 【双雷】ソレーヌ / 【薬毒】ミレア / 【薬毒】ヴィオラ,ch2_calista / ch2_solenne / ch2_mirea / ch2_viola,1617,100,100,100,1,1,0,0,0
chapter:roam0_3:3,第二章,【硝子】セリア / 【硝子】カルミア / 封書の小剣姫ルメア / 夜灯の従騎フィオラ,ch2_seria / ch2_carmia / ch2_lumea / ch2_fiora,1617,100,100,100,1,1,0,0,0
chapter:roam0_3:4,第二章,【鏡侍女】リュネ / 【鏡侍女】ロゼ / 【聖翼】アウレ / 【聖翼】ノエル,ch2_ryune / ch2_rose / ch2_aure / ch2_noelle,1806,100,100,100,1,1,0,0,0
chapter:roam0_3:4,第二章,【双雷】カリスタ / 【双雷】ソレーヌ / 【薬毒】ミレア / 【薬毒】ヴィオラ,ch2_calista / ch2_solenne / ch2_mirea / ch2_viola,1806,100,100,100,1,1,0,0,0
chapter:roam0_3:4,第二章,【硝子】セリア / 【硝子】カルミア / 封書の小剣姫ルメア / 夜灯の従騎フィオラ,ch2_seria / ch2_carmia / ch2_lumea / ch2_fiora,1806,100,100,100,1,1,0,0,0
chapter:roam0_3:5,第二章,【鏡侍女】リュネ / 【鏡侍女】ロゼ / 【聖翼】アウレ / 【聖翼】ノエル,ch2_ryune / ch2_rose / ch2_aure / ch2_noelle,1995,100,100,100,1,1,0,0,0
chapter:roam0_3:5,第二章,【双雷】カリスタ / 【双雷】ソレーヌ / 【薬毒】ミレア / 【薬毒】ヴィオラ,ch2_calista / ch2_solenne / ch2_mirea / ch2_viola,1995,100,100,100,1,1,0,0,0
chapter:roam0_3:5,第二章,【硝子】セリア / 【硝子】カルミア / 封書の小剣姫ルメア / 夜灯の従騎フィオラ,ch2_seria / ch2_carmia / ch2_lumea / ch2_fiora,1995,100,100,100,1,1,0,0,0
chapter:roam0_4:0,第二章,【鏡侍女】リュネ / 【鏡侍女】ロゼ / 【聖翼】アウレ / 【聖翼】ノエル,ch2_ryune / ch2_rose / ch2_aure / ch2_noelle,1050,100,100,100,1,1,0,0,0
chapter:roam0_4:0,第二章,【双雷】カリスタ / 【双雷】ソレーヌ / 【薬毒】ミレア / 【薬毒】ヴィオラ,ch2_calista / ch2_solenne / ch2_mirea / ch2_viola,1050,100,100,100,1,1,0,0,0.03
chapter:roam0_4:0,第二章,【硝子】セリア / 【硝子】カルミア / 封書の小剣姫ルメア / 夜灯の従騎フィオラ,ch2_seria / ch2_carmia / ch2_lumea / ch2_fiora,1050,100,100,100,1,1,0,0,0
chapter:roam0_4:1,第二章,【鏡侍女】リュネ / 【鏡侍女】ロゼ / 【聖翼】アウレ / 【聖翼】ノエル,ch2_ryune / ch2_rose / ch2_aure / ch2_noelle,1239,100,100,100,1,1,0,0,0
chapter:roam0_4:1,第二章,【双雷】カリスタ / 【双雷】ソレーヌ / 【薬毒】ミレア / 【薬毒】ヴィオラ,ch2_calista / ch2_solenne / ch2_mirea / ch2_viola,1239,100,100,100,1,1,0,0,0
chapter:roam0_4:1,第二章,【硝子】セリア / 【硝子】カルミア / 封書の小剣姫ルメア / 夜灯の従騎フィオラ,ch2_seria / ch2_carmia / ch2_lumea / ch2_fiora,1239,100,100,100,1,1,0,0,0
chapter:roam0_4:2,第二章,【鏡侍女】リュネ / 【鏡侍女】ロゼ / 【聖翼】アウレ / 【聖翼】ノエル,ch2_ryune / ch2_rose / ch2_aure / ch2_noelle,1428,100,100,100,1,1,0,0,0
chapter:roam0_4:2,第二章,【双雷】カリスタ / 【双雷】ソレーヌ / 【薬毒】ミレア / 【薬毒】ヴィオラ,ch2_calista / ch2_solenne / ch2_mirea / ch2_viola,1428,100,100,100,1,1,0,0,0
chapter:roam0_4:2,第二章,【硝子】セリア / 【硝子】カルミア / 封書の小剣姫ルメア / 夜灯の従騎フィオラ,ch2_seria / ch2_carmia / ch2_lumea / ch2_fiora,1428,100,100,100,1,1,0,0,0
chapter:roam0_4:3,第二章,【鏡侍女】リュネ / 【鏡侍女】ロゼ / 【聖翼】アウレ / 【聖翼】ノエル,ch2_ryune / ch2_rose / ch2_aure / ch2_noelle,1617,100,100,100,1,1,0,0,0
chapter:roam0_4:3,第二章,【双雷】カリスタ / 【双雷】ソレーヌ / 【薬毒】ミレア / 【薬毒】ヴィオラ,ch2_calista / ch2_solenne / ch2_mirea / ch2_viola,1617,100,100,100,1,1,0,0,0
chapter:roam0_4:3,第二章,【硝子】セリア / 【硝子】カルミア / 封書の小剣姫ルメア / 夜灯の従騎フィオラ,ch2_seria / ch2_carmia / ch2_lumea / ch2_fiora,1617,100,100,100,1,1,0,0,0
chapter:roam0_4:4,第二章,【鏡侍女】リュネ / 【鏡侍女】ロゼ / 【聖翼】アウレ / 【聖翼】ノエル,ch2_ryune / ch2_rose / ch2_aure / ch2_noelle,1806,100,100,100,1,1,0,0,0
chapter:roam0_4:4,第二章,【双雷】カリスタ / 【双雷】ソレーヌ / 【薬毒】ミレア / 【薬毒】ヴィオラ,ch2_calista / ch2_solenne / ch2_mirea / ch2_viola,1806,100,100,100,1,1,0,0,0
chapter:roam0_4:4,第二章,【硝子】セリア / 【硝子】カルミア / 封書の小剣姫ルメア / 夜灯の従騎フィオラ,ch2_seria / ch2_carmia / ch2_lumea / ch2_fiora,1806,100,100,100,1,1,0,0,0
chapter:roam0_4:5,第二章,【鏡侍女】リュネ / 【鏡侍女】ロゼ / 【聖翼】アウレ / 【聖翼】ノエル,ch2_ryune / ch2_rose / ch2_aure / ch2_noelle,1995,100,100,100,1,1,0,0,0
chapter:roam0_4:5,第二章,【双雷】カリスタ / 【双雷】ソレーヌ / 【薬毒】ミレア / 【薬毒】ヴィオラ,ch2_calista / ch2_solenne / ch2_mirea / ch2_viola,1995,100,100,100,1,1,0,0,0
chapter:roam0_4:5,第二章,【硝子】セリア / 【硝子】カルミア / 封書の小剣姫ルメア / 夜灯の従騎フィオラ,ch2_seria / ch2_carmia / ch2_lumea / ch2_fiora,1995,100,100,100,1,1,0,0,0
chapter:vault1:0,第二章,【鏡侍女】リュネ / 【鏡侍女】ロゼ / 【聖翼】アウレ / 【聖翼】ノエル,ch2_ryune / ch2_rose / ch2_aure / ch2_noelle,2310,100,100,100,2,2,0,0,0
chapter:vault1:0,第二章,【双雷】カリスタ / 【双雷】ソレーヌ / 【薬毒】ミレア / 【薬毒】ヴィオラ,ch2_calista / ch2_solenne / ch2_mirea / ch2_viola,2310,100,100,100,2,2,0,0,2.74
chapter:vault1:0,第二章,【霊符】シオン / 【霊符】スイレン / 【日月】ルナリア / 【日月】ソラリア,ch2_shion / ch2_suiren / ch2_lunaria / ch2_solaria,2310,100,100,100,2,2,0,0,2.15
chapter:vault1:1,第二章,【霊符】シオン / 【霊符】スイレン / 【日月】ルナリア / 【日月】ソラリア,ch2_shion / ch2_suiren / ch2_lunaria / ch2_solaria,2726,100,100,100,1.94,2,0,0,2.06
chapter:vault1:1,第二章,【鏡侍女】リュネ / 【鏡侍女】ロゼ / 【聖翼】アウレ / 【聖翼】ノエル,ch2_ryune / ch2_rose / ch2_aure / ch2_noelle,2726,100,100,100,2,2,0,0,0
chapter:vault1:1,第二章,【双雷】カリスタ / 【双雷】ソレーヌ / 【薬毒】ミレア / 【薬毒】ヴィオラ,ch2_calista / ch2_solenne / ch2_mirea / ch2_viola,2726,100,100,100,2,2,0,0,2.5
chapter:vault1:2,第二章,【剣姫】ネメシア / 【剣姫】エヴェリア / 【双鐘】フェルネ / 【双鐘】クラリス,ch2_nemesia / ch2_everia / ch2_ferne / ch2_clarisse,3142,100,100,100,1.03,2,0,0,0.11
chapter:vault1:2,第二章,【星糸】セレス / 【星糸】ルミナ / 【誓姫】リリエット / 【誓姫】ロゼット,ch2_celes / ch2_lumina / ch2_lyriet / ch2_rosette,3142,100,100,100,1.05,2,0,0,1
chapter:vault1:2,第二章,【鏡侍女】リュネ / 【鏡侍女】ロゼ / 【聖翼】アウレ / 【聖翼】ノエル,ch2_ryune / ch2_rose / ch2_aure / ch2_noelle,3142,100,100,100,2,2,0,0,0
chapter:vault1:3,第二章,【剣姫】ネメシア / 【剣姫】エヴェリア / 【双鐘】フェルネ / 【双鐘】クラリス,ch2_nemesia / ch2_everia / ch2_ferne / ch2_clarisse,3557,100,100,100,1.03,2,0,0,0.11
chapter:vault1:3,第二章,【星糸】セレス / 【星糸】ルミナ / 【誓姫】リリエット / 【誓姫】ロゼット,ch2_celes / ch2_lumina / ch2_lyriet / ch2_rosette,3557,100,100,100,1.05,2,0,0,1
chapter:vault1:3,第二章,【鏡侍女】リュネ / 【鏡侍女】ロゼ / 【聖翼】アウレ / 【聖翼】ノエル,ch2_ryune / ch2_rose / ch2_aure / ch2_noelle,3557,100,100,100,2,2,0,0,0
chapter:vault1:4,第二章,【剣姫】ネメシア / 【剣姫】エヴェリア / 【双鐘】フェルネ / 【双鐘】クラリス,ch2_nemesia / ch2_everia / ch2_ferne / ch2_clarisse,3973,100,100,100,1.01,2,0,0,0.11
chapter:vault1:4,第二章,【星糸】セレス / 【星糸】ルミナ / 【誓姫】リリエット / 【誓姫】ロゼット,ch2_celes / ch2_lumina / ch2_lyriet / ch2_rosette,3973,100,100,100,1.05,2,0,0,1
chapter:vault1:4,第二章,【鏡侍女】リュネ / 【鏡侍女】ロゼ / 【聖翼】アウレ / 【聖翼】ノエル,ch2_ryune / ch2_rose / ch2_aure / ch2_noelle,3973,100,100,100,2,2,0,0,0
chapter:vault1:5,第二章,【剣姫】ネメシア / 【剣姫】エヴェリア / 【双鐘】フェルネ / 【双鐘】クラリス,ch2_nemesia / ch2_everia / ch2_ferne / ch2_clarisse,4389,100,100,100,1,1,0,0,0.06
chapter:vault1:5,第二章,【霊符】シオン / 【霊符】スイレン / 【日月】ルナリア / 【日月】ソラリア,ch2_shion / ch2_suiren / ch2_lunaria / ch2_solaria,4389,100,100,100,1.02,2,0,0,1.05
chapter:vault1:5,第二章,【星糸】セレス / 【星糸】ルミナ / 【誓姫】リリエット / 【誓姫】ロゼット,ch2_celes / ch2_lumina / ch2_lyriet / ch2_rosette,4389,100,100,100,1.05,2,0,0,1
chapter:roam1_1:0,第二章,【返誓】ロスティア / 【返誓】アルテア / 【星刻】エイレーネ / 【星刻】イリデル,ch2_rostia / ch2_althea / ch2_eirene / ch2_iridelle,2600,100,100,100,1.06,2,0,0,1.01
chapter:roam1_1:0,第二章,【霊符】シオン / 【霊符】スイレン / 【日月】ルナリア / 【日月】ソラリア,ch2_shion / ch2_suiren / ch2_lunaria / ch2_solaria,2600,100,100,100,2,2,0,0,2.19
chapter:roam1_1:0,第二章,【双藤】ネヴィア / 【双藤】エルミナ / 【聖翼】アウレ / 【聖翼】ノエル,ch2_nevia / ch2_elmina / ch2_aure / ch2_noelle,2600,100,100,100,2,2,0,0,0.73
chapter:roam1_1:1,第二章,【返誓】ロスティア / 【返誓】アルテア / 【星刻】エイレーネ / 【星刻】イリデル,ch2_rostia / ch2_althea / ch2_eirene / ch2_iridelle,3068,100,100,100,1.04,2,0,0,1.01
chapter:roam1_1:1,第二章,【霊符】シオン / 【霊符】スイレン / 【日月】ルナリア / 【日月】ソラリア,ch2_shion / ch2_suiren / ch2_lunaria / ch2_solaria,3068,100,100,100,2,2,0,0,2.12
chapter:roam1_1:1,第二章,【双雷】カリスタ / 【双雷】ソレーヌ / 【薬毒】ミレア / 【薬毒】ヴィオラ,ch2_calista / ch2_solenne / ch2_mirea / ch2_viola,3068,100,100,100,2.02,3,0,0,2.32
chapter:roam1_1:2,第二章,【返誓】ロスティア / 【返誓】アルテア / 【星刻】エイレーネ / 【星刻】イリデル,ch2_rostia / ch2_althea / ch2_eirene / ch2_iridelle,3536,100,100,100,1,1,0,0,1
chapter:roam1_1:2,第二章,【剣姫】ネメシア / 【剣姫】エヴェリア / 【双鐘】フェルネ / 【双鐘】クラリス,ch2_nemesia / ch2_everia / ch2_ferne / ch2_clarisse,3536,100,100,100,1.04,2,0,0,0.03
chapter:roam1_1:2,第二章,【星糸】セレス / 【星糸】ルミナ / 【誓姫】リリエット / 【誓姫】ロゼット,ch2_celes / ch2_lumina / ch2_lyriet / ch2_rosette,3536,100,100,100,1.09,2,0,0,1.01
chapter:roam1_1:3,第二章,【返誓】ロスティア / 【返誓】アルテア / 【星刻】エイレーネ / 【星刻】イリデル,ch2_rostia / ch2_althea / ch2_eirene / ch2_iridelle,4004,100,100,100,1.02,2,0,0,0.23
chapter:roam1_1:3,第二章,【剣姫】ネメシア / 【剣姫】エヴェリア / 【双鐘】フェルネ / 【双鐘】クラリス,ch2_nemesia / ch2_everia / ch2_ferne / ch2_clarisse,4004,100,100,100,1.02,2,0,0,0.03
chapter:roam1_1:3,第二章,【星糸】セレス / 【星糸】ルミナ / 【誓姫】リリエット / 【誓姫】ロゼット,ch2_celes / ch2_lumina / ch2_lyriet / ch2_rosette,4004,100,100,100,1.08,2,0,0,1.01
chapter:roam1_1:4,第二章,【返誓】ロスティア / 【返誓】アルテア / 【星刻】エイレーネ / 【星刻】イリデル,ch2_rostia / ch2_althea / ch2_eirene / ch2_iridelle,4472,100,100,100,1.03,2,0,0,0.05
chapter:roam1_1:4,第二章,【霊符】シオン / 【霊符】スイレン / 【日月】ルナリア / 【日月】ソラリア,ch2_shion / ch2_suiren / ch2_lunaria / ch2_solaria,4472,100,100,100,1.04,2,0,0,2
chapter:roam1_1:4,第二章,【星糸】セレス / 【星糸】ルミナ / 【誓姫】リリエット / 【誓姫】ロゼット,ch2_celes / ch2_lumina / ch2_lyriet / ch2_rosette,4472,100,100,100,1.07,2,0,0,1.01
chapter:roam1_1:5,第二章,【霊符】シオン / 【霊符】スイレン / 【日月】ルナリア / 【日月】ソラリア,ch2_shion / ch2_suiren / ch2_lunaria / ch2_solaria,4940,100,100,100,1,1,0,0,1.98
chapter:roam1_1:5,第二章,【返誓】ロスティア / 【返誓】アルテア / 【星刻】エイレーネ / 【星刻】イリデル,ch2_rostia / ch2_althea / ch2_eirene / ch2_iridelle,4940,100,100,100,1.01,2,0,0,0
chapter:roam1_1:5,第二章,【双藤】ネヴィア / 【双藤】エルミナ / 【聖翼】アウレ / 【聖翼】ノエル,ch2_nevia / ch2_elmina / ch2_aure / ch2_noelle,4940,100,100,100,1.14,2,0,0,0.01
chapter:roam1_3:0,第二章,【鏡侍女】リュネ / 【鏡侍女】ロゼ / 【聖翼】アウレ / 【聖翼】ノエル,ch2_ryune / ch2_rose / ch2_aure / ch2_noelle,1400,100,100,100,1,1,0,0,0
chapter:roam1_3:0,第二章,【封鍵】メリオラ / 【封鍵】エリゼル / 【薔薇】ノクテル / 【薔薇】オーリアン,ch2_meliora / ch2_elyselle / ch2_noctelle / ch2_auriane,1400,100,100,100,1,1,0,0,0
chapter:roam1_3:0,第二章,【双雷】カリスタ / 【双雷】ソレーヌ / 【薬毒】ミレア / 【薬毒】ヴィオラ,ch2_calista / ch2_solenne / ch2_mirea / ch2_viola,1400,100,100,100,1.01,2,93,0,1.98
chapter:roam1_3:1,第二章,【鏡侍女】リュネ / 【鏡侍女】ロゼ / 【聖翼】アウレ / 【聖翼】ノエル,ch2_ryune / ch2_rose / ch2_aure / ch2_noelle,1652,100,100,100,1,1,2,0,0
chapter:roam1_3:1,第二章,【双雷】カリスタ / 【双雷】ソレーヌ / 【薬毒】ミレア / 【薬毒】ヴィオラ,ch2_calista / ch2_solenne / ch2_mirea / ch2_viola,1652,100,100,100,1.01,2,93,0,1.92
chapter:roam1_3:1,第二章,【硝子】セリア / 【硝子】カルミア / 封書の小剣姫ルメア / 夜灯の従騎フィオラ,ch2_seria / ch2_carmia / ch2_lumea / ch2_fiora,1652,100,100,100,1.05,2,5,0,0.95
chapter:roam1_3:2,第二章,【鏡侍女】リュネ / 【鏡侍女】ロゼ / 【聖翼】アウレ / 【聖翼】ノエル,ch2_ryune / ch2_rose / ch2_aure / ch2_noelle,1904,100,100,100,1,1,0,0,0
chapter:roam1_3:2,第二章,【封鍵】メリオラ / 【封鍵】エリゼル / 【薔薇】ノクテル / 【薔薇】オーリアン,ch2_meliora / ch2_elyselle / ch2_noctelle / ch2_auriane,1904,100,100,100,1,1,0,0,0
chapter:roam1_3:2,第二章,【竜姫】ドラシア / 【竜姫】リュシエ / 【薬毒】ミレア / 【薬毒】ヴィオラ,ch2_dracia / ch2_rucie / ch2_mirea / ch2_viola,1904,100,100,100,1,1,2,0,0.99
chapter:roam1_3:3,第二章,【鏡侍女】リュネ / 【鏡侍女】ロゼ / 【聖翼】アウレ / 【聖翼】ノエル,ch2_ryune / ch2_rose / ch2_aure / ch2_noelle,2156,100,100,100,1,1,0,0,0
chapter:roam1_3:3,第二章,【封鍵】メリオラ / 【封鍵】エリゼル / 【薔薇】ノクテル / 【薔薇】オーリアン,ch2_meliora / ch2_elyselle / ch2_noctelle / ch2_auriane,2156,100,100,100,1,1,98,0,0
chapter:roam1_3:3,第二章,【竜姫】ドラシア / 【竜姫】リュシエ / 【薬毒】ミレア / 【薬毒】ヴィオラ,ch2_dracia / ch2_rucie / ch2_mirea / ch2_viola,2156,100,100,100,1,1,3,0,0.99
chapter:roam1_3:4,第二章,【封鍵】メリオラ / 【封鍵】エリゼル / 【薔薇】ノクテル / 【薔薇】オーリアン,ch2_meliora / ch2_elyselle / ch2_noctelle / ch2_auriane,2408,100,100,100,1,1,98,0,0
chapter:roam1_3:4,第二章,【竜姫】ドラシア / 【竜姫】リュシエ / 【薬毒】ミレア / 【薬毒】ヴィオラ,ch2_dracia / ch2_rucie / ch2_mirea / ch2_viola,2408,100,100,100,1,1,3,0,0.99
chapter:roam1_3:4,第二章,【鏡侍女】リュネ / 【鏡侍女】ロゼ / 【聖翼】アウレ / 【聖翼】ノエル,ch2_ryune / ch2_rose / ch2_aure / ch2_noelle,2408,100,100,100,1.99,3,98,0,0.1
chapter:roam1_3:5,第二章,【封鍵】メリオラ / 【封鍵】エリゼル / 【薔薇】ノクテル / 【薔薇】オーリアン,ch2_meliora / ch2_elyselle / ch2_noctelle / ch2_auriane,2660,100,100,100,1,1,98,0,0
chapter:roam1_3:5,第二章,【竜姫】ドラシア / 【竜姫】リュシエ / 【薬毒】ミレア / 【薬毒】ヴィオラ,ch2_dracia / ch2_rucie / ch2_mirea / ch2_viola,2660,100,100,100,1,1,3,0,0.99
chapter:roam1_3:5,第二章,【鏡侍女】リュネ / 【鏡侍女】ロゼ / 【聖翼】アウレ / 【聖翼】ノエル,ch2_ryune / ch2_rose / ch2_aure / ch2_noelle,2660,100,100,100,1.99,3,98,0,0.11
chapter:roam1_4:0,第二章,【鏡侍女】リュネ / 【鏡侍女】ロゼ / 【聖翼】アウレ / 【聖翼】ノエル,ch2_ryune / ch2_rose / ch2_aure / ch2_noelle,1400,100,100,100,1,1,0,0,0
chapter:roam1_4:0,第二章,【双雷】カリスタ / 【双雷】ソレーヌ / 【薬毒】ミレア / 【薬毒】ヴィオラ,ch2_calista / ch2_solenne / ch2_mirea / ch2_viola,1400,100,100,100,1,1,0,0,1.01
chapter:roam1_4:0,第二章,【霊符】シオン / 【霊符】スイレン / 【日月】ルナリア / 【日月】ソラリア,ch2_shion / ch2_suiren / ch2_lunaria / ch2_solaria,1400,100,100,100,1,1,0,0,1
chapter:roam1_4:1,第二章,【鏡侍女】リュネ / 【鏡侍女】ロゼ / 【聖翼】アウレ / 【聖翼】ノエル,ch2_ryune / ch2_rose / ch2_aure / ch2_noelle,1652,100,100,100,1,1,0,0,0
chapter:roam1_4:1,第二章,【双雷】カリスタ / 【双雷】ソレーヌ / 【薬毒】ミレア / 【薬毒】ヴィオラ,ch2_calista / ch2_solenne / ch2_mirea / ch2_viola,1652,100,100,100,1,1,0,0,1.01
chapter:roam1_4:1,第二章,【硝子】セリア / 【硝子】カルミア / 封書の小剣姫ルメア / 夜灯の従騎フィオラ,ch2_seria / ch2_carmia / ch2_lumea / ch2_fiora,1652,100,100,100,1,1,0,0,0.21
chapter:roam1_4:2,第二章,【鏡侍女】リュネ / 【鏡侍女】ロゼ / 【聖翼】アウレ / 【聖翼】ノエル,ch2_ryune / ch2_rose / ch2_aure / ch2_noelle,1904,100,100,100,1,1,0,0,0
chapter:roam1_4:2,第二章,【双雷】カリスタ / 【双雷】ソレーヌ / 【薬毒】ミレア / 【薬毒】ヴィオラ,ch2_calista / ch2_solenne / ch2_mirea / ch2_viola,1904,100,100,100,1,1,0,0,0.88
chapter:roam1_4:2,第二章,【硝子】セリア / 【硝子】カルミア / 封書の小剣姫ルメア / 夜灯の従騎フィオラ,ch2_seria / ch2_carmia / ch2_lumea / ch2_fiora,1904,100,100,100,1,1,0,0,0.09
chapter:roam1_4:3,第二章,【鏡侍女】リュネ / 【鏡侍女】ロゼ / 【聖翼】アウレ / 【聖翼】ノエル,ch2_ryune / ch2_rose / ch2_aure / ch2_noelle,2156,100,100,100,1,1,0,0,0
chapter:roam1_4:3,第二章,【双雷】カリスタ / 【双雷】ソレーヌ / 【薬毒】ミレア / 【薬毒】ヴィオラ,ch2_calista / ch2_solenne / ch2_mirea / ch2_viola,2156,100,100,100,1,1,0,0,0.88
chapter:roam1_4:3,第二章,【硝子】セリア / 【硝子】カルミア / 封書の小剣姫ルメア / 夜灯の従騎フィオラ,ch2_seria / ch2_carmia / ch2_lumea / ch2_fiora,2156,100,100,100,1,1,0,0,0.05
chapter:roam1_4:4,第二章,【鏡侍女】リュネ / 【鏡侍女】ロゼ / 【聖翼】アウレ / 【聖翼】ノエル,ch2_ryune / ch2_rose / ch2_aure / ch2_noelle,2408,100,100,100,1,1,0,0,0
chapter:roam1_4:4,第二章,【双雷】カリスタ / 【双雷】ソレーヌ / 【薬毒】ミレア / 【薬毒】ヴィオラ,ch2_calista / ch2_solenne / ch2_mirea / ch2_viola,2408,100,100,100,1,1,0,0,0.18
chapter:roam1_4:4,第二章,【硝子】セリア / 【硝子】カルミア / 封書の小剣姫ルメア / 夜灯の従騎フィオラ,ch2_seria / ch2_carmia / ch2_lumea / ch2_fiora,2408,100,100,100,1,1,0,0,0.04
chapter:roam1_4:5,第二章,【鏡侍女】リュネ / 【鏡侍女】ロゼ / 【聖翼】アウレ / 【聖翼】ノエル,ch2_ryune / ch2_rose / ch2_aure / ch2_noelle,2660,100,100,100,1,1,0,0,0
chapter:roam1_4:5,第二章,【双雷】カリスタ / 【双雷】ソレーヌ / 【薬毒】ミレア / 【薬毒】ヴィオラ,ch2_calista / ch2_solenne / ch2_mirea / ch2_viola,2660,100,100,100,1,1,0,0,0.18
chapter:roam1_4:5,第二章,【硝子】セリア / 【硝子】カルミア / 封書の小剣姫ルメア / 夜灯の従騎フィオラ,ch2_seria / ch2_carmia / ch2_lumea / ch2_fiora,2660,100,100,100,1,1,0,0,0.03
chapter:vault2:0,第二章,【鏡侍女】リュネ / 【鏡侍女】ロゼ / 【聖翼】アウレ / 【聖翼】ノエル,ch2_ryune / ch2_rose / ch2_aure / ch2_noelle,3300,100,100,100,2,2,0,0,0
chapter:vault2:0,第二章,【霊符】シオン / 【霊符】スイレン / 【日月】ルナリア / 【日月】ソラリア,ch2_shion / ch2_suiren / ch2_lunaria / ch2_solaria,3300,100,100,100,2,2,0,0,2.94
chapter:vault2:0,第二章,【双雷】カリスタ / 【双雷】ソレーヌ / 【薬毒】ミレア / 【薬毒】ヴィオラ,ch2_calista / ch2_solenne / ch2_mirea / ch2_viola,3300,100,100,100,2.01,3,0,0,2.52
chapter:vault2:1,第二章,【双雷】カリスタ / 【双雷】ソレーヌ / 【薬毒】ミレア / 【薬毒】ヴィオラ,ch2_calista / ch2_solenne / ch2_mirea / ch2_viola,3894,100,100,100,1.38,2,0,0,2.17
chapter:vault2:1,第二章,【鏡侍女】リュネ / 【鏡侍女】ロゼ / 【聖翼】アウレ / 【聖翼】ノエル,ch2_ryune / ch2_rose / ch2_aure / ch2_noelle,3894,100,100,100,2,2,0,0,0
chapter:vault2:1,第二章,【霊符】シオン / 【霊符】スイレン / 【日月】ルナリア / 【日月】ソラリア,ch2_shion / ch2_suiren / ch2_lunaria / ch2_solaria,3894,100,100,100,2,2,0,0,2.97
chapter:vault2:2,第二章,【剣姫】ネメシア / 【剣姫】エヴェリア / 【双鐘】フェルネ / 【双鐘】クラリス,ch2_nemesia / ch2_everia / ch2_ferne / ch2_clarisse,4488,100,100,100,1.03,2,0,0,0.04
chapter:vault2:2,第二章,【双雷】カリスタ / 【双雷】ソレーヌ / 【薬毒】ミレア / 【薬毒】ヴィオラ,ch2_calista / ch2_solenne / ch2_mirea / ch2_viola,4488,100,100,100,1.15,2,0,0,2.04
chapter:vault2:2,第二章,【鏡侍女】リュネ / 【鏡侍女】ロゼ / 【聖翼】アウレ / 【聖翼】ノエル,ch2_ryune / ch2_rose / ch2_aure / ch2_noelle,4488,100,100,100,2,2,0,0,0
chapter:vault2:3,第二章,【剣姫】ネメシア / 【剣姫】エヴェリア / 【双鐘】フェルネ / 【双鐘】クラリス,ch2_nemesia / ch2_everia / ch2_ferne / ch2_clarisse,5082,100,100,100,1,1,0,0,0.07
chapter:vault2:3,第二章,【双雷】カリスタ / 【双雷】ソレーヌ / 【薬毒】ミレア / 【薬毒】ヴィオラ,ch2_calista / ch2_solenne / ch2_mirea / ch2_viola,5082,100,100,100,1.11,2,0,0,1.98
chapter:vault2:3,第二章,【鏡侍女】リュネ / 【鏡侍女】ロゼ / 【聖翼】アウレ / 【聖翼】ノエル,ch2_ryune / ch2_rose / ch2_aure / ch2_noelle,5082,100,100,100,2,2,0,0,0
chapter:vault2:4,第二章,【双藤】ネヴィア / 【双藤】エルミナ / 【聖翼】アウレ / 【聖翼】ノエル,ch2_nevia / ch2_elmina / ch2_aure / ch2_noelle,5676,100,100,100,1,1,0,0,0.72
chapter:vault2:4,第二章,【剣姫】ネメシア / 【剣姫】エヴェリア / 【双鐘】フェルネ / 【双鐘】クラリス,ch2_nemesia / ch2_everia / ch2_ferne / ch2_clarisse,5676,100,100,100,1,1,0,0,0
chapter:vault2:4,第二章,【双雷】カリスタ / 【双雷】ソレーヌ / 【薬毒】ミレア / 【薬毒】ヴィオラ,ch2_calista / ch2_solenne / ch2_mirea / ch2_viola,5676,100,100,100,1.08,2,0,0,1.97
chapter:vault2:5,第二章,【双藤】ネヴィア / 【双藤】エルミナ / 【聖翼】アウレ / 【聖翼】ノエル,ch2_nevia / ch2_elmina / ch2_aure / ch2_noelle,6270,100,100,100,1,1,0,0,0.72
chapter:vault2:5,第二章,【星糸】セレス / 【星糸】ルミナ / 【誓姫】リリエット / 【誓姫】ロゼット,ch2_celes / ch2_lumina / ch2_lyriet / ch2_rosette,6270,100,100,100,1.04,2,0,0,1.03
chapter:vault2:5,第二章,【双雷】カリスタ / 【双雷】ソレーヌ / 【薬毒】ミレア / 【薬毒】ヴィオラ,ch2_calista / ch2_solenne / ch2_mirea / ch2_viola,6270,100,100,100,1.06,2,0,0,1.98
chapter:roam2_1:0,第二章,【鏡侍女】リュネ / 【鏡侍女】ロゼ / 【聖翼】アウレ / 【聖翼】ノエル,ch2_ryune / ch2_rose / ch2_aure / ch2_noelle,2000,100,100,100,1,1,0,0,0
chapter:roam2_1:0,第二章,【双雷】カリスタ / 【双雷】ソレーヌ / 【薬毒】ミレア / 【薬毒】ヴィオラ,ch2_calista / ch2_solenne / ch2_mirea / ch2_viola,2000,100,100,100,1,1,0,0,1.99
chapter:roam2_1:0,第二章,【霊符】シオン / 【霊符】スイレン / 【日月】ルナリア / 【日月】ソラリア,ch2_shion / ch2_suiren / ch2_lunaria / ch2_solaria,2000,100,100,100,1,1,0,0,1
chapter:roam2_1:1,第二章,【鏡侍女】リュネ / 【鏡侍女】ロゼ / 【聖翼】アウレ / 【聖翼】ノエル,ch2_ryune / ch2_rose / ch2_aure / ch2_noelle,2360,100,100,100,1,1,0,0,0
chapter:roam2_1:1,第二章,【双雷】カリスタ / 【双雷】ソレーヌ / 【薬毒】ミレア / 【薬毒】ヴィオラ,ch2_calista / ch2_solenne / ch2_mirea / ch2_viola,2360,100,100,100,1,1,0,0,1.56
chapter:roam2_1:1,第二章,【硝子】セリア / 【硝子】カルミア / 封書の小剣姫ルメア / 夜灯の従騎フィオラ,ch2_seria / ch2_carmia / ch2_lumea / ch2_fiora,2360,100,100,100,1.04,2,2,0,0.98
chapter:roam2_1:2,第二章,【鏡侍女】リュネ / 【鏡侍女】ロゼ / 【聖翼】アウレ / 【聖翼】ノエル,ch2_ryune / ch2_rose / ch2_aure / ch2_noelle,2720,100,100,100,1,1,0,0,0
chapter:roam2_1:2,第二章,【双雷】カリスタ / 【双雷】ソレーヌ / 【薬毒】ミレア / 【薬毒】ヴィオラ,ch2_calista / ch2_solenne / ch2_mirea / ch2_viola,2720,100,100,100,1,1,0,0,1.14
chapter:roam2_1:2,第二章,【硝子】セリア / 【硝子】カルミア / 封書の小剣姫ルメア / 夜灯の従騎フィオラ,ch2_seria / ch2_carmia / ch2_lumea / ch2_fiora,2720,100,100,100,1.03,2,1,0,0.87
chapter:roam2_1:3,第二章,【鏡侍女】リュネ / 【鏡侍女】ロゼ / 【聖翼】アウレ / 【聖翼】ノエル,ch2_ryune / ch2_rose / ch2_aure / ch2_noelle,3080,100,100,100,1,1,0,0,0
chapter:roam2_1:3,第二章,【双雷】カリスタ / 【双雷】ソレーヌ / 【薬毒】ミレア / 【薬毒】ヴィオラ,ch2_calista / ch2_solenne / ch2_mirea / ch2_viola,3080,100,100,100,1,1,0,0,1.15
chapter:roam2_1:3,第二章,【硝子】セリア / 【硝子】カルミア / 封書の小剣姫ルメア / 夜灯の従騎フィオラ,ch2_seria / ch2_carmia / ch2_lumea / ch2_fiora,3080,100,100,100,1.03,2,1,0,0.87
chapter:roam2_1:4,第二章,【鏡侍女】リュネ / 【鏡侍女】ロゼ / 【聖翼】アウレ / 【聖翼】ノエル,ch2_ryune / ch2_rose / ch2_aure / ch2_noelle,3440,100,100,100,1,1,0,0,0
chapter:roam2_1:4,第二章,【双雷】カリスタ / 【双雷】ソレーヌ / 【薬毒】ミレア / 【薬毒】ヴィオラ,ch2_calista / ch2_solenne / ch2_mirea / ch2_viola,3440,100,100,100,1,1,0,0,1.08
chapter:roam2_1:4,第二章,【硝子】セリア / 【硝子】カルミア / 封書の小剣姫ルメア / 夜灯の従騎フィオラ,ch2_seria / ch2_carmia / ch2_lumea / ch2_fiora,3440,100,100,100,1,1,0,0,0.75
chapter:roam2_1:5,第二章,【鏡侍女】リュネ / 【鏡侍女】ロゼ / 【聖翼】アウレ / 【聖翼】ノエル,ch2_ryune / ch2_rose / ch2_aure / ch2_noelle,3800,100,100,100,1,1,0,0,0
chapter:roam2_1:5,第二章,【双雷】カリスタ / 【双雷】ソレーヌ / 【薬毒】ミレア / 【薬毒】ヴィオラ,ch2_calista / ch2_solenne / ch2_mirea / ch2_viola,3800,100,100,100,1,1,0,0,1.01
chapter:roam2_1:5,第二章,【霊符】シオン / 【霊符】スイレン / 【日月】ルナリア / 【日月】ソラリア,ch2_shion / ch2_suiren / ch2_lunaria / ch2_solaria,3800,100,100,100,1,1,0,0,1
chapter:roam2_3:0,第二章,【鏡侍女】リュネ / 【鏡侍女】ロゼ / 【聖翼】アウレ / 【聖翼】ノエル,ch2_ryune / ch2_rose / ch2_aure / ch2_noelle,2000,100,100,100,1,1,0,0,0
chapter:roam2_3:0,第二章,【双雷】カリスタ / 【双雷】ソレーヌ / 【薬毒】ミレア / 【薬毒】ヴィオラ,ch2_calista / ch2_solenne / ch2_mirea / ch2_viola,2000,100,100,100,1,1,4,0,1.95
chapter:roam2_3:0,第二章,【霊符】シオン / 【霊符】スイレン / 【日月】ルナリア / 【日月】ソラリア,ch2_shion / ch2_suiren / ch2_lunaria / ch2_solaria,2000,100,100,100,1.93,2,93,0,2.82
chapter:roam2_3:1,第二章,【鏡侍女】リュネ / 【鏡侍女】ロゼ / 【聖翼】アウレ / 【聖翼】ノエル,ch2_ryune / ch2_rose / ch2_aure / ch2_noelle,2360,100,100,100,1,1,0,0,0
chapter:roam2_3:1,第二章,【双雷】カリスタ / 【双雷】ソレーヌ / 【薬毒】ミレア / 【薬毒】ヴィオラ,ch2_calista / ch2_solenne / ch2_mirea / ch2_viola,2360,100,100,100,1.01,2,4,0,1.95
chapter:roam2_3:1,第二章,【霊符】シオン / 【霊符】スイレン / 【日月】ルナリア / 【日月】ソラリア,ch2_shion / ch2_suiren / ch2_lunaria / ch2_solaria,2360,100,100,100,1.93,2,93,0,2.82
chapter:roam2_3:2,第二章,【鏡侍女】リュネ / 【鏡侍女】ロゼ / 【聖翼】アウレ / 【聖翼】ノエル,ch2_ryune / ch2_rose / ch2_aure / ch2_noelle,2720,100,100,100,1,1,0,0,0
chapter:roam2_3:2,第二章,【双雷】カリスタ / 【双雷】ソレーヌ / 【薬毒】ミレア / 【薬毒】ヴィオラ,ch2_calista / ch2_solenne / ch2_mirea / ch2_viola,2720,100,100,100,1,1,2,0,1.55
chapter:roam2_3:2,第二章,【封鍵】メリオラ / 【封鍵】エリゼル / 【薔薇】ノクテル / 【薔薇】オーリアン,ch2_meliora / ch2_elyselle / ch2_noctelle / ch2_auriane,2720,100,100,100,1,1,1,0,0
chapter:roam2_3:3,第二章,【鏡侍女】リュネ / 【鏡侍女】ロゼ / 【聖翼】アウレ / 【聖翼】ノエル,ch2_ryune / ch2_rose / ch2_aure / ch2_noelle,3080,100,100,100,1,1,0,0,0
chapter:roam2_3:3,第二章,【双雷】カリスタ / 【双雷】ソレーヌ / 【薬毒】ミレア / 【薬毒】ヴィオラ,ch2_calista / ch2_solenne / ch2_mirea / ch2_viola,3080,100,100,100,1,1,3,0,1.51
chapter:roam2_3:3,第二章,【硝子】セリア / 【硝子】カルミア / 封書の小剣姫ルメア / 夜灯の従騎フィオラ,ch2_seria / ch2_carmia / ch2_lumea / ch2_fiora,3080,100,100,100,1.08,2,0,0,0
chapter:roam2_3:4,第二章,【鏡侍女】リュネ / 【鏡侍女】ロゼ / 【聖翼】アウレ / 【聖翼】ノエル,ch2_ryune / ch2_rose / ch2_aure / ch2_noelle,3440,100,100,100,1,1,0,0,0
chapter:roam2_3:4,第二章,【双雷】カリスタ / 【双雷】ソレーヌ / 【薬毒】ミレア / 【薬毒】ヴィオラ,ch2_calista / ch2_solenne / ch2_mirea / ch2_viola,3440,100,100,100,1,1,94,0,1.55
chapter:roam2_3:4,第二章,【硝子】セリア / 【硝子】カルミア / 封書の小剣姫ルメア / 夜灯の従騎フィオラ,ch2_seria / ch2_carmia / ch2_lumea / ch2_fiora,3440,100,100,100,1.01,2,3,0,0.27
chapter:roam2_3:5,第二章,【鏡侍女】リュネ / 【鏡侍女】ロゼ / 【聖翼】アウレ / 【聖翼】ノエル,ch2_ryune / ch2_rose / ch2_aure / ch2_noelle,3800,100,100,100,1,1,0,0,0
chapter:roam2_3:5,第二章,【双雷】カリスタ / 【双雷】ソレーヌ / 【薬毒】ミレア / 【薬毒】ヴィオラ,ch2_calista / ch2_solenne / ch2_mirea / ch2_viola,3800,100,100,100,1.01,2,94,0,1.16
chapter:roam2_3:5,第二章,【硝子】セリア / 【硝子】カルミア / 封書の小剣姫ルメア / 夜灯の従騎フィオラ,ch2_seria / ch2_carmia / ch2_lumea / ch2_fiora,3800,100,100,100,1.01,2,3,0,0.2
chapter:roam2_4:0,第二章,【鏡侍女】リュネ / 【鏡侍女】ロゼ / 【聖翼】アウレ / 【聖翼】ノエル,ch2_ryune / ch2_rose / ch2_aure / ch2_noelle,2000,100,100,100,1,1,0,0,0
chapter:roam2_4:0,第二章,【双雷】カリスタ / 【双雷】ソレーヌ / 【薬毒】ミレア / 【薬毒】ヴィオラ,ch2_calista / ch2_solenne / ch2_mirea / ch2_viola,2000,100,100,100,1,1,0,0,1.42
chapter:roam2_4:0,第二章,【霊符】シオン / 【霊符】スイレン / 【日月】ルナリア / 【日月】ソラリア,ch2_shion / ch2_suiren / ch2_lunaria / ch2_solaria,2000,100,100,100,1,1,0,0,1
chapter:roam2_4:1,第二章,【鏡侍女】リュネ / 【鏡侍女】ロゼ / 【聖翼】アウレ / 【聖翼】ノエル,ch2_ryune / ch2_rose / ch2_aure / ch2_noelle,2360,100,100,100,1,1,0,0,0
chapter:roam2_4:1,第二章,【双雷】カリスタ / 【双雷】ソレーヌ / 【薬毒】ミレア / 【薬毒】ヴィオラ,ch2_calista / ch2_solenne / ch2_mirea / ch2_viola,2360,100,100,100,1,1,0,0,1.38
chapter:roam2_4:1,第二章,【霊符】シオン / 【霊符】スイレン / 【日月】ルナリア / 【日月】ソラリア,ch2_shion / ch2_suiren / ch2_lunaria / ch2_solaria,2360,100,100,100,1,1,0,0,1
chapter:roam2_4:2,第二章,【鏡侍女】リュネ / 【鏡侍女】ロゼ / 【聖翼】アウレ / 【聖翼】ノエル,ch2_ryune / ch2_rose / ch2_aure / ch2_noelle,2720,100,100,100,1,1,0,0,0
chapter:roam2_4:2,第二章,【双雷】カリスタ / 【双雷】ソレーヌ / 【薬毒】ミレア / 【薬毒】ヴィオラ,ch2_calista / ch2_solenne / ch2_mirea / ch2_viola,2720,100,100,100,1,1,0,0,1.01
chapter:roam2_4:2,第二章,【硝子】セリア / 【硝子】カルミア / 封書の小剣姫ルメア / 夜灯の従騎フィオラ,ch2_seria / ch2_carmia / ch2_lumea / ch2_fiora,2720,100,100,100,1.04,2,4,0,0.03
chapter:roam2_4:3,第二章,【鏡侍女】リュネ / 【鏡侍女】ロゼ / 【聖翼】アウレ / 【聖翼】ノエル,ch2_ryune / ch2_rose / ch2_aure / ch2_noelle,3080,100,100,100,1,1,0,0,0
chapter:roam2_4:3,第二章,【双雷】カリスタ / 【双雷】ソレーヌ / 【薬毒】ミレア / 【薬毒】ヴィオラ,ch2_calista / ch2_solenne / ch2_mirea / ch2_viola,3080,100,100,100,1,1,0,0,0.98
chapter:roam2_4:3,第二章,【硝子】セリア / 【硝子】カルミア / 封書の小剣姫ルメア / 夜灯の従騎フィオラ,ch2_seria / ch2_carmia / ch2_lumea / ch2_fiora,3080,100,100,100,1.04,2,4,0,0.01
chapter:roam2_4:4,第二章,【鏡侍女】リュネ / 【鏡侍女】ロゼ / 【聖翼】アウレ / 【聖翼】ノエル,ch2_ryune / ch2_rose / ch2_aure / ch2_noelle,3440,100,100,100,1,1,0,0,0
chapter:roam2_4:4,第二章,【双雷】カリスタ / 【双雷】ソレーヌ / 【薬毒】ミレア / 【薬毒】ヴィオラ,ch2_calista / ch2_solenne / ch2_mirea / ch2_viola,3440,100,100,100,1,1,0,0,0.97
chapter:roam2_4:4,第二章,【硝子】セリア / 【硝子】カルミア / 封書の小剣姫ルメア / 夜灯の従騎フィオラ,ch2_seria / ch2_carmia / ch2_lumea / ch2_fiora,3440,100,100,100,1.04,2,4,0,0.01
chapter:roam2_4:5,第二章,【鏡侍女】リュネ / 【鏡侍女】ロゼ / 【聖翼】アウレ / 【聖翼】ノエル,ch2_ryune / ch2_rose / ch2_aure / ch2_noelle,3800,100,100,100,1,1,0,0,0
chapter:roam2_4:5,第二章,【双雷】カリスタ / 【双雷】ソレーヌ / 【薬毒】ミレア / 【薬毒】ヴィオラ,ch2_calista / ch2_solenne / ch2_mirea / ch2_viola,3800,100,100,100,1,1,0,0,1.02
chapter:roam2_4:5,第二章,【硝子】セリア / 【硝子】カルミア / 封書の小剣姫ルメア / 夜灯の従騎フィオラ,ch2_seria / ch2_carmia / ch2_lumea / ch2_fiora,3800,100,100,100,1.04,2,4,0,0.02
chapter:vault3:0,第二章,【返誓】ロスティア / 【返誓】アルテア / 【星刻】エイレーネ / 【星刻】イリデル,ch2_rostia / ch2_althea / ch2_eirene / ch2_iridelle,4620,100,100,100,3.09,4,0,0,1.92
chapter:vault3:0,第二章,【竜姫】ドラシア / 【竜姫】リュシエ / 【薬毒】ミレア / 【薬毒】ヴィオラ,ch2_dracia / ch2_rucie / ch2_mirea / ch2_viola,4620,100,100,100,3.61,4,0,0,3.41
chapter:vault3:0,第二章,【封鍵】メリオラ / 【封鍵】エリゼル / 【薔薇】ノクテル / 【薔薇】オーリアン,ch2_meliora / ch2_elyselle / ch2_noctelle / ch2_auriane,4620,100,100,100,4.78,13,0,0,3.33
chapter:vault3:1,第二章,【竜姫】ドラシア / 【竜姫】リュシエ / 【薬毒】ミレア / 【薬毒】ヴィオラ,ch2_dracia / ch2_rucie / ch2_mirea / ch2_viola,5452,100,100,100,3.08,4,0,0,2.43
chapter:vault3:1,第二章,【双藤】ネヴィア / 【双藤】エルミナ / 【聖翼】アウレ / 【聖翼】ノエル,ch2_nevia / ch2_elmina / ch2_aure / ch2_noelle,5452,100,100,100,3.1,4,0,0,1.8
chapter:vault3:1,第二章,【封鍵】メリオラ / 【封鍵】エリゼル / 【薔薇】ノクテル / 【薔薇】オーリアン,ch2_meliora / ch2_elyselle / ch2_noctelle / ch2_auriane,5452,100,100,100,4,4,0,0,2.29
chapter:vault3:2,第二章,【竜姫】ドラシア / 【竜姫】リュシエ / 【薬毒】ミレア / 【薬毒】ヴィオラ,ch2_dracia / ch2_rucie / ch2_mirea / ch2_viola,6283,100,100,100,2.87,3,0,0,2.26
chapter:vault3:2,第二章,【封鍵】メリオラ / 【封鍵】エリゼル / 【薔薇】ノクテル / 【薔薇】オーリアン,ch2_meliora / ch2_elyselle / ch2_noctelle / ch2_auriane,6283,100,100,100,3.69,4,0,0,2
chapter:vault3:2,第二章,【鏡侍女】リュネ / 【鏡侍女】ロゼ / 【聖翼】アウレ / 【聖翼】ノエル,ch2_ryune / ch2_rose / ch2_aure / ch2_noelle,6283,100,100,100,3.88,15,0,0,1.31
chapter:vault3:3,第二章,【剣姫】ネメシア / 【剣姫】エヴェリア / 【双鐘】フェルネ / 【双鐘】クラリス,ch2_nemesia / ch2_everia / ch2_ferne / ch2_clarisse,7115,100,100,100,2.05,3,0,0,1.23
chapter:vault3:3,第二章,【竜姫】ドラシア / 【竜姫】リュシエ / 【薬毒】ミレア / 【薬毒】ヴィオラ,ch2_dracia / ch2_rucie / ch2_mirea / ch2_viola,7115,100,100,100,2.46,3,0,0,2.83
chapter:vault3:3,第二章,【双藤】ネヴィア / 【双藤】エルミナ / 【聖翼】アウレ / 【聖翼】ノエル,ch2_nevia / ch2_elmina / ch2_aure / ch2_noelle,7115,100,100,100,3,3,0,0,1.74
chapter:vault3:4,第二章,【返誓】ロスティア / 【返誓】アルテア / 【星刻】エイレーネ / 【星刻】イリデル,ch2_rostia / ch2_althea / ch2_eirene / ch2_iridelle,7946,100,100,100,2,2,0,0,1.54
chapter:vault3:4,第二章,【剣姫】ネメシア / 【剣姫】エヴェリア / 【双鐘】フェルネ / 【双鐘】クラリス,ch2_nemesia / ch2_everia / ch2_ferne / ch2_clarisse,7946,100,100,100,2.03,3,0,0,1.12
chapter:vault3:4,第二章,【霊符】シオン / 【霊符】スイレン / 【日月】ルナリア / 【日月】ソラリア,ch2_shion / ch2_suiren / ch2_lunaria / ch2_solaria,7946,100,100,100,2.05,3,0,0,4
chapter:vault3:5,第二章,【返誓】ロスティア / 【返誓】アルテア / 【星刻】エイレーネ / 【星刻】イリデル,ch2_rostia / ch2_althea / ch2_eirene / ch2_iridelle,8778,100,100,100,2,2,0,0,1.09
chapter:vault3:5,第二章,【霊符】シオン / 【霊符】スイレン / 【日月】ルナリア / 【日月】ソラリア,ch2_shion / ch2_suiren / ch2_lunaria / ch2_solaria,8778,100,100,100,2.01,3,0,0,3.41
chapter:vault3:5,第二章,【剣姫】ネメシア / 【剣姫】エヴェリア / 【双鐘】フェルネ / 【双鐘】クラリス,ch2_nemesia / ch2_everia / ch2_ferne / ch2_clarisse,8778,100,100,100,2.02,3,0,0,1.91
chapter:roam3_1:0,第二章,【霊符】シオン / 【霊符】スイレン / 【日月】ルナリア / 【日月】ソラリア,ch2_shion / ch2_suiren / ch2_lunaria / ch2_solaria,2800,100,100,100,1,1,0,0,1.1
chapter:roam3_1:0,第二章,【鏡侍女】リュネ / 【鏡侍女】ロゼ / 【聖翼】アウレ / 【聖翼】ノエル,ch2_ryune / ch2_rose / ch2_aure / ch2_noelle,2800,100,100,100,1.01,2,0,0,0
chapter:roam3_1:0,第二章,【双雷】カリスタ / 【双雷】ソレーヌ / 【薬毒】ミレア / 【薬毒】ヴィオラ,ch2_calista / ch2_solenne / ch2_mirea / ch2_viola,2800,100,100,100,1.02,2,0,0,1.86
chapter:roam3_1:1,第二章,【鏡侍女】リュネ / 【鏡侍女】ロゼ / 【聖翼】アウレ / 【聖翼】ノエル,ch2_ryune / ch2_rose / ch2_aure / ch2_noelle,3304,100,100,100,1,1,0,0,0
chapter:roam3_1:1,第二章,【霊符】シオン / 【霊符】スイレン / 【日月】ルナリア / 【日月】ソラリア,ch2_shion / ch2_suiren / ch2_lunaria / ch2_solaria,3304,100,100,100,1,1,0,0,1
chapter:roam3_1:1,第二章,【双雷】カリスタ / 【双雷】ソレーヌ / 【薬毒】ミレア / 【薬毒】ヴィオラ,ch2_calista / ch2_solenne / ch2_mirea / ch2_viola,3304,100,100,100,1.02,2,0,0,1.86
chapter:roam3_1:2,第二章,【鏡侍女】リュネ / 【鏡侍女】ロゼ / 【聖翼】アウレ / 【聖翼】ノエル,ch2_ryune / ch2_rose / ch2_aure / ch2_noelle,3808,100,100,100,1,1,0,0,0
chapter:roam3_1:2,第二章,【霊符】シオン / 【霊符】スイレン / 【日月】ルナリア / 【日月】ソラリア,ch2_shion / ch2_suiren / ch2_lunaria / ch2_solaria,3808,100,100,100,1,1,0,0,1
chapter:roam3_1:2,第二章,【双雷】カリスタ / 【双雷】ソレーヌ / 【薬毒】ミレア / 【薬毒】ヴィオラ,ch2_calista / ch2_solenne / ch2_mirea / ch2_viola,3808,100,100,100,1.01,2,0,0,1.88
chapter:roam3_1:3,第二章,【鏡侍女】リュネ / 【鏡侍女】ロゼ / 【聖翼】アウレ / 【聖翼】ノエル,ch2_ryune / ch2_rose / ch2_aure / ch2_noelle,4312,100,100,100,1,1,0,0,0
chapter:roam3_1:3,第二章,【霊符】シオン / 【霊符】スイレン / 【日月】ルナリア / 【日月】ソラリア,ch2_shion / ch2_suiren / ch2_lunaria / ch2_solaria,4312,100,100,100,1,1,0,0,1
chapter:roam3_1:3,第二章,【双雷】カリスタ / 【双雷】ソレーヌ / 【薬毒】ミレア / 【薬毒】ヴィオラ,ch2_calista / ch2_solenne / ch2_mirea / ch2_viola,4312,100,100,100,1.01,2,0,0,1.88
chapter:roam3_1:4,第二章,【鏡侍女】リュネ / 【鏡侍女】ロゼ / 【聖翼】アウレ / 【聖翼】ノエル,ch2_ryune / ch2_rose / ch2_aure / ch2_noelle,4816,100,100,100,1,1,0,0,0
chapter:roam3_1:4,第二章,【双雷】カリスタ / 【双雷】ソレーヌ / 【薬毒】ミレア / 【薬毒】ヴィオラ,ch2_calista / ch2_solenne / ch2_mirea / ch2_viola,4816,100,100,100,1,1,0,0,1.93
chapter:roam3_1:4,第二章,【霊符】シオン / 【霊符】スイレン / 【日月】ルナリア / 【日月】ソラリア,ch2_shion / ch2_suiren / ch2_lunaria / ch2_solaria,4816,100,100,100,1,1,0,0,1
chapter:roam3_1:5,第二章,【鏡侍女】リュネ / 【鏡侍女】ロゼ / 【聖翼】アウレ / 【聖翼】ノエル,ch2_ryune / ch2_rose / ch2_aure / ch2_noelle,5320,100,100,100,1,1,0,0,0
chapter:roam3_1:5,第二章,【双雷】カリスタ / 【双雷】ソレーヌ / 【薬毒】ミレア / 【薬毒】ヴィオラ,ch2_calista / ch2_solenne / ch2_mirea / ch2_viola,5320,100,100,100,1,1,0,0,1.92
chapter:roam3_1:5,第二章,【霊符】シオン / 【霊符】スイレン / 【日月】ルナリア / 【日月】ソラリア,ch2_shion / ch2_suiren / ch2_lunaria / ch2_solaria,5320,100,100,100,1,1,0,0,1.01
chapter:roam3_3:0,第二章,【霊符】シオン / 【霊符】スイレン / 【日月】ルナリア / 【日月】ソラリア,ch2_shion / ch2_suiren / ch2_lunaria / ch2_solaria,4800,100,100,100,2,2,0,0,3
chapter:roam3_3:0,第二章,【双藤】ネヴィア / 【双藤】エルミナ / 【聖翼】アウレ / 【聖翼】ノエル,ch2_nevia / ch2_elmina / ch2_aure / ch2_noelle,4800,100,100,100,2,2,0,0,0.73
chapter:roam3_3:0,第二章,【竜姫】ドラシア / 【竜姫】リュシエ / 【薬毒】ミレア / 【薬毒】ヴィオラ,ch2_dracia / ch2_rucie / ch2_mirea / ch2_viola,4800,100,100,100,2.01,3,0,0,2.07
chapter:roam3_3:1,第二章,【双雷】カリスタ / 【双雷】ソレーヌ / 【薬毒】ミレア / 【薬毒】ヴィオラ,ch2_calista / ch2_solenne / ch2_mirea / ch2_viola,5664,100,100,100,2,2,0,0,2.27
chapter:roam3_3:1,第二章,【霊符】シオン / 【霊符】スイレン / 【日月】ルナリア / 【日月】ソラリア,ch2_shion / ch2_suiren / ch2_lunaria / ch2_solaria,5664,100,100,100,2,2,0,0,2.2
chapter:roam3_3:1,第二章,【竜姫】ドラシア / 【竜姫】リュシエ / 【薬毒】ミレア / 【薬毒】ヴィオラ,ch2_dracia / ch2_rucie / ch2_mirea / ch2_viola,5664,100,100,100,2,2,0,0,1
chapter:roam3_3:2,第二章,【返誓】ロスティア / 【返誓】アルテア / 【星刻】エイレーネ / 【星刻】イリデル,ch2_rostia / ch2_althea / ch2_eirene / ch2_iridelle,6528,100,100,100,1.04,2,0,0,1.02
chapter:roam3_3:2,第二章,【霊符】シオン / 【霊符】スイレン / 【日月】ルナリア / 【日月】ソラリア,ch2_shion / ch2_suiren / ch2_lunaria / ch2_solaria,6528,100,100,100,1.97,2,0,0,2.06
chapter:roam3_3:2,第二章,【双雷】カリスタ / 【双雷】ソレーヌ / 【薬毒】ミレア / 【薬毒】ヴィオラ,ch2_calista / ch2_solenne / ch2_mirea / ch2_viola,6528,100,100,100,2,2,0,0,2.01
chapter:roam3_3:3,第二章,【返誓】ロスティア / 【返誓】アルテア / 【星刻】エイレーネ / 【星刻】イリデル,ch2_rostia / ch2_althea / ch2_eirene / ch2_iridelle,7392,100,100,100,1.02,2,0,0,1
chapter:roam3_3:3,第二章,【剣姫】ネメシア / 【剣姫】エヴェリア / 【双鐘】フェルネ / 【双鐘】クラリス,ch2_nemesia / ch2_everia / ch2_ferne / ch2_clarisse,7392,100,100,100,1.03,2,0,0,0.98
chapter:roam3_3:3,第二章,【双雷】カリスタ / 【双雷】ソレーヌ / 【薬毒】ミレア / 【薬毒】ヴィオラ,ch2_calista / ch2_solenne / ch2_mirea / ch2_viola,7392,100,100,100,2,2,0,0,2
chapter:roam3_3:4,第二章,【返誓】ロスティア / 【返誓】アルテア / 【星刻】エイレーネ / 【星刻】イリデル,ch2_rostia / ch2_althea / ch2_eirene / ch2_iridelle,8256,100,100,100,1.01,2,0,0,0.22
chapter:roam3_3:4,第二章,【剣姫】ネメシア / 【剣姫】エヴェリア / 【双鐘】フェルネ / 【双鐘】クラリス,ch2_nemesia / ch2_everia / ch2_ferne / ch2_clarisse,8256,100,100,100,1.01,2,0,0,0.96
chapter:roam3_3:4,第二章,【鏡侍女】リュネ / 【鏡侍女】ロゼ / 【聖翼】アウレ / 【聖翼】ノエル,ch2_ryune / ch2_rose / ch2_aure / ch2_noelle,8256,100,100,100,2,2,0,0,0.01
chapter:roam3_3:5,第二章,【返誓】ロスティア / 【返誓】アルテア / 【星刻】エイレーネ / 【星刻】イリデル,ch2_rostia / ch2_althea / ch2_eirene / ch2_iridelle,9120,100,100,100,1,1,0,0,0.22
chapter:roam3_3:5,第二章,【剣姫】ネメシア / 【剣姫】エヴェリア / 【双鐘】フェルネ / 【双鐘】クラリス,ch2_nemesia / ch2_everia / ch2_ferne / ch2_clarisse,9120,100,100,100,1.01,2,0,0,0.1
chapter:roam3_3:5,第二章,【星糸】セレス / 【星糸】ルミナ / 【誓姫】リリエット / 【誓姫】ロゼット,ch2_celes / ch2_lumina / ch2_lyriet / ch2_rosette,9120,100,100,100,1.05,2,0,0,1.02
chapter:roam3_4:0,第二章,【返誓】ロスティア / 【返誓】アルテア / 【星刻】エイレーネ / 【星刻】イリデル,ch2_rostia / ch2_althea / ch2_eirene / ch2_iridelle,4300,100,100,100,1.91,3,0,0,1.39
chapter:roam3_4:0,第二章,【霊符】シオン / 【霊符】スイレン / 【日月】ルナリア / 【日月】ソラリア,ch2_shion / ch2_suiren / ch2_lunaria / ch2_solaria,4300,100,100,100,2,2,0,0,3.27
chapter:roam3_4:0,第二章,【星糸】セレス / 【星糸】ルミナ / 【誓姫】リリエット / 【誓姫】ロゼット,ch2_celes / ch2_lumina / ch2_lyriet / ch2_rosette,4300,100,100,100,2.04,3,0,0,3.01
chapter:roam3_4:1,第二章,【返誓】ロスティア / 【返誓】アルテア / 【星刻】エイレーネ / 【星刻】イリデル,ch2_rostia / ch2_althea / ch2_eirene / ch2_iridelle,5074,100,100,100,1.19,2,0,0,1.08
chapter:roam3_4:1,第二章,【剣姫】ネメシア / 【剣姫】エヴェリア / 【双鐘】フェルネ / 【双鐘】クラリス,ch2_nemesia / ch2_everia / ch2_ferne / ch2_clarisse,5074,100,100,100,1.94,2,0,0,1.12
chapter:roam3_4:1,第二章,【霊符】シオン / 【霊符】スイレン / 【日月】ルナリア / 【日月】ソラリア,ch2_shion / ch2_suiren / ch2_lunaria / ch2_solaria,5074,100,100,100,2,2,0,0,3.91
chapter:roam3_4:2,第二章,【返誓】ロスティア / 【返誓】アルテア / 【星刻】エイレーネ / 【星刻】イリデル,ch2_rostia / ch2_althea / ch2_eirene / ch2_iridelle,5848,100,100,100,1.27,2,0,0,1.87
chapter:roam3_4:2,第二章,【竜姫】ドラシア / 【竜姫】リュシエ / 【薬毒】ミレア / 【薬毒】ヴィオラ,ch2_dracia / ch2_rucie / ch2_mirea / ch2_viola,5848,100,100,100,1.99,2,0,0,1.84
chapter:roam3_4:2,第二章,【霊符】シオン / 【霊符】スイレン / 【日月】ルナリア / 【日月】ソラリア,ch2_shion / ch2_suiren / ch2_lunaria / ch2_solaria,5848,100,100,100,2,2,0,0,3.18
chapter:roam3_4:3,第二章,【返誓】ロスティア / 【返誓】アルテア / 【星刻】エイレーネ / 【星刻】イリデル,ch2_rostia / ch2_althea / ch2_eirene / ch2_iridelle,6622,100,100,100,1.09,2,0,0,1.92
chapter:roam3_4:3,第二章,【霊符】シオン / 【霊符】スイレン / 【日月】ルナリア / 【日月】ソラリア,ch2_shion / ch2_suiren / ch2_lunaria / ch2_solaria,6622,100,100,100,1.99,2,0,0,3.06
chapter:roam3_4:3,第二章,【双雷】カリスタ / 【双雷】ソレーヌ / 【薬毒】ミレア / 【薬毒】ヴィオラ,ch2_calista / ch2_solenne / ch2_mirea / ch2_viola,6622,100,100,100,2,2,0,0,3.08
chapter:roam3_4:4,第二章,【剣姫】ネメシア / 【剣姫】エヴェリア / 【双鐘】フェルネ / 【双鐘】クラリス,ch2_nemesia / ch2_everia / ch2_ferne / ch2_clarisse,7396,100,100,100,1.05,2,0,0,0.99
chapter:roam3_4:4,第二章,【返誓】ロスティア / 【返誓】アルテア / 【星刻】エイレーネ / 【星刻】イリデル,ch2_rostia / ch2_althea / ch2_eirene / ch2_iridelle,7396,100,100,100,1.06,2,0,0,1.97
chapter:roam3_4:4,第二章,【双雷】カリスタ / 【双雷】ソレーヌ / 【薬毒】ミレア / 【薬毒】ヴィオラ,ch2_calista / ch2_solenne / ch2_mirea / ch2_viola,7396,100,100,100,1.98,2,0,0,3.06
chapter:roam3_4:5,第二章,【剣姫】ネメシア / 【剣姫】エヴェリア / 【双鐘】フェルネ / 【双鐘】クラリス,ch2_nemesia / ch2_everia / ch2_ferne / ch2_clarisse,8170,100,100,100,1,1,0,0,0.1
chapter:roam3_4:5,第二章,【返誓】ロスティア / 【返誓】アルテア / 【星刻】エイレーネ / 【星刻】イリデル,ch2_rostia / ch2_althea / ch2_eirene / ch2_iridelle,8170,100,100,100,1.1,2,0,0,0.12
chapter:roam3_4:5,第二章,【星糸】セレス / 【星糸】ルミナ / 【誓姫】リリエット / 【誓姫】ロゼット,ch2_celes / ch2_lumina / ch2_lyriet / ch2_rosette,8170,100,100,100,1.1,2,0,0,1
chapter:vault4:0,第二章,【剣姫】ネメシア / 【剣姫】エヴェリア / 【双鐘】フェルネ / 【双鐘】クラリス,ch2_nemesia / ch2_everia / ch2_ferne / ch2_clarisse,6270,100,100,100,2.11,3,0,0,1.66
chapter:vault4:0,第二章,【霊符】シオン / 【霊符】スイレン / 【日月】ルナリア / 【日月】ソラリア,ch2_shion / ch2_suiren / ch2_lunaria / ch2_solaria,6270,100,100,100,3,3,0,0,5.41
chapter:vault4:0,第二章,【封鍵】メリオラ / 【封鍵】エリゼル / 【薔薇】ノクテル / 【薔薇】オーリアン,ch2_meliora / ch2_elyselle / ch2_noctelle / ch2_auriane,6270,100,100,100,5.02,6,0,0,1.2
chapter:vault4:1,第二章,【剣姫】ネメシア / 【剣姫】エヴェリア / 【双鐘】フェルネ / 【双鐘】クラリス,ch2_nemesia / ch2_everia / ch2_ferne / ch2_clarisse,7399,100,100,100,2.01,3,0,0,1.72
chapter:vault4:1,第二章,【竜姫】ドラシア / 【竜姫】リュシエ / 【薬毒】ミレア / 【薬毒】ヴィオラ,ch2_dracia / ch2_rucie / ch2_mirea / ch2_viola,7399,100,100,100,3.65,7,0,0,2.59
chapter:vault4:1,第二章,【封鍵】メリオラ / 【封鍵】エリゼル / 【薔薇】ノクテル / 【薔薇】オーリアン,ch2_meliora / ch2_elyselle / ch2_noctelle / ch2_auriane,7399,100,100,100,3.96,4,0,0,0.1
chapter:vault4:2,第二章,【剣姫】ネメシア / 【剣姫】エヴェリア / 【双鐘】フェルネ / 【双鐘】クラリス,ch2_nemesia / ch2_everia / ch2_ferne / ch2_clarisse,8527,100,100,100,2,2,0,0,1.11
chapter:vault4:2,第二章,【星糸】セレス / 【星糸】ルミナ / 【誓姫】リリエット / 【誓姫】ロゼット,ch2_celes / ch2_lumina / ch2_lyriet / ch2_rosette,8527,100,100,100,2.24,3,0,0,2.04
chapter:vault4:2,第二章,【双藤】ネヴィア / 【双藤】エルミナ / 【聖翼】アウレ / 【聖翼】ノエル,ch2_nevia / ch2_elmina / ch2_aure / ch2_noelle,8527,100,96,96,3,3,0,0,0.77
chapter:vault4:3,第二章,【剣姫】ネメシア / 【剣姫】エヴェリア / 【双鐘】フェルネ / 【双鐘】クラリス,ch2_nemesia / ch2_everia / ch2_ferne / ch2_clarisse,9656,100,100,100,2,2,0,0,1.21
chapter:vault4:3,第二章,【星糸】セレス / 【星糸】ルミナ / 【誓姫】リリエット / 【誓姫】ロゼット,ch2_celes / ch2_lumina / ch2_lyriet / ch2_rosette,9656,100,100,100,2.03,3,0,0,2
chapter:vault4:3,第二章,【双藤】ネヴィア / 【双藤】エルミナ / 【聖翼】アウレ / 【聖翼】ノエル,ch2_nevia / ch2_elmina / ch2_aure / ch2_noelle,9656,100,100,100,3,3,0,0,0.73
chapter:vault4:4,第二章,【剣姫】ネメシア / 【剣姫】エヴェリア / 【双鐘】フェルネ / 【双鐘】クラリス,ch2_nemesia / ch2_everia / ch2_ferne / ch2_clarisse,10000,100,100,100,2,2,0,0,0.54
chapter:vault4:4,第二章,【星糸】セレス / 【星糸】ルミナ / 【誓姫】リリエット / 【誓姫】ロゼット,ch2_celes / ch2_lumina / ch2_lyriet / ch2_rosette,10000,100,100,100,2.02,3,0,0,2
chapter:vault4:4,第二章,【双藤】ネヴィア / 【双藤】エルミナ / 【聖翼】アウレ / 【聖翼】ノエル,ch2_nevia / ch2_elmina / ch2_aure / ch2_noelle,10000,100,100,100,2.64,3,0,0,0.73
chapter:vault4:5,第二章,【剣姫】ネメシア / 【剣姫】エヴェリア / 【双鐘】フェルネ / 【双鐘】クラリス,ch2_nemesia / ch2_everia / ch2_ferne / ch2_clarisse,10000,100,100,100,2,2,0,0,0.54
chapter:vault4:5,第二章,【星糸】セレス / 【星糸】ルミナ / 【誓姫】リリエット / 【誓姫】ロゼット,ch2_celes / ch2_lumina / ch2_lyriet / ch2_rosette,10000,100,100,100,2.02,3,0,0,2
chapter:vault4:5,第二章,【双藤】ネヴィア / 【双藤】エルミナ / 【聖翼】アウレ / 【聖翼】ノエル,ch2_nevia / ch2_elmina / ch2_aure / ch2_noelle,10000,100,100,100,2.62,3,0,0,0.73
chapter:roam4_1:0,第二章,【剣姫】ネメシア / 【剣姫】エヴェリア / 【双鐘】フェルネ / 【双鐘】クラリス,ch2_nemesia / ch2_everia / ch2_ferne / ch2_clarisse,5600,100,100,100,2,2,0,0,0.94
chapter:roam4_1:0,第二章,【双藤】ネヴィア / 【双藤】エルミナ / 【聖翼】アウレ / 【聖翼】ノエル,ch2_nevia / ch2_elmina / ch2_aure / ch2_noelle,5600,100,100,100,3.01,4,0,0,0.81
chapter:roam4_1:0,第二章,【鏡侍女】リュネ / 【鏡侍女】ロゼ / 【聖翼】アウレ / 【聖翼】ノエル,ch2_ryune / ch2_rose / ch2_aure / ch2_noelle,5600,100,100,100,4.07,5,0,0,1.99
chapter:roam4_1:1,第二章,【霊符】シオン / 【霊符】スイレン / 【日月】ルナリア / 【日月】ソラリア,ch2_shion / ch2_suiren / ch2_lunaria / ch2_solaria,6608,100,100,100,2,2,0,0,3.07
chapter:roam4_1:1,第二章,【剣姫】ネメシア / 【剣姫】エヴェリア / 【双鐘】フェルネ / 【双鐘】クラリス,ch2_nemesia / ch2_everia / ch2_ferne / ch2_clarisse,6608,100,100,100,2,2,0,0,0.31
chapter:roam4_1:1,第二章,【封鍵】メリオラ / 【封鍵】エリゼル / 【薔薇】ノクテル / 【薔薇】オーリアン,ch2_meliora / ch2_elyselle / ch2_noctelle / ch2_auriane,6608,100,100,100,3,3,0,0,1.89
chapter:roam4_1:2,第二章,【霊符】シオン / 【霊符】スイレン / 【日月】ルナリア / 【日月】ソラリア,ch2_shion / ch2_suiren / ch2_lunaria / ch2_solaria,7616,100,100,100,2,2,0,0,3
chapter:roam4_1:2,第二章,【剣姫】ネメシア / 【剣姫】エヴェリア / 【双鐘】フェルネ / 【双鐘】クラリス,ch2_nemesia / ch2_everia / ch2_ferne / ch2_clarisse,7616,100,100,100,2,2,0,0,0.21
chapter:roam4_1:2,第二章,【双雷】カリスタ / 【双雷】ソレーヌ / 【薬毒】ミレア / 【薬毒】ヴィオラ,ch2_calista / ch2_solenne / ch2_mirea / ch2_viola,7616,100,100,100,2.65,3,0,0,3.54
chapter:roam4_1:3,第二章,【剣姫】ネメシア / 【剣姫】エヴェリア / 【双鐘】フェルネ / 【双鐘】クラリス,ch2_nemesia / ch2_everia / ch2_ferne / ch2_clarisse,8624,100,100,100,1.18,2,0,0,0.07
chapter:roam4_1:3,第二章,【返誓】ロスティア / 【返誓】アルテア / 【星刻】エイレーネ / 【星刻】イリデル,ch2_rostia / ch2_althea / ch2_eirene / ch2_iridelle,8624,100,100,100,1.38,2,0,0,1.14
chapter:roam4_1:3,第二章,【霊符】シオン / 【霊符】スイレン / 【日月】ルナリア / 【日月】ソラリア,ch2_shion / ch2_suiren / ch2_lunaria / ch2_solaria,8624,100,100,100,2,2,0,0,3
chapter:roam4_1:4,第二章,【返誓】ロスティア / 【返誓】アルテア / 【星刻】エイレーネ / 【星刻】イリデル,ch2_rostia / ch2_althea / ch2_eirene / ch2_iridelle,9632,100,100,100,1.25,2,0,0,1.08
chapter:roam4_1:4,第二章,【霊符】シオン / 【霊符】スイレン / 【日月】ルナリア / 【日月】ソラリア,ch2_shion / ch2_suiren / ch2_lunaria / ch2_solaria,9632,100,100,100,2,2,0,0,2.98
chapter:roam4_1:4,第二章,【星糸】セレス / 【星糸】ルミナ / 【誓姫】リリエット / 【誓姫】ロゼット,ch2_celes / ch2_lumina / ch2_lyriet / ch2_rosette,9632,100,100,100,2,2,0,0,1.1
chapter:roam4_1:5,第二章,【返誓】ロスティア / 【返誓】アルテア / 【星刻】エイレーネ / 【星刻】イリデル,ch2_rostia / ch2_althea / ch2_eirene / ch2_iridelle,10000,100,100,100,1.16,2,0,0,1.03
chapter:roam4_1:5,第二章,【霊符】シオン / 【霊符】スイレン / 【日月】ルナリア / 【日月】ソラリア,ch2_shion / ch2_suiren / ch2_lunaria / ch2_solaria,10000,100,100,100,2,2,0,0,2.98
chapter:roam4_1:5,第二章,【星糸】セレス / 【星糸】ルミナ / 【誓姫】リリエット / 【誓姫】ロゼット,ch2_celes / ch2_lumina / ch2_lyriet / ch2_rosette,10000,100,100,100,2,2,0,0,1.09
chapter:roam4_3:0,第二章,【返誓】ロスティア / 【返誓】アルテア / 【星刻】エイレーネ / 【星刻】イリデル,ch2_rostia / ch2_althea / ch2_eirene / ch2_iridelle,5200,100,100,100,1.65,2,0,0,1.62
chapter:roam4_3:0,第二章,【霊符】シオン / 【霊符】スイレン / 【日月】ルナリア / 【日月】ソラリア,ch2_shion / ch2_suiren / ch2_lunaria / ch2_solaria,5200,100,100,100,2,2,0,0,3.04
chapter:roam4_3:0,第二章,【剣姫】ネメシア / 【剣姫】エヴェリア / 【双鐘】フェルネ / 【双鐘】クラリス,ch2_nemesia / ch2_everia / ch2_ferne / ch2_clarisse,5200,100,100,100,2,2,0,0,0.27
chapter:roam4_3:1,第二章,【返誓】ロスティア / 【返誓】アルテア / 【星刻】エイレーネ / 【星刻】イリデル,ch2_rostia / ch2_althea / ch2_eirene / ch2_iridelle,6136,100,100,100,1.38,2,0,0,1.63
chapter:roam4_3:1,第二章,【霊符】シオン / 【霊符】スイレン / 【日月】ルナリア / 【日月】ソラリア,ch2_shion / ch2_suiren / ch2_lunaria / ch2_solaria,6136,100,100,100,2,2,0,0,2.96
chapter:roam4_3:1,第二章,【竜姫】ドラシア / 【竜姫】リュシエ / 【薬毒】ミレア / 【薬毒】ヴィオラ,ch2_dracia / ch2_rucie / ch2_mirea / ch2_viola,6136,100,100,100,2.08,3,0,0,2
chapter:roam4_3:2,第二章,【返誓】ロスティア / 【返誓】アルテア / 【星刻】エイレーネ / 【星刻】イリデル,ch2_rostia / ch2_althea / ch2_eirene / ch2_iridelle,7072,100,100,100,1.04,2,0,0,1.13
chapter:roam4_3:2,第二章,【鏡侍女】リュネ / 【鏡侍女】ロゼ / 【聖翼】アウレ / 【聖翼】ノエル,ch2_ryune / ch2_rose / ch2_aure / ch2_noelle,7072,100,100,100,2,2,0,0,0
chapter:roam4_3:2,第二章,【双雷】カリスタ / 【双雷】ソレーヌ / 【薬毒】ミレア / 【薬毒】ヴィオラ,ch2_calista / ch2_solenne / ch2_mirea / ch2_viola,7072,100,100,100,2.01,3,0,0,2.95
chapter:roam4_3:3,第二章,【返誓】ロスティア / 【返誓】アルテア / 【星刻】エイレーネ / 【星刻】イリデル,ch2_rostia / ch2_althea / ch2_eirene / ch2_iridelle,8008,100,100,100,1.01,2,0,0,1.05
chapter:roam4_3:3,第二章,【鏡侍女】リュネ / 【鏡侍女】ロゼ / 【聖翼】アウレ / 【聖翼】ノエル,ch2_ryune / ch2_rose / ch2_aure / ch2_noelle,8008,100,100,100,2,2,0,0,0
chapter:roam4_3:3,第二章,【双雷】カリスタ / 【双雷】ソレーヌ / 【薬毒】ミレア / 【薬毒】ヴィオラ,ch2_calista / ch2_solenne / ch2_mirea / ch2_viola,8008,100,100,100,2,2,0,0,2.46
chapter:roam4_3:4,第二章,【返誓】ロスティア / 【返誓】アルテア / 【星刻】エイレーネ / 【星刻】イリデル,ch2_rostia / ch2_althea / ch2_eirene / ch2_iridelle,8944,100,100,100,1,1,0,0,1.01
chapter:roam4_3:4,第二章,【剣姫】ネメシア / 【剣姫】エヴェリア / 【双鐘】フェルネ / 【双鐘】クラリス,ch2_nemesia / ch2_everia / ch2_ferne / ch2_clarisse,8944,100,100,100,1.02,2,0,0,0.03
chapter:roam4_3:4,第二章,【鏡侍女】リュネ / 【鏡侍女】ロゼ / 【聖翼】アウレ / 【聖翼】ノエル,ch2_ryune / ch2_rose / ch2_aure / ch2_noelle,8944,100,100,100,2,2,0,0,0
chapter:roam4_3:5,第二章,【返誓】ロスティア / 【返誓】アルテア / 【星刻】エイレーネ / 【星刻】イリデル,ch2_rostia / ch2_althea / ch2_eirene / ch2_iridelle,9880,100,100,100,1,1,0,0,1
chapter:roam4_3:5,第二章,【剣姫】ネメシア / 【剣姫】エヴェリア / 【双鐘】フェルネ / 【双鐘】クラリス,ch2_nemesia / ch2_everia / ch2_ferne / ch2_clarisse,9880,100,100,100,1,1,0,0,0.03
chapter:roam4_3:5,第二章,【鏡侍女】リュネ / 【鏡侍女】ロゼ / 【聖翼】アウレ / 【聖翼】ノエル,ch2_ryune / ch2_rose / ch2_aure / ch2_noelle,9880,100,100,100,2,2,0,0,0
chapter:roam4_4:0,第二章,【霊符】シオン / 【霊符】スイレン / 【日月】ルナリア / 【日月】ソラリア,ch2_shion / ch2_suiren / ch2_lunaria / ch2_solaria,5400,100,100,100,2.16,3,0,0,3.24
chapter:roam4_4:0,第二章,【封鍵】メリオラ / 【封鍵】エリゼル / 【薔薇】ノクテル / 【薔薇】オーリアン,ch2_meliora / ch2_elyselle / ch2_noctelle / ch2_auriane,5400,100,100,100,3,3,0,0,1.1
chapter:roam4_4:0,第二章,【竜姫】ドラシア / 【竜姫】リュシエ / 【薬毒】ミレア / 【薬毒】ヴィオラ,ch2_dracia / ch2_rucie / ch2_mirea / ch2_viola,5400,100,100,100,3.19,4,0,0,2.9
chapter:roam4_4:1,第二章,【霊符】シオン / 【霊符】スイレン / 【日月】ルナリア / 【日月】ソラリア,ch2_shion / ch2_suiren / ch2_lunaria / ch2_solaria,6372,100,100,100,2,2,0,0,3.03
chapter:roam4_4:1,第二章,【剣姫】ネメシア / 【剣姫】エヴェリア / 【双鐘】フェルネ / 【双鐘】クラリス,ch2_nemesia / ch2_everia / ch2_ferne / ch2_clarisse,6372,100,100,100,2,2,0,0,1.01
chapter:roam4_4:1,第二章,【星糸】セレス / 【星糸】ルミナ / 【誓姫】リリエット / 【誓姫】ロゼット,ch2_celes / ch2_lumina / ch2_lyriet / ch2_rosette,6372,100,100,100,2.1,3,0,0,2.02
chapter:roam4_4:2,第二章,【返誓】ロスティア / 【返誓】アルテア / 【星刻】エイレーネ / 【星刻】イリデル,ch2_rostia / ch2_althea / ch2_eirene / ch2_iridelle,7344,100,100,100,1.15,2,0,0,1.21
chapter:roam4_4:2,第二章,【霊符】シオン / 【霊符】スイレン / 【日月】ルナリア / 【日月】ソラリア,ch2_shion / ch2_suiren / ch2_lunaria / ch2_solaria,7344,100,100,100,2,2,0,0,2.81
chapter:roam4_4:2,第二章,【星糸】セレス / 【星糸】ルミナ / 【誓姫】リリエット / 【誓姫】ロゼット,ch2_celes / ch2_lumina / ch2_lyriet / ch2_rosette,7344,100,100,100,2,2,0,0,1.17
chapter:roam4_4:3,第二章,【返誓】ロスティア / 【返誓】アルテア / 【星刻】エイレーネ / 【星刻】イリデル,ch2_rostia / ch2_althea / ch2_eirene / ch2_iridelle,8316,100,100,100,1.06,2,0,0,1.04
chapter:roam4_4:3,第二章,【霊符】シオン / 【霊符】スイレン / 【日月】ルナリア / 【日月】ソラリア,ch2_shion / ch2_suiren / ch2_lunaria / ch2_solaria,8316,100,100,100,2,2,0,0,2.19
chapter:roam4_4:3,第二章,【双藤】ネヴィア / 【双藤】エルミナ / 【聖翼】アウレ / 【聖翼】ノエル,ch2_nevia / ch2_elmina / ch2_aure / ch2_noelle,8316,100,100,100,2,2,0,0,1.68
chapter:roam4_4:4,第二章,【返誓】ロスティア / 【返誓】アルテア / 【星刻】エイレーネ / 【星刻】イリデル,ch2_rostia / ch2_althea / ch2_eirene / ch2_iridelle,9288,100,100,100,1.02,2,0,0,1.02
chapter:roam4_4:4,第二章,【霊符】シオン / 【霊符】スイレン / 【日月】ルナリア / 【日月】ソラリア,ch2_shion / ch2_suiren / ch2_lunaria / ch2_solaria,9288,100,100,100,2,2,0,0,2.03
chapter:roam4_4:4,第二章,【竜姫】ドラシア / 【竜姫】リュシエ / 【薬毒】ミレア / 【薬毒】ヴィオラ,ch2_dracia / ch2_rucie / ch2_mirea / ch2_viola,9288,100,100,100,2.01,3,0,0,1.18
chapter:roam4_4:5,第二章,【返誓】ロスティア / 【返誓】アルテア / 【星刻】エイレーネ / 【星刻】イリデル,ch2_rostia / ch2_althea / ch2_eirene / ch2_iridelle,10000,100,100,100,1.01,2,0,0,1.02
chapter:roam4_4:5,第二章,【霊符】シオン / 【霊符】スイレン / 【日月】ルナリア / 【日月】ソラリア,ch2_shion / ch2_suiren / ch2_lunaria / ch2_solaria,10000,100,100,100,1.94,2,0,0,2.03
chapter:roam4_4:5,第二章,【封鍵】メリオラ / 【封鍵】エリゼル / 【薔薇】ノクテル / 【薔薇】オーリアン,ch2_meliora / ch2_elyselle / ch2_noctelle / ch2_auriane,10000,100,100,100,2.02,3,0,0,0.83
chapter:roam0_1_391:0,第二章,【鏡侍女】リュネ / 【鏡侍女】ロゼ / 【聖翼】アウレ / 【聖翼】ノエル,ch2_ryune / ch2_rose / ch2_aure / ch2_noelle,1050,100,100,100,1,1,0,0,0
chapter:roam0_1_391:0,第二章,【双雷】カリスタ / 【双雷】ソレーヌ / 【薬毒】ミレア / 【薬毒】ヴィオラ,ch2_calista / ch2_solenne / ch2_mirea / ch2_viola,1050,100,100,100,1,1,0,0,0.04
chapter:roam0_1_391:0,第二章,【硝子】セリア / 【硝子】カルミア / 封書の小剣姫ルメア / 夜灯の従騎フィオラ,ch2_seria / ch2_carmia / ch2_lumea / ch2_fiora,1050,100,100,100,1,1,0,0,0
chapter:roam0_1_391:1,第二章,【鏡侍女】リュネ / 【鏡侍女】ロゼ / 【聖翼】アウレ / 【聖翼】ノエル,ch2_ryune / ch2_rose / ch2_aure / ch2_noelle,1239,100,100,100,1,1,0,0,0
chapter:roam0_1_391:1,第二章,【双雷】カリスタ / 【双雷】ソレーヌ / 【薬毒】ミレア / 【薬毒】ヴィオラ,ch2_calista / ch2_solenne / ch2_mirea / ch2_viola,1239,100,100,100,1,1,0,0,0
chapter:roam0_1_391:1,第二章,【硝子】セリア / 【硝子】カルミア / 封書の小剣姫ルメア / 夜灯の従騎フィオラ,ch2_seria / ch2_carmia / ch2_lumea / ch2_fiora,1239,100,100,100,1,1,0,0,0
chapter:roam0_1_391:2,第二章,【鏡侍女】リュネ / 【鏡侍女】ロゼ / 【聖翼】アウレ / 【聖翼】ノエル,ch2_ryune / ch2_rose / ch2_aure / ch2_noelle,1428,100,100,100,1,1,0,0,0
chapter:roam0_1_391:2,第二章,【双雷】カリスタ / 【双雷】ソレーヌ / 【薬毒】ミレア / 【薬毒】ヴィオラ,ch2_calista / ch2_solenne / ch2_mirea / ch2_viola,1428,100,100,100,1,1,0,0,0
chapter:roam0_1_391:2,第二章,【硝子】セリア / 【硝子】カルミア / 封書の小剣姫ルメア / 夜灯の従騎フィオラ,ch2_seria / ch2_carmia / ch2_lumea / ch2_fiora,1428,100,100,100,1,1,0,0,0
chapter:roam0_1_391:3,第二章,【鏡侍女】リュネ / 【鏡侍女】ロゼ / 【聖翼】アウレ / 【聖翼】ノエル,ch2_ryune / ch2_rose / ch2_aure / ch2_noelle,1617,100,100,100,1,1,0,0,0
chapter:roam0_1_391:3,第二章,【双雷】カリスタ / 【双雷】ソレーヌ / 【薬毒】ミレア / 【薬毒】ヴィオラ,ch2_calista / ch2_solenne / ch2_mirea / ch2_viola,1617,100,100,100,1,1,0,0,0
chapter:roam0_1_391:3,第二章,【硝子】セリア / 【硝子】カルミア / 封書の小剣姫ルメア / 夜灯の従騎フィオラ,ch2_seria / ch2_carmia / ch2_lumea / ch2_fiora,1617,100,100,100,1,1,0,0,0
chapter:roam0_1_391:4,第二章,【鏡侍女】リュネ / 【鏡侍女】ロゼ / 【聖翼】アウレ / 【聖翼】ノエル,ch2_ryune / ch2_rose / ch2_aure / ch2_noelle,1806,100,100,100,1,1,0,0,0
chapter:roam0_1_391:4,第二章,【双雷】カリスタ / 【双雷】ソレーヌ / 【薬毒】ミレア / 【薬毒】ヴィオラ,ch2_calista / ch2_solenne / ch2_mirea / ch2_viola,1806,100,100,100,1,1,0,0,0
chapter:roam0_1_391:4,第二章,【硝子】セリア / 【硝子】カルミア / 封書の小剣姫ルメア / 夜灯の従騎フィオラ,ch2_seria / ch2_carmia / ch2_lumea / ch2_fiora,1806,100,100,100,1,1,0,0,0
chapter:roam0_1_391:5,第二章,【鏡侍女】リュネ / 【鏡侍女】ロゼ / 【聖翼】アウレ / 【聖翼】ノエル,ch2_ryune / ch2_rose / ch2_aure / ch2_noelle,1995,100,100,100,1,1,0,0,0
chapter:roam0_1_391:5,第二章,【双雷】カリスタ / 【双雷】ソレーヌ / 【薬毒】ミレア / 【薬毒】ヴィオラ,ch2_calista / ch2_solenne / ch2_mirea / ch2_viola,1995,100,100,100,1,1,0,0,0
chapter:roam0_1_391:5,第二章,【硝子】セリア / 【硝子】カルミア / 封書の小剣姫ルメア / 夜灯の従騎フィオラ,ch2_seria / ch2_carmia / ch2_lumea / ch2_fiora,1995,100,100,100,1,1,0,0,0
chapter:roam2_3_391:0,第二章,【鏡侍女】リュネ / 【鏡侍女】ロゼ / 【聖翼】アウレ / 【聖翼】ノエル,ch2_ryune / ch2_rose / ch2_aure / ch2_noelle,2000,100,100,100,1,1,0,0,0
chapter:roam2_3_391:0,第二章,【双雷】カリスタ / 【双雷】ソレーヌ / 【薬毒】ミレア / 【薬毒】ヴィオラ,ch2_calista / ch2_solenne / ch2_mirea / ch2_viola,2000,100,100,100,1,1,4,0,1.95
chapter:roam2_3_391:0,第二章,【霊符】シオン / 【霊符】スイレン / 【日月】ルナリア / 【日月】ソラリア,ch2_shion / ch2_suiren / ch2_lunaria / ch2_solaria,2000,100,100,100,1.93,2,93,0,2.82
chapter:roam2_3_391:1,第二章,【鏡侍女】リュネ / 【鏡侍女】ロゼ / 【聖翼】アウレ / 【聖翼】ノエル,ch2_ryune / ch2_rose / ch2_aure / ch2_noelle,2360,100,100,100,1,1,0,0,0
chapter:roam2_3_391:1,第二章,【双雷】カリスタ / 【双雷】ソレーヌ / 【薬毒】ミレア / 【薬毒】ヴィオラ,ch2_calista / ch2_solenne / ch2_mirea / ch2_viola,2360,100,100,100,1.01,2,4,0,1.95
chapter:roam2_3_391:1,第二章,【霊符】シオン / 【霊符】スイレン / 【日月】ルナリア / 【日月】ソラリア,ch2_shion / ch2_suiren / ch2_lunaria / ch2_solaria,2360,100,100,100,1.93,2,93,0,2.82
chapter:roam2_3_391:2,第二章,【鏡侍女】リュネ / 【鏡侍女】ロゼ / 【聖翼】アウレ / 【聖翼】ノエル,ch2_ryune / ch2_rose / ch2_aure / ch2_noelle,2720,100,100,100,1,1,0,0,0
chapter:roam2_3_391:2,第二章,【双雷】カリスタ / 【双雷】ソレーヌ / 【薬毒】ミレア / 【薬毒】ヴィオラ,ch2_calista / ch2_solenne / ch2_mirea / ch2_viola,2720,100,100,100,1,1,2,0,1.55
chapter:roam2_3_391:2,第二章,【封鍵】メリオラ / 【封鍵】エリゼル / 【薔薇】ノクテル / 【薔薇】オーリアン,ch2_meliora / ch2_elyselle / ch2_noctelle / ch2_auriane,2720,100,100,100,1,1,1,0,0
chapter:roam2_3_391:3,第二章,【鏡侍女】リュネ / 【鏡侍女】ロゼ / 【聖翼】アウレ / 【聖翼】ノエル,ch2_ryune / ch2_rose / ch2_aure / ch2_noelle,3080,100,100,100,1,1,0,0,0
chapter:roam2_3_391:3,第二章,【双雷】カリスタ / 【双雷】ソレーヌ / 【薬毒】ミレア / 【薬毒】ヴィオラ,ch2_calista / ch2_solenne / ch2_mirea / ch2_viola,3080,100,100,100,1,1,3,0,1.51
chapter:roam2_3_391:3,第二章,【硝子】セリア / 【硝子】カルミア / 封書の小剣姫ルメア / 夜灯の従騎フィオラ,ch2_seria / ch2_carmia / ch2_lumea / ch2_fiora,3080,100,100,100,1.08,2,0,0,0
chapter:roam2_3_391:4,第二章,【鏡侍女】リュネ / 【鏡侍女】ロゼ / 【聖翼】アウレ / 【聖翼】ノエル,ch2_ryune / ch2_rose / ch2_aure / ch2_noelle,3440,100,100,100,1,1,0,0,0
chapter:roam2_3_391:4,第二章,【双雷】カリスタ / 【双雷】ソレーヌ / 【薬毒】ミレア / 【薬毒】ヴィオラ,ch2_calista / ch2_solenne / ch2_mirea / ch2_viola,3440,100,100,100,1,1,94,0,1.55
chapter:roam2_3_391:4,第二章,【硝子】セリア / 【硝子】カルミア / 封書の小剣姫ルメア / 夜灯の従騎フィオラ,ch2_seria / ch2_carmia / ch2_lumea / ch2_fiora,3440,100,100,100,1.01,2,3,0,0.27
chapter:roam2_3_391:5,第二章,【鏡侍女】リュネ / 【鏡侍女】ロゼ / 【聖翼】アウレ / 【聖翼】ノエル,ch2_ryune / ch2_rose / ch2_aure / ch2_noelle,3800,100,100,100,1,1,0,0,0
chapter:roam2_3_391:5,第二章,【双雷】カリスタ / 【双雷】ソレーヌ / 【薬毒】ミレア / 【薬毒】ヴィオラ,ch2_calista / ch2_solenne / ch2_mirea / ch2_viola,3800,100,100,100,1.01,2,94,0,1.16
chapter:roam2_3_391:5,第二章,【硝子】セリア / 【硝子】カルミア / 封書の小剣姫ルメア / 夜灯の従騎フィオラ,ch2_seria / ch2_carmia / ch2_lumea / ch2_fiora,3800,100,100,100,1.01,2,3,0,0.2
chapter:roam4_4_391:0,第二章,【霊符】シオン / 【霊符】スイレン / 【日月】ルナリア / 【日月】ソラリア,ch2_shion / ch2_suiren / ch2_lunaria / ch2_solaria,5400,100,100,100,2.16,3,0,0,3.24
chapter:roam4_4_391:0,第二章,【封鍵】メリオラ / 【封鍵】エリゼル / 【薔薇】ノクテル / 【薔薇】オーリアン,ch2_meliora / ch2_elyselle / ch2_noctelle / ch2_auriane,5400,100,100,100,3,3,0,0,1.1
chapter:roam4_4_391:0,第二章,【竜姫】ドラシア / 【竜姫】リュシエ / 【薬毒】ミレア / 【薬毒】ヴィオラ,ch2_dracia / ch2_rucie / ch2_mirea / ch2_viola,5400,100,100,100,3.19,4,0,0,2.9
chapter:roam4_4_391:1,第二章,【霊符】シオン / 【霊符】スイレン / 【日月】ルナリア / 【日月】ソラリア,ch2_shion / ch2_suiren / ch2_lunaria / ch2_solaria,6372,100,100,100,2,2,0,0,3.03
chapter:roam4_4_391:1,第二章,【剣姫】ネメシア / 【剣姫】エヴェリア / 【双鐘】フェルネ / 【双鐘】クラリス,ch2_nemesia / ch2_everia / ch2_ferne / ch2_clarisse,6372,100,100,100,2,2,0,0,1.01
chapter:roam4_4_391:1,第二章,【星糸】セレス / 【星糸】ルミナ / 【誓姫】リリエット / 【誓姫】ロゼット,ch2_celes / ch2_lumina / ch2_lyriet / ch2_rosette,6372,100,100,100,2.1,3,0,0,2.02
chapter:roam4_4_391:2,第二章,【返誓】ロスティア / 【返誓】アルテア / 【星刻】エイレーネ / 【星刻】イリデル,ch2_rostia / ch2_althea / ch2_eirene / ch2_iridelle,7344,100,100,100,1.15,2,0,0,1.21
chapter:roam4_4_391:2,第二章,【霊符】シオン / 【霊符】スイレン / 【日月】ルナリア / 【日月】ソラリア,ch2_shion / ch2_suiren / ch2_lunaria / ch2_solaria,7344,100,100,100,2,2,0,0,2.81
chapter:roam4_4_391:2,第二章,【星糸】セレス / 【星糸】ルミナ / 【誓姫】リリエット / 【誓姫】ロゼット,ch2_celes / ch2_lumina / ch2_lyriet / ch2_rosette,7344,100,100,100,2,2,0,0,1.17
chapter:roam4_4_391:3,第二章,【返誓】ロスティア / 【返誓】アルテア / 【星刻】エイレーネ / 【星刻】イリデル,ch2_rostia / ch2_althea / ch2_eirene / ch2_iridelle,8316,100,100,100,1.06,2,0,0,1.04
chapter:roam4_4_391:3,第二章,【霊符】シオン / 【霊符】スイレン / 【日月】ルナリア / 【日月】ソラリア,ch2_shion / ch2_suiren / ch2_lunaria / ch2_solaria,8316,100,100,100,2,2,0,0,2.19
chapter:roam4_4_391:3,第二章,【双藤】ネヴィア / 【双藤】エルミナ / 【聖翼】アウレ / 【聖翼】ノエル,ch2_nevia / ch2_elmina / ch2_aure / ch2_noelle,8316,100,100,100,2,2,0,0,1.68
chapter:roam4_4_391:4,第二章,【返誓】ロスティア / 【返誓】アルテア / 【星刻】エイレーネ / 【星刻】イリデル,ch2_rostia / ch2_althea / ch2_eirene / ch2_iridelle,9288,100,100,100,1.02,2,0,0,1.02
chapter:roam4_4_391:4,第二章,【霊符】シオン / 【霊符】スイレン / 【日月】ルナリア / 【日月】ソラリア,ch2_shion / ch2_suiren / ch2_lunaria / ch2_solaria,9288,100,100,100,2,2,0,0,2.03
chapter:roam4_4_391:4,第二章,【竜姫】ドラシア / 【竜姫】リュシエ / 【薬毒】ミレア / 【薬毒】ヴィオラ,ch2_dracia / ch2_rucie / ch2_mirea / ch2_viola,9288,100,100,100,2.01,3,0,0,1.18
chapter:roam4_4_391:5,第二章,【返誓】ロスティア / 【返誓】アルテア / 【星刻】エイレーネ / 【星刻】イリデル,ch2_rostia / ch2_althea / ch2_eirene / ch2_iridelle,10000,100,100,100,1.01,2,0,0,1.02
chapter:roam4_4_391:5,第二章,【霊符】シオン / 【霊符】スイレン / 【日月】ルナリア / 【日月】ソラリア,ch2_shion / ch2_suiren / ch2_lunaria / ch2_solaria,10000,100,100,100,1.94,2,0,0,2.03
chapter:roam4_4_391:5,第二章,【封鍵】メリオラ / 【封鍵】エリゼル / 【薔薇】ノクテル / 【薔薇】オーリアン,ch2_meliora / ch2_elyselle / ch2_noctelle / ch2_auriane,10000,100,100,100,2.02,3,0,0,0.83
chapter:roam1_3_392:0,第二章,【鏡侍女】リュネ / 【鏡侍女】ロゼ / 【聖翼】アウレ / 【聖翼】ノエル,ch2_ryune / ch2_rose / ch2_aure / ch2_noelle,1400,100,100,100,1,1,0,0,0
chapter:roam1_3_392:0,第二章,【封鍵】メリオラ / 【封鍵】エリゼル / 【薔薇】ノクテル / 【薔薇】オーリアン,ch2_meliora / ch2_elyselle / ch2_noctelle / ch2_auriane,1400,100,100,100,1,1,0,0,0
chapter:roam1_3_392:0,第二章,【双雷】カリスタ / 【双雷】ソレーヌ / 【薬毒】ミレア / 【薬毒】ヴィオラ,ch2_calista / ch2_solenne / ch2_mirea / ch2_viola,1400,100,100,100,1.01,2,93,0,1.98
chapter:roam1_3_392:1,第二章,【鏡侍女】リュネ / 【鏡侍女】ロゼ / 【聖翼】アウレ / 【聖翼】ノエル,ch2_ryune / ch2_rose / ch2_aure / ch2_noelle,1652,100,100,100,1,1,2,0,0
chapter:roam1_3_392:1,第二章,【双雷】カリスタ / 【双雷】ソレーヌ / 【薬毒】ミレア / 【薬毒】ヴィオラ,ch2_calista / ch2_solenne / ch2_mirea / ch2_viola,1652,100,100,100,1.01,2,93,0,1.92
chapter:roam1_3_392:1,第二章,【硝子】セリア / 【硝子】カルミア / 封書の小剣姫ルメア / 夜灯の従騎フィオラ,ch2_seria / ch2_carmia / ch2_lumea / ch2_fiora,1652,100,100,100,1.05,2,5,0,0.95
chapter:roam1_3_392:2,第二章,【鏡侍女】リュネ / 【鏡侍女】ロゼ / 【聖翼】アウレ / 【聖翼】ノエル,ch2_ryune / ch2_rose / ch2_aure / ch2_noelle,1904,100,100,100,1,1,0,0,0
chapter:roam1_3_392:2,第二章,【封鍵】メリオラ / 【封鍵】エリゼル / 【薔薇】ノクテル / 【薔薇】オーリアン,ch2_meliora / ch2_elyselle / ch2_noctelle / ch2_auriane,1904,100,100,100,1,1,0,0,0
chapter:roam1_3_392:2,第二章,【竜姫】ドラシア / 【竜姫】リュシエ / 【薬毒】ミレア / 【薬毒】ヴィオラ,ch2_dracia / ch2_rucie / ch2_mirea / ch2_viola,1904,100,100,100,1,1,2,0,0.99
chapter:roam1_3_392:3,第二章,【鏡侍女】リュネ / 【鏡侍女】ロゼ / 【聖翼】アウレ / 【聖翼】ノエル,ch2_ryune / ch2_rose / ch2_aure / ch2_noelle,2156,100,100,100,1,1,0,0,0
chapter:roam1_3_392:3,第二章,【封鍵】メリオラ / 【封鍵】エリゼル / 【薔薇】ノクテル / 【薔薇】オーリアン,ch2_meliora / ch2_elyselle / ch2_noctelle / ch2_auriane,2156,100,100,100,1,1,98,0,0
chapter:roam1_3_392:3,第二章,【竜姫】ドラシア / 【竜姫】リュシエ / 【薬毒】ミレア / 【薬毒】ヴィオラ,ch2_dracia / ch2_rucie / ch2_mirea / ch2_viola,2156,100,100,100,1,1,3,0,0.99
chapter:roam1_3_392:4,第二章,【封鍵】メリオラ / 【封鍵】エリゼル / 【薔薇】ノクテル / 【薔薇】オーリアン,ch2_meliora / ch2_elyselle / ch2_noctelle / ch2_auriane,2408,100,100,100,1,1,98,0,0
chapter:roam1_3_392:4,第二章,【竜姫】ドラシア / 【竜姫】リュシエ / 【薬毒】ミレア / 【薬毒】ヴィオラ,ch2_dracia / ch2_rucie / ch2_mirea / ch2_viola,2408,100,100,100,1,1,3,0,0.99
chapter:roam1_3_392:4,第二章,【鏡侍女】リュネ / 【鏡侍女】ロゼ / 【聖翼】アウレ / 【聖翼】ノエル,ch2_ryune / ch2_rose / ch2_aure / ch2_noelle,2408,100,100,100,1.99,3,98,0,0.1
chapter:roam1_3_392:5,第二章,【封鍵】メリオラ / 【封鍵】エリゼル / 【薔薇】ノクテル / 【薔薇】オーリアン,ch2_meliora / ch2_elyselle / ch2_noctelle / ch2_auriane,2660,100,100,100,1,1,98,0,0
chapter:roam1_3_392:5,第二章,【竜姫】ドラシア / 【竜姫】リュシエ / 【薬毒】ミレア / 【薬毒】ヴィオラ,ch2_dracia / ch2_rucie / ch2_mirea / ch2_viola,2660,100,100,100,1,1,3,0,0.99
chapter:roam1_3_392:5,第二章,【鏡侍女】リュネ / 【鏡侍女】ロゼ / 【聖翼】アウレ / 【聖翼】ノエル,ch2_ryune / ch2_rose / ch2_aure / ch2_noelle,2660,100,100,100,1.99,3,98,0,0.11
chapter:roam3_1_392:0,第二章,【霊符】シオン / 【霊符】スイレン / 【日月】ルナリア / 【日月】ソラリア,ch2_shion / ch2_suiren / ch2_lunaria / ch2_solaria,2800,100,100,100,1,1,0,0,1.1
chapter:roam3_1_392:0,第二章,【鏡侍女】リュネ / 【鏡侍女】ロゼ / 【聖翼】アウレ / 【聖翼】ノエル,ch2_ryune / ch2_rose / ch2_aure / ch2_noelle,2800,100,100,100,1.01,2,0,0,0
chapter:roam3_1_392:0,第二章,【双雷】カリスタ / 【双雷】ソレーヌ / 【薬毒】ミレア / 【薬毒】ヴィオラ,ch2_calista / ch2_solenne / ch2_mirea / ch2_viola,2800,100,100,100,1.02,2,0,0,1.86
chapter:roam3_1_392:1,第二章,【鏡侍女】リュネ / 【鏡侍女】ロゼ / 【聖翼】アウレ / 【聖翼】ノエル,ch2_ryune / ch2_rose / ch2_aure / ch2_noelle,3304,100,100,100,1,1,0,0,0
chapter:roam3_1_392:1,第二章,【霊符】シオン / 【霊符】スイレン / 【日月】ルナリア / 【日月】ソラリア,ch2_shion / ch2_suiren / ch2_lunaria / ch2_solaria,3304,100,100,100,1,1,0,0,1
chapter:roam3_1_392:1,第二章,【双雷】カリスタ / 【双雷】ソレーヌ / 【薬毒】ミレア / 【薬毒】ヴィオラ,ch2_calista / ch2_solenne / ch2_mirea / ch2_viola,3304,100,100,100,1.02,2,0,0,1.86
chapter:roam3_1_392:2,第二章,【鏡侍女】リュネ / 【鏡侍女】ロゼ / 【聖翼】アウレ / 【聖翼】ノエル,ch2_ryune / ch2_rose / ch2_aure / ch2_noelle,3808,100,100,100,1,1,0,0,0
chapter:roam3_1_392:2,第二章,【霊符】シオン / 【霊符】スイレン / 【日月】ルナリア / 【日月】ソラリア,ch2_shion / ch2_suiren / ch2_lunaria / ch2_solaria,3808,100,100,100,1,1,0,0,1
chapter:roam3_1_392:2,第二章,【双雷】カリスタ / 【双雷】ソレーヌ / 【薬毒】ミレア / 【薬毒】ヴィオラ,ch2_calista / ch2_solenne / ch2_mirea / ch2_viola,3808,100,100,100,1.01,2,0,0,1.88
chapter:roam3_1_392:3,第二章,【鏡侍女】リュネ / 【鏡侍女】ロゼ / 【聖翼】アウレ / 【聖翼】ノエル,ch2_ryune / ch2_rose / ch2_aure / ch2_noelle,4312,100,100,100,1,1,0,0,0
chapter:roam3_1_392:3,第二章,【霊符】シオン / 【霊符】スイレン / 【日月】ルナリア / 【日月】ソラリア,ch2_shion / ch2_suiren / ch2_lunaria / ch2_solaria,4312,100,100,100,1,1,0,0,1
chapter:roam3_1_392:3,第二章,【双雷】カリスタ / 【双雷】ソレーヌ / 【薬毒】ミレア / 【薬毒】ヴィオラ,ch2_calista / ch2_solenne / ch2_mirea / ch2_viola,4312,100,100,100,1.01,2,0,0,1.88
chapter:roam3_1_392:4,第二章,【鏡侍女】リュネ / 【鏡侍女】ロゼ / 【聖翼】アウレ / 【聖翼】ノエル,ch2_ryune / ch2_rose / ch2_aure / ch2_noelle,4816,100,100,100,1,1,0,0,0
chapter:roam3_1_392:4,第二章,【双雷】カリスタ / 【双雷】ソレーヌ / 【薬毒】ミレア / 【薬毒】ヴィオラ,ch2_calista / ch2_solenne / ch2_mirea / ch2_viola,4816,100,100,100,1,1,0,0,1.93
chapter:roam3_1_392:4,第二章,【霊符】シオン / 【霊符】スイレン / 【日月】ルナリア / 【日月】ソラリア,ch2_shion / ch2_suiren / ch2_lunaria / ch2_solaria,4816,100,100,100,1,1,0,0,1
chapter:roam3_1_392:5,第二章,【鏡侍女】リュネ / 【鏡侍女】ロゼ / 【聖翼】アウレ / 【聖翼】ノエル,ch2_ryune / ch2_rose / ch2_aure / ch2_noelle,5320,100,100,100,1,1,0,0,0
chapter:roam3_1_392:5,第二章,【双雷】カリスタ / 【双雷】ソレーヌ / 【薬毒】ミレア / 【薬毒】ヴィオラ,ch2_calista / ch2_solenne / ch2_mirea / ch2_viola,5320,100,100,100,1,1,0,0,1.92
chapter:roam3_1_392:5,第二章,【霊符】シオン / 【霊符】スイレン / 【日月】ルナリア / 【日月】ソラリア,ch2_shion / ch2_suiren / ch2_lunaria / ch2_solaria,5320,100,100,100,1,1,0,0,1.01
chapter:roam4_3_392:0,第二章,【返誓】ロスティア / 【返誓】アルテア / 【星刻】エイレーネ / 【星刻】イリデル,ch2_rostia / ch2_althea / ch2_eirene / ch2_iridelle,5200,100,100,100,1.65,2,0,0,1.62
chapter:roam4_3_392:0,第二章,【霊符】シオン / 【霊符】スイレン / 【日月】ルナリア / 【日月】ソラリア,ch2_shion / ch2_suiren / ch2_lunaria / ch2_solaria,5200,100,100,100,2,2,0,0,3.04
chapter:roam4_3_392:0,第二章,【剣姫】ネメシア / 【剣姫】エヴェリア / 【双鐘】フェルネ / 【双鐘】クラリス,ch2_nemesia / ch2_everia / ch2_ferne / ch2_clarisse,5200,100,100,100,2,2,0,0,0.27
chapter:roam4_3_392:1,第二章,【返誓】ロスティア / 【返誓】アルテア / 【星刻】エイレーネ / 【星刻】イリデル,ch2_rostia / ch2_althea / ch2_eirene / ch2_iridelle,6136,100,100,100,1.38,2,0,0,1.63
chapter:roam4_3_392:1,第二章,【霊符】シオン / 【霊符】スイレン / 【日月】ルナリア / 【日月】ソラリア,ch2_shion / ch2_suiren / ch2_lunaria / ch2_solaria,6136,100,100,100,2,2,0,0,2.96
chapter:roam4_3_392:1,第二章,【竜姫】ドラシア / 【竜姫】リュシエ / 【薬毒】ミレア / 【薬毒】ヴィオラ,ch2_dracia / ch2_rucie / ch2_mirea / ch2_viola,6136,100,100,100,2.08,3,0,0,2
chapter:roam4_3_392:2,第二章,【返誓】ロスティア / 【返誓】アルテア / 【星刻】エイレーネ / 【星刻】イリデル,ch2_rostia / ch2_althea / ch2_eirene / ch2_iridelle,7072,100,100,100,1.04,2,0,0,1.13
chapter:roam4_3_392:2,第二章,【鏡侍女】リュネ / 【鏡侍女】ロゼ / 【聖翼】アウレ / 【聖翼】ノエル,ch2_ryune / ch2_rose / ch2_aure / ch2_noelle,7072,100,100,100,2,2,0,0,0
chapter:roam4_3_392:2,第二章,【双雷】カリスタ / 【双雷】ソレーヌ / 【薬毒】ミレア / 【薬毒】ヴィオラ,ch2_calista / ch2_solenne / ch2_mirea / ch2_viola,7072,100,100,100,2.01,3,0,0,2.95
chapter:roam4_3_392:3,第二章,【返誓】ロスティア / 【返誓】アルテア / 【星刻】エイレーネ / 【星刻】イリデル,ch2_rostia / ch2_althea / ch2_eirene / ch2_iridelle,8008,100,100,100,1.01,2,0,0,1.05
chapter:roam4_3_392:3,第二章,【鏡侍女】リュネ / 【鏡侍女】ロゼ / 【聖翼】アウレ / 【聖翼】ノエル,ch2_ryune / ch2_rose / ch2_aure / ch2_noelle,8008,100,100,100,2,2,0,0,0
chapter:roam4_3_392:3,第二章,【双雷】カリスタ / 【双雷】ソレーヌ / 【薬毒】ミレア / 【薬毒】ヴィオラ,ch2_calista / ch2_solenne / ch2_mirea / ch2_viola,8008,100,100,100,2,2,0,0,2.46
chapter:roam4_3_392:4,第二章,【返誓】ロスティア / 【返誓】アルテア / 【星刻】エイレーネ / 【星刻】イリデル,ch2_rostia / ch2_althea / ch2_eirene / ch2_iridelle,8944,100,100,100,1,1,0,0,1.01
chapter:roam4_3_392:4,第二章,【剣姫】ネメシア / 【剣姫】エヴェリア / 【双鐘】フェルネ / 【双鐘】クラリス,ch2_nemesia / ch2_everia / ch2_ferne / ch2_clarisse,8944,100,100,100,1.02,2,0,0,0.03
chapter:roam4_3_392:4,第二章,【鏡侍女】リュネ / 【鏡侍女】ロゼ / 【聖翼】アウレ / 【聖翼】ノエル,ch2_ryune / ch2_rose / ch2_aure / ch2_noelle,8944,100,100,100,2,2,0,0,0
chapter:roam4_3_392:5,第二章,【返誓】ロスティア / 【返誓】アルテア / 【星刻】エイレーネ / 【星刻】イリデル,ch2_rostia / ch2_althea / ch2_eirene / ch2_iridelle,9880,100,100,100,1,1,0,0,1
chapter:roam4_3_392:5,第二章,【剣姫】ネメシア / 【剣姫】エヴェリア / 【双鐘】フェルネ / 【双鐘】クラリス,ch2_nemesia / ch2_everia / ch2_ferne / ch2_clarisse,9880,100,100,100,1,1,0,0,0.03
chapter:roam4_3_392:5,第二章,【鏡侍女】リュネ / 【鏡侍女】ロゼ / 【聖翼】アウレ / 【聖翼】ノエル,ch2_ryune / ch2_rose / ch2_aure / ch2_noelle,9880,100,100,100,2,2,0,0,0
chapter:roam0_1_elite393:1,第二章,【鏡侍女】リュネ / 【鏡侍女】ロゼ / 【聖翼】アウレ / 【聖翼】ノエル,ch2_ryune / ch2_rose / ch2_aure / ch2_noelle,1208,100,100,100,1,1,0,0,0
chapter:roam0_1_elite393:1,第二章,【双雷】カリスタ / 【双雷】ソレーヌ / 【薬毒】ミレア / 【薬毒】ヴィオラ,ch2_calista / ch2_solenne / ch2_mirea / ch2_viola,1208,100,100,100,1,1,0,0,0.02
chapter:roam0_1_elite393:1,第二章,【硝子】セリア / 【硝子】カルミア / 封書の小剣姫ルメア / 夜灯の従騎フィオラ,ch2_seria / ch2_carmia / ch2_lumea / ch2_fiora,1208,100,100,100,1,1,0,0,0.01
chapter:roam0_1_elite393:2,第二章,【鏡侍女】リュネ / 【鏡侍女】ロゼ / 【聖翼】アウレ / 【聖翼】ノエル,ch2_ryune / ch2_rose / ch2_aure / ch2_noelle,1418,100,100,100,1,1,0,0,0
chapter:roam0_1_elite393:2,第二章,【双雷】カリスタ / 【双雷】ソレーヌ / 【薬毒】ミレア / 【薬毒】ヴィオラ,ch2_calista / ch2_solenne / ch2_mirea / ch2_viola,1418,100,100,100,1,1,0,0,0.02
chapter:roam0_1_elite393:2,第二章,【硝子】セリア / 【硝子】カルミア / 封書の小剣姫ルメア / 夜灯の従騎フィオラ,ch2_seria / ch2_carmia / ch2_lumea / ch2_fiora,1418,100,100,100,1,1,0,0,0.01
chapter:roam0_1_elite393:3,第二章,【鏡侍女】リュネ / 【鏡侍女】ロゼ / 【聖翼】アウレ / 【聖翼】ノエル,ch2_ryune / ch2_rose / ch2_aure / ch2_noelle,1680,100,100,100,1,1,0,0,0
chapter:roam0_1_elite393:3,第二章,【双雷】カリスタ / 【双雷】ソレーヌ / 【薬毒】ミレア / 【薬毒】ヴィオラ,ch2_calista / ch2_solenne / ch2_mirea / ch2_viola,1680,100,100,100,1,1,0,0,0.02
chapter:roam0_1_elite393:3,第二章,【硝子】セリア / 【硝子】カルミア / 封書の小剣姫ルメア / 夜灯の従騎フィオラ,ch2_seria / ch2_carmia / ch2_lumea / ch2_fiora,1680,100,100,100,1,1,0,0,0.01
chapter:roam0_3_elite393:1,第二章,【鏡侍女】リュネ / 【鏡侍女】ロゼ / 【聖翼】アウレ / 【聖翼】ノエル,ch2_ryune / ch2_rose / ch2_aure / ch2_noelle,1208,100,100,100,1,1,0,0,0
chapter:roam0_3_elite393:1,第二章,【双雷】カリスタ / 【双雷】ソレーヌ / 【薬毒】ミレア / 【薬毒】ヴィオラ,ch2_calista / ch2_solenne / ch2_mirea / ch2_viola,1208,100,100,100,1,1,0,0,0.1
chapter:roam0_3_elite393:1,第二章,【硝子】セリア / 【硝子】カルミア / 封書の小剣姫ルメア / 夜灯の従騎フィオラ,ch2_seria / ch2_carmia / ch2_lumea / ch2_fiora,1208,100,100,100,1,1,0,0,0
chapter:roam0_3_elite393:2,第二章,【鏡侍女】リュネ / 【鏡侍女】ロゼ / 【聖翼】アウレ / 【聖翼】ノエル,ch2_ryune / ch2_rose / ch2_aure / ch2_noelle,1418,100,100,100,1,1,0,0,0
chapter:roam0_3_elite393:2,第二章,【双雷】カリスタ / 【双雷】ソレーヌ / 【薬毒】ミレア / 【薬毒】ヴィオラ,ch2_calista / ch2_solenne / ch2_mirea / ch2_viola,1418,100,100,100,1,1,0,0,0.1
chapter:roam0_3_elite393:2,第二章,【硝子】セリア / 【硝子】カルミア / 封書の小剣姫ルメア / 夜灯の従騎フィオラ,ch2_seria / ch2_carmia / ch2_lumea / ch2_fiora,1418,100,100,100,1,1,0,0,0
chapter:roam0_3_elite393:3,第二章,【鏡侍女】リュネ / 【鏡侍女】ロゼ / 【聖翼】アウレ / 【聖翼】ノエル,ch2_ryune / ch2_rose / ch2_aure / ch2_noelle,1680,100,100,100,1,1,0,0,0
chapter:roam0_3_elite393:3,第二章,【双雷】カリスタ / 【双雷】ソレーヌ / 【薬毒】ミレア / 【薬毒】ヴィオラ,ch2_calista / ch2_solenne / ch2_mirea / ch2_viola,1680,100,100,100,1,1,0,0,0.02
chapter:roam0_3_elite393:3,第二章,【硝子】セリア / 【硝子】カルミア / 封書の小剣姫ルメア / 夜灯の従騎フィオラ,ch2_seria / ch2_carmia / ch2_lumea / ch2_fiora,1680,100,100,100,1,1,0,0,0.01
chapter:roam0_4_elite393:1,第二章,【鏡侍女】リュネ / 【鏡侍女】ロゼ / 【聖翼】アウレ / 【聖翼】ノエル,ch2_ryune / ch2_rose / ch2_aure / ch2_noelle,1208,100,100,100,1,1,0,0,0
chapter:roam0_4_elite393:1,第二章,【双雷】カリスタ / 【双雷】ソレーヌ / 【薬毒】ミレア / 【薬毒】ヴィオラ,ch2_calista / ch2_solenne / ch2_mirea / ch2_viola,1208,100,100,100,1,1,0,0,0.03
chapter:roam0_4_elite393:1,第二章,【硝子】セリア / 【硝子】カルミア / 封書の小剣姫ルメア / 夜灯の従騎フィオラ,ch2_seria / ch2_carmia / ch2_lumea / ch2_fiora,1208,100,100,100,1,1,0,0,0
chapter:roam0_4_elite393:2,第二章,【鏡侍女】リュネ / 【鏡侍女】ロゼ / 【聖翼】アウレ / 【聖翼】ノエル,ch2_ryune / ch2_rose / ch2_aure / ch2_noelle,1418,100,100,100,1,1,0,0,0
chapter:roam0_4_elite393:2,第二章,【双雷】カリスタ / 【双雷】ソレーヌ / 【薬毒】ミレア / 【薬毒】ヴィオラ,ch2_calista / ch2_solenne / ch2_mirea / ch2_viola,1418,100,100,100,1,1,0,0,0.03
chapter:roam0_4_elite393:2,第二章,【硝子】セリア / 【硝子】カルミア / 封書の小剣姫ルメア / 夜灯の従騎フィオラ,ch2_seria / ch2_carmia / ch2_lumea / ch2_fiora,1418,100,100,100,1,1,0,0,0
chapter:roam0_4_elite393:3,第二章,【鏡侍女】リュネ / 【鏡侍女】ロゼ / 【聖翼】アウレ / 【聖翼】ノエル,ch2_ryune / ch2_rose / ch2_aure / ch2_noelle,1680,100,100,100,1,1,0,0,0
chapter:roam0_4_elite393:3,第二章,【双雷】カリスタ / 【双雷】ソレーヌ / 【薬毒】ミレア / 【薬毒】ヴィオラ,ch2_calista / ch2_solenne / ch2_mirea / ch2_viola,1680,100,100,100,1,1,0,0,0.03
chapter:roam0_4_elite393:3,第二章,【硝子】セリア / 【硝子】カルミア / 封書の小剣姫ルメア / 夜灯の従騎フィオラ,ch2_seria / ch2_carmia / ch2_lumea / ch2_fiora,1680,100,100,100,1,1,0,0,0
chapter:roam1_1_elite393:1,第二章,【返誓】ロスティア / 【返誓】アルテア / 【星刻】エイレーネ / 【星刻】イリデル,ch2_rostia / ch2_althea / ch2_eirene / ch2_iridelle,2990,100,100,100,1,1,0,0,0.34
chapter:roam1_1_elite393:1,第二章,【星糸】セレス / 【星糸】ルミナ / 【誓姫】リリエット / 【誓姫】ロゼット,ch2_celes / ch2_lumina / ch2_lyriet / ch2_rosette,2990,100,100,100,1.04,2,0,0,1
chapter:roam1_1_elite393:1,第二章,【鏡侍女】リュネ / 【鏡侍女】ロゼ / 【聖翼】アウレ / 【聖翼】ノエル,ch2_ryune / ch2_rose / ch2_aure / ch2_noelle,2990,100,100,100,2,2,0,0,0
chapter:roam1_1_elite393:2,第二章,【返誓】ロスティア / 【返誓】アルテア / 【星刻】エイレーネ / 【星刻】イリデル,ch2_rostia / ch2_althea / ch2_eirene / ch2_iridelle,3510,100,100,100,1,1,0,0,0.03
chapter:roam1_1_elite393:2,第二章,【星糸】セレス / 【星糸】ルミナ / 【誓姫】リリエット / 【誓姫】ロゼット,ch2_celes / ch2_lumina / ch2_lyriet / ch2_rosette,3510,100,100,100,1.04,2,0,0,1
chapter:roam1_1_elite393:2,第二章,【鏡侍女】リュネ / 【鏡侍女】ロゼ / 【聖翼】アウレ / 【聖翼】ノエル,ch2_ryune / ch2_rose / ch2_aure / ch2_noelle,3510,100,100,100,1.17,2,0,0,0
chapter:roam1_1_elite393:3,第二章,【返誓】ロスティア / 【返誓】アルテア / 【星刻】エイレーネ / 【星刻】イリデル,ch2_rostia / ch2_althea / ch2_eirene / ch2_iridelle,4160,100,100,100,1,1,0,0,0.03
chapter:roam1_1_elite393:3,第二章,【星糸】セレス / 【星糸】ルミナ / 【誓姫】リリエット / 【誓姫】ロゼット,ch2_celes / ch2_lumina / ch2_lyriet / ch2_rosette,4160,100,100,100,1.04,2,0,0,1
chapter:roam1_1_elite393:3,第二章,【双藤】ネヴィア / 【双藤】エルミナ / 【聖翼】アウレ / 【聖翼】ノエル,ch2_nevia / ch2_elmina / ch2_aure / ch2_noelle,4160,100,100,100,1.12,2,0,0,0.01
chapter:roam1_3_elite393:1,第二章,【鏡侍女】リュネ / 【鏡侍女】ロゼ / 【聖翼】アウレ / 【聖翼】ノエル,ch2_ryune / ch2_rose / ch2_aure / ch2_noelle,1610,100,100,100,1,1,0,0,0
chapter:roam1_3_elite393:1,第二章,【双雷】カリスタ / 【双雷】ソレーヌ / 【薬毒】ミレア / 【薬毒】ヴィオラ,ch2_calista / ch2_solenne / ch2_mirea / ch2_viola,1610,100,100,100,1,1,0,0,0.99
chapter:roam1_3_elite393:1,第二章,【霊符】シオン / 【霊符】スイレン / 【日月】ルナリア / 【日月】ソラリア,ch2_shion / ch2_suiren / ch2_lunaria / ch2_solaria,1610,100,100,100,1,1,0,0,1
chapter:roam1_3_elite393:2,第二章,【鏡侍女】リュネ / 【鏡侍女】ロゼ / 【聖翼】アウレ / 【聖翼】ノエル,ch2_ryune / ch2_rose / ch2_aure / ch2_noelle,1890,100,100,100,1,1,0,0,0
chapter:roam1_3_elite393:2,第二章,【双雷】カリスタ / 【双雷】ソレーヌ / 【薬毒】ミレア / 【薬毒】ヴィオラ,ch2_calista / ch2_solenne / ch2_mirea / ch2_viola,1890,100,100,100,1,1,0,0,0.98
chapter:roam1_3_elite393:2,第二章,【硝子】セリア / 【硝子】カルミア / 封書の小剣姫ルメア / 夜灯の従騎フィオラ,ch2_seria / ch2_carmia / ch2_lumea / ch2_fiora,1890,100,100,100,1,1,0,0,0.11
chapter:roam1_3_elite393:3,第二章,【鏡侍女】リュネ / 【鏡侍女】ロゼ / 【聖翼】アウレ / 【聖翼】ノエル,ch2_ryune / ch2_rose / ch2_aure / ch2_noelle,2240,100,100,100,1,1,0,0,0
chapter:roam1_3_elite393:3,第二章,【双雷】カリスタ / 【双雷】ソレーヌ / 【薬毒】ミレア / 【薬毒】ヴィオラ,ch2_calista / ch2_solenne / ch2_mirea / ch2_viola,2240,100,100,100,1,1,0,0,0.99
chapter:roam1_3_elite393:3,第二章,【霊符】シオン / 【霊符】スイレン / 【日月】ルナリア / 【日月】ソラリア,ch2_shion / ch2_suiren / ch2_lunaria / ch2_solaria,2240,100,100,100,1,1,0,0,1
chapter:roam1_4_elite393:1,第二章,【鏡侍女】リュネ / 【鏡侍女】ロゼ / 【聖翼】アウレ / 【聖翼】ノエル,ch2_ryune / ch2_rose / ch2_aure / ch2_noelle,1610,100,100,100,1,1,0,0,0
chapter:roam1_4_elite393:1,第二章,【双雷】カリスタ / 【双雷】ソレーヌ / 【薬毒】ミレア / 【薬毒】ヴィオラ,ch2_calista / ch2_solenne / ch2_mirea / ch2_viola,1610,100,100,100,1,1,0,0,0.96
chapter:roam1_4_elite393:1,第二章,【霊符】シオン / 【霊符】スイレン / 【日月】ルナリア / 【日月】ソラリア,ch2_shion / ch2_suiren / ch2_lunaria / ch2_solaria,1610,100,100,100,1,1,0,0,1
chapter:roam1_4_elite393:2,第二章,【鏡侍女】リュネ / 【鏡侍女】ロゼ / 【聖翼】アウレ / 【聖翼】ノエル,ch2_ryune / ch2_rose / ch2_aure / ch2_noelle,1890,100,100,100,1,1,0,0,0
chapter:roam1_4_elite393:2,第二章,【双雷】カリスタ / 【双雷】ソレーヌ / 【薬毒】ミレア / 【薬毒】ヴィオラ,ch2_calista / ch2_solenne / ch2_mirea / ch2_viola,1890,100,100,100,1,1,0,0,0.75
chapter:roam1_4_elite393:2,第二章,【硝子】セリア / 【硝子】カルミア / 封書の小剣姫ルメア / 夜灯の従騎フィオラ,ch2_seria / ch2_carmia / ch2_lumea / ch2_fiora,1890,100,100,100,1,1,0,0,0.17
chapter:roam1_4_elite393:3,第二章,【鏡侍女】リュネ / 【鏡侍女】ロゼ / 【聖翼】アウレ / 【聖翼】ノエル,ch2_ryune / ch2_rose / ch2_aure / ch2_noelle,2240,100,100,100,1,1,0,0,0
chapter:roam1_4_elite393:3,第二章,【双雷】カリスタ / 【双雷】ソレーヌ / 【薬毒】ミレア / 【薬毒】ヴィオラ,ch2_calista / ch2_solenne / ch2_mirea / ch2_viola,2240,100,100,100,1,1,0,0,0.9
chapter:roam1_4_elite393:3,第二章,【霊符】シオン / 【霊符】スイレン / 【日月】ルナリア / 【日月】ソラリア,ch2_shion / ch2_suiren / ch2_lunaria / ch2_solaria,2240,100,100,100,1,1,0,0,1
chapter:roam2_1_elite393:1,第二章,【鏡侍女】リュネ / 【鏡侍女】ロゼ / 【聖翼】アウレ / 【聖翼】ノエル,ch2_ryune / ch2_rose / ch2_aure / ch2_noelle,2300,100,100,100,1,1,0,0,0
chapter:roam2_1_elite393:1,第二章,【双雷】カリスタ / 【双雷】ソレーヌ / 【薬毒】ミレア / 【薬毒】ヴィオラ,ch2_calista / ch2_solenne / ch2_mirea / ch2_viola,2300,100,100,100,1,1,0,0,0.16
chapter:roam2_1_elite393:1,第二章,【霊符】シオン / 【霊符】スイレン / 【日月】ルナリア / 【日月】ソラリア,ch2_shion / ch2_suiren / ch2_lunaria / ch2_solaria,2300,100,100,100,1,1,0,0,1
chapter:roam2_1_elite393:2,第二章,【鏡侍女】リュネ / 【鏡侍女】ロゼ / 【聖翼】アウレ / 【聖翼】ノエル,ch2_ryune / ch2_rose / ch2_aure / ch2_noelle,2700,100,100,100,1,1,0,0,0
chapter:roam2_1_elite393:2,第二章,【双雷】カリスタ / 【双雷】ソレーヌ / 【薬毒】ミレア / 【薬毒】ヴィオラ,ch2_calista / ch2_solenne / ch2_mirea / ch2_viola,2700,100,100,100,1,1,0,0,0.92
chapter:roam2_1_elite393:2,第二章,【霊符】シオン / 【霊符】スイレン / 【日月】ルナリア / 【日月】ソラリア,ch2_shion / ch2_suiren / ch2_lunaria / ch2_solaria,2700,100,100,100,1,1,0,0,1
chapter:roam2_1_elite393:3,第二章,【鏡侍女】リュネ / 【鏡侍女】ロゼ / 【聖翼】アウレ / 【聖翼】ノエル,ch2_ryune / ch2_rose / ch2_aure / ch2_noelle,3200,100,100,100,1,1,0,0,0
chapter:roam2_1_elite393:3,第二章,【双雷】カリスタ / 【双雷】ソレーヌ / 【薬毒】ミレア / 【薬毒】ヴィオラ,ch2_calista / ch2_solenne / ch2_mirea / ch2_viola,3200,100,100,100,1,1,0,0,0.15
chapter:roam2_1_elite393:3,第二章,【霊符】シオン / 【霊符】スイレン / 【日月】ルナリア / 【日月】ソラリア,ch2_shion / ch2_suiren / ch2_lunaria / ch2_solaria,3200,100,100,100,1,1,0,0,1
chapter:roam2_3_elite393:1,第二章,【鏡侍女】リュネ / 【鏡侍女】ロゼ / 【聖翼】アウレ / 【聖翼】ノエル,ch2_ryune / ch2_rose / ch2_aure / ch2_noelle,2300,100,100,100,1,1,0,0,0
chapter:roam2_3_elite393:1,第二章,【霊符】シオン / 【霊符】スイレン / 【日月】ルナリア / 【日月】ソラリア,ch2_shion / ch2_suiren / ch2_lunaria / ch2_solaria,2300,100,100,100,1,1,0,0,1
chapter:roam2_3_elite393:1,第二章,【双雷】カリスタ / 【双雷】ソレーヌ / 【薬毒】ミレア / 【薬毒】ヴィオラ,ch2_calista / ch2_solenne / ch2_mirea / ch2_viola,2300,100,100,100,1.01,2,0,0,1.97
chapter:roam2_3_elite393:2,第二章,【鏡侍女】リュネ / 【鏡侍女】ロゼ / 【聖翼】アウレ / 【聖翼】ノエル,ch2_ryune / ch2_rose / ch2_aure / ch2_noelle,2700,100,100,100,1,1,0,0,0
chapter:roam2_3_elite393:2,第二章,【霊符】シオン / 【霊符】スイレン / 【日月】ルナリア / 【日月】ソラリア,ch2_shion / ch2_suiren / ch2_lunaria / ch2_solaria,2700,100,100,100,1,1,0,0,1
chapter:roam2_3_elite393:2,第二章,【双雷】カリスタ / 【双雷】ソレーヌ / 【薬毒】ミレア / 【薬毒】ヴィオラ,ch2_calista / ch2_solenne / ch2_mirea / ch2_viola,2700,100,100,100,1.01,2,0,0,1.96
chapter:roam2_3_elite393:3,第二章,【鏡侍女】リュネ / 【鏡侍女】ロゼ / 【聖翼】アウレ / 【聖翼】ノエル,ch2_ryune / ch2_rose / ch2_aure / ch2_noelle,3200,100,100,100,1,1,0,0,0
chapter:roam2_3_elite393:3,第二章,【霊符】シオン / 【霊符】スイレン / 【日月】ルナリア / 【日月】ソラリア,ch2_shion / ch2_suiren / ch2_lunaria / ch2_solaria,3200,100,100,100,1,1,0,0,1.02
chapter:roam2_3_elite393:3,第二章,【双雷】カリスタ / 【双雷】ソレーヌ / 【薬毒】ミレア / 【薬毒】ヴィオラ,ch2_calista / ch2_solenne / ch2_mirea / ch2_viola,3200,100,100,100,1.01,2,0,0,1.97
chapter:roam2_4_elite393:1,第二章,【鏡侍女】リュネ / 【鏡侍女】ロゼ / 【聖翼】アウレ / 【聖翼】ノエル,ch2_ryune / ch2_rose / ch2_aure / ch2_noelle,2300,100,100,100,1,1,0,0,0
chapter:roam2_4_elite393:1,第二章,【封鍵】メリオラ / 【封鍵】エリゼル / 【薔薇】ノクテル / 【薔薇】オーリアン,ch2_meliora / ch2_elyselle / ch2_noctelle / ch2_auriane,2300,100,100,100,1,1,0,0,0
chapter:roam2_4_elite393:1,第二章,【双雷】カリスタ / 【双雷】ソレーヌ / 【薬毒】ミレア / 【薬毒】ヴィオラ,ch2_calista / ch2_solenne / ch2_mirea / ch2_viola,2300,100,100,100,1.01,2,3,0,1.94
chapter:roam2_4_elite393:2,第二章,【鏡侍女】リュネ / 【鏡侍女】ロゼ / 【聖翼】アウレ / 【聖翼】ノエル,ch2_ryune / ch2_rose / ch2_aure / ch2_noelle,2700,100,100,100,1,1,0,0,0
chapter:roam2_4_elite393:2,第二章,【封鍵】メリオラ / 【封鍵】エリゼル / 【薔薇】ノクテル / 【薔薇】オーリアン,ch2_meliora / ch2_elyselle / ch2_noctelle / ch2_auriane,2700,100,100,100,1,1,0,0,0
chapter:roam2_4_elite393:2,第二章,【双雷】カリスタ / 【双雷】ソレーヌ / 【薬毒】ミレア / 【薬毒】ヴィオラ,ch2_calista / ch2_solenne / ch2_mirea / ch2_viola,2700,100,100,100,1.01,2,3,0,1.94
chapter:roam2_4_elite393:3,第二章,【鏡侍女】リュネ / 【鏡侍女】ロゼ / 【聖翼】アウレ / 【聖翼】ノエル,ch2_ryune / ch2_rose / ch2_aure / ch2_noelle,3200,100,100,100,1,1,0,0,0
chapter:roam2_4_elite393:3,第二章,【封鍵】メリオラ / 【封鍵】エリゼル / 【薔薇】ノクテル / 【薔薇】オーリアン,ch2_meliora / ch2_elyselle / ch2_noctelle / ch2_auriane,3200,100,100,100,1,1,0,0,0
chapter:roam2_4_elite393:3,第二章,【双雷】カリスタ / 【双雷】ソレーヌ / 【薬毒】ミレア / 【薬毒】ヴィオラ,ch2_calista / ch2_solenne / ch2_mirea / ch2_viola,3200,100,100,100,1.01,2,3,0,1.94
chapter:roam3_1_elite393:1,第二章,【返誓】ロスティア / 【返誓】アルテア / 【星刻】エイレーネ / 【星刻】イリデル,ch2_rostia / ch2_althea / ch2_eirene / ch2_iridelle,3220,100,100,100,1,1,0,0,0
chapter:roam3_1_elite393:1,第二章,【霊符】シオン / 【霊符】スイレン / 【日月】ルナリア / 【日月】ソラリア,ch2_shion / ch2_suiren / ch2_lunaria / ch2_solaria,3220,100,100,100,1.01,2,0,0,2
chapter:roam3_1_elite393:1,第二章,【竜姫】ドラシア / 【竜姫】リュシエ / 【薬毒】ミレア / 【薬毒】ヴィオラ,ch2_dracia / ch2_rucie / ch2_mirea / ch2_viola,3220,100,100,100,1.05,2,0,0,1.01
chapter:roam3_1_elite393:2,第二章,【霊符】シオン / 【霊符】スイレン / 【日月】ルナリア / 【日月】ソラリア,ch2_shion / ch2_suiren / ch2_lunaria / ch2_solaria,3780,100,100,100,1.01,2,0,0,2
chapter:roam3_1_elite393:2,第二章,【竜姫】ドラシア / 【竜姫】リュシエ / 【薬毒】ミレア / 【薬毒】ヴィオラ,ch2_dracia / ch2_rucie / ch2_mirea / ch2_viola,3780,100,100,100,1.04,2,0,0,1
chapter:roam3_1_elite393:2,第二章,【封鍵】メリオラ / 【封鍵】エリゼル / 【薔薇】ノクテル / 【薔薇】オーリアン,ch2_meliora / ch2_elyselle / ch2_noctelle / ch2_auriane,3780,100,100,100,1.11,2,0,0,0
chapter:roam3_1_elite393:3,第二章,【霊符】シオン / 【霊符】スイレン / 【日月】ルナリア / 【日月】ソラリア,ch2_shion / ch2_suiren / ch2_lunaria / ch2_solaria,4480,100,100,100,1.01,2,0,0,2
chapter:roam3_1_elite393:3,第二章,【竜姫】ドラシア / 【竜姫】リュシエ / 【薬毒】ミレア / 【薬毒】ヴィオラ,ch2_dracia / ch2_rucie / ch2_mirea / ch2_viola,4480,100,100,100,1.02,2,0,0,1
chapter:roam3_1_elite393:3,第二章,【封鍵】メリオラ / 【封鍵】エリゼル / 【薔薇】ノクテル / 【薔薇】オーリアン,ch2_meliora / ch2_elyselle / ch2_noctelle / ch2_auriane,4480,100,100,100,1.14,2,0,0,0
chapter:roam3_3_elite393:1,第二章,【返誓】ロスティア / 【返誓】アルテア / 【星刻】エイレーネ / 【星刻】イリデル,ch2_rostia / ch2_althea / ch2_eirene / ch2_iridelle,5520,100,100,100,1.79,2,0,0,1.02
chapter:roam3_3_elite393:1,第二章,【霊符】シオン / 【霊符】スイレン / 【日月】ルナリア / 【日月】ソラリア,ch2_shion / ch2_suiren / ch2_lunaria / ch2_solaria,5520,100,100,100,2,2,0,0,3
chapter:roam3_3_elite393:1,第二章,【星糸】セレス / 【星糸】ルミナ / 【誓姫】リリエット / 【誓姫】ロゼット,ch2_celes / ch2_lumina / ch2_lyriet / ch2_rosette,5520,100,100,100,2,2,0,0,1.11
chapter:roam3_3_elite393:2,第二章,【霊符】シオン / 【霊符】スイレン / 【日月】ルナリア / 【日月】ソラリア,ch2_shion / ch2_suiren / ch2_lunaria / ch2_solaria,6480,100,100,100,2,2,0,0,3
chapter:roam3_3_elite393:2,第二章,【封鍵】メリオラ / 【封鍵】エリゼル / 【薔薇】ノクテル / 【薔薇】オーリアン,ch2_meliora / ch2_elyselle / ch2_noctelle / ch2_auriane,6480,100,100,100,2,2,0,0,1
chapter:roam3_3_elite393:2,第二章,【竜姫】ドラシア / 【竜姫】リュシエ / 【薬毒】ミレア / 【薬毒】ヴィオラ,ch2_dracia / ch2_rucie / ch2_mirea / ch2_viola,6480,100,100,100,2.01,3,0,0,0.99
chapter:roam3_3_elite393:3,第二章,【霊符】シオン / 【霊符】スイレン / 【日月】ルナリア / 【日月】ソラリア,ch2_shion / ch2_suiren / ch2_lunaria / ch2_solaria,7680,100,100,100,2,2,0,0,3
chapter:roam3_3_elite393:3,第二章,【封鍵】メリオラ / 【封鍵】エリゼル / 【薔薇】ノクテル / 【薔薇】オーリアン,ch2_meliora / ch2_elyselle / ch2_noctelle / ch2_auriane,7680,100,100,100,2,2,0,0,1
chapter:roam3_3_elite393:3,第二章,【竜姫】ドラシア / 【竜姫】リュシエ / 【薬毒】ミレア / 【薬毒】ヴィオラ,ch2_dracia / ch2_rucie / ch2_mirea / ch2_viola,7680,100,100,100,2.01,3,0,0,0.99
chapter:roam3_4_elite393:1,第二章,【返誓】ロスティア / 【返誓】アルテア / 【星刻】エイレーネ / 【星刻】イリデル,ch2_rostia / ch2_althea / ch2_eirene / ch2_iridelle,4945,100,100,100,1,1,0,0,0.25
chapter:roam3_4_elite393:1,第二章,【剣姫】ネメシア / 【剣姫】エヴェリア / 【双鐘】フェルネ / 【双鐘】クラリス,ch2_nemesia / ch2_everia / ch2_ferne / ch2_clarisse,4945,100,100,100,1,1,0,0,0.96
chapter:roam3_4_elite393:1,第二章,【霊符】シオン / 【霊符】スイレン / 【日月】ルナリア / 【日月】ソラリア,ch2_shion / ch2_suiren / ch2_lunaria / ch2_solaria,4945,100,100,100,1.01,2,0,0,2
chapter:roam3_4_elite393:2,第二章,【霊符】シオン / 【霊符】スイレン / 【日月】ルナリア / 【日月】ソラリア,ch2_shion / ch2_suiren / ch2_lunaria / ch2_solaria,5805,100,100,100,1,1,0,0,1.33
chapter:roam3_4_elite393:2,第二章,【返誓】ロスティア / 【返誓】アルテア / 【星刻】エイレーネ / 【星刻】イリデル,ch2_rostia / ch2_althea / ch2_eirene / ch2_iridelle,5805,100,100,100,1,1,0,0,0.09
chapter:roam3_4_elite393:2,第二章,【剣姫】ネメシア / 【剣姫】エヴェリア / 【双鐘】フェルネ / 【双鐘】クラリス,ch2_nemesia / ch2_everia / ch2_ferne / ch2_clarisse,5805,100,100,100,1,1,0,0,0.96
chapter:roam3_4_elite393:3,第二章,【霊符】シオン / 【霊符】スイレン / 【日月】ルナリア / 【日月】ソラリア,ch2_shion / ch2_suiren / ch2_lunaria / ch2_solaria,6880,100,100,100,1,1,0,0,1.31
chapter:roam3_4_elite393:3,第二章,【返誓】ロスティア / 【返誓】アルテア / 【星刻】エイレーネ / 【星刻】イリデル,ch2_rostia / ch2_althea / ch2_eirene / ch2_iridelle,6880,100,100,100,1,1,0,0,0.05
chapter:roam3_4_elite393:3,第二章,【剣姫】ネメシア / 【剣姫】エヴェリア / 【双鐘】フェルネ / 【双鐘】クラリス,ch2_nemesia / ch2_everia / ch2_ferne / ch2_clarisse,6880,100,100,100,1,1,0,0,0.96
chapter:roam4_1_elite393:1,第二章,【霊符】シオン / 【霊符】スイレン / 【日月】ルナリア / 【日月】ソラリア,ch2_shion / ch2_suiren / ch2_lunaria / ch2_solaria,6440,100,100,100,2,2,0,0,3.06
chapter:roam4_1_elite393:1,第二章,【剣姫】ネメシア / 【剣姫】エヴェリア / 【双鐘】フェルネ / 【双鐘】クラリス,ch2_nemesia / ch2_everia / ch2_ferne / ch2_clarisse,6440,100,100,100,2,2,0,0,0.81
chapter:roam4_1_elite393:1,第二章,【封鍵】メリオラ / 【封鍵】エリゼル / 【薔薇】ノクテル / 【薔薇】オーリアン,ch2_meliora / ch2_elyselle / ch2_noctelle / ch2_auriane,6440,100,100,100,2.92,3,0,0,1.03
chapter:roam4_1_elite393:2,第二章,【返誓】ロスティア / 【返誓】アルテア / 【星刻】エイレーネ / 【星刻】イリデル,ch2_rostia / ch2_althea / ch2_eirene / ch2_iridelle,7560,100,100,100,1.58,2,0,0,1.04
chapter:roam4_1_elite393:2,第二章,【霊符】シオン / 【霊符】スイレン / 【日月】ルナリア / 【日月】ソラリア,ch2_shion / ch2_suiren / ch2_lunaria / ch2_solaria,7560,100,100,100,2,2,0,0,3
chapter:roam4_1_elite393:2,第二章,【剣姫】ネメシア / 【剣姫】エヴェリア / 【双鐘】フェルネ / 【双鐘】クラリス,ch2_nemesia / ch2_everia / ch2_ferne / ch2_clarisse,7560,100,100,100,2,2,0,0,0.88
chapter:roam4_1_elite393:3,第二章,【返誓】ロスティア / 【返誓】アルテア / 【星刻】エイレーネ / 【星刻】イリデル,ch2_rostia / ch2_althea / ch2_eirene / ch2_iridelle,8960,100,100,100,1.58,2,0,0,1.04
chapter:roam4_1_elite393:3,第二章,【霊符】シオン / 【霊符】スイレン / 【日月】ルナリア / 【日月】ソラリア,ch2_shion / ch2_suiren / ch2_lunaria / ch2_solaria,8960,100,100,100,2,2,0,0,3
chapter:roam4_1_elite393:3,第二章,【剣姫】ネメシア / 【剣姫】エヴェリア / 【双鐘】フェルネ / 【双鐘】クラリス,ch2_nemesia / ch2_everia / ch2_ferne / ch2_clarisse,8960,100,100,100,2,2,0,0,0.87
chapter:roam4_3_elite393:1,第二章,【返誓】ロスティア / 【返誓】アルテア / 【星刻】エイレーネ / 【星刻】イリデル,ch2_rostia / ch2_althea / ch2_eirene / ch2_iridelle,5980,100,100,100,1.7,2,0,0,1.08
chapter:roam4_3_elite393:1,第二章,【霊符】シオン / 【霊符】スイレン / 【日月】ルナリア / 【日月】ソラリア,ch2_shion / ch2_suiren / ch2_lunaria / ch2_solaria,5980,100,100,100,2,2,0,0,3.01
chapter:roam4_3_elite393:1,第二章,【星糸】セレス / 【星糸】ルミナ / 【誓姫】リリエット / 【誓姫】ロゼット,ch2_celes / ch2_lumina / ch2_lyriet / ch2_rosette,5980,100,100,100,2,2,0,0,1.12
chapter:roam4_3_elite393:2,第二章,【返誓】ロスティア / 【返誓】アルテア / 【星刻】エイレーネ / 【星刻】イリデル,ch2_rostia / ch2_althea / ch2_eirene / ch2_iridelle,7020,100,100,100,1.27,2,0,0,1.02
chapter:roam4_3_elite393:2,第二章,【霊符】シオン / 【霊符】スイレン / 【日月】ルナリア / 【日月】ソラリア,ch2_shion / ch2_suiren / ch2_lunaria / ch2_solaria,7020,100,100,100,2,2,0,0,3
chapter:roam4_3_elite393:2,第二章,【双雷】カリスタ / 【双雷】ソレーヌ / 【薬毒】ミレア / 【薬毒】ヴィオラ,ch2_calista / ch2_solenne / ch2_mirea / ch2_viola,7020,100,100,100,2.1,4,0,0,2.85
chapter:roam4_3_elite393:3,第二章,【霊符】シオン / 【霊符】スイレン / 【日月】ルナリア / 【日月】ソラリア,ch2_shion / ch2_suiren / ch2_lunaria / ch2_solaria,8320,100,100,100,2,2,0,0,2.24
chapter:roam4_3_elite393:3,第二章,【竜姫】ドラシア / 【竜姫】リュシエ / 【薬毒】ミレア / 【薬毒】ヴィオラ,ch2_dracia / ch2_rucie / ch2_mirea / ch2_viola,8320,100,100,100,2,2,0,0,0.99
chapter:roam4_3_elite393:3,第二章,【双雷】カリスタ / 【双雷】ソレーヌ / 【薬毒】ミレア / 【薬毒】ヴィオラ,ch2_calista / ch2_solenne / ch2_mirea / ch2_viola,8320,100,100,100,2.08,4,0,0,2.4
chapter:roam4_4_elite393:1,第二章,【霊符】シオン / 【霊符】スイレン / 【日月】ルナリア / 【日月】ソラリア,ch2_shion / ch2_suiren / ch2_lunaria / ch2_solaria,6210,100,100,100,2,2,0,0,3
chapter:roam4_4_elite393:1,第二章,【剣姫】ネメシア / 【剣姫】エヴェリア / 【双鐘】フェルネ / 【双鐘】クラリス,ch2_nemesia / ch2_everia / ch2_ferne / ch2_clarisse,6210,100,100,100,2,2,0,0,0.3
chapter:roam4_4_elite393:1,第二章,【竜姫】ドラシア / 【竜姫】リュシエ / 【薬毒】ミレア / 【薬毒】ヴィオラ,ch2_dracia / ch2_rucie / ch2_mirea / ch2_viola,6210,100,100,100,2.18,3,0,0,1.93
chapter:roam4_4_elite393:2,第二章,【返誓】ロスティア / 【返誓】アルテア / 【星刻】エイレーネ / 【星刻】イリデル,ch2_rostia / ch2_althea / ch2_eirene / ch2_iridelle,7290,100,100,100,1.25,2,0,0,1.16
chapter:roam4_4_elite393:2,第二章,【霊符】シオン / 【霊符】スイレン / 【日月】ルナリア / 【日月】ソラリア,ch2_shion / ch2_suiren / ch2_lunaria / ch2_solaria,7290,100,100,100,2,2,0,0,3.01
chapter:roam4_4_elite393:2,第二章,【竜姫】ドラシア / 【竜姫】リュシエ / 【薬毒】ミレア / 【薬毒】ヴィオラ,ch2_dracia / ch2_rucie / ch2_mirea / ch2_viola,7290,100,100,100,2.06,3,0,0,1.92
chapter:roam4_4_elite393:3,第二章,【剣姫】ネメシア / 【剣姫】エヴェリア / 【双鐘】フェルネ / 【双鐘】クラリス,ch2_nemesia / ch2_everia / ch2_ferne / ch2_clarisse,8640,100,100,100,1.89,2,0,0,0.26
chapter:roam4_4_elite393:3,第二章,【霊符】シオン / 【霊符】スイレン / 【日月】ルナリア / 【日月】ソラリア,ch2_shion / ch2_suiren / ch2_lunaria / ch2_solaria,8640,100,100,100,2,2,0,0,3
chapter:roam4_4_elite393:3,第二章,【双藤】ネヴィア / 【双藤】エルミナ / 【聖翼】アウレ / 【聖翼】ノエル,ch2_nevia / ch2_elmina / ch2_aure / ch2_noelle,8640,100,100,100,2.06,3,0,0,0.73
heroes:0,王室・記憶,森羅王ケルヌンノス / 創世巨神ジェネゴリア / 機神アークノヴァ / 死界覇王モルディウス,forest_cernunnos / genesis_golem / dark_sovereign / death_lord,3000,100,100,100,12.4,37,0,0,0
heroes:0,王室・記憶,月蝕狼ルナファング / 天雷獅子レグルス / 翠嵐グリフォン / 星葬姫ルミナリア,light_sovereign / space_whale / dream_emperor / storm_sovereign,3000,100,98,98,16.11,36,0,0,0
heroes:0,王室・記憶,原初不死鳥フェニクシア / 黒曜竜ヴァルグリム / 深淵海姫セイレーネ / 天帝麒麟セイラン,primordial_phoenix / earth_sovereign / time_dragon / celestial_kirin,3000,100,96,96,17.39,39,0,1,0
heroes:1,王室・記憶,【剣姫】ネメシア / 【剣姫】エヴェリア / 【双鐘】フェルネ / 【双鐘】クラリス,ch2_nemesia / ch2_everia / ch2_ferne / ch2_clarisse,3000,100,100,100,3.12,6,0,0,1.83
heroes:1,王室・記憶,【双藤】ネヴィア / 【双藤】エルミナ / 【聖翼】アウレ / 【聖翼】ノエル,ch2_nevia / ch2_elmina / ch2_aure / ch2_noelle,3000,100,100,100,3.18,7,0,0,0.77
heroes:1,王室・記憶,【霊符】シオン / 【霊符】スイレン / 【日月】ルナリア / 【日月】ソラリア,ch2_shion / ch2_suiren / ch2_lunaria / ch2_solaria,3000,100,100,100,3.33,7,0,0,4.41
heroes:2,王室・記憶,【双藤】ネヴィア / 【双藤】エルミナ / 【聖翼】アウレ / 【聖翼】ノエル,ch2_nevia / ch2_elmina / ch2_aure / ch2_noelle,3000,100,100,100,4.2,7,0,0,0.97
heroes:2,王室・記憶,【霊符】シオン / 【霊符】スイレン / 【日月】ルナリア / 【日月】ソラリア,ch2_shion / ch2_suiren / ch2_lunaria / ch2_solaria,3000,100,100,100,4.36,10,0,0,5.78
heroes:2,王室・記憶,【剣姫】ネメシア / 【剣姫】エヴェリア / 【双鐘】フェルネ / 【双鐘】クラリス,ch2_nemesia / ch2_everia / ch2_ferne / ch2_clarisse,3000,100,100,100,4.4,9,0,0,3.42
heroes:3,王室・記憶,【双藤】ネヴィア / 【双藤】エルミナ / 【聖翼】アウレ / 【聖翼】ノエル,ch2_nevia / ch2_elmina / ch2_aure / ch2_noelle,3000,100,100,100,5.15,11,0,0,1.17
heroes:3,王室・記憶,【剣姫】ネメシア / 【剣姫】エヴェリア / 【双鐘】フェルネ / 【双鐘】クラリス,ch2_nemesia / ch2_everia / ch2_ferne / ch2_clarisse,3000,100,100,100,5.96,11,0,0,5.48
heroes:3,王室・記憶,【霊符】シオン / 【霊符】スイレン / 【日月】ルナリア / 【日月】ソラリア,ch2_shion / ch2_suiren / ch2_lunaria / ch2_solaria,3000,100,100,100,8.46,24,0,0,11.81
heroes:4,王室・記憶,【双藤】ネヴィア / 【双藤】エルミナ / 【聖翼】アウレ / 【聖翼】ノエル,ch2_nevia / ch2_elmina / ch2_aure / ch2_noelle,3000,100,100,100,5.71,20,0,0,1.39
heroes:4,王室・記憶,【剣姫】ネメシア / 【剣姫】エヴェリア / 【双鐘】フェルネ / 【双鐘】クラリス,ch2_nemesia / ch2_everia / ch2_ferne / ch2_clarisse,3000,100,100,100,6.66,16,0,0,5.97
heroes:4,王室・記憶,【霊符】シオン / 【霊符】スイレン / 【日月】ルナリア / 【日月】ソラリア,ch2_shion / ch2_suiren / ch2_lunaria / ch2_solaria,3000,100,100,100,8.45,21,0,0,11.27
heroes:5,王室・記憶,【剣姫】ネメシア / 【剣姫】エヴェリア / 【双鐘】フェルネ / 【双鐘】クラリス,ch2_nemesia / ch2_everia / ch2_ferne / ch2_clarisse,3000,100,100,100,8.15,17,0,0,7.41
heroes:5,王室・記憶,【霊符】シオン / 【霊符】スイレン / 【日月】ルナリア / 【日月】ソラリア,ch2_shion / ch2_suiren / ch2_lunaria / ch2_solaria,3000,100,97,97,11.29,30,0,0,15.63
heroes:5,王室・記憶,【双藤】ネヴィア / 【双藤】エルミナ / 【聖翼】アウレ / 【聖翼】ノエル,ch2_nevia / ch2_elmina / ch2_aure / ch2_noelle,3000,100,83,83,12.11,39,0,0,3.94
heroes:6,王室・記憶,【剣姫】ネメシア / 【剣姫】エヴェリア / 【双鐘】フェルネ / 【双鐘】クラリス,ch2_nemesia / ch2_everia / ch2_ferne / ch2_clarisse,3500,100,100,100,7.43,16,0,0,6.55
heroes:6,王室・記憶,【霊符】シオン / 【霊符】スイレン / 【日月】ルナリア / 【日月】ソラリア,ch2_shion / ch2_suiren / ch2_lunaria / ch2_solaria,3500,100,96,96,11.3,38,0,0,15.69
heroes:6,王室・記憶,【双藤】ネヴィア / 【双藤】エルミナ / 【聖翼】アウレ / 【聖翼】ノエル,ch2_nevia / ch2_elmina / ch2_aure / ch2_noelle,3500,100,96,96,11.04,37,0,0,2.86
heroes:7,王室・記憶,【剣姫】ネメシア / 【剣姫】エヴェリア / 【双鐘】フェルネ / 【双鐘】クラリス,ch2_nemesia / ch2_everia / ch2_ferne / ch2_clarisse,4000,100,100,100,7.42,16,0,0,6.68
heroes:7,王室・記憶,【霊符】シオン / 【霊符】スイレン / 【日月】ルナリア / 【日月】ソラリア,ch2_shion / ch2_suiren / ch2_lunaria / ch2_solaria,4000,100,97,97,8.79,28,0,0,11.65
heroes:7,王室・記憶,【双藤】ネヴィア / 【双藤】エルミナ / 【聖翼】アウレ / 【聖翼】ノエル,ch2_nevia / ch2_elmina / ch2_aure / ch2_noelle,4000,100,95,95,9.86,39,0,0,2.56
heroes:8,王室・記憶,【剣姫】ネメシア / 【剣姫】エヴェリア / 【双鐘】フェルネ / 【双鐘】クラリス,ch2_nemesia / ch2_everia / ch2_ferne / ch2_clarisse,4500,100,100,100,7.44,14,0,0,6.74
heroes:8,王室・記憶,【霊符】シオン / 【霊符】スイレン / 【日月】ルナリア / 【日月】ソラリア,ch2_shion / ch2_suiren / ch2_lunaria / ch2_solaria,4500,100,98,98,8.82,23,0,0,11.74
heroes:8,王室・記憶,【双藤】ネヴィア / 【双藤】エルミナ / 【聖翼】アウレ / 【聖翼】ノエル,ch2_nevia / ch2_elmina / ch2_aure / ch2_noelle,4500,100,97,97,9.76,40,0,0,2.57
heroes:9,王室・記憶,【剣姫】ネメシア / 【剣姫】エヴェリア / 【双鐘】フェルネ / 【双鐘】クラリス,ch2_nemesia / ch2_everia / ch2_ferne / ch2_clarisse,5000,100,100,100,7.07,13,0,0,6.51
heroes:9,王室・記憶,【霊符】シオン / 【霊符】スイレン / 【日月】ルナリア / 【日月】ソラリア,ch2_shion / ch2_suiren / ch2_lunaria / ch2_solaria,5000,100,99,99,8.33,19,0,0,11.18
heroes:9,王室・記憶,【双藤】ネヴィア / 【双藤】エルミナ / 【聖翼】アウレ / 【聖翼】ノエル,ch2_nevia / ch2_elmina / ch2_aure / ch2_noelle,5000,100,97,97,9,32,0,0,2.3
heroes:10,王室・記憶,【剣姫】ネメシア / 【剣姫】エヴェリア / 【双鐘】フェルネ / 【双鐘】クラリス,ch2_nemesia / ch2_everia / ch2_ferne / ch2_clarisse,5500,100,100,100,6.88,15,0,0,6.25
heroes:10,王室・記憶,【双藤】ネヴィア / 【双藤】エルミナ / 【聖翼】アウレ / 【聖翼】ノエル,ch2_nevia / ch2_elmina / ch2_aure / ch2_noelle,5500,100,99,99,7.24,34,0,0,1.66
heroes:10,王室・記憶,【霊符】シオン / 【霊符】スイレン / 【日月】ルナリア / 【日月】ソラリア,ch2_shion / ch2_suiren / ch2_lunaria / ch2_solaria,5500,100,99,99,8.22,25,0,0,10.95
heroes:11,王室・記憶,【剣姫】ネメシア / 【剣姫】エヴェリア / 【双鐘】フェルネ / 【双鐘】クラリス,ch2_nemesia / ch2_everia / ch2_ferne / ch2_clarisse,6000,100,100,100,6.74,12,0,0,6.07
heroes:11,王室・記憶,【双藤】ネヴィア / 【双藤】エルミナ / 【聖翼】アウレ / 【聖翼】ノエル,ch2_nevia / ch2_elmina / ch2_aure / ch2_noelle,6000,100,100,100,6.97,26,0,0,1.44
heroes:11,王室・記憶,【霊符】シオン / 【霊符】スイレン / 【日月】ルナリア / 【日月】ソラリア,ch2_shion / ch2_suiren / ch2_lunaria / ch2_solaria,6000,100,98,98,7.99,19,0,0,10.75
heroes:12,王室・記憶,【双藤】ネヴィア / 【双藤】エルミナ / 【聖翼】アウレ / 【聖翼】ノエル,ch2_nevia / ch2_elmina / ch2_aure / ch2_noelle,6500,100,100,100,6.4,21,0,0,1.31
heroes:12,王室・記憶,【剣姫】ネメシア / 【剣姫】エヴェリア / 【双鐘】フェルネ / 【双鐘】クラリス,ch2_nemesia / ch2_everia / ch2_ferne / ch2_clarisse,6500,100,100,100,6.41,12,0,0,5.66
heroes:12,王室・記憶,【霊符】シオン / 【霊符】スイレン / 【日月】ルナリア / 【日月】ソラリア,ch2_shion / ch2_suiren / ch2_lunaria / ch2_solaria,6500,100,99,99,7.6,19,0,0,10.24
heroes:13,王室・記憶,【剣姫】ネメシア / 【剣姫】エヴェリア / 【双鐘】フェルネ / 【双鐘】クラリス,ch2_nemesia / ch2_everia / ch2_ferne / ch2_clarisse,7000,100,100,100,6.31,11,0,0,5.53
heroes:13,王室・記憶,【双藤】ネヴィア / 【双藤】エルミナ / 【聖翼】アウレ / 【聖翼】ノエル,ch2_nevia / ch2_elmina / ch2_aure / ch2_noelle,7000,100,100,100,6.5,34,0,0,1.42
heroes:13,王室・記憶,【霊符】シオン / 【霊符】スイレン / 【日月】ルナリア / 【日月】ソラリア,ch2_shion / ch2_suiren / ch2_lunaria / ch2_solaria,7000,100,100,100,7.49,21,0,0,9.93
heroes:14,王室・記憶,【剣姫】ネメシア / 【剣姫】エヴェリア / 【双鐘】フェルネ / 【双鐘】クラリス,ch2_nemesia / ch2_everia / ch2_ferne / ch2_clarisse,7500,100,100,100,6.13,15,0,0,5.35
heroes:14,王室・記憶,【双藤】ネヴィア / 【双藤】エルミナ / 【聖翼】アウレ / 【聖翼】ノエル,ch2_nevia / ch2_elmina / ch2_aure / ch2_noelle,7500,100,100,100,6.45,34,0,0,1.5
heroes:14,王室・記憶,【霊符】シオン / 【霊符】スイレン / 【日月】ルナリア / 【日月】ソラリア,ch2_shion / ch2_suiren / ch2_lunaria / ch2_solaria,7500,100,100,100,7.26,18,0,0,9.68
heroes:15,王室・記憶,【剣姫】ネメシア / 【剣姫】エヴェリア / 【双鐘】フェルネ / 【双鐘】クラリス,ch2_nemesia / ch2_everia / ch2_ferne / ch2_clarisse,8000,100,100,100,6.04,14,0,0,5.22
heroes:15,王室・記憶,【双藤】ネヴィア / 【双藤】エルミナ / 【聖翼】アウレ / 【聖翼】ノエル,ch2_nevia / ch2_elmina / ch2_aure / ch2_noelle,8000,100,100,100,6.22,18,0,0,1.31
heroes:15,王室・記憶,【霊符】シオン / 【霊符】スイレン / 【日月】ルナリア / 【日月】ソラリア,ch2_shion / ch2_suiren / ch2_lunaria / ch2_solaria,8000,100,100,100,7.24,18,0,0,9.65
heroes:16,王室・記憶,【双藤】ネヴィア / 【双藤】エルミナ / 【聖翼】アウレ / 【聖翼】ノエル,ch2_nevia / ch2_elmina / ch2_aure / ch2_noelle,8500,100,100,100,5.66,22,0,0,1.27
heroes:16,王室・記憶,【剣姫】ネメシア / 【剣姫】エヴェリア / 【双鐘】フェルネ / 【双鐘】クラリス,ch2_nemesia / ch2_everia / ch2_ferne / ch2_clarisse,8500,100,100,100,5.91,12,0,0,5.23
heroes:16,王室・記憶,【霊符】シオン / 【霊符】スイレン / 【日月】ルナリア / 【日月】ソラリア,ch2_shion / ch2_suiren / ch2_lunaria / ch2_solaria,8500,100,100,100,7.49,28,0,0,10.04
heroes:17,王室・記憶,【双藤】ネヴィア / 【双藤】エルミナ / 【聖翼】アウレ / 【聖翼】ノエル,ch2_nevia / ch2_elmina / ch2_aure / ch2_noelle,9000,100,100,100,5.5,18,0,0,1.28
heroes:17,王室・記憶,【剣姫】ネメシア / 【剣姫】エヴェリア / 【双鐘】フェルネ / 【双鐘】クラリス,ch2_nemesia / ch2_everia / ch2_ferne / ch2_clarisse,9000,100,100,100,5.95,12,0,0,5.3
heroes:17,王室・記憶,【霊符】シオン / 【霊符】スイレン / 【日月】ルナリア / 【日月】ソラリア,ch2_shion / ch2_suiren / ch2_lunaria / ch2_solaria,9000,100,100,100,7.41,21,0,0,9.86
heroes:18,王室・記憶,【双藤】ネヴィア / 【双藤】エルミナ / 【聖翼】アウレ / 【聖翼】ノエル,ch2_nevia / ch2_elmina / ch2_aure / ch2_noelle,9500,100,100,100,5.44,18,0,0,1.21
heroes:18,王室・記憶,【剣姫】ネメシア / 【剣姫】エヴェリア / 【双鐘】フェルネ / 【双鐘】クラリス,ch2_nemesia / ch2_everia / ch2_ferne / ch2_clarisse,9500,100,100,100,5.92,13,0,0,5.23
heroes:18,王室・記憶,【霊符】シオン / 【霊符】スイレン / 【日月】ルナリア / 【日月】ソラリア,ch2_shion / ch2_suiren / ch2_lunaria / ch2_solaria,9500,100,100,100,6.89,21,0,0,9.23
heroes:19,王室・記憶,【双藤】ネヴィア / 【双藤】エルミナ / 【聖翼】アウレ / 【聖翼】ノエル,ch2_nevia / ch2_elmina / ch2_aure / ch2_noelle,10000,100,100,100,5.34,18,0,0,1.16
heroes:19,王室・記憶,【剣姫】ネメシア / 【剣姫】エヴェリア / 【双鐘】フェルネ / 【双鐘】クラリス,ch2_nemesia / ch2_everia / ch2_ferne / ch2_clarisse,10000,100,100,100,5.78,11,0,0,5.13
heroes:19,王室・記憶,【霊符】シオン / 【霊符】スイレン / 【日月】ルナリア / 【日月】ソラリア,ch2_shion / ch2_suiren / ch2_lunaria / ch2_solaria,10000,100,100,100,7.12,21,0,0,9.58
