対象ID,編成,種族ID,Lv,記録済試行数,勝利数,勝率%,平均R,例外
campaign:1:boss,癒しキノコ / 古殻要塞ガニ / 珊瑚蛇コラルナーガ / 星盤オオグソク,healing_mushroom / stapler_crab / reef_serpent / compass_beetle,30,100,100,100,3.33,
campaign:1:boss,妖精 / 石翼魔ガルゴディア / ゴブリン呪術師 / 灰燼牙アッシュガルム,fairy / gargoyle / goblin_shaman / ash_hound,30,100,100,100,3.11,
campaign:1:boss,水精 / ゴブリン兵 / 鬼火 / 刃カマキリ,water_spirit / goblin_guard / willowisp / mantis,30,100,100,100,3.31,
campaign:9:boss,蒼歌姫セイレーネ / 蒼冠王アズルメルム / 冥哭霊ネクロシア / 雷迅鳥ヴォルトラプター,tide_siren / king_slime / wraith / thunder_raptor,270,100,73,73.0,13.64,
campaign:9:boss,天角聖鹿セレススタッグ / 溶界亀マグナトルタ / 夢蝕獣モルフェイーター / 雪影豹ニヴァルパルド,sky_stag / lava_tortoise / dream_eater / snow_leopard,270,100,97,97.0,6.57,
campaign:9:boss,葬列司祭ネクロビショップ / 鉄角王ミノスフェルム / 深淵魔導イカ / 翡翠刃ジェイドリーパー,grave_bishop / iron_minotaur / fountain_pen_mage / jade_mantis,270,100,99,99.0,9.77,
campaign:17:boss,氷樹姫ニヴルドリアード / 黒葬騎ディアブロス / 雷衣術師エレノア / 雷鳴不死鳥フェニクスヴォルト,frost_dryad / dark_knight / volt_veil_arcanist / storm_phoenix,510,100,100,100,2.01,
campaign:17:boss,幽光オバケクラゲ / 溶界亀マグナトルタ / 嵐魔公ジンテンペスタ / 紅蓮竜ドラグニール,correction_ghost / lava_tortoise / storm_djinn / dragon,510,100,100,100,2.07,
campaign:17:boss,蒼歌姫セイレーネ / 魔紋巨兵ルーンゴリアス / 機巧賢者クロノマギア / 深海龍ネレイド,tide_siren / rune_golem / clockwork_mage / chalkboard_dragon,510,100,100,100,2.02,
campaign:25:boss,氷樹姫ニヴルドリアード / 世界樹護王ユグドガルド / 深海サルパ百鬼夜行 / 雷帝獣ヴァジュラ,frost_dryad / world_tree_guardian / pencilcase_parade / thunder_emperor,750,100,100,100,1.04,
campaign:25:boss,天角聖鹿セレススタッグ / 海嘯幼竜リヴァイアス / 雷衣術師エレノア / 海魔騎クラーケンロード,sky_stag / leviathan_spawn / volt_veil_arcanist / kraken_knight,750,100,100,100,1.01,
campaign:25:boss,極光聖獣アウロラ / 地殻巨神テラコロッサス / 疫界竜ペスティドラ / 天颶鳥ガルーダテンペスト,aurora_unicorn / earth_colossus / plague_dragon / cyclone_garuda,750,100,100,100,2.1,
campaign:33:boss,神託梟オラクルノクス / 凍鏡騎士グラシエル / 天嵐蛇王テンペストナーガ / 天雷牙獣ライガルム,oracle_owl / frozen_mirror_knight / tempest_serpent / stormfang_behemoth,990,100,100,100,1.08,
campaign:33:boss,極光聖獣アウロラ / 天穹鯨セレスティア / 冥炎蝶ヘルモルフォ / 星辰機神アステリオン,aurora_unicorn / celestial_whale / hell_butterfly / star_automaton,990,100,100,100,1.01,
campaign:33:boss,日輪聖女ソラリア / 地殻巨神テラコロッサス / 氷界女帝グラシエラ / 戦慄騎ケンタウロス,sun_priestess / earth_colossus / glacier_queen / dread_centaur,990,100,100,100,1.01,
campaign:41:boss,刻律機クロノギア / 凍鏡騎士グラシエル / 海皇姫ネレイディア / 雷霆麒麟ヴァジュラン,time_keeper / frozen_mirror_knight / sea_empress / thunder_kirin,1230,100,100,100,1,
campaign:41:boss,熾天聖セラフィエル / 天穹鯨セレスティア / 冥毒九頭竜ヒュドラ / 魔皇ディアボロス,seraphim / celestial_whale / abyssal_hydra / demon_lord,1230,100,100,100,1,
campaign:41:boss,神託梟オラクルノクス / 地殻巨神テラコロッサス / 天嵐蛇王テンペストナーガ / 創界粘神ジェネシス,oracle_owl / earth_colossus / tempest_serpent / genesis_slime,1230,100,100,100,1,
campaign:49:boss,天翔聖馬ペガシエル / 雷装機神デウスマキナ / 蠱毒女帝ヴェネフィカ / 冥府皇ハデスノクス,celestial_pegasus / mechanical_deity / poison_queen / underworld_king,1470,100,100,100,1.25,
campaign:49:boss,神託梟オラクルノクス / 天穹鯨セレスティア / 天嵐蛇王テンペストナーガ / 雷霆麒麟ヴァジュラン,oracle_owl / celestial_whale / tempest_serpent / thunder_kirin,1470,100,100,100,1.78,
campaign:49:boss,刻律機クロノギア / 翠嶺巨獣ベヒモルド / 海皇姫ネレイディア / 氷獄狼フェンリシア,time_keeper / emerald_behemoth / sea_empress / frost_fenrir,1470,100,100,100,2.04,
campaign:57:boss,天翔聖馬ペガシエル / 玄天聖亀ゲンブロス / 晶界女帝クリスタリア / 混沌獣キメラカオス,celestial_pegasus / sacred_turtle / crystal_empress / chaos_chimera,1710,100,100,100,1,
campaign:57:boss,刻律機クロノギア / 黒曜巨神オブシディア / 夢幻竜モルフェドラ / 日輪神鳥ソルガルーダ,time_keeper / obsidian_titan / dream_dragon / sun_garuda,1710,100,100,100,1,
campaign:57:boss,熾天聖セラフィエル / 雷装機神デウスマキナ / 月仙兎アルミラージュ / 冥府皇ハデスノクス,seraphim / mechanical_deity / moon_rabbit_sage / underworld_king,1710,100,100,100,1,
campaign:65:boss,森羅王ケルヌンノス / 玄天聖亀ゲンブロス / ベチー / 極粘神オメガメルム,forest_cernunnos / sacred_turtle / bechi / omega_slime,1950,100,100,100,1,
campaign:65:boss,天翔聖馬ペガシエル / 黒曜巨神オブシディア / 星界賢王アストラスフィンクス / 雷冠竜ヴォルトレクス,celestial_pegasus / obsidian_titan / astral_sphinx / thunder_crown_dragon,1950,100,100,100,1,
campaign:65:boss,刻律機クロノギア / 雷装機神デウスマキナ / 晶界女帝クリスタリア / 太古竜エルドラグーン,time_keeper / mechanical_deity / crystal_empress / ancient_dragon,1950,100,100,100,1,
campaign:73:boss,原初不死鳥フェニクシア / 獣界覇王ベヒモルク / 冥海竜皇リヴァイアサン / 神滅機アーク・ノア,primordial_phoenix / king_behemoth / abyssal_leviathan / god_machine_ark,2190,100,100,100,1,
campaign:73:boss,森羅王ケルヌンノス / 玄天聖亀ゲンブロス / ベチー / 黙示滅竜アポカリオン,forest_cernunnos / sacred_turtle / bechi / apocalypse_dragon,2190,100,100,100,1,
campaign:73:boss,天翔聖馬ペガシエル / 黒曜巨神オブシディア / 星界賢王アストラスフィンクス / 天壊竜帝バハムート,celestial_pegasus / obsidian_titan / astral_sphinx / bahamut,2190,100,100,100,1,
campaign:80:ten_space,原初不死鳥フェニクシア / 創世巨神ジェネゴリア / 堕天熾使アザリエル / 混沌魔皇カオスディア,primordial_phoenix / genesis_golem / fallen_seraph / chaos_king,2400,100,100,100,1.11,
campaign:80:ten_space,刻律機クロノギア / 玄天聖亀ゲンブロス / ベチー / 黙示滅竜アポカリオン,time_keeper / sacred_turtle / bechi / apocalypse_dragon,2400,100,100,100,1.07,
campaign:80:ten_space,熾天聖セラフィエル / 黒曜巨神オブシディア / 星界賢王アストラスフィンクス / 天壊竜帝バハムート,seraphim / obsidian_titan / astral_sphinx / bahamut,2400,100,100,100,1.14,
campaign:87:boss,原初不死鳥フェニクシア / 創世巨神ジェネゴリア / 氷界皇ニヴルシア / 星葬姫ルミナリア,primordial_phoenix / genesis_golem / frost_sovereign / storm_sovereign,2610,100,100,100,1,
campaign:87:boss,森羅王ケルヌンノス / 終環蛇ヨルムンガルド / 無窮九頭竜インフィニドラ / 天帝麒麟セイラン,forest_cernunnos / world_serpent / infinite_hydra / celestial_kirin,2610,100,100,100,1,
campaign:87:boss,天翔聖馬ペガシエル / 獣界覇王ベヒモルク / 堕天熾使アザリエル / 死界覇王モルディウス,celestial_pegasus / king_behemoth / fallen_seraph / death_lord,2610,100,100,100,1.03,
campaign:93:boss,月蝕狼ルナファング / 天雷獅子レグルス / 深淵海姫セイレーネ / 星葬姫ルミナリア,light_sovereign / space_whale / time_dragon / storm_sovereign,2790,100,100,100,1.13,
campaign:93:boss,原初不死鳥フェニクシア / 黒曜竜ヴァルグリム / 機神アークノヴァ / 天帝麒麟セイラン,primordial_phoenix / earth_sovereign / dark_sovereign / celestial_kirin,2790,100,100,100,1.15,
campaign:93:boss,森羅王ケルヌンノス / 創世巨神ジェネゴリア / 氷界皇ニヴルシア / 死界覇王モルディウス,forest_cernunnos / genesis_golem / frost_sovereign / death_lord,2790,100,100,100,1.42,
campaign:100:ten_creation,夢妖精ルミエラ / 暁剣姫アウレリア / 灰燼鬼カグラ / 虚無鯨アビサリス,fate_weaver / abyss_gatekeeper / nightmare_empress / crownless_hero,3000,100,100,100,1.76,
campaign:100:ten_creation,天翔聖馬ペガシエル / 終環蛇ヨルムンガルド / 氷界皇ニヴルシア / 混沌魔皇カオスディア,celestial_pegasus / world_serpent / frost_sovereign / chaos_king,3000,100,100,100,1.66,
campaign:100:ten_creation,森羅王ケルヌンノス / 創世巨神ジェネゴリア / 機神アークノヴァ / 死界覇王モルディウス,forest_cernunnos / genesis_golem / dark_sovereign / death_lord,3000,100,100,100,1.73,
rematch:floor-boss-60,【鏡侍女】リュネ / 【鏡侍女】ロゼ / 【聖翼】アウレ / 【聖翼】ノエル,ch2_ryune / ch2_rose / ch2_aure / ch2_noelle,60,100,100,100,1.23,
rematch:floor-boss-60,【双雷】カリスタ / 【双雷】ソレーヌ / 【薬毒】ミレア / 【薬毒】ヴィオラ,ch2_calista / ch2_solenne / ch2_mirea / ch2_viola,60,100,100,100,1.68,
rematch:floor-boss-60,【霊符】シオン / 【霊符】スイレン / 【日月】ルナリア / 【日月】ソラリア,ch2_shion / ch2_suiren / ch2_lunaria / ch2_solaria,60,100,100,100,1.22,
rematch:floor-boss-150,【鏡侍女】リュネ / 【鏡侍女】ロゼ / 【聖翼】アウレ / 【聖翼】ノエル,ch2_ryune / ch2_rose / ch2_aure / ch2_noelle,150,100,100,100,2.07,
rematch:floor-boss-150,【封鍵】メリオラ / 【封鍵】エリゼル / 【薔薇】ノクテル / 【薔薇】オーリアン,ch2_meliora / ch2_elyselle / ch2_noctelle / ch2_auriane,150,100,100,100,2,
rematch:floor-boss-150,【双藤】ネヴィア / 【双藤】エルミナ / 【聖翼】アウレ / 【聖翼】ノエル,ch2_nevia / ch2_elmina / ch2_aure / ch2_noelle,150,100,100,100,2.01,
rematch:floor-boss-240,【双雷】カリスタ / 【双雷】ソレーヌ / 【薬毒】ミレア / 【薬毒】ヴィオラ,ch2_calista / ch2_solenne / ch2_mirea / ch2_viola,240,100,100,100,1.28,
rematch:floor-boss-240,【霊符】シオン / 【霊符】スイレン / 【日月】ルナリア / 【日月】ソラリア,ch2_shion / ch2_suiren / ch2_lunaria / ch2_solaria,240,100,100,100,1.13,
rematch:floor-boss-240,【封鍵】メリオラ / 【封鍵】エリゼル / 【薔薇】ノクテル / 【薔薇】オーリアン,ch2_meliora / ch2_elyselle / ch2_noctelle / ch2_auriane,240,100,100,100,1.26,
rematch:floor-boss-330,【霊符】シオン / 【霊符】スイレン / 【日月】ルナリア / 【日月】ソラリア,ch2_shion / ch2_suiren / ch2_lunaria / ch2_solaria,330,100,100,100,1.47,
rematch:floor-boss-330,【封鍵】メリオラ / 【封鍵】エリゼル / 【薔薇】ノクテル / 【薔薇】オーリアン,ch2_meliora / ch2_elyselle / ch2_noctelle / ch2_auriane,330,100,100,100,1.7,
rematch:floor-boss-330,【竜姫】ドラシア / 【竜姫】リュシエ / 【薬毒】ミレア / 【薬毒】ヴィオラ,ch2_dracia / ch2_rucie / ch2_mirea / ch2_viola,330,100,100,100,1.47,
rematch:floor-boss-420,【鏡侍女】リュネ / 【鏡侍女】ロゼ / 【聖翼】アウレ / 【聖翼】ノエル,ch2_ryune / ch2_rose / ch2_aure / ch2_noelle,420,100,100,100,1.39,
rematch:floor-boss-420,【霊符】シオン / 【霊符】スイレン / 【日月】ルナリア / 【日月】ソラリア,ch2_shion / ch2_suiren / ch2_lunaria / ch2_solaria,420,100,100,100,1.08,
rematch:floor-boss-420,【封鍵】メリオラ / 【封鍵】エリゼル / 【薔薇】ノクテル / 【薔薇】オーリアン,ch2_meliora / ch2_elyselle / ch2_noctelle / ch2_auriane,420,100,100,100,1,
rematch:floor-boss-510,【鏡侍女】リュネ / 【鏡侍女】ロゼ / 【聖翼】アウレ / 【聖翼】ノエル,ch2_ryune / ch2_rose / ch2_aure / ch2_noelle,510,100,100,100,2,
rematch:floor-boss-510,【双雷】カリスタ / 【双雷】ソレーヌ / 【薬毒】ミレア / 【薬毒】ヴィオラ,ch2_calista / ch2_solenne / ch2_mirea / ch2_viola,510,100,100,100,1.85,
rematch:floor-boss-510,【霊符】シオン / 【霊符】スイレン / 【日月】ルナリア / 【日月】ソラリア,ch2_shion / ch2_suiren / ch2_lunaria / ch2_solaria,510,100,100,100,1.85,
rematch:floor-boss-590,【霊符】シオン / 【霊符】スイレン / 【日月】ルナリア / 【日月】ソラリア,ch2_shion / ch2_suiren / ch2_lunaria / ch2_solaria,590,100,100,100,4.11,
rematch:floor-boss-590,【剣姫】ネメシア / 【剣姫】エヴェリア / 【双鐘】フェルネ / 【双鐘】クラリス,ch2_nemesia / ch2_everia / ch2_ferne / ch2_clarisse,590,100,100,100,2.48,
rematch:floor-boss-590,【返誓】ロスティア / 【返誓】アルテア / 【星刻】エイレーネ / 【星刻】イリデル,ch2_rostia / ch2_althea / ch2_eirene / ch2_iridelle,590,100,100,100,3.14,
rematch:floor-boss-680,【剣姫】ネメシア / 【剣姫】エヴェリア / 【双鐘】フェルネ / 【双鐘】クラリス,ch2_nemesia / ch2_everia / ch2_ferne / ch2_clarisse,680,100,100,100,2,
rematch:floor-boss-680,【鏡侍女】リュネ / 【鏡侍女】ロゼ / 【聖翼】アウレ / 【聖翼】ノエル,ch2_ryune / ch2_rose / ch2_aure / ch2_noelle,680,100,100,100,2.25,
rematch:floor-boss-680,【霊符】シオン / 【霊符】スイレン / 【日月】ルナリア / 【日月】ソラリア,ch2_shion / ch2_suiren / ch2_lunaria / ch2_solaria,680,100,100,100,2.22,
rematch:floor-boss-770,【鏡侍女】リュネ / 【鏡侍女】ロゼ / 【聖翼】アウレ / 【聖翼】ノエル,ch2_ryune / ch2_rose / ch2_aure / ch2_noelle,770,100,100,100,2.42,
rematch:floor-boss-770,【双雷】カリスタ / 【双雷】ソレーヌ / 【薬毒】ミレア / 【薬毒】ヴィオラ,ch2_calista / ch2_solenne / ch2_mirea / ch2_viola,770,100,100,100,2.44,
rematch:floor-boss-770,【竜姫】ドラシア / 【竜姫】リュシエ / 【薬毒】ミレア / 【薬毒】ヴィオラ,ch2_dracia / ch2_rucie / ch2_mirea / ch2_viola,770,100,100,100,2.16,
rematch:floor-boss-860,【双雷】カリスタ / 【双雷】ソレーヌ / 【薬毒】ミレア / 【薬毒】ヴィオラ,ch2_calista / ch2_solenne / ch2_mirea / ch2_viola,860,100,100,100,1.97,
rematch:floor-boss-860,【霊符】シオン / 【霊符】スイレン / 【日月】ルナリア / 【日月】ソラリア,ch2_shion / ch2_suiren / ch2_lunaria / ch2_solaria,860,100,100,100,1.27,
rematch:floor-boss-860,【竜姫】ドラシア / 【竜姫】リュシエ / 【薬毒】ミレア / 【薬毒】ヴィオラ,ch2_dracia / ch2_rucie / ch2_mirea / ch2_viola,860,100,100,100,1.4,
rematch:floor-boss-950,【封鍵】メリオラ / 【封鍵】エリゼル / 【薔薇】ノクテル / 【薔薇】オーリアン,ch2_meliora / ch2_elyselle / ch2_noctelle / ch2_auriane,950,100,100,100,4.35,
rematch:floor-boss-950,【剣姫】ネメシア / 【剣姫】エヴェリア / 【双鐘】フェルネ / 【双鐘】クラリス,ch2_nemesia / ch2_everia / ch2_ferne / ch2_clarisse,950,100,100,100,4.06,
rematch:floor-boss-950,【鏡侍女】リュネ / 【鏡侍女】ロゼ / 【聖翼】アウレ / 【聖翼】ノエル,ch2_ryune / ch2_rose / ch2_aure / ch2_noelle,950,100,100,100,6.74,
corridor:4,【霊符】シオン / 【霊符】スイレン / 【日月】ルナリア / 【日月】ソラリア,ch2_shion / ch2_suiren / ch2_lunaria / ch2_solaria,40,100,100,100,1.08,
corridor:4,【封鍵】メリオラ / 【封鍵】エリゼル / 【薔薇】ノクテル / 【薔薇】オーリアン,ch2_meliora / ch2_elyselle / ch2_noctelle / ch2_auriane,40,100,100,100,1,
corridor:4,【月狐】カグラ / 【月狐】サヨ / 【双鐘】フェルネ / 【双鐘】クラリス,ch2_kagura / ch2_sayo / ch2_ferne / ch2_clarisse,40,100,100,100,1.06,
corridor:12,【双藤】ネヴィア / 【双藤】エルミナ / 【聖翼】アウレ / 【聖翼】ノエル,ch2_nevia / ch2_elmina / ch2_aure / ch2_noelle,130,100,100,100,1.58,
corridor:12,【剣姫】ネメシア / 【剣姫】エヴェリア / 【双鐘】フェルネ / 【双鐘】クラリス,ch2_nemesia / ch2_everia / ch2_ferne / ch2_clarisse,130,100,100,100,1.69,
corridor:12,【双雷】カリスタ / 【双雷】ソレーヌ / 【薬毒】ミレア / 【薬毒】ヴィオラ,ch2_calista / ch2_solenne / ch2_mirea / ch2_viola,130,100,100,100,2.11,
corridor:20,【剣姫】ネメシア / 【剣姫】エヴェリア / 【双鐘】フェルネ / 【双鐘】クラリス,ch2_nemesia / ch2_everia / ch2_ferne / ch2_clarisse,220,100,100,100,1.9,
corridor:20,【鏡侍女】リュネ / 【鏡侍女】ロゼ / 【聖翼】アウレ / 【聖翼】ノエル,ch2_ryune / ch2_rose / ch2_aure / ch2_noelle,220,100,100,100,2.22,
corridor:20,【双雷】カリスタ / 【双雷】ソレーヌ / 【薬毒】ミレア / 【薬毒】ヴィオラ,ch2_calista / ch2_solenne / ch2_mirea / ch2_viola,220,100,100,100,2.18,
corridor:28,【霊符】シオン / 【霊符】スイレン / 【日月】ルナリア / 【日月】ソラリア,ch2_shion / ch2_suiren / ch2_lunaria / ch2_solaria,310,100,100,100,1.3,
corridor:28,【封鍵】メリオラ / 【封鍵】エリゼル / 【薔薇】ノクテル / 【薔薇】オーリアン,ch2_meliora / ch2_elyselle / ch2_noctelle / ch2_auriane,310,100,100,100,1.6,
corridor:28,【返誓】ロスティア / 【返誓】アルテア / 【星刻】エイレーネ / 【星刻】イリデル,ch2_rostia / ch2_althea / ch2_eirene / ch2_iridelle,310,100,100,100,1.2,
corridor:36,【月狐】カグラ / 【月狐】サヨ / 【双鐘】フェルネ / 【双鐘】クラリス,ch2_kagura / ch2_sayo / ch2_ferne / ch2_clarisse,390,100,96,96.0,10.02,
corridor:36,【剣姫】ネメシア / 【剣姫】エヴェリア / 【双鐘】フェルネ / 【双鐘】クラリス,ch2_nemesia / ch2_everia / ch2_ferne / ch2_clarisse,390,100,100,100,8.54,
corridor:36,【封鍵】メリオラ / 【封鍵】エリゼル / 【薔薇】ノクテル / 【薔薇】オーリアン,ch2_meliora / ch2_elyselle / ch2_noctelle / ch2_auriane,390,100,99,99.0,12.66,
corridor:44,【剣姫】ネメシア / 【剣姫】エヴェリア / 【双鐘】フェルネ / 【双鐘】クラリス,ch2_nemesia / ch2_everia / ch2_ferne / ch2_clarisse,480,100,100,100,2.65,
corridor:44,【鏡侍女】リュネ / 【鏡侍女】ロゼ / 【聖翼】アウレ / 【聖翼】ノエル,ch2_ryune / ch2_rose / ch2_aure / ch2_noelle,480,100,100,100,3.66,
corridor:44,【霊符】シオン / 【霊符】スイレン / 【日月】ルナリア / 【日月】ソラリア,ch2_shion / ch2_suiren / ch2_lunaria / ch2_solaria,480,100,100,100,3.43,
corridor:52,【封鍵】メリオラ / 【封鍵】エリゼル / 【薔薇】ノクテル / 【薔薇】オーリアン,ch2_meliora / ch2_elyselle / ch2_noctelle / ch2_auriane,570,100,100,100,2.08,
corridor:52,【双藤】ネヴィア / 【双藤】エルミナ / 【聖翼】アウレ / 【聖翼】ノエル,ch2_nevia / ch2_elmina / ch2_aure / ch2_noelle,570,100,100,100,2.42,
corridor:52,【返誓】ロスティア / 【返誓】アルテア / 【星刻】エイレーネ / 【星刻】イリデル,ch2_rostia / ch2_althea / ch2_eirene / ch2_iridelle,570,100,100,100,2.22,
corridor:60,【封鍵】メリオラ / 【封鍵】エリゼル / 【薔薇】ノクテル / 【薔薇】オーリアン,ch2_meliora / ch2_elyselle / ch2_noctelle / ch2_auriane,660,100,100,100,3.15,
corridor:60,【返誓】ロスティア / 【返誓】アルテア / 【星刻】エイレーネ / 【星刻】イリデル,ch2_rostia / ch2_althea / ch2_eirene / ch2_iridelle,660,100,100,100,2.99,
corridor:60,【星糸】セレス / 【星糸】ルミナ / 【誓姫】リリエット / 【誓姫】ロゼット,ch2_celes / ch2_lumina / ch2_lyriet / ch2_rosette,660,100,100,100,3.33,
corridor:68,【封鍵】メリオラ / 【封鍵】エリゼル / 【薔薇】ノクテル / 【薔薇】オーリアン,ch2_meliora / ch2_elyselle / ch2_noctelle / ch2_auriane,750,100,100,100,6.16,
corridor:68,【剣姫】ネメシア / 【剣姫】エヴェリア / 【双鐘】フェルネ / 【双鐘】クラリス,ch2_nemesia / ch2_everia / ch2_ferne / ch2_clarisse,750,100,100,100,5.85,
corridor:68,【霊符】シオン / 【霊符】スイレン / 【日月】ルナリア / 【日月】ソラリア,ch2_shion / ch2_suiren / ch2_lunaria / ch2_solaria,750,100,100,100,8.04,
corridor:76,【封鍵】メリオラ / 【封鍵】エリゼル / 【薔薇】ノクテル / 【薔薇】オーリアン,ch2_meliora / ch2_elyselle / ch2_noctelle / ch2_auriane,840,100,77,77.0,3.94,
corridor:76,【竜姫】ドラシア / 【竜姫】リュシエ / 【薬毒】ミレア / 【薬毒】ヴィオラ,ch2_dracia / ch2_rucie / ch2_mirea / ch2_viola,840,100,58,58.0,4.98,
corridor:76,【月狐】カグラ / 【月狐】サヨ / 【双鐘】フェルネ / 【双鐘】クラリス,ch2_kagura / ch2_sayo / ch2_ferne / ch2_clarisse,840,100,65,65.0,4.74,
corridor:76,【剣姫】ネメシア / 【剣姫】エヴェリア / 【双鐘】フェルネ / 【双鐘】クラリス,ch2_nemesia / ch2_everia / ch2_ferne / ch2_clarisse,840,100,91,91.0,3.02,
corridor:76,【返誓】ロスティア / 【返誓】アルテア / 【星刻】エイレーネ / 【星刻】イリデル,ch2_rostia / ch2_althea / ch2_eirene / ch2_iridelle,840,100,67,67.0,4.37,
corridor:76,【星糸】セレス / 【星糸】ルミナ / 【誓姫】リリエット / 【誓姫】ロゼット,ch2_celes / ch2_lumina / ch2_lyriet / ch2_rosette,840,100,80,80.0,3.98,
corridor:84,【封鍵】メリオラ / 【封鍵】エリゼル / 【薔薇】ノクテル / 【薔薇】オーリアン,ch2_meliora / ch2_elyselle / ch2_noctelle / ch2_auriane,930,100,92,92.0,20.67,
corridor:84,【竜姫】ドラシア / 【竜姫】リュシエ / 【薬毒】ミレア / 【薬毒】ヴィオラ,ch2_dracia / ch2_rucie / ch2_mirea / ch2_viola,930,100,85,85.0,19.87,
corridor:84,【双藤】ネヴィア / 【双藤】エルミナ / 【聖翼】アウレ / 【聖翼】ノエル,ch2_nevia / ch2_elmina / ch2_aure / ch2_noelle,930,100,84,84.0,23.25,
corridor:92,【封鍵】メリオラ / 【封鍵】エリゼル / 【薔薇】ノクテル / 【薔薇】オーリアン,ch2_meliora / ch2_elyselle / ch2_noctelle / ch2_auriane,6772,100,100,100,1.08,
corridor:92,【双藤】ネヴィア / 【双藤】エルミナ / 【聖翼】アウレ / 【聖翼】ノエル,ch2_nevia / ch2_elmina / ch2_aure / ch2_noelle,6772,100,100,100,1.48,
corridor:92,【鏡侍女】リュネ / 【鏡侍女】ロゼ / 【聖翼】アウレ / 【聖翼】ノエル,ch2_ryune / ch2_rose / ch2_aure / ch2_noelle,6772,100,100,100,2,
corridor:100,【封鍵】メリオラ / 【封鍵】エリゼル / 【薔薇】ノクテル / 【薔薇】オーリアン,ch2_meliora / ch2_elyselle / ch2_noctelle / ch2_auriane,7348,100,100,100,2.08,
corridor:100,【月狐】カグラ / 【月狐】サヨ / 【双鐘】フェルネ / 【双鐘】クラリス,ch2_kagura / ch2_sayo / ch2_ferne / ch2_clarisse,7348,100,100,100,2.94,
corridor:100,【返誓】ロスティア / 【返誓】アルテア / 【星刻】エイレーネ / 【星刻】イリデル,ch2_rostia / ch2_althea / ch2_eirene / ch2_iridelle,7348,100,100,100,2.25,
corridor:108,【鏡侍女】リュネ / 【鏡侍女】ロゼ / 【聖翼】アウレ / 【聖翼】ノエル,ch2_ryune / ch2_rose / ch2_aure / ch2_noelle,7930,100,100,100,2,
corridor:108,【双藤】ネヴィア / 【双藤】エルミナ / 【聖翼】アウレ / 【聖翼】ノエル,ch2_nevia / ch2_elmina / ch2_aure / ch2_noelle,7930,100,100,100,2,
corridor:108,【星糸】セレス / 【星糸】ルミナ / 【誓姫】リリエット / 【誓姫】ロゼット,ch2_celes / ch2_lumina / ch2_lyriet / ch2_rosette,7930,100,100,100,1.15,
team:4,【鏡侍女】リュネ / 【鏡侍女】ロゼ / 【聖翼】アウレ / 【聖翼】ノエル,ch2_ryune / ch2_rose / ch2_aure / ch2_noelle,117,100,100,100,1.01,
team:4,【双雷】カリスタ / 【双雷】ソレーヌ / 【薬毒】ミレア / 【薬毒】ヴィオラ,ch2_calista / ch2_solenne / ch2_mirea / ch2_viola,117,100,100,100,1.02,
team:4,【霊符】シオン / 【霊符】スイレン / 【日月】ルナリア / 【日月】ソラリア,ch2_shion / ch2_suiren / ch2_lunaria / ch2_solaria,117,100,100,100,1,
team:12,【封鍵】メリオラ / 【封鍵】エリゼル / 【薔薇】ノクテル / 【薔薇】オーリアン,ch2_meliora / ch2_elyselle / ch2_noctelle / ch2_auriane,135,100,100,100,1,
team:12,【鏡侍女】リュネ / 【鏡侍女】ロゼ / 【聖翼】アウレ / 【聖翼】ノエル,ch2_ryune / ch2_rose / ch2_aure / ch2_noelle,135,100,100,100,1.89,
team:12,【双雷】カリスタ / 【双雷】ソレーヌ / 【薬毒】ミレア / 【薬毒】ヴィオラ,ch2_calista / ch2_solenne / ch2_mirea / ch2_viola,135,100,100,100,1.62,
team:20,【鏡侍女】リュネ / 【鏡侍女】ロゼ / 【聖翼】アウレ / 【聖翼】ノエル,ch2_ryune / ch2_rose / ch2_aure / ch2_noelle,220,100,100,100,2,
team:20,【双雷】カリスタ / 【双雷】ソレーヌ / 【薬毒】ミレア / 【薬毒】ヴィオラ,ch2_calista / ch2_solenne / ch2_mirea / ch2_viola,220,100,100,100,1.83,
team:20,【霊符】シオン / 【霊符】スイレン / 【日月】ルナリア / 【日月】ソラリア,ch2_shion / ch2_suiren / ch2_lunaria / ch2_solaria,220,100,100,100,1.89,
team:28,【霊符】シオン / 【霊符】スイレン / 【日月】ルナリア / 【日月】ソラリア,ch2_shion / ch2_suiren / ch2_lunaria / ch2_solaria,310,100,100,100,1.07,
team:28,【封鍵】メリオラ / 【封鍵】エリゼル / 【薔薇】ノクテル / 【薔薇】オーリアン,ch2_meliora / ch2_elyselle / ch2_noctelle / ch2_auriane,310,100,100,100,1,
team:28,【剣姫】ネメシア / 【剣姫】エヴェリア / 【双鐘】フェルネ / 【双鐘】クラリス,ch2_nemesia / ch2_everia / ch2_ferne / ch2_clarisse,310,100,100,100,1.01,
team:36,【剣姫】ネメシア / 【剣姫】エヴェリア / 【双鐘】フェルネ / 【双鐘】クラリス,ch2_nemesia / ch2_everia / ch2_ferne / ch2_clarisse,390,100,99,99.0,9.79,
team:36,【霊符】シオン / 【霊符】スイレン / 【日月】ルナリア / 【日月】ソラリア,ch2_shion / ch2_suiren / ch2_lunaria / ch2_solaria,390,100,96,96.0,15.74,
team:36,【封鍵】メリオラ / 【封鍵】エリゼル / 【薔薇】ノクテル / 【薔薇】オーリアン,ch2_meliora / ch2_elyselle / ch2_noctelle / ch2_auriane,390,100,88,88.0,17.55,
team:44,【剣姫】ネメシア / 【剣姫】エヴェリア / 【双鐘】フェルネ / 【双鐘】クラリス,ch2_nemesia / ch2_everia / ch2_ferne / ch2_clarisse,480,100,100,100,3.21,
team:44,【双藤】ネヴィア / 【双藤】エルミナ / 【聖翼】アウレ / 【聖翼】ノエル,ch2_nevia / ch2_elmina / ch2_aure / ch2_noelle,480,100,100,100,3.9,
team:44,【鏡侍女】リュネ / 【鏡侍女】ロゼ / 【聖翼】アウレ / 【聖翼】ノエル,ch2_ryune / ch2_rose / ch2_aure / ch2_noelle,480,100,100,100,4.07,
team:52,【封鍵】メリオラ / 【封鍵】エリゼル / 【薔薇】ノクテル / 【薔薇】オーリアン,ch2_meliora / ch2_elyselle / ch2_noctelle / ch2_auriane,570,100,100,100,2.92,
team:52,【双藤】ネヴィア / 【双藤】エルミナ / 【聖翼】アウレ / 【聖翼】ノエル,ch2_nevia / ch2_elmina / ch2_aure / ch2_noelle,570,100,100,100,3,
team:52,【返誓】ロスティア / 【返誓】アルテア / 【星刻】エイレーネ / 【星刻】イリデル,ch2_rostia / ch2_althea / ch2_eirene / ch2_iridelle,570,100,100,100,2.53,
team:60,【剣姫】ネメシア / 【剣姫】エヴェリア / 【双鐘】フェルネ / 【双鐘】クラリス,ch2_nemesia / ch2_everia / ch2_ferne / ch2_clarisse,660,100,100,100,3.4,
team:60,【封鍵】メリオラ / 【封鍵】エリゼル / 【薔薇】ノクテル / 【薔薇】オーリアン,ch2_meliora / ch2_elyselle / ch2_noctelle / ch2_auriane,660,100,100,100,3.39,
team:60,【双藤】ネヴィア / 【双藤】エルミナ / 【聖翼】アウレ / 【聖翼】ノエル,ch2_nevia / ch2_elmina / ch2_aure / ch2_noelle,660,100,100,100,3.27,
team:68,【剣姫】ネメシア / 【剣姫】エヴェリア / 【双鐘】フェルネ / 【双鐘】クラリス,ch2_nemesia / ch2_everia / ch2_ferne / ch2_clarisse,750,100,100,100,3.5,
team:68,【封鍵】メリオラ / 【封鍵】エリゼル / 【薔薇】ノクテル / 【薔薇】オーリアン,ch2_meliora / ch2_elyselle / ch2_noctelle / ch2_auriane,750,100,100,100,3.49,
team:68,【霊符】シオン / 【霊符】スイレン / 【日月】ルナリア / 【日月】ソラリア,ch2_shion / ch2_suiren / ch2_lunaria / ch2_solaria,750,100,100,100,4.52,
team:76,【封鍵】メリオラ / 【封鍵】エリゼル / 【薔薇】ノクテル / 【薔薇】オーリアン,ch2_meliora / ch2_elyselle / ch2_noctelle / ch2_auriane,840,100,99,99.0,2.98,
team:76,【剣姫】ネメシア / 【剣姫】エヴェリア / 【双鐘】フェルネ / 【双鐘】クラリス,ch2_nemesia / ch2_everia / ch2_ferne / ch2_clarisse,840,100,99,99.0,2.3,
team:76,【返誓】ロスティア / 【返誓】アルテア / 【星刻】エイレーネ / 【星刻】イリデル,ch2_rostia / ch2_althea / ch2_eirene / ch2_iridelle,840,100,100,100,2.48,
team:84,【剣姫】ネメシア / 【剣姫】エヴェリア / 【双鐘】フェルネ / 【双鐘】クラリス,ch2_nemesia / ch2_everia / ch2_ferne / ch2_clarisse,930,100,100,100,7.8,
team:84,【返誓】ロスティア / 【返誓】アルテア / 【星刻】エイレーネ / 【星刻】イリデル,ch2_rostia / ch2_althea / ch2_eirene / ch2_iridelle,930,100,98,98.0,10.86,
team:84,【双藤】ネヴィア / 【双藤】エルミナ / 【聖翼】アウレ / 【聖翼】ノエル,ch2_nevia / ch2_elmina / ch2_aure / ch2_noelle,930,100,99,99.0,12,
manual:abyss_gluttony:projection100,【鏡侍女】リュネ / 【鏡侍女】ロゼ / 【聖翼】アウレ / 【聖翼】ノエル,ch2_ryune / ch2_rose / ch2_aure / ch2_noelle,4999,100,100,100,1,
manual:abyss_gluttony:projection100,【双雷】カリスタ / 【双雷】ソレーヌ / 【薬毒】ミレア / 【薬毒】ヴィオラ,ch2_calista / ch2_solenne / ch2_mirea / ch2_viola,4999,100,100,100,1,
manual:abyss_gluttony:projection100,【霊符】シオン / 【霊符】スイレン / 【日月】ルナリア / 【日月】ソラリア,ch2_shion / ch2_suiren / ch2_lunaria / ch2_solaria,4999,100,100,100,1,
manual:abyss_envy:projection100,【鏡侍女】リュネ / 【鏡侍女】ロゼ / 【聖翼】アウレ / 【聖翼】ノエル,ch2_ryune / ch2_rose / ch2_aure / ch2_noelle,4999,100,100,100,2,
manual:abyss_envy:projection100,【双雷】カリスタ / 【双雷】ソレーヌ / 【薬毒】ミレア / 【薬毒】ヴィオラ,ch2_calista / ch2_solenne / ch2_mirea / ch2_viola,4999,100,100,100,2,
manual:abyss_envy:projection100,【霊符】シオン / 【霊符】スイレン / 【日月】ルナリア / 【日月】ソラリア,ch2_shion / ch2_suiren / ch2_lunaria / ch2_solaria,4999,100,100,100,2,
manual:abyss_greed:projection100,【鏡侍女】リュネ / 【鏡侍女】ロゼ / 【聖翼】アウレ / 【聖翼】ノエル,ch2_ryune / ch2_rose / ch2_aure / ch2_noelle,4999,100,100,100,2,
manual:abyss_greed:projection100,【双雷】カリスタ / 【双雷】ソレーヌ / 【薬毒】ミレア / 【薬毒】ヴィオラ,ch2_calista / ch2_solenne / ch2_mirea / ch2_viola,4999,100,100,100,2,
manual:abyss_greed:projection100,【霊符】シオン / 【霊符】スイレン / 【日月】ルナリア / 【日月】ソラリア,ch2_shion / ch2_suiren / ch2_lunaria / ch2_solaria,4999,100,100,100,2,
manual:abyss_pride:projection100,【鏡侍女】リュネ / 【鏡侍女】ロゼ / 【聖翼】アウレ / 【聖翼】ノエル,ch2_ryune / ch2_rose / ch2_aure / ch2_noelle,4999,100,100,100,1,
manual:abyss_pride:projection100,【双雷】カリスタ / 【双雷】ソレーヌ / 【薬毒】ミレア / 【薬毒】ヴィオラ,ch2_calista / ch2_solenne / ch2_mirea / ch2_viola,4999,100,100,100,1.06,
manual:abyss_pride:projection100,【霊符】シオン / 【霊符】スイレン / 【日月】ルナリア / 【日月】ソラリア,ch2_shion / ch2_suiren / ch2_lunaria / ch2_solaria,4999,100,100,100,1.03,
manual:ten_space:projection100,【霊符】シオン / 【霊符】スイレン / 【日月】ルナリア / 【日月】ソラリア,ch2_shion / ch2_suiren / ch2_lunaria / ch2_solaria,4999,100,100,100,1.75,
manual:ten_space:projection100,【封鍵】メリオラ / 【封鍵】エリゼル / 【薔薇】ノクテル / 【薔薇】オーリアン,ch2_meliora / ch2_elyselle / ch2_noctelle / ch2_auriane,4999,100,100,100,1.05,
manual:ten_space:projection100,【双藤】ネヴィア / 【双藤】エルミナ / 【聖翼】アウレ / 【聖翼】ノエル,ch2_nevia / ch2_elmina / ch2_aure / ch2_noelle,4999,100,100,100,1.92,
manual:ten_death:projection100,【鏡侍女】リュネ / 【鏡侍女】ロゼ / 【聖翼】アウレ / 【聖翼】ノエル,ch2_ryune / ch2_rose / ch2_aure / ch2_noelle,4999,100,100,100,1.11,
manual:ten_death:projection100,【霊符】シオン / 【霊符】スイレン / 【日月】ルナリア / 【日月】ソラリア,ch2_shion / ch2_suiren / ch2_lunaria / ch2_solaria,4999,100,100,100,1.41,
manual:ten_death:projection100,【封鍵】メリオラ / 【封鍵】エリゼル / 【薔薇】ノクテル / 【薔薇】オーリアン,ch2_meliora / ch2_elyselle / ch2_noctelle / ch2_auriane,4999,100,100,100,1.02,
manual:ten_chaos:projection100,【鏡侍女】リュネ / 【鏡侍女】ロゼ / 【聖翼】アウレ / 【聖翼】ノエル,ch2_ryune / ch2_rose / ch2_aure / ch2_noelle,4999,100,100,100,2.24,
manual:ten_chaos:projection100,【霊符】シオン / 【霊符】スイレン / 【日月】ルナリア / 【日月】ソラリア,ch2_shion / ch2_suiren / ch2_lunaria / ch2_solaria,4999,100,100,100,2.05,
manual:ten_chaos:projection100,【封鍵】メリオラ / 【封鍵】エリゼル / 【薔薇】ノクテル / 【薔薇】オーリアン,ch2_meliora / ch2_elyselle / ch2_noctelle / ch2_auriane,4999,100,100,100,2,
manual:ten_creation:projection100,【霊符】シオン / 【霊符】スイレン / 【日月】ルナリア / 【日月】ソラリア,ch2_shion / ch2_suiren / ch2_lunaria / ch2_solaria,4999,100,100,100,1.13,
manual:ten_creation:projection100,【封鍵】メリオラ / 【封鍵】エリゼル / 【薔薇】ノクテル / 【薔薇】オーリアン,ch2_meliora / ch2_elyselle / ch2_noctelle / ch2_auriane,4999,100,100,100,1,
manual:ten_creation:projection100,【双藤】ネヴィア / 【双藤】エルミナ / 【聖翼】アウレ / 【聖翼】ノエル,ch2_nevia / ch2_elmina / ch2_aure / ch2_noelle,4999,100,100,100,1.62,
manual:ten_divinity:projection100,【封鍵】メリオラ / 【封鍵】エリゼル / 【薔薇】ノクテル / 【薔薇】オーリアン,ch2_meliora / ch2_elyselle / ch2_noctelle / ch2_auriane,4999,100,100,100,9.8,
manual:ten_divinity:projection100,【双藤】ネヴィア / 【双藤】エルミナ / 【聖翼】アウレ / 【聖翼】ノエル,ch2_nevia / ch2_elmina / ch2_aure / ch2_noelle,4999,100,99,99.0,9.18,
manual:ten_divinity:projection100,【竜姫】ドラシア / 【竜姫】リュシエ / 【薬毒】ミレア / 【薬毒】ヴィオラ,ch2_dracia / ch2_rucie / ch2_mirea / ch2_viola,4999,100,99,99.0,8.88,
chapter:a1_patrol:5,【鏡侍女】リュネ / 【鏡侍女】ロゼ / 【聖翼】アウレ / 【聖翼】ノエル,ch2_ryune / ch2_rose / ch2_aure / ch2_noelle,2660,100,100,100,1,
chapter:a1_patrol:5,【双雷】カリスタ / 【双雷】ソレーヌ / 【薬毒】ミレア / 【薬毒】ヴィオラ,ch2_calista / ch2_solenne / ch2_mirea / ch2_viola,2660,100,100,100,1,
chapter:a1_patrol:5,【霊符】シオン / 【霊符】スイレン / 【日月】ルナリア / 【日月】ソラリア,ch2_shion / ch2_suiren / ch2_lunaria / ch2_solaria,2660,100,100,100,1,
chapter:a1_east:1,【鏡侍女】リュネ / 【鏡侍女】ロゼ / 【聖翼】アウレ / 【聖翼】ノエル,ch2_ryune / ch2_rose / ch2_aure / ch2_noelle,1794,100,100,100,1,
chapter:a1_east:1,【双雷】カリスタ / 【双雷】ソレーヌ / 【薬毒】ミレア / 【薬毒】ヴィオラ,ch2_calista / ch2_solenne / ch2_mirea / ch2_viola,1794,100,100,100,1,
chapter:a1_east:1,【霊符】シオン / 【霊符】スイレン / 【日月】ルナリア / 【日月】ソラリア,ch2_shion / ch2_suiren / ch2_lunaria / ch2_solaria,1794,100,100,100,1,
chapter:a1_heart:3,【鏡侍女】リュネ / 【鏡侍女】ロゼ / 【聖翼】アウレ / 【聖翼】ノエル,ch2_ryune / ch2_rose / ch2_aure / ch2_noelle,2433,100,100,100,1,
chapter:a1_heart:3,【封鍵】メリオラ / 【封鍵】エリゼル / 【薔薇】ノクテル / 【薔薇】オーリアン,ch2_meliora / ch2_elyselle / ch2_noctelle / ch2_auriane,2433,100,100,100,1,
chapter:a1_heart:3,【竜姫】ドラシア / 【竜姫】リュシエ / 【薬毒】ミレア / 【薬毒】ヴィオラ,ch2_dracia / ch2_rucie / ch2_mirea / ch2_viola,2433,100,100,100,1,
chapter:a2_patrol:5,【鏡侍女】リュネ / 【鏡侍女】ロゼ / 【聖翼】アウレ / 【聖翼】ノエル,ch2_ryune / ch2_rose / ch2_aure / ch2_noelle,3800,100,100,100,1,
chapter:a2_patrol:5,【双雷】カリスタ / 【双雷】ソレーヌ / 【薬毒】ミレア / 【薬毒】ヴィオラ,ch2_calista / ch2_solenne / ch2_mirea / ch2_viola,3800,100,100,100,1,
chapter:a2_patrol:5,【硝子】セリア / 【硝子】カルミア / 封書の小剣姫ルメア / 夜灯の従騎フィオラ,ch2_seria / ch2_carmia / ch2_lumea / ch2_fiora,3800,100,100,100,1.02,
chapter:a2_east:1,【双雷】カリスタ / 【双雷】ソレーヌ / 【薬毒】ミレア / 【薬毒】ヴィオラ,ch2_calista / ch2_solenne / ch2_mirea / ch2_viola,2502,100,100,100,1.07,
chapter:a2_east:1,【霊符】シオン / 【霊符】スイレン / 【日月】ルナリア / 【日月】ソラリア,ch2_shion / ch2_suiren / ch2_lunaria / ch2_solaria,2502,100,100,100,1,
chapter:a2_east:1,【竜姫】ドラシア / 【竜姫】リュシエ / 【薬毒】ミレア / 【薬毒】ヴィオラ,ch2_dracia / ch2_rucie / ch2_mirea / ch2_viola,2502,100,100,100,1.01,
chapter:a2_heart:3,【鏡侍女】リュネ / 【鏡侍女】ロゼ / 【聖翼】アウレ / 【聖翼】ノエル,ch2_ryune / ch2_rose / ch2_aure / ch2_noelle,3357,100,100,100,1.02,
chapter:a2_heart:3,【霊符】シオン / 【霊符】スイレン / 【日月】ルナリア / 【日月】ソラリア,ch2_shion / ch2_suiren / ch2_lunaria / ch2_solaria,3357,100,100,100,1.02,
chapter:a2_heart:3,【封鍵】メリオラ / 【封鍵】エリゼル / 【薔薇】ノクテル / 【薔薇】オーリアン,ch2_meliora / ch2_elyselle / ch2_noctelle / ch2_auriane,3357,100,100,100,1,
chapter:a3_patrol:5,【鏡侍女】リュネ / 【鏡侍女】ロゼ / 【聖翼】アウレ / 【聖翼】ノエル,ch2_ryune / ch2_rose / ch2_aure / ch2_noelle,5320,100,100,100,1,
chapter:a3_patrol:5,【双雷】カリスタ / 【双雷】ソレーヌ / 【薬毒】ミレア / 【薬毒】ヴィオラ,ch2_calista / ch2_solenne / ch2_mirea / ch2_viola,5320,100,100,100,1.03,
chapter:a3_patrol:5,【霊符】シオン / 【霊符】スイレン / 【日月】ルナリア / 【日月】ソラリア,ch2_shion / ch2_suiren / ch2_lunaria / ch2_solaria,5320,100,100,100,1,
chapter:a3_east:1,【霊符】シオン / 【霊符】スイレン / 【日月】ルナリア / 【日月】ソラリア,ch2_shion / ch2_suiren / ch2_lunaria / ch2_solaria,3446,100,100,100,1,
chapter:a3_east:1,【剣姫】ネメシア / 【剣姫】エヴェリア / 【双鐘】フェルネ / 【双鐘】クラリス,ch2_nemesia / ch2_everia / ch2_ferne / ch2_clarisse,3446,100,100,100,1.04,
chapter:a3_east:1,【封鍵】メリオラ / 【封鍵】エリゼル / 【薔薇】ノクテル / 【薔薇】オーリアン,ch2_meliora / ch2_elyselle / ch2_noctelle / ch2_auriane,3446,100,100,100,2,
chapter:a3_heart:3,【剣姫】ネメシア / 【剣姫】エヴェリア / 【双鐘】フェルネ / 【双鐘】クラリス,ch2_nemesia / ch2_everia / ch2_ferne / ch2_clarisse,4589,100,100,100,4.12,
chapter:a3_heart:3,【竜姫】ドラシア / 【竜姫】リュシエ / 【薬毒】ミレア / 【薬毒】ヴィオラ,ch2_dracia / ch2_rucie / ch2_mirea / ch2_viola,4589,100,100,100,5.36,
chapter:a3_heart:3,【封鍵】メリオラ / 【封鍵】エリゼル / 【薔薇】ノクテル / 【薔薇】オーリアン,ch2_meliora / ch2_elyselle / ch2_noctelle / ch2_auriane,4589,100,100,100,7.35,
chapter:a4_patrol:5,【鏡侍女】リュネ / 【鏡侍女】ロゼ / 【聖翼】アウレ / 【聖翼】ノエル,ch2_ryune / ch2_rose / ch2_aure / ch2_noelle,7220,100,100,100,1,
chapter:a4_patrol:5,【双雷】カリスタ / 【双雷】ソレーヌ / 【薬毒】ミレア / 【薬毒】ヴィオラ,ch2_calista / ch2_solenne / ch2_mirea / ch2_viola,7220,100,100,100,1,
chapter:a4_patrol:5,【霊符】シオン / 【霊符】スイレン / 【日月】ルナリア / 【日月】ソラリア,ch2_shion / ch2_suiren / ch2_lunaria / ch2_solaria,7220,100,100,100,1,
chapter:a4_east:1,【剣姫】ネメシア / 【剣姫】エヴェリア / 【双鐘】フェルネ / 【双鐘】クラリス,ch2_nemesia / ch2_everia / ch2_ferne / ch2_clarisse,4626,100,100,100,1.03,
chapter:a4_east:1,【霊符】シオン / 【霊符】スイレン / 【日月】ルナリア / 【日月】ソラリア,ch2_shion / ch2_suiren / ch2_lunaria / ch2_solaria,4626,100,100,100,1.98,
chapter:a4_east:1,【封鍵】メリオラ / 【封鍵】エリゼル / 【薔薇】ノクテル / 【薔薇】オーリアン,ch2_meliora / ch2_elyselle / ch2_noctelle / ch2_auriane,4626,100,100,100,2,
chapter:a4_heart:3,【星糸】セレス / 【星糸】ルミナ / 【誓姫】リリエット / 【誓姫】ロゼット,ch2_celes / ch2_lumina / ch2_lyriet / ch2_rosette,6129,100,100,100,2.01,
chapter:a4_heart:3,【剣姫】ネメシア / 【剣姫】エヴェリア / 【双鐘】フェルネ / 【双鐘】クラリス,ch2_nemesia / ch2_everia / ch2_ferne / ch2_clarisse,6129,100,100,100,2,
chapter:a4_heart:3,【封鍵】メリオラ / 【封鍵】エリゼル / 【薔薇】ノクテル / 【薔薇】オーリアン,ch2_meliora / ch2_elyselle / ch2_noctelle / ch2_auriane,6129,100,100,100,3,
chapter:patrol:5,【鏡侍女】リュネ / 【鏡侍女】ロゼ / 【聖翼】アウレ / 【聖翼】ノエル,ch2_ryune / ch2_rose / ch2_aure / ch2_noelle,1995,100,100,100,1,
chapter:patrol:5,【双雷】カリスタ / 【双雷】ソレーヌ / 【薬毒】ミレア / 【薬毒】ヴィオラ,ch2_calista / ch2_solenne / ch2_mirea / ch2_viola,1995,100,100,100,1,
chapter:patrol:5,【硝子】セリア / 【硝子】カルミア / 封書の小剣姫ルメア / 夜灯の従騎フィオラ,ch2_seria / ch2_carmia / ch2_lumea / ch2_fiora,1995,100,100,100,1,
chapter:east:1,【鏡侍女】リュネ / 【鏡侍女】ロゼ / 【聖翼】アウレ / 【聖翼】ノエル,ch2_ryune / ch2_rose / ch2_aure / ch2_noelle,1298,100,100,100,1,
chapter:east:1,【双雷】カリスタ / 【双雷】ソレーヌ / 【薬毒】ミレア / 【薬毒】ヴィオラ,ch2_calista / ch2_solenne / ch2_mirea / ch2_viola,1298,100,100,100,1,
chapter:east:1,【硝子】セリア / 【硝子】カルミア / 封書の小剣姫ルメア / 夜灯の従騎フィオラ,ch2_seria / ch2_carmia / ch2_lumea / ch2_fiora,1298,100,100,100,1,
chapter:heart:3,【鏡侍女】リュネ / 【鏡侍女】ロゼ / 【聖翼】アウレ / 【聖翼】ノエル,ch2_ryune / ch2_rose / ch2_aure / ch2_noelle,1848,100,100,100,1,
chapter:heart:3,【双雷】カリスタ / 【双雷】ソレーヌ / 【薬毒】ミレア / 【薬毒】ヴィオラ,ch2_calista / ch2_solenne / ch2_mirea / ch2_viola,1848,100,100,100,1,
chapter:heart:3,【霊符】シオン / 【霊符】スイレン / 【日月】ルナリア / 【日月】ソラリア,ch2_shion / ch2_suiren / ch2_lunaria / ch2_solaria,1848,100,100,100,1,
chapter:vault0:5,【鏡侍女】リュネ / 【鏡侍女】ロゼ / 【聖翼】アウレ / 【聖翼】ノエル,ch2_ryune / ch2_rose / ch2_aure / ch2_noelle,3135,100,100,100,1.11,
chapter:vault0:5,【双雷】カリスタ / 【双雷】ソレーヌ / 【薬毒】ミレア / 【薬毒】ヴィオラ,ch2_calista / ch2_solenne / ch2_mirea / ch2_viola,3135,100,100,100,1.92,
chapter:vault0:5,【霊符】シオン / 【霊符】スイレン / 【日月】ルナリア / 【日月】ソラリア,ch2_shion / ch2_suiren / ch2_lunaria / ch2_solaria,3135,100,100,100,1,
chapter:roam0_3:1,【鏡侍女】リュネ / 【鏡侍女】ロゼ / 【聖翼】アウレ / 【聖翼】ノエル,ch2_ryune / ch2_rose / ch2_aure / ch2_noelle,1239,100,100,100,1,
chapter:roam0_3:1,【双雷】カリスタ / 【双雷】ソレーヌ / 【薬毒】ミレア / 【薬毒】ヴィオラ,ch2_calista / ch2_solenne / ch2_mirea / ch2_viola,1239,100,100,100,1,
chapter:roam0_3:1,【硝子】セリア / 【硝子】カルミア / 封書の小剣姫ルメア / 夜灯の従騎フィオラ,ch2_seria / ch2_carmia / ch2_lumea / ch2_fiora,1239,100,100,100,1,
chapter:roam0_4:3,【鏡侍女】リュネ / 【鏡侍女】ロゼ / 【聖翼】アウレ / 【聖翼】ノエル,ch2_ryune / ch2_rose / ch2_aure / ch2_noelle,1617,100,100,100,1,
chapter:roam0_4:3,【双雷】カリスタ / 【双雷】ソレーヌ / 【薬毒】ミレア / 【薬毒】ヴィオラ,ch2_calista / ch2_solenne / ch2_mirea / ch2_viola,1617,100,100,100,1,
chapter:roam0_4:3,【硝子】セリア / 【硝子】カルミア / 封書の小剣姫ルメア / 夜灯の従騎フィオラ,ch2_seria / ch2_carmia / ch2_lumea / ch2_fiora,1617,100,100,100,1,
chapter:vault1:5,【霊符】シオン / 【霊符】スイレン / 【日月】ルナリア / 【日月】ソラリア,ch2_shion / ch2_suiren / ch2_lunaria / ch2_solaria,4389,100,100,100,1.02,
chapter:vault1:5,【星糸】セレス / 【星糸】ルミナ / 【誓姫】リリエット / 【誓姫】ロゼット,ch2_celes / ch2_lumina / ch2_lyriet / ch2_rosette,4389,100,100,100,1.05,
chapter:vault1:5,【剣姫】ネメシア / 【剣姫】エヴェリア / 【双鐘】フェルネ / 【双鐘】クラリス,ch2_nemesia / ch2_everia / ch2_ferne / ch2_clarisse,4389,100,100,100,1,
chapter:roam1_3:1,【鏡侍女】リュネ / 【鏡侍女】ロゼ / 【聖翼】アウレ / 【聖翼】ノエル,ch2_ryune / ch2_rose / ch2_aure / ch2_noelle,1652,100,100,100,1,
chapter:roam1_3:1,【双雷】カリスタ / 【双雷】ソレーヌ / 【薬毒】ミレア / 【薬毒】ヴィオラ,ch2_calista / ch2_solenne / ch2_mirea / ch2_viola,1652,100,100,100,1.01,
chapter:roam1_3:1,【硝子】セリア / 【硝子】カルミア / 封書の小剣姫ルメア / 夜灯の従騎フィオラ,ch2_seria / ch2_carmia / ch2_lumea / ch2_fiora,1652,100,100,100,1.05,
chapter:roam1_4:3,【鏡侍女】リュネ / 【鏡侍女】ロゼ / 【聖翼】アウレ / 【聖翼】ノエル,ch2_ryune / ch2_rose / ch2_aure / ch2_noelle,2156,100,100,100,1,
chapter:roam1_4:3,【双雷】カリスタ / 【双雷】ソレーヌ / 【薬毒】ミレア / 【薬毒】ヴィオラ,ch2_calista / ch2_solenne / ch2_mirea / ch2_viola,2156,100,100,100,1,
chapter:roam1_4:3,【硝子】セリア / 【硝子】カルミア / 封書の小剣姫ルメア / 夜灯の従騎フィオラ,ch2_seria / ch2_carmia / ch2_lumea / ch2_fiora,2156,100,100,100,1,
chapter:vault2:5,【双雷】カリスタ / 【双雷】ソレーヌ / 【薬毒】ミレア / 【薬毒】ヴィオラ,ch2_calista / ch2_solenne / ch2_mirea / ch2_viola,6270,100,100,100,1.06,
chapter:vault2:5,【双藤】ネヴィア / 【双藤】エルミナ / 【聖翼】アウレ / 【聖翼】ノエル,ch2_nevia / ch2_elmina / ch2_aure / ch2_noelle,6270,100,100,100,1,
chapter:vault2:5,【星糸】セレス / 【星糸】ルミナ / 【誓姫】リリエット / 【誓姫】ロゼット,ch2_celes / ch2_lumina / ch2_lyriet / ch2_rosette,6270,100,100,100,1.04,
chapter:roam2_3:1,【鏡侍女】リュネ / 【鏡侍女】ロゼ / 【聖翼】アウレ / 【聖翼】ノエル,ch2_ryune / ch2_rose / ch2_aure / ch2_noelle,2360,100,100,100,1,
chapter:roam2_3:1,【双雷】カリスタ / 【双雷】ソレーヌ / 【薬毒】ミレア / 【薬毒】ヴィオラ,ch2_calista / ch2_solenne / ch2_mirea / ch2_viola,2360,100,100,100,1.01,
chapter:roam2_3:1,【霊符】シオン / 【霊符】スイレン / 【日月】ルナリア / 【日月】ソラリア,ch2_shion / ch2_suiren / ch2_lunaria / ch2_solaria,2360,100,100,100,1.93,
chapter:roam2_4:3,【鏡侍女】リュネ / 【鏡侍女】ロゼ / 【聖翼】アウレ / 【聖翼】ノエル,ch2_ryune / ch2_rose / ch2_aure / ch2_noelle,3080,100,100,100,1,
chapter:roam2_4:3,【双雷】カリスタ / 【双雷】ソレーヌ / 【薬毒】ミレア / 【薬毒】ヴィオラ,ch2_calista / ch2_solenne / ch2_mirea / ch2_viola,3080,100,100,100,1,
chapter:roam2_4:3,【硝子】セリア / 【硝子】カルミア / 封書の小剣姫ルメア / 夜灯の従騎フィオラ,ch2_seria / ch2_carmia / ch2_lumea / ch2_fiora,3080,100,100,100,1.04,
chapter:vault3:5,【返誓】ロスティア / 【返誓】アルテア / 【星刻】エイレーネ / 【星刻】イリデル,ch2_rostia / ch2_althea / ch2_eirene / ch2_iridelle,8778,100,100,100,2,
chapter:vault3:5,【剣姫】ネメシア / 【剣姫】エヴェリア / 【双鐘】フェルネ / 【双鐘】クラリス,ch2_nemesia / ch2_everia / ch2_ferne / ch2_clarisse,8778,100,100,100,2.02,
chapter:vault3:5,【霊符】シオン / 【霊符】スイレン / 【日月】ルナリア / 【日月】ソラリア,ch2_shion / ch2_suiren / ch2_lunaria / ch2_solaria,8778,100,100,100,2.01,
chapter:roam3_3:1,【双雷】カリスタ / 【双雷】ソレーヌ / 【薬毒】ミレア / 【薬毒】ヴィオラ,ch2_calista / ch2_solenne / ch2_mirea / ch2_viola,5664,100,100,100,2,
chapter:roam3_3:1,【霊符】シオン / 【霊符】スイレン / 【日月】ルナリア / 【日月】ソラリア,ch2_shion / ch2_suiren / ch2_lunaria / ch2_solaria,5664,100,100,100,2,
chapter:roam3_3:1,【竜姫】ドラシア / 【竜姫】リュシエ / 【薬毒】ミレア / 【薬毒】ヴィオラ,ch2_dracia / ch2_rucie / ch2_mirea / ch2_viola,5664,100,100,100,2,
chapter:roam3_4:3,【返誓】ロスティア / 【返誓】アルテア / 【星刻】エイレーネ / 【星刻】イリデル,ch2_rostia / ch2_althea / ch2_eirene / ch2_iridelle,6622,100,100,100,1.09,
chapter:roam3_4:3,【双雷】カリスタ / 【双雷】ソレーヌ / 【薬毒】ミレア / 【薬毒】ヴィオラ,ch2_calista / ch2_solenne / ch2_mirea / ch2_viola,6622,100,100,100,2,
chapter:roam3_4:3,【霊符】シオン / 【霊符】スイレン / 【日月】ルナリア / 【日月】ソラリア,ch2_shion / ch2_suiren / ch2_lunaria / ch2_solaria,6622,100,100,100,1.99,
chapter:vault4:5,【剣姫】ネメシア / 【剣姫】エヴェリア / 【双鐘】フェルネ / 【双鐘】クラリス,ch2_nemesia / ch2_everia / ch2_ferne / ch2_clarisse,10000,100,100,100,2,
chapter:vault4:5,【双藤】ネヴィア / 【双藤】エルミナ / 【聖翼】アウレ / 【聖翼】ノエル,ch2_nevia / ch2_elmina / ch2_aure / ch2_noelle,10000,100,100,100,2.62,
chapter:vault4:5,【星糸】セレス / 【星糸】ルミナ / 【誓姫】リリエット / 【誓姫】ロゼット,ch2_celes / ch2_lumina / ch2_lyriet / ch2_rosette,10000,100,100,100,2.02,
chapter:roam4_3:1,【霊符】シオン / 【霊符】スイレン / 【日月】ルナリア / 【日月】ソラリア,ch2_shion / ch2_suiren / ch2_lunaria / ch2_solaria,6136,100,100,100,2,
chapter:roam4_3:1,【竜姫】ドラシア / 【竜姫】リュシエ / 【薬毒】ミレア / 【薬毒】ヴィオラ,ch2_dracia / ch2_rucie / ch2_mirea / ch2_viola,6136,100,100,100,2.08,
chapter:roam4_3:1,【返誓】ロスティア / 【返誓】アルテア / 【星刻】エイレーネ / 【星刻】イリデル,ch2_rostia / ch2_althea / ch2_eirene / ch2_iridelle,6136,100,100,100,1.38,
chapter:roam4_4:3,【返誓】ロスティア / 【返誓】アルテア / 【星刻】エイレーネ / 【星刻】イリデル,ch2_rostia / ch2_althea / ch2_eirene / ch2_iridelle,8316,100,100,100,1.06,
chapter:roam4_4:3,【霊符】シオン / 【霊符】スイレン / 【日月】ルナリア / 【日月】ソラリア,ch2_shion / ch2_suiren / ch2_lunaria / ch2_solaria,8316,100,100,100,2,
chapter:roam4_4:3,【双藤】ネヴィア / 【双藤】エルミナ / 【聖翼】アウレ / 【聖翼】ノエル,ch2_nevia / ch2_elmina / ch2_aure / ch2_noelle,8316,100,100,100,2,
chapter:roam0_1_391:5,【鏡侍女】リュネ / 【鏡侍女】ロゼ / 【聖翼】アウレ / 【聖翼】ノエル,ch2_ryune / ch2_rose / ch2_aure / ch2_noelle,1995,100,100,100,1,
chapter:roam0_1_391:5,【双雷】カリスタ / 【双雷】ソレーヌ / 【薬毒】ミレア / 【薬毒】ヴィオラ,ch2_calista / ch2_solenne / ch2_mirea / ch2_viola,1995,100,100,100,1,
chapter:roam0_1_391:5,【硝子】セリア / 【硝子】カルミア / 封書の小剣姫ルメア / 夜灯の従騎フィオラ,ch2_seria / ch2_carmia / ch2_lumea / ch2_fiora,1995,100,100,100,1,
chapter:roam4_4_391:1,【霊符】シオン / 【霊符】スイレン / 【日月】ルナリア / 【日月】ソラリア,ch2_shion / ch2_suiren / ch2_lunaria / ch2_solaria,6372,100,100,100,2,
chapter:roam4_4_391:1,【星糸】セレス / 【星糸】ルミナ / 【誓姫】リリエット / 【誓姫】ロゼット,ch2_celes / ch2_lumina / ch2_lyriet / ch2_rosette,6372,100,100,100,2.1,
chapter:roam4_4_391:1,【剣姫】ネメシア / 【剣姫】エヴェリア / 【双鐘】フェルネ / 【双鐘】クラリス,ch2_nemesia / ch2_everia / ch2_ferne / ch2_clarisse,6372,100,100,100,2,
chapter:roam1_3_392:3,【鏡侍女】リュネ / 【鏡侍女】ロゼ / 【聖翼】アウレ / 【聖翼】ノエル,ch2_ryune / ch2_rose / ch2_aure / ch2_noelle,2156,100,100,100,1,
chapter:roam1_3_392:3,【封鍵】メリオラ / 【封鍵】エリゼル / 【薔薇】ノクテル / 【薔薇】オーリアン,ch2_meliora / ch2_elyselle / ch2_noctelle / ch2_auriane,2156,100,100,100,1,
chapter:roam1_3_392:3,【竜姫】ドラシア / 【竜姫】リュシエ / 【薬毒】ミレア / 【薬毒】ヴィオラ,ch2_dracia / ch2_rucie / ch2_mirea / ch2_viola,2156,100,100,100,1,
chapter:roam3_1_392:5,【鏡侍女】リュネ / 【鏡侍女】ロゼ / 【聖翼】アウレ / 【聖翼】ノエル,ch2_ryune / ch2_rose / ch2_aure / ch2_noelle,5320,100,100,100,1,
chapter:roam3_1_392:5,【双雷】カリスタ / 【双雷】ソレーヌ / 【薬毒】ミレア / 【薬毒】ヴィオラ,ch2_calista / ch2_solenne / ch2_mirea / ch2_viola,5320,100,100,100,1,
chapter:roam3_1_392:5,【霊符】シオン / 【霊符】スイレン / 【日月】ルナリア / 【日月】ソラリア,ch2_shion / ch2_suiren / ch2_lunaria / ch2_solaria,5320,100,100,100,1,
chapter:roam0_1_elite393:2,【鏡侍女】リュネ / 【鏡侍女】ロゼ / 【聖翼】アウレ / 【聖翼】ノエル,ch2_ryune / ch2_rose / ch2_aure / ch2_noelle,1418,100,100,100,1,
chapter:roam0_1_elite393:2,【双雷】カリスタ / 【双雷】ソレーヌ / 【薬毒】ミレア / 【薬毒】ヴィオラ,ch2_calista / ch2_solenne / ch2_mirea / ch2_viola,1418,100,100,100,1,
chapter:roam0_1_elite393:2,【硝子】セリア / 【硝子】カルミア / 封書の小剣姫ルメア / 夜灯の従騎フィオラ,ch2_seria / ch2_carmia / ch2_lumea / ch2_fiora,1418,100,100,100,1,
chapter:roam1_1_elite393:1,【返誓】ロスティア / 【返誓】アルテア / 【星刻】エイレーネ / 【星刻】イリデル,ch2_rostia / ch2_althea / ch2_eirene / ch2_iridelle,2990,100,100,100,1,
chapter:roam1_1_elite393:1,【星糸】セレス / 【星糸】ルミナ / 【誓姫】リリエット / 【誓姫】ロゼット,ch2_celes / ch2_lumina / ch2_lyriet / ch2_rosette,2990,100,100,100,1.04,
chapter:roam1_1_elite393:1,【鏡侍女】リュネ / 【鏡侍女】ロゼ / 【聖翼】アウレ / 【聖翼】ノエル,ch2_ryune / ch2_rose / ch2_aure / ch2_noelle,2990,100,100,100,2,
chapter:roam1_4_elite393:3,【鏡侍女】リュネ / 【鏡侍女】ロゼ / 【聖翼】アウレ / 【聖翼】ノエル,ch2_ryune / ch2_rose / ch2_aure / ch2_noelle,2240,100,100,100,1,
chapter:roam1_4_elite393:3,【双雷】カリスタ / 【双雷】ソレーヌ / 【薬毒】ミレア / 【薬毒】ヴィオラ,ch2_calista / ch2_solenne / ch2_mirea / ch2_viola,2240,100,100,100,1,
chapter:roam1_4_elite393:3,【霊符】シオン / 【霊符】スイレン / 【日月】ルナリア / 【日月】ソラリア,ch2_shion / ch2_suiren / ch2_lunaria / ch2_solaria,2240,100,100,100,1,
chapter:roam2_4_elite393:2,【鏡侍女】リュネ / 【鏡侍女】ロゼ / 【聖翼】アウレ / 【聖翼】ノエル,ch2_ryune / ch2_rose / ch2_aure / ch2_noelle,2700,100,100,100,1,
chapter:roam2_4_elite393:2,【双雷】カリスタ / 【双雷】ソレーヌ / 【薬毒】ミレア / 【薬毒】ヴィオラ,ch2_calista / ch2_solenne / ch2_mirea / ch2_viola,2700,100,100,100,1.01,
chapter:roam2_4_elite393:2,【封鍵】メリオラ / 【封鍵】エリゼル / 【薔薇】ノクテル / 【薔薇】オーリアン,ch2_meliora / ch2_elyselle / ch2_noctelle / ch2_auriane,2700,100,100,100,1,
chapter:roam3_4_elite393:1,【霊符】シオン / 【霊符】スイレン / 【日月】ルナリア / 【日月】ソラリア,ch2_shion / ch2_suiren / ch2_lunaria / ch2_solaria,4945,100,100,100,1.01,
chapter:roam3_4_elite393:1,【返誓】ロスティア / 【返誓】アルテア / 【星刻】エイレーネ / 【星刻】イリデル,ch2_rostia / ch2_althea / ch2_eirene / ch2_iridelle,4945,100,100,100,1,
chapter:roam3_4_elite393:1,【剣姫】ネメシア / 【剣姫】エヴェリア / 【双鐘】フェルネ / 【双鐘】クラリス,ch2_nemesia / ch2_everia / ch2_ferne / ch2_clarisse,4945,100,100,100,1,
chapter:roam4_3_elite393:3,【双雷】カリスタ / 【双雷】ソレーヌ / 【薬毒】ミレア / 【薬毒】ヴィオラ,ch2_calista / ch2_solenne / ch2_mirea / ch2_viola,8320,100,100,100,2.08,
chapter:roam4_3_elite393:3,【霊符】シオン / 【霊符】スイレン / 【日月】ルナリア / 【日月】ソラリア,ch2_shion / ch2_suiren / ch2_lunaria / ch2_solaria,8320,100,100,100,2,
chapter:roam4_3_elite393:3,【竜姫】ドラシア / 【竜姫】リュシエ / 【薬毒】ミレア / 【薬毒】ヴィオラ,ch2_dracia / ch2_rucie / ch2_mirea / ch2_viola,8320,100,100,100,2,
heroes:4,【霊符】シオン / 【霊符】スイレン / 【日月】ルナリア / 【日月】ソラリア,ch2_shion / ch2_suiren / ch2_lunaria / ch2_solaria,3000,100,100,100,8.45,
heroes:4,【双藤】ネヴィア / 【双藤】エルミナ / 【聖翼】アウレ / 【聖翼】ノエル,ch2_nevia / ch2_elmina / ch2_aure / ch2_noelle,3000,100,100,100,5.71,
heroes:4,【剣姫】ネメシア / 【剣姫】エヴェリア / 【双鐘】フェルネ / 【双鐘】クラリス,ch2_nemesia / ch2_everia / ch2_ferne / ch2_clarisse,3000,100,100,100,6.66,
heroes:12,【霊符】シオン / 【霊符】スイレン / 【日月】ルナリア / 【日月】ソラリア,ch2_shion / ch2_suiren / ch2_lunaria / ch2_solaria,6500,100,99,99.0,7.62,
heroes:12,【双藤】ネヴィア / 【双藤】エルミナ / 【聖翼】アウレ / 【聖翼】ノエル,ch2_nevia / ch2_elmina / ch2_aure / ch2_noelle,6500,100,100,100,6.4,
heroes:12,【剣姫】ネメシア / 【剣姫】エヴェリア / 【双鐘】フェルネ / 【双鐘】クラリス,ch2_nemesia / ch2_everia / ch2_ferne / ch2_clarisse,6500,100,100,100,6.41,
campaign:2:boss,癒しキノコ / 古殻要塞ガニ / 珊瑚蛇コラルナーガ / 星盤オオグソク,healing_mushroom / stapler_crab / reef_serpent / compass_beetle,60,100,100,100,4.83,
campaign:2:boss,水精 / ゴブリン兵 / 鬼火 / 刃カマキリ,water_spirit / goblin_guard / willowisp / mantis,60,100,94,94.0,6.91,
campaign:2:boss,水精 / 泥殻将グラブロス / 深淵壺イソギンチャク / 雷燐蛾ヴォルモルフォ,water_spirit / mud_crab / gluepot_mimic / spark_moth,60,100,94,94.0,9.81,
campaign:10:abyss_gluttony,霧海母ミストメドゥーサ / 根城兵ルートバスティオン / 焔妖狐イグナレナード / 極光鎌虫,mist_jelly / root_guard / ember_fox / aurora_mantis,300,100,100,100,7.27,
campaign:10:abyss_gluttony,幽光オバケクラゲ / 鉄角王ミノスフェルム / 冥哭霊ネクロシア / 炎冠獅レオイグニス,correction_ghost / iron_minotaur / wraith / flame_lion,300,100,100,100,6,
campaign:10:abyss_gluttony,葬列司祭ネクロビショップ / 魔紋巨兵ルーンゴリアス / 夢蝕獣モルフェイーター / 翡翠刃ジェイドリーパー,grave_bishop / rune_golem / dream_eater / jade_mantis,300,100,88,88.0,11.35,
campaign:18:boss,氷樹姫ニヴルドリアード / 海嘯幼竜リヴァイアス / 雷衣術師エレノア / 雷鳴不死鳥フェニクスヴォルト,frost_dryad / leviathan_spawn / volt_veil_arcanist / storm_phoenix,540,100,100,100,2.91,
campaign:18:boss,蒼歌姫セイレーネ / 薔薇葬騎ローゼンヴァイス / 機巧賢者クロノマギア / 深海龍ネレイド,tide_siren / rose_knight / clockwork_mage / chalkboard_dragon,540,100,100,100,3.03,
campaign:18:boss,日輪聖女ソラリア / 世界樹護王ユグドガルド / 深海サルパ百鬼夜行 / 冥淵死神アビスモルテ,sun_priestess / world_tree_guardian / pencilcase_parade / abyss_reaper,540,100,100,100,3.16,
campaign:26:boss,葬列司祭ネクロビショップ / 黒葬騎ディアブロス / 雷衣術師エレノア / 海魔騎クラーケンロード,grave_bishop / dark_knight / volt_veil_arcanist / kraken_knight,780,100,100,100,2.71,
campaign:26:boss,極光聖獣アウロラ / 地殻巨神テラコロッサス / 日輪賢獣ソルスフィンクス / 血月侯ヴラドノクス,aurora_unicorn / earth_colossus / solar_sphinx / blood_count,780,100,100,100,3.14,
campaign:26:boss,日輪聖女ソラリア / 金剛神機アダマント / 疫界竜ペスティドラ / 天颶鳥ガルーダテンペスト,sun_priestess / adamant_golem / plague_dragon / cyclone_garuda,780,100,100,100,2.96,
campaign:34:boss,神託梟オラクルノクス / 凍鏡騎士グラシエル / 天嵐蛇王テンペストナーガ / 終刻狼ラグナロク,oracle_owl / frozen_mirror_knight / tempest_serpent / ragnarok_wolf,1020,100,100,100,1,
campaign:34:boss,日輪聖女ソラリア / 地殻巨神テラコロッサス / 氷界女帝グラシエラ / 星辰機神アステリオン,sun_priestess / earth_colossus / glacier_queen / star_automaton,1020,100,100,100,1.01,
campaign:34:boss,氷樹姫ニヴルドリアード / 金剛神機アダマント / 日輪賢獣ソルスフィンクス / 戦慄騎ケンタウロス,frost_dryad / adamant_golem / solar_sphinx / dread_centaur,1020,100,100,100,1.02,
campaign:42:boss,刻律機クロノギア / 凍鏡騎士グラシエル / 海皇姫ネレイディア / 蝕界竜エクリプシア,time_keeper / frozen_mirror_knight / sea_empress / eclipse_dragon,1260,100,100,100,1,
campaign:42:boss,熾天聖セラフィエル / 天穹鯨セレスティア / 冥毒九頭竜ヒュドラ / 雷霆麒麟ヴァジュラン,seraphim / celestial_whale / abyssal_hydra / thunder_kirin,1260,100,100,100,1,
campaign:42:boss,神託梟オラクルノクス / 地殻巨神テラコロッサス / 天嵐蛇王テンペストナーガ / 魔皇ディアボロス,oracle_owl / earth_colossus / tempest_serpent / demon_lord,1260,100,100,100,1,
campaign:50:abyss_greed,天翔聖馬ペガシエル / 雷装機神デウスマキナ / 嵐海覇竜リヴァイオン / 冥府皇ハデスノクス,celestial_pegasus / mechanical_deity / storm_leviathan / underworld_king,1500,100,100,100,1.04,
campaign:50:abyss_greed,刻律機クロノギア / 翠嶺巨獣ベヒモルド / 蠱毒女帝ヴェネフィカ / 氷獄狼フェンリシア,time_keeper / emerald_behemoth / poison_queen / frost_fenrir,1500,100,100,100,1.15,
campaign:50:abyss_greed,熾天聖セラフィエル / 凍鏡騎士グラシエル / 海皇姫ネレイディア / 蝕界竜エクリプシア,seraphim / frozen_mirror_knight / sea_empress / eclipse_dragon,1500,100,100,100,1.04,
campaign:58:boss,天翔聖馬ペガシエル / 玄天聖亀ゲンブロス / 晶界女帝クリスタリア / 血月戦姫ヴァルブラッド,celestial_pegasus / sacred_turtle / crystal_empress / blood_valkyrie,1740,100,100,100,1,
campaign:58:boss,刻律機クロノギア / 黒曜巨神オブシディア / 夢幻竜モルフェドラ / 混沌獣キメラカオス,time_keeper / obsidian_titan / dream_dragon / chaos_chimera,1740,100,100,100,1,
campaign:58:boss,熾天聖セラフィエル / 雷装機神デウスマキナ / 月仙兎アルミラージュ / 日輪神鳥ソルガルーダ,seraphim / mechanical_deity / moon_rabbit_sage / sun_garuda,1740,100,100,100,1,
campaign:66:boss,森羅王ケルヌンノス / 玄天聖亀ゲンブロス / ベチー / 極粘神オメガメルム,forest_cernunnos / sacred_turtle / bechi / omega_slime,1980,100,100,100,1,
campaign:66:boss,天翔聖馬ペガシエル / 黒曜巨神オブシディア / 星界賢王アストラスフィンクス / 雷冠竜ヴォルトレクス,celestial_pegasus / obsidian_titan / astral_sphinx / thunder_crown_dragon,1980,100,100,100,1,
campaign:66:boss,刻律機クロノギア / 雷装機神デウスマキナ / 晶界女帝クリスタリア / 太古竜エルドラグーン,time_keeper / mechanical_deity / crystal_empress / ancient_dragon,1980,100,100,100,1,
campaign:74:boss,原初不死鳥フェニクシア / 獣界覇王ベヒモルク / 虚無皇ヴォイドレクス / 神滅機アーク・ノア,primordial_phoenix / king_behemoth / void_emperor / god_machine_ark,2220,100,100,100,1.01,
campaign:74:boss,森羅王ケルヌンノス / 玄天聖亀ゲンブロス / 冥海竜皇リヴァイアサン / 黙示滅竜アポカリオン,forest_cernunnos / sacred_turtle / abyssal_leviathan / apocalypse_dragon,2220,100,100,100,1.01,
campaign:74:boss,天翔聖馬ペガシエル / 黒曜巨神オブシディア / ベチー / 天壊竜帝バハムート,celestial_pegasus / obsidian_titan / bechi / bahamut,2220,100,100,100,1.01,
campaign:80:ten_life,原初不死鳥フェニクシア / 創世巨神ジェネゴリア / 堕天熾使アザリエル / 混沌魔皇カオスディア,primordial_phoenix / genesis_golem / fallen_seraph / chaos_king,2400,100,100,100,1.02,
campaign:80:ten_life,森羅王ケルヌンノス / 終環蛇ヨルムンガルド / 虚無皇ヴォイドレクス / 永劫戦姫エタルキア,forest_cernunnos / world_serpent / void_emperor / eternal_valkyrie,2400,100,100,100,1.15,
campaign:80:ten_life,天翔聖馬ペガシエル / 獣界覇王ベヒモルク / 冥海竜皇リヴァイアサン / 神滅機アーク・ノア,celestial_pegasus / king_behemoth / abyssal_leviathan / god_machine_ark,2400,100,100,100,2.71,
campaign:88:boss,原初不死鳥フェニクシア / 黒曜竜ヴァルグリム / 氷界皇ニヴルシア / 星葬姫ルミナリア,primordial_phoenix / earth_sovereign / frost_sovereign / storm_sovereign,2640,100,100,100,1,
campaign:88:boss,森羅王ケルヌンノス / 創世巨神ジェネゴリア / 無窮九頭竜インフィニドラ / 天帝麒麟セイラン,forest_cernunnos / genesis_golem / infinite_hydra / celestial_kirin,2640,100,100,100,1,
campaign:88:boss,天翔聖馬ペガシエル / 終環蛇ヨルムンガルド / 堕天熾使アザリエル / 死界覇王モルディウス,celestial_pegasus / world_serpent / fallen_seraph / death_lord,2640,100,100,100,1,
campaign:94:boss,夢妖精ルミエラ / 天雷獅子レグルス / 深淵海姫セイレーネ / 星葬姫ルミナリア,fate_weaver / space_whale / time_dragon / storm_sovereign,2820,100,100,100,1,
campaign:94:boss,月蝕狼ルナファング / 黒曜竜ヴァルグリム / 機神アークノヴァ / 天帝麒麟セイラン,light_sovereign / earth_sovereign / dark_sovereign / celestial_kirin,2820,100,100,100,1,
campaign:94:boss,原初不死鳥フェニクシア / 創世巨神ジェネゴリア / 氷界皇ニヴルシア / 死界覇王モルディウス,primordial_phoenix / genesis_golem / frost_sovereign / death_lord,2820,100,100,100,1,
campaign:100:ten_end,夢妖精ルミエラ / 暁剣姫アウレリア / 灰燼鬼カグラ / 虚無鯨アビサリス,fate_weaver / abyss_gatekeeper / nightmare_empress / crownless_hero,3000,100,100,100,1.02,
campaign:100:ten_end,月蝕狼ルナファング / 天雷獅子レグルス / 翠嵐グリフォン / 星葬姫ルミナリア,light_sovereign / space_whale / dream_emperor / storm_sovereign,3000,100,100,100,1.03,
campaign:100:ten_end,原初不死鳥フェニクシア / 黒曜竜ヴァルグリム / 深淵海姫セイレーネ / 天帝麒麟セイラン,primordial_phoenix / earth_sovereign / time_dragon / celestial_kirin,3000,100,100,100,1.11,
rematch:floor-boss-70,【鏡侍女】リュネ / 【鏡侍女】ロゼ / 【聖翼】アウレ / 【聖翼】ノエル,ch2_ryune / ch2_rose / ch2_aure / ch2_noelle,70,100,100,100,1.93,
rematch:floor-boss-70,【霊符】シオン / 【霊符】スイレン / 【日月】ルナリア / 【日月】ソラリア,ch2_shion / ch2_suiren / ch2_lunaria / ch2_solaria,70,100,100,100,1.52,
rematch:floor-boss-70,【竜姫】ドラシア / 【竜姫】リュシエ / 【薬毒】ミレア / 【薬毒】ヴィオラ,ch2_dracia / ch2_rucie / ch2_mirea / ch2_viola,70,100,100,100,2.03,
rematch:floor-boss-160,【鏡侍女】リュネ / 【鏡侍女】ロゼ / 【聖翼】アウレ / 【聖翼】ノエル,ch2_ryune / ch2_rose / ch2_aure / ch2_noelle,160,100,100,100,2,
rematch:floor-boss-160,【双雷】カリスタ / 【双雷】ソレーヌ / 【薬毒】ミレア / 【薬毒】ヴィオラ,ch2_calista / ch2_solenne / ch2_mirea / ch2_viola,160,100,100,100,2.15,
rematch:floor-boss-160,【霊符】シオン / 【霊符】スイレン / 【日月】ルナリア / 【日月】ソラリア,ch2_shion / ch2_suiren / ch2_lunaria / ch2_solaria,160,100,100,100,2,
rematch:floor-boss-250,【封鍵】メリオラ / 【封鍵】エリゼル / 【薔薇】ノクテル / 【薔薇】オーリアン,ch2_meliora / ch2_elyselle / ch2_noctelle / ch2_auriane,250,100,100,100,2.36,
rematch:floor-boss-250,【双藤】ネヴィア / 【双藤】エルミナ / 【聖翼】アウレ / 【聖翼】ノエル,ch2_nevia / ch2_elmina / ch2_aure / ch2_noelle,250,100,100,100,2.66,
rematch:floor-boss-250,【剣姫】ネメシア / 【剣姫】エヴェリア / 【双鐘】フェルネ / 【双鐘】クラリス,ch2_nemesia / ch2_everia / ch2_ferne / ch2_clarisse,250,100,100,100,2.05,
rematch:floor-boss-340,【鏡侍女】リュネ / 【鏡侍女】ロゼ / 【聖翼】アウレ / 【聖翼】ノエル,ch2_ryune / ch2_rose / ch2_aure / ch2_noelle,340,100,100,100,2.06,
rematch:floor-boss-340,【双雷】カリスタ / 【双雷】ソレーヌ / 【薬毒】ミレア / 【薬毒】ヴィオラ,ch2_calista / ch2_solenne / ch2_mirea / ch2_viola,340,100,100,100,2.24,
rematch:floor-boss-340,【霊符】シオン / 【霊符】スイレン / 【日月】ルナリア / 【日月】ソラリア,ch2_shion / ch2_suiren / ch2_lunaria / ch2_solaria,340,100,100,100,2,
rematch:floor-boss-430,【鏡侍女】リュネ / 【鏡侍女】ロゼ / 【聖翼】アウレ / 【聖翼】ノエル,ch2_ryune / ch2_rose / ch2_aure / ch2_noelle,430,100,100,100,2.52,
rematch:floor-boss-430,【双雷】カリスタ / 【双雷】ソレーヌ / 【薬毒】ミレア / 【薬毒】ヴィオラ,ch2_calista / ch2_solenne / ch2_mirea / ch2_viola,430,100,100,100,2.8,
rematch:floor-boss-430,【霊符】シオン / 【霊符】スイレン / 【日月】ルナリア / 【日月】ソラリア,ch2_shion / ch2_suiren / ch2_lunaria / ch2_solaria,430,100,100,100,2.13,
rematch:floor-boss-520,【鏡侍女】リュネ / 【鏡侍女】ロゼ / 【聖翼】アウレ / 【聖翼】ノエル,ch2_ryune / ch2_rose / ch2_aure / ch2_noelle,520,100,100,100,2.12,
rematch:floor-boss-520,【双雷】カリスタ / 【双雷】ソレーヌ / 【薬毒】ミレア / 【薬毒】ヴィオラ,ch2_calista / ch2_solenne / ch2_mirea / ch2_viola,520,100,100,100,2.07,
rematch:floor-boss-520,【霊符】シオン / 【霊符】スイレン / 【日月】ルナリア / 【日月】ソラリア,ch2_shion / ch2_suiren / ch2_lunaria / ch2_solaria,520,100,100,100,2.01,
rematch:floor-boss-610,【双雷】カリスタ / 【双雷】ソレーヌ / 【薬毒】ミレア / 【薬毒】ヴィオラ,ch2_calista / ch2_solenne / ch2_mirea / ch2_viola,610,100,100,100,1.92,
rematch:floor-boss-610,【霊符】シオン / 【霊符】スイレン / 【日月】ルナリア / 【日月】ソラリア,ch2_shion / ch2_suiren / ch2_lunaria / ch2_solaria,610,100,100,100,1.72,
rematch:floor-boss-610,【剣姫】ネメシア / 【剣姫】エヴェリア / 【双鐘】フェルネ / 【双鐘】クラリス,ch2_nemesia / ch2_everia / ch2_ferne / ch2_clarisse,610,100,100,100,1.32,
rematch:floor-boss-690,【竜姫】ドラシア / 【竜姫】リュシエ / 【薬毒】ミレア / 【薬毒】ヴィオラ,ch2_dracia / ch2_rucie / ch2_mirea / ch2_viola,690,100,100,100,6.25,
rematch:floor-boss-690,【返誓】ロスティア / 【返誓】アルテア / 【星刻】エイレーネ / 【星刻】イリデル,ch2_rostia / ch2_althea / ch2_eirene / ch2_iridelle,690,100,100,100,5.25,
rematch:floor-boss-690,【剣姫】ネメシア / 【剣姫】エヴェリア / 【双鐘】フェルネ / 【双鐘】クラリス,ch2_nemesia / ch2_everia / ch2_ferne / ch2_clarisse,690,100,100,100,5.41,
rematch:floor-boss-780,【双雷】カリスタ / 【双雷】ソレーヌ / 【薬毒】ミレア / 【薬毒】ヴィオラ,ch2_calista / ch2_solenne / ch2_mirea / ch2_viola,780,100,100,100,2.98,
rematch:floor-boss-780,【返誓】ロスティア / 【返誓】アルテア / 【星刻】エイレーネ / 【星刻】イリデル,ch2_rostia / ch2_althea / ch2_eirene / ch2_iridelle,780,100,100,100,2.37,
rematch:floor-boss-780,【剣姫】ネメシア / 【剣姫】エヴェリア / 【双鐘】フェルネ / 【双鐘】クラリス,ch2_nemesia / ch2_everia / ch2_ferne / ch2_clarisse,780,100,100,100,2.24,
rematch:floor-boss-870,【鏡侍女】リュネ / 【鏡侍女】ロゼ / 【聖翼】アウレ / 【聖翼】ノエル,ch2_ryune / ch2_rose / ch2_aure / ch2_noelle,870,100,100,100,2.77,
rematch:floor-boss-870,【霊符】シオン / 【霊符】スイレン / 【日月】ルナリア / 【日月】ソラリア,ch2_shion / ch2_suiren / ch2_lunaria / ch2_solaria,870,100,100,100,2.72,
rematch:floor-boss-870,【封鍵】メリオラ / 【封鍵】エリゼル / 【薔薇】ノクテル / 【薔薇】オーリアン,ch2_meliora / ch2_elyselle / ch2_noctelle / ch2_auriane,870,100,100,100,2.73,
rematch:floor-boss-960,【鏡侍女】リュネ / 【鏡侍女】ロゼ / 【聖翼】アウレ / 【聖翼】ノエル,ch2_ryune / ch2_rose / ch2_aure / ch2_noelle,960,100,100,100,3.34,
rematch:floor-boss-960,【双藤】ネヴィア / 【双藤】エルミナ / 【聖翼】アウレ / 【聖翼】ノエル,ch2_nevia / ch2_elmina / ch2_aure / ch2_noelle,960,100,100,100,3.19,
rematch:floor-boss-960,【剣姫】ネメシア / 【剣姫】エヴェリア / 【双鐘】フェルネ / 【双鐘】クラリス,ch2_nemesia / ch2_everia / ch2_ferne / ch2_clarisse,960,100,100,100,2.91,
corridor:5,【鏡侍女】リュネ / 【鏡侍女】ロゼ / 【聖翼】アウレ / 【聖翼】ノエル,ch2_ryune / ch2_rose / ch2_aure / ch2_noelle,50,100,100,100,2.17,
corridor:5,【霊符】シオン / 【霊符】スイレン / 【日月】ルナリア / 【日月】ソラリア,ch2_shion / ch2_suiren / ch2_lunaria / ch2_solaria,50,100,100,100,2.06,
corridor:5,【封鍵】メリオラ / 【封鍵】エリゼル / 【薔薇】ノクテル / 【薔薇】オーリアン,ch2_meliora / ch2_elyselle / ch2_noctelle / ch2_auriane,50,100,100,100,2,
corridor:13,【封鍵】メリオラ / 【封鍵】エリゼル / 【薔薇】ノクテル / 【薔薇】オーリアン,ch2_meliora / ch2_elyselle / ch2_noctelle / ch2_auriane,140,100,100,100,1.1,
corridor:13,【返誓】ロスティア / 【返誓】アルテア / 【星刻】エイレーネ / 【星刻】イリデル,ch2_rostia / ch2_althea / ch2_eirene / ch2_iridelle,140,100,100,100,1.07,
corridor:13,【星糸】セレス / 【星糸】ルミナ / 【誓姫】リリエット / 【誓姫】ロゼット,ch2_celes / ch2_lumina / ch2_lyriet / ch2_rosette,140,100,100,100,1.09,
corridor:21,【剣姫】ネメシア / 【剣姫】エヴェリア / 【双鐘】フェルネ / 【双鐘】クラリス,ch2_nemesia / ch2_everia / ch2_ferne / ch2_clarisse,230,100,100,100,2.23,
corridor:21,【双雷】カリスタ / 【双雷】ソレーヌ / 【薬毒】ミレア / 【薬毒】ヴィオラ,ch2_calista / ch2_solenne / ch2_mirea / ch2_viola,230,100,100,100,4.03,
corridor:21,【封鍵】メリオラ / 【封鍵】エリゼル / 【薔薇】ノクテル / 【薔薇】オーリアン,ch2_meliora / ch2_elyselle / ch2_noctelle / ch2_auriane,230,100,99,99.0,5.41,
corridor:29,【霊符】シオン / 【霊符】スイレン / 【日月】ルナリア / 【日月】ソラリア,ch2_shion / ch2_suiren / ch2_lunaria / ch2_solaria,320,100,100,100,1.3,
corridor:29,【封鍵】メリオラ / 【封鍵】エリゼル / 【薔薇】ノクテル / 【薔薇】オーリアン,ch2_meliora / ch2_elyselle / ch2_noctelle / ch2_auriane,320,100,100,100,1.2,
corridor:29,【竜姫】ドラシア / 【竜姫】リュシエ / 【薬毒】ミレア / 【薬毒】ヴィオラ,ch2_dracia / ch2_rucie / ch2_mirea / ch2_viola,320,100,100,100,1.45,
corridor:37,【封鍵】メリオラ / 【封鍵】エリゼル / 【薔薇】ノクテル / 【薔薇】オーリアン,ch2_meliora / ch2_elyselle / ch2_noctelle / ch2_auriane,410,100,100,100,1.83,
corridor:37,【星糸】セレス / 【星糸】ルミナ / 【誓姫】リリエット / 【誓姫】ロゼット,ch2_celes / ch2_lumina / ch2_lyriet / ch2_rosette,410,100,100,100,1.65,
corridor:37,【剣姫】ネメシア / 【剣姫】エヴェリア / 【双鐘】フェルネ / 【双鐘】クラリス,ch2_nemesia / ch2_everia / ch2_ferne / ch2_clarisse,410,100,100,100,1.17,
corridor:45,【剣姫】ネメシア / 【剣姫】エヴェリア / 【双鐘】フェルネ / 【双鐘】クラリス,ch2_nemesia / ch2_everia / ch2_ferne / ch2_clarisse,490,100,100,100,3.3,
corridor:45,【封鍵】メリオラ / 【封鍵】エリゼル / 【薔薇】ノクテル / 【薔薇】オーリアン,ch2_meliora / ch2_elyselle / ch2_noctelle / ch2_auriane,490,100,100,100,6.09,
corridor:45,【竜姫】ドラシア / 【竜姫】リュシエ / 【薬毒】ミレア / 【薬毒】ヴィオラ,ch2_dracia / ch2_rucie / ch2_mirea / ch2_viola,490,100,99,99.0,6.88,
corridor:53,【返誓】ロスティア / 【返誓】アルテア / 【星刻】エイレーネ / 【星刻】イリデル,ch2_rostia / ch2_althea / ch2_eirene / ch2_iridelle,580,100,100,100,1.35,
corridor:53,【鏡侍女】リュネ / 【鏡侍女】ロゼ / 【聖翼】アウレ / 【聖翼】ノエル,ch2_ryune / ch2_rose / ch2_aure / ch2_noelle,580,100,100,100,2,
corridor:53,【双雷】カリスタ / 【双雷】ソレーヌ / 【薬毒】ミレア / 【薬毒】ヴィオラ,ch2_calista / ch2_solenne / ch2_mirea / ch2_viola,580,100,100,100,2.03,
corridor:61,【月狐】カグラ / 【月狐】サヨ / 【双鐘】フェルネ / 【双鐘】クラリス,ch2_kagura / ch2_sayo / ch2_ferne / ch2_clarisse,670,100,77,77.0,6.67,
corridor:61,【返誓】ロスティア / 【返誓】アルテア / 【星刻】エイレーネ / 【星刻】イリデル,ch2_rostia / ch2_althea / ch2_eirene / ch2_iridelle,670,100,95,95.0,3.7,
corridor:61,【星糸】セレス / 【星糸】ルミナ / 【誓姫】リリエット / 【誓姫】ロゼット,ch2_celes / ch2_lumina / ch2_lyriet / ch2_rosette,670,100,89,89.0,4.73,
corridor:69,【封鍵】メリオラ / 【封鍵】エリゼル / 【薔薇】ノクテル / 【薔薇】オーリアン,ch2_meliora / ch2_elyselle / ch2_noctelle / ch2_auriane,760,100,100,100,3.55,
corridor:69,【剣姫】ネメシア / 【剣姫】エヴェリア / 【双鐘】フェルネ / 【双鐘】クラリス,ch2_nemesia / ch2_everia / ch2_ferne / ch2_clarisse,760,100,100,100,3.37,
corridor:69,【竜姫】ドラシア / 【竜姫】リュシエ / 【薬毒】ミレア / 【薬毒】ヴィオラ,ch2_dracia / ch2_rucie / ch2_mirea / ch2_viola,760,100,99,99.0,4.26,
corridor:77,【竜姫】ドラシア / 【竜姫】リュシエ / 【薬毒】ミレア / 【薬毒】ヴィオラ,ch2_dracia / ch2_rucie / ch2_mirea / ch2_viola,850,100,59,59.0,26.72,
corridor:77,【双藤】ネヴィア / 【双藤】エルミナ / 【聖翼】アウレ / 【聖翼】ノエル,ch2_nevia / ch2_elmina / ch2_aure / ch2_noelle,850,100,99,99.0,12.9,
corridor:77,【鏡侍女】リュネ / 【鏡侍女】ロゼ / 【聖翼】アウレ / 【聖翼】ノエル,ch2_ryune / ch2_rose / ch2_aure / ch2_noelle,850,100,53,53.0,27.55,
corridor:77,【封鍵】メリオラ / 【封鍵】エリゼル / 【薔薇】ノクテル / 【薔薇】オーリアン,ch2_meliora / ch2_elyselle / ch2_noctelle / ch2_auriane,850,100,97,97.0,14.18,
corridor:77,【剣姫】ネメシア / 【剣姫】エヴェリア / 【双鐘】フェルネ / 【双鐘】クラリス,ch2_nemesia / ch2_everia / ch2_ferne / ch2_clarisse,850,100,98,98.0,15.63,
corridor:85,【封鍵】メリオラ / 【封鍵】エリゼル / 【薔薇】ノクテル / 【薔薇】オーリアン,ch2_meliora / ch2_elyselle / ch2_noctelle / ch2_auriane,940,100,44,44.0,9.53,
corridor:85,【剣姫】ネメシア / 【剣姫】エヴェリア / 【双鐘】フェルネ / 【双鐘】クラリス,ch2_nemesia / ch2_everia / ch2_ferne / ch2_clarisse,940,100,61,61.0,6.23,
corridor:85,【竜姫】ドラシア / 【竜姫】リュシエ / 【薬毒】ミレア / 【薬毒】ヴィオラ,ch2_dracia / ch2_rucie / ch2_mirea / ch2_viola,940,100,2,2.0,11.43,
corridor:85,【霊符】シオン / 【霊符】スイレン / 【日月】ルナリア / 【日月】ソラリア,ch2_shion / ch2_suiren / ch2_lunaria / ch2_solaria,940,100,22,22.0,7.81,
corridor:85,【双藤】ネヴィア / 【双藤】エルミナ / 【聖翼】アウレ / 【聖翼】ノエル,ch2_nevia / ch2_elmina / ch2_aure / ch2_noelle,940,100,11,11.0,9.33,
corridor:85,【返誓】ロスティア / 【返誓】アルテア / 【星刻】エイレーネ / 【星刻】イリデル,ch2_rostia / ch2_althea / ch2_eirene / ch2_iridelle,940,100,30,30.0,9.61,
corridor:85,【剣姫】ネメシア / 【剣姫】エヴェリア / 灰燭の呪術師セネラ / 鎖翼竜ヴェルグ,ch2_nemesia / ch2_everia / ch2_senela / ch2_velg,940,100,21,21.0,8.32,
corridor:85,原初不死鳥フェニクシア / 黒曜竜ヴァルグリム / 深淵海姫セイレーネ / 天帝麒麟セイラン,primordial_phoenix / earth_sovereign / time_dragon / celestial_kirin,940,100,87,87.0,13.66,
corridor:85,森羅王ケルヌンノス / 創世巨神ジェネゴリア / 機神アークノヴァ / 死界覇王モルディウス,forest_cernunnos / genesis_golem / dark_sovereign / death_lord,940,100,5,5.0,20.47,
corridor:85,天翔聖馬ペガシエル / 終環蛇ヨルムンガルド / 氷界皇ニヴルシア / 混沌魔皇カオスディア,celestial_pegasus / world_serpent / frost_sovereign / chaos_king,940,100,32,32.0,19.83,
corridor:85,【鏡侍女】リュネ / 【鏡侍女】ロゼ / 【聖翼】アウレ / 【聖翼】ノエル,ch2_ryune / ch2_rose / ch2_aure / ch2_noelle,940,100,1,1.0,12.38,
corridor:85,【双雷】カリスタ / 【双雷】ソレーヌ / 【薬毒】ミレア / 【薬毒】ヴィオラ,ch2_calista / ch2_solenne / ch2_mirea / ch2_viola,940,100,0,0,9.48,
corridor:85,【硝子】セリア / 【硝子】カルミア / 封書の小剣姫ルメア / 夜灯の従騎フィオラ,ch2_seria / ch2_carmia / ch2_lumea / ch2_fiora,940,100,0,0,6.43,
corridor:85,【月狐】カグラ / 【月狐】サヨ / 【双鐘】フェルネ / 【双鐘】クラリス,ch2_kagura / ch2_sayo / ch2_ferne / ch2_clarisse,940,100,3,3.0,10.38,
corridor:85,【星糸】セレス / 【星糸】ルミナ / 【誓姫】リリエット / 【誓姫】ロゼット,ch2_celes / ch2_lumina / ch2_lyriet / ch2_rosette,940,100,8,8.0,10.4,
corridor:85,【夢境】モリナ / 【夢境】エルミゼ / 【縫兎】リッカ / 【縫兎】リンネ,ch2_morina / ch2_elmize / ch2_rikka / ch2_rinne,940,100,0,0,6.43,
corridor:85,【硝子】セリア / 【硝子】カルミア / 【聖翼】アウレ / 【聖翼】ノエル,ch2_seria / ch2_carmia / ch2_aure / ch2_noelle,940,100,0,0,3.51,
corridor:85,【硝子】セリア / 【硝子】カルミア / 【双鐘】フェルネ / 【双鐘】クラリス,ch2_seria / ch2_carmia / ch2_ferne / ch2_clarisse,940,100,0,0,11.28,
corridor:85,【双藤】ネヴィア / 【双藤】エルミナ / 【竜姫】ドラシア / 【竜姫】リュシエ,ch2_nevia / ch2_elmina / ch2_dracia / ch2_rucie,940,100,6,6.0,9.97,
corridor:85,【薬毒】ミレア / 【薬毒】ヴィオラ / 封書の小剣姫ルメア / 鎖翼竜ヴェルグ,ch2_mirea / ch2_viola / ch2_lumea / ch2_velg,940,100,0,0,4.67,
corridor:85,【聖翼】アウレ / 【聖翼】ノエル / 封書の小剣姫ルメア / 灰燭の呪術師セネラ,ch2_aure / ch2_noelle / ch2_lumea / ch2_senela,940,100,1,1.0,11.38,
corridor:93,【剣姫】ネメシア / 【剣姫】エヴェリア / 【双鐘】フェルネ / 【双鐘】クラリス,ch2_nemesia / ch2_everia / ch2_ferne / ch2_clarisse,6844,100,100,100,2,
corridor:93,【鏡侍女】リュネ / 【鏡侍女】ロゼ / 【聖翼】アウレ / 【聖翼】ノエル,ch2_ryune / ch2_rose / ch2_aure / ch2_noelle,6844,100,100,100,2.04,
corridor:93,【双雷】カリスタ / 【双雷】ソレーヌ / 【薬毒】ミレア / 【薬毒】ヴィオラ,ch2_calista / ch2_solenne / ch2_mirea / ch2_viola,6844,100,100,100,2.01,
corridor:101,【星糸】セレス / 【星糸】ルミナ / 【誓姫】リリエット / 【誓姫】ロゼット,ch2_celes / ch2_lumina / ch2_lyriet / ch2_rosette,7420,100,100,100,3.39,
corridor:101,【月狐】カグラ / 【月狐】サヨ / 【双鐘】フェルネ / 【双鐘】クラリス,ch2_kagura / ch2_sayo / ch2_ferne / ch2_clarisse,7420,100,100,100,4.61,
corridor:101,【双藤】ネヴィア / 【双藤】エルミナ / 【聖翼】アウレ / 【聖翼】ノエル,ch2_nevia / ch2_elmina / ch2_aure / ch2_noelle,7420,100,100,100,4,
corridor:109,【封鍵】メリオラ / 【封鍵】エリゼル / 【薔薇】ノクテル / 【薔薇】オーリアン,ch2_meliora / ch2_elyselle / ch2_noctelle / ch2_auriane,8005,100,100,100,2.01,
corridor:109,【双藤】ネヴィア / 【双藤】エルミナ / 【聖翼】アウレ / 【聖翼】ノエル,ch2_nevia / ch2_elmina / ch2_aure / ch2_noelle,8005,100,100,100,2.03,
corridor:109,【剣姫】ネメシア / 【剣姫】エヴェリア / 【双鐘】フェルネ / 【双鐘】クラリス,ch2_nemesia / ch2_everia / ch2_ferne / ch2_clarisse,8005,100,100,100,1.56,
team:5,【封鍵】メリオラ / 【封鍵】エリゼル / 【薔薇】ノクテル / 【薔薇】オーリアン,ch2_meliora / ch2_elyselle / ch2_noctelle / ch2_auriane,120,100,100,100,1,
team:5,【剣姫】ネメシア / 【剣姫】エヴェリア / 【双鐘】フェルネ / 【双鐘】クラリス,ch2_nemesia / ch2_everia / ch2_ferne / ch2_clarisse,120,100,100,100,1,
team:5,【鏡侍女】リュネ / 【鏡侍女】ロゼ / 【聖翼】アウレ / 【聖翼】ノエル,ch2_ryune / ch2_rose / ch2_aure / ch2_noelle,120,100,100,100,1.44,
team:13,【封鍵】メリオラ / 【封鍵】エリゼル / 【薔薇】ノクテル / 【薔薇】オーリアン,ch2_meliora / ch2_elyselle / ch2_noctelle / ch2_auriane,140,100,100,100,1,
team:13,【返誓】ロスティア / 【返誓】アルテア / 【星刻】エイレーネ / 【星刻】イリデル,ch2_rostia / ch2_althea / ch2_eirene / ch2_iridelle,140,100,100,100,1,
team:13,【星糸】セレス / 【星糸】ルミナ / 【誓姫】リリエット / 【誓姫】ロゼット,ch2_celes / ch2_lumina / ch2_lyriet / ch2_rosette,140,100,100,100,1.03,
team:21,【剣姫】ネメシア / 【剣姫】エヴェリア / 【双鐘】フェルネ / 【双鐘】クラリス,ch2_nemesia / ch2_everia / ch2_ferne / ch2_clarisse,230,100,100,100,1.72,
team:21,【鏡侍女】リュネ / 【鏡侍女】ロゼ / 【聖翼】アウレ / 【聖翼】ノエル,ch2_ryune / ch2_rose / ch2_aure / ch2_noelle,230,100,100,100,3,
team:21,【双雷】カリスタ / 【双雷】ソレーヌ / 【薬毒】ミレア / 【薬毒】ヴィオラ,ch2_calista / ch2_solenne / ch2_mirea / ch2_viola,230,100,100,100,2.25,
team:29,【霊符】シオン / 【霊符】スイレン / 【日月】ルナリア / 【日月】ソラリア,ch2_shion / ch2_suiren / ch2_lunaria / ch2_solaria,320,100,100,100,1.03,
team:29,【返誓】ロスティア / 【返誓】アルテア / 【星刻】エイレーネ / 【星刻】イリデル,ch2_rostia / ch2_althea / ch2_eirene / ch2_iridelle,320,100,100,100,1,
team:29,【星糸】セレス / 【星糸】ルミナ / 【誓姫】リリエット / 【誓姫】ロゼット,ch2_celes / ch2_lumina / ch2_lyriet / ch2_rosette,320,100,100,100,1.06,
team:37,【霊符】シオン / 【霊符】スイレン / 【日月】ルナリア / 【日月】ソラリア,ch2_shion / ch2_suiren / ch2_lunaria / ch2_solaria,410,100,100,100,2,
team:37,【双藤】ネヴィア / 【双藤】エルミナ / 【聖翼】アウレ / 【聖翼】ノエル,ch2_nevia / ch2_elmina / ch2_aure / ch2_noelle,410,100,100,100,2,
team:37,【返誓】ロスティア / 【返誓】アルテア / 【星刻】エイレーネ / 【星刻】イリデル,ch2_rostia / ch2_althea / ch2_eirene / ch2_iridelle,410,100,100,100,1.87,
team:45,【剣姫】ネメシア / 【剣姫】エヴェリア / 【双鐘】フェルネ / 【双鐘】クラリス,ch2_nemesia / ch2_everia / ch2_ferne / ch2_clarisse,490,100,100,100,3.77,
team:45,【封鍵】メリオラ / 【封鍵】エリゼル / 【薔薇】ノクテル / 【薔薇】オーリアン,ch2_meliora / ch2_elyselle / ch2_noctelle / ch2_auriane,490,100,100,100,7.48,
team:45,【竜姫】ドラシア / 【竜姫】リュシエ / 【薬毒】ミレア / 【薬毒】ヴィオラ,ch2_dracia / ch2_rucie / ch2_mirea / ch2_viola,490,100,100,100,7.12,
team:53,【鏡侍女】リュネ / 【鏡侍女】ロゼ / 【聖翼】アウレ / 【聖翼】ノエル,ch2_ryune / ch2_rose / ch2_aure / ch2_noelle,580,100,100,100,2,
team:53,【霊符】シオン / 【霊符】スイレン / 【日月】ルナリア / 【日月】ソラリア,ch2_shion / ch2_suiren / ch2_lunaria / ch2_solaria,580,100,100,100,2,
team:53,【封鍵】メリオラ / 【封鍵】エリゼル / 【薔薇】ノクテル / 【薔薇】オーリアン,ch2_meliora / ch2_elyselle / ch2_noctelle / ch2_auriane,580,100,100,100,2,
team:61,【竜姫】ドラシア / 【竜姫】リュシエ / 【薬毒】ミレア / 【薬毒】ヴィオラ,ch2_dracia / ch2_rucie / ch2_mirea / ch2_viola,670,100,92,92.0,5.24,
team:61,【霊符】シオン / 【霊符】スイレン / 【日月】ルナリア / 【日月】ソラリア,ch2_shion / ch2_suiren / ch2_lunaria / ch2_solaria,670,100,95,95.0,4.36,
team:61,【双藤】ネヴィア / 【双藤】エルミナ / 【聖翼】アウレ / 【聖翼】ノエル,ch2_nevia / ch2_elmina / ch2_aure / ch2_noelle,670,100,89,89.0,4.73,
team:69,【封鍵】メリオラ / 【封鍵】エリゼル / 【薔薇】ノクテル / 【薔薇】オーリアン,ch2_meliora / ch2_elyselle / ch2_noctelle / ch2_auriane,760,100,100,100,3.09,
team:69,【剣姫】ネメシア / 【剣姫】エヴェリア / 【双鐘】フェルネ / 【双鐘】クラリス,ch2_nemesia / ch2_everia / ch2_ferne / ch2_clarisse,760,100,100,100,2.87,
team:69,【双雷】カリスタ / 【双雷】ソレーヌ / 【薬毒】ミレア / 【薬毒】ヴィオラ,ch2_calista / ch2_solenne / ch2_mirea / ch2_viola,760,100,100,100,3.64,
team:77,【双藤】ネヴィア / 【双藤】エルミナ / 【聖翼】アウレ / 【聖翼】ノエル,ch2_nevia / ch2_elmina / ch2_aure / ch2_noelle,850,100,100,100,6.51,
team:77,【双雷】カリスタ / 【双雷】ソレーヌ / 【薬毒】ミレア / 【薬毒】ヴィオラ,ch2_calista / ch2_solenne / ch2_mirea / ch2_viola,850,100,89,89.0,15.64,
team:77,【霊符】シオン / 【霊符】スイレン / 【日月】ルナリア / 【日月】ソラリア,ch2_shion / ch2_suiren / ch2_lunaria / ch2_solaria,850,100,100,100,8.83,
team:85,【霊符】シオン / 【霊符】スイレン / 【日月】ルナリア / 【日月】ソラリア,ch2_shion / ch2_suiren / ch2_lunaria / ch2_solaria,940,100,96,96.0,4.37,
team:85,【双藤】ネヴィア / 【双藤】エルミナ / 【聖翼】アウレ / 【聖翼】ノエル,ch2_nevia / ch2_elmina / ch2_aure / ch2_noelle,940,100,96,96.0,4.3,
team:85,【剣姫】ネメシア / 【剣姫】エヴェリア / 【双鐘】フェルネ / 【双鐘】クラリス,ch2_nemesia / ch2_everia / ch2_ferne / ch2_clarisse,940,100,99,99.0,3.25,
manual:abyss_gluttony:manifest50,【鏡侍女】リュネ / 【鏡侍女】ロゼ / 【聖翼】アウレ / 【聖翼】ノエル,ch2_ryune / ch2_rose / ch2_aure / ch2_noelle,9999,100,100,100,1,
manual:abyss_gluttony:manifest50,【双雷】カリスタ / 【双雷】ソレーヌ / 【薬毒】ミレア / 【薬毒】ヴィオラ,ch2_calista / ch2_solenne / ch2_mirea / ch2_viola,9999,100,100,100,1,
manual:abyss_gluttony:manifest50,【霊符】シオン / 【霊符】スイレン / 【日月】ルナリア / 【日月】ソラリア,ch2_shion / ch2_suiren / ch2_lunaria / ch2_solaria,9999,100,100,100,1,
manual:abyss_envy:manifest50,【鏡侍女】リュネ / 【鏡侍女】ロゼ / 【聖翼】アウレ / 【聖翼】ノエル,ch2_ryune / ch2_rose / ch2_aure / ch2_noelle,9999,100,100,100,2,
manual:abyss_envy:manifest50,【双雷】カリスタ / 【双雷】ソレーヌ / 【薬毒】ミレア / 【薬毒】ヴィオラ,ch2_calista / ch2_solenne / ch2_mirea / ch2_viola,9999,100,100,100,2,
manual:abyss_envy:manifest50,【硝子】セリア / 【硝子】カルミア / 封書の小剣姫ルメア / 夜灯の従騎フィオラ,ch2_seria / ch2_carmia / ch2_lumea / ch2_fiora,9999,100,100,100,2.03,
manual:abyss_greed:manifest50,【鏡侍女】リュネ / 【鏡侍女】ロゼ / 【聖翼】アウレ / 【聖翼】ノエル,ch2_ryune / ch2_rose / ch2_aure / ch2_noelle,9999,100,100,100,2,
manual:abyss_greed:manifest50,【双雷】カリスタ / 【双雷】ソレーヌ / 【薬毒】ミレア / 【薬毒】ヴィオラ,ch2_calista / ch2_solenne / ch2_mirea / ch2_viola,9999,100,100,100,2,
manual:abyss_greed:manifest50,【硝子】セリア / 【硝子】カルミア / 封書の小剣姫ルメア / 夜灯の従騎フィオラ,ch2_seria / ch2_carmia / ch2_lumea / ch2_fiora,9999,100,100,100,2.05,
manual:abyss_pride:manifest50,【鏡侍女】リュネ / 【鏡侍女】ロゼ / 【聖翼】アウレ / 【聖翼】ノエル,ch2_ryune / ch2_rose / ch2_aure / ch2_noelle,9999,100,100,100,1,
manual:abyss_pride:manifest50,【双雷】カリスタ / 【双雷】ソレーヌ / 【薬毒】ミレア / 【薬毒】ヴィオラ,ch2_calista / ch2_solenne / ch2_mirea / ch2_viola,9999,100,100,100,1.07,
manual:abyss_pride:manifest50,【霊符】シオン / 【霊符】スイレン / 【日月】ルナリア / 【日月】ソラリア,ch2_shion / ch2_suiren / ch2_lunaria / ch2_solaria,9999,100,100,100,1.03,
manual:ten_space:manifest50,【霊符】シオン / 【霊符】スイレン / 【日月】ルナリア / 【日月】ソラリア,ch2_shion / ch2_suiren / ch2_lunaria / ch2_solaria,9999,100,100,100,1.77,
manual:ten_space:manifest50,【封鍵】メリオラ / 【封鍵】エリゼル / 【薔薇】ノクテル / 【薔薇】オーリアン,ch2_meliora / ch2_elyselle / ch2_noctelle / ch2_auriane,9999,100,100,100,1.08,
manual:ten_space:manifest50,【双藤】ネヴィア / 【双藤】エルミナ / 【聖翼】アウレ / 【聖翼】ノエル,ch2_nevia / ch2_elmina / ch2_aure / ch2_noelle,9999,100,100,100,1.97,
manual:ten_death:manifest50,【鏡侍女】リュネ / 【鏡侍女】ロゼ / 【聖翼】アウレ / 【聖翼】ノエル,ch2_ryune / ch2_rose / ch2_aure / ch2_noelle,9999,100,100,100,1.14,
manual:ten_death:manifest50,【霊符】シオン / 【霊符】スイレン / 【日月】ルナリア / 【日月】ソラリア,ch2_shion / ch2_suiren / ch2_lunaria / ch2_solaria,9999,100,100,100,1.46,
manual:ten_death:manifest50,【封鍵】メリオラ / 【封鍵】エリゼル / 【薔薇】ノクテル / 【薔薇】オーリアン,ch2_meliora / ch2_elyselle / ch2_noctelle / ch2_auriane,9999,100,100,100,1.02,
manual:ten_chaos:manifest50,【霊符】シオン / 【霊符】スイレン / 【日月】ルナリア / 【日月】ソラリア,ch2_shion / ch2_suiren / ch2_lunaria / ch2_solaria,9999,100,100,100,2.06,
manual:ten_chaos:manifest50,【双藤】ネヴィア / 【双藤】エルミナ / 【聖翼】アウレ / 【聖翼】ノエル,ch2_nevia / ch2_elmina / ch2_aure / ch2_noelle,9999,100,100,100,2.25,
manual:ten_chaos:manifest50,【星糸】セレス / 【星糸】ルミナ / 【誓姫】リリエット / 【誓姫】ロゼット,ch2_celes / ch2_lumina / ch2_lyriet / ch2_rosette,9999,100,100,100,2.06,
manual:ten_creation:manifest50,【霊符】シオン / 【霊符】スイレン / 【日月】ルナリア / 【日月】ソラリア,ch2_shion / ch2_suiren / ch2_lunaria / ch2_solaria,9999,100,100,100,1.13,
manual:ten_creation:manifest50,【封鍵】メリオラ / 【封鍵】エリゼル / 【薔薇】ノクテル / 【薔薇】オーリアン,ch2_meliora / ch2_elyselle / ch2_noctelle / ch2_auriane,9999,100,100,100,1,
manual:ten_creation:manifest50,【双藤】ネヴィア / 【双藤】エルミナ / 【聖翼】アウレ / 【聖翼】ノエル,ch2_nevia / ch2_elmina / ch2_aure / ch2_noelle,9999,100,100,100,1.71,
manual:ten_divinity:manifest50,【双藤】ネヴィア / 【双藤】エルミナ / 【聖翼】アウレ / 【聖翼】ノエル,ch2_nevia / ch2_elmina / ch2_aure / ch2_noelle,9999,100,98,98.0,9.56,
manual:ten_divinity:manifest50,【封鍵】メリオラ / 【封鍵】エリゼル / 【薔薇】ノクテル / 【薔薇】オーリアン,ch2_meliora / ch2_elyselle / ch2_noctelle / ch2_auriane,9999,100,100,100,9.94,
manual:ten_divinity:manifest50,【竜姫】ドラシア / 【竜姫】リュシエ / 【薬毒】ミレア / 【薬毒】ヴィオラ,ch2_dracia / ch2_rucie / ch2_mirea / ch2_viola,9999,100,100,100,8.94,
chapter:a1_west:0,【鏡侍女】リュネ / 【鏡侍女】ロゼ / 【聖翼】アウレ / 【聖翼】ノエル,ch2_ryune / ch2_rose / ch2_aure / ch2_noelle,1460,100,100,100,1,
chapter:a1_west:0,【双雷】カリスタ / 【双雷】ソレーヌ / 【薬毒】ミレア / 【薬毒】ヴィオラ,ch2_calista / ch2_solenne / ch2_mirea / ch2_viola,1460,100,100,100,1.01,
chapter:a1_west:0,【霊符】シオン / 【霊符】スイレン / 【日月】ルナリア / 【日月】ソラリア,ch2_shion / ch2_suiren / ch2_lunaria / ch2_solaria,1460,100,100,100,1,
chapter:a1_east:2,【鏡侍女】リュネ / 【鏡侍女】ロゼ / 【聖翼】アウレ / 【聖翼】ノエル,ch2_ryune / ch2_rose / ch2_aure / ch2_noelle,2067,100,100,100,1,
chapter:a1_east:2,【双雷】カリスタ / 【双雷】ソレーヌ / 【薬毒】ミレア / 【薬毒】ヴィオラ,ch2_calista / ch2_solenne / ch2_mirea / ch2_viola,2067,100,100,100,1,
chapter:a1_east:2,【霊符】シオン / 【霊符】スイレン / 【日月】ルナリア / 【日月】ソラリア,ch2_shion / ch2_suiren / ch2_lunaria / ch2_solaria,2067,100,100,100,1,
chapter:a1_heart:4,【鏡侍女】リュネ / 【鏡侍女】ロゼ / 【聖翼】アウレ / 【聖翼】ノエル,ch2_ryune / ch2_rose / ch2_aure / ch2_noelle,2718,100,100,100,1,
chapter:a1_heart:4,【封鍵】メリオラ / 【封鍵】エリゼル / 【薔薇】ノクテル / 【薔薇】オーリアン,ch2_meliora / ch2_elyselle / ch2_noctelle / ch2_auriane,2718,100,100,100,1,
chapter:a1_heart:4,【竜姫】ドラシア / 【竜姫】リュシエ / 【薬毒】ミレア / 【薬毒】ヴィオラ,ch2_dracia / ch2_rucie / ch2_mirea / ch2_viola,2718,100,100,100,1,
chapter:a2_west:0,【鏡侍女】リュネ / 【鏡侍女】ロゼ / 【聖翼】アウレ / 【聖翼】ノエル,ch2_ryune / ch2_rose / ch2_aure / ch2_noelle,2060,100,100,100,1,
chapter:a2_west:0,【双雷】カリスタ / 【双雷】ソレーヌ / 【薬毒】ミレア / 【薬毒】ヴィオラ,ch2_calista / ch2_solenne / ch2_mirea / ch2_viola,2060,100,100,100,1.38,
chapter:a2_west:0,【霊符】シオン / 【霊符】スイレン / 【日月】ルナリア / 【日月】ソラリア,ch2_shion / ch2_suiren / ch2_lunaria / ch2_solaria,2060,100,100,100,1,
chapter:a2_east:2,【双雷】カリスタ / 【双雷】ソレーヌ / 【薬毒】ミレア / 【薬毒】ヴィオラ,ch2_calista / ch2_solenne / ch2_mirea / ch2_viola,2883,100,100,100,1.11,
chapter:a2_east:2,【霊符】シオン / 【霊符】スイレン / 【日月】ルナリア / 【日月】ソラリア,ch2_shion / ch2_suiren / ch2_lunaria / ch2_solaria,2883,100,100,100,1,
chapter:a2_east:2,【竜姫】ドラシア / 【竜姫】リュシエ / 【薬毒】ミレア / 【薬毒】ヴィオラ,ch2_dracia / ch2_rucie / ch2_mirea / ch2_viola,2883,100,100,100,1,
chapter:a2_heart:4,【鏡侍女】リュネ / 【鏡侍女】ロゼ / 【聖翼】アウレ / 【聖翼】ノエル,ch2_ryune / ch2_rose / ch2_aure / ch2_noelle,3750,100,100,100,1,
chapter:a2_heart:4,【霊符】シオン / 【霊符】スイレン / 【日月】ルナリア / 【日月】ソラリア,ch2_shion / ch2_suiren / ch2_lunaria / ch2_solaria,3750,100,100,100,1.02,
chapter:a2_heart:4,【封鍵】メリオラ / 【封鍵】エリゼル / 【薔薇】ノクテル / 【薔薇】オーリアン,ch2_meliora / ch2_elyselle / ch2_noctelle / ch2_auriane,3750,100,100,100,1,
chapter:a3_west:0,【霊符】シオン / 【霊符】スイレン / 【日月】ルナリア / 【日月】ソラリア,ch2_shion / ch2_suiren / ch2_lunaria / ch2_solaria,2860,100,100,100,1.03,
chapter:a3_west:0,【返誓】ロスティア / 【返誓】アルテア / 【星刻】エイレーネ / 【星刻】イリデル,ch2_rostia / ch2_althea / ch2_eirene / ch2_iridelle,2860,100,100,100,1.07,
chapter:a3_west:0,【剣姫】ネメシア / 【剣姫】エヴェリア / 【双鐘】フェルネ / 【双鐘】クラリス,ch2_nemesia / ch2_everia / ch2_ferne / ch2_clarisse,2860,100,100,100,1.02,
chapter:a3_east:2,【霊符】シオン / 【霊符】スイレン / 【日月】ルナリア / 【日月】ソラリア,ch2_shion / ch2_suiren / ch2_lunaria / ch2_solaria,3971,100,100,100,1,
chapter:a3_east:2,【返誓】ロスティア / 【返誓】アルテア / 【星刻】エイレーネ / 【星刻】イリデル,ch2_rostia / ch2_althea / ch2_eirene / ch2_iridelle,3971,100,100,100,1,
chapter:a3_east:2,【剣姫】ネメシア / 【剣姫】エヴェリア / 【双鐘】フェルネ / 【双鐘】クラリス,ch2_nemesia / ch2_everia / ch2_ferne / ch2_clarisse,3971,100,100,100,1.02,
chapter:a3_heart:4,【竜姫】ドラシア / 【竜姫】リュシエ / 【薬毒】ミレア / 【薬毒】ヴィオラ,ch2_dracia / ch2_rucie / ch2_mirea / ch2_viola,5126,100,100,100,4.28,
chapter:a3_heart:4,【封鍵】メリオラ / 【封鍵】エリゼル / 【薔薇】ノクテル / 【薔薇】オーリアン,ch2_meliora / ch2_elyselle / ch2_noctelle / ch2_auriane,5126,100,100,100,6.08,
chapter:a3_heart:4,【返誓】ロスティア / 【返誓】アルテア / 【星刻】エイレーネ / 【星刻】イリデル,ch2_rostia / ch2_althea / ch2_eirene / ch2_iridelle,5126,100,100,100,3.73,
chapter:a4_west:0,【霊符】シオン / 【霊符】スイレン / 【日月】ルナリア / 【日月】ソラリア,ch2_shion / ch2_suiren / ch2_lunaria / ch2_solaria,3860,100,100,100,2,
chapter:a4_west:0,【双藤】ネヴィア / 【双藤】エルミナ / 【聖翼】アウレ / 【聖翼】ノエル,ch2_nevia / ch2_elmina / ch2_aure / ch2_noelle,3860,100,100,100,2,
chapter:a4_west:0,【返誓】ロスティア / 【返誓】アルテア / 【星刻】エイレーネ / 【星刻】イリデル,ch2_rostia / ch2_althea / ch2_eirene / ch2_iridelle,3860,100,100,100,1.8,
chapter:a4_east:2,【返誓】ロスティア / 【返誓】アルテア / 【星刻】エイレーネ / 【星刻】イリデル,ch2_rostia / ch2_althea / ch2_eirene / ch2_iridelle,5331,100,100,100,1.01,
chapter:a4_east:2,【剣姫】ネメシア / 【剣姫】エヴェリア / 【双鐘】フェルネ / 【双鐘】クラリス,ch2_nemesia / ch2_everia / ch2_ferne / ch2_clarisse,5331,100,100,100,1.01,
chapter:a4_east:2,【双雷】カリスタ / 【双雷】ソレーヌ / 【薬毒】ミレア / 【薬毒】ヴィオラ,ch2_calista / ch2_solenne / ch2_mirea / ch2_viola,5331,100,100,100,2.06,
chapter:a4_heart:4,【霊符】シオン / 【霊符】スイレン / 【日月】ルナリア / 【日月】ソラリア,ch2_shion / ch2_suiren / ch2_lunaria / ch2_solaria,6846,100,100,100,2,
chapter:a4_heart:4,【星糸】セレス / 【星糸】ルミナ / 【誓姫】リリエット / 【誓姫】ロゼット,ch2_celes / ch2_lumina / ch2_lyriet / ch2_rosette,6846,100,100,100,2.02,
chapter:a4_heart:4,【剣姫】ネメシア / 【剣姫】エヴェリア / 【双鐘】フェルネ / 【双鐘】クラリス,ch2_nemesia / ch2_everia / ch2_ferne / ch2_clarisse,6846,100,100,100,2,
chapter:west:0,【鏡侍女】リュネ / 【鏡侍女】ロゼ / 【聖翼】アウレ / 【聖翼】ノエル,ch2_ryune / ch2_rose / ch2_aure / ch2_noelle,1100,100,100,100,1,
chapter:west:0,【双雷】カリスタ / 【双雷】ソレーヌ / 【薬毒】ミレア / 【薬毒】ヴィオラ,ch2_calista / ch2_solenne / ch2_mirea / ch2_viola,1100,100,100,100,1,
chapter:west:0,【霊符】シオン / 【霊符】スイレン / 【日月】ルナリア / 【日月】ソラリア,ch2_shion / ch2_suiren / ch2_lunaria / ch2_solaria,1100,100,100,100,1,
chapter:east:2,【鏡侍女】リュネ / 【鏡侍女】ロゼ / 【聖翼】アウレ / 【聖翼】ノエル,ch2_ryune / ch2_rose / ch2_aure / ch2_noelle,1496,100,100,100,1,
chapter:east:2,【双雷】カリスタ / 【双雷】ソレーヌ / 【薬毒】ミレア / 【薬毒】ヴィオラ,ch2_calista / ch2_solenne / ch2_mirea / ch2_viola,1496,100,100,100,1,
chapter:east:2,【硝子】セリア / 【硝子】カルミア / 封書の小剣姫ルメア / 夜灯の従騎フィオラ,ch2_seria / ch2_carmia / ch2_lumea / ch2_fiora,1496,100,100,100,1,
chapter:heart:4,【鏡侍女】リュネ / 【鏡侍女】ロゼ / 【聖翼】アウレ / 【聖翼】ノエル,ch2_ryune / ch2_rose / ch2_aure / ch2_noelle,2064,100,100,100,1,
chapter:heart:4,【双雷】カリスタ / 【双雷】ソレーヌ / 【薬毒】ミレア / 【薬毒】ヴィオラ,ch2_calista / ch2_solenne / ch2_mirea / ch2_viola,2064,100,100,100,1,
chapter:heart:4,【硝子】セリア / 【硝子】カルミア / 封書の小剣姫ルメア / 夜灯の従騎フィオラ,ch2_seria / ch2_carmia / ch2_lumea / ch2_fiora,2064,100,100,100,1,
chapter:roam0_1:0,【鏡侍女】リュネ / 【鏡侍女】ロゼ / 【聖翼】アウレ / 【聖翼】ノエル,ch2_ryune / ch2_rose / ch2_aure / ch2_noelle,1050,100,100,100,1,
chapter:roam0_1:0,【双雷】カリスタ / 【双雷】ソレーヌ / 【薬毒】ミレア / 【薬毒】ヴィオラ,ch2_calista / ch2_solenne / ch2_mirea / ch2_viola,1050,100,100,100,1,
chapter:roam0_1:0,【硝子】セリア / 【硝子】カルミア / 封書の小剣姫ルメア / 夜灯の従騎フィオラ,ch2_seria / ch2_carmia / ch2_lumea / ch2_fiora,1050,100,100,100,1,
chapter:roam0_3:2,【鏡侍女】リュネ / 【鏡侍女】ロゼ / 【聖翼】アウレ / 【聖翼】ノエル,ch2_ryune / ch2_rose / ch2_aure / ch2_noelle,1428,100,100,100,1,
chapter:roam0_3:2,【双雷】カリスタ / 【双雷】ソレーヌ / 【薬毒】ミレア / 【薬毒】ヴィオラ,ch2_calista / ch2_solenne / ch2_mirea / ch2_viola,1428,100,100,100,1,
chapter:roam0_3:2,【硝子】セリア / 【硝子】カルミア / 封書の小剣姫ルメア / 夜灯の従騎フィオラ,ch2_seria / ch2_carmia / ch2_lumea / ch2_fiora,1428,100,100,100,1,
chapter:roam0_4:4,【鏡侍女】リュネ / 【鏡侍女】ロゼ / 【聖翼】アウレ / 【聖翼】ノエル,ch2_ryune / ch2_rose / ch2_aure / ch2_noelle,1806,100,100,100,1,
chapter:roam0_4:4,【双雷】カリスタ / 【双雷】ソレーヌ / 【薬毒】ミレア / 【薬毒】ヴィオラ,ch2_calista / ch2_solenne / ch2_mirea / ch2_viola,1806,100,100,100,1,
chapter:roam0_4:4,【硝子】セリア / 【硝子】カルミア / 封書の小剣姫ルメア / 夜灯の従騎フィオラ,ch2_seria / ch2_carmia / ch2_lumea / ch2_fiora,1806,100,100,100,1,
chapter:roam1_1:0,【霊符】シオン / 【霊符】スイレン / 【日月】ルナリア / 【日月】ソラリア,ch2_shion / ch2_suiren / ch2_lunaria / ch2_solaria,2600,100,100,100,2,
chapter:roam1_1:0,【双藤】ネヴィア / 【双藤】エルミナ / 【聖翼】アウレ / 【聖翼】ノエル,ch2_nevia / ch2_elmina / ch2_aure / ch2_noelle,2600,100,100,100,2,
chapter:roam1_1:0,【返誓】ロスティア / 【返誓】アルテア / 【星刻】エイレーネ / 【星刻】イリデル,ch2_rostia / ch2_althea / ch2_eirene / ch2_iridelle,2600,100,100,100,1.06,
chapter:roam1_3:2,【鏡侍女】リュネ / 【鏡侍女】ロゼ / 【聖翼】アウレ / 【聖翼】ノエル,ch2_ryune / ch2_rose / ch2_aure / ch2_noelle,1904,100,100,100,1,
chapter:roam1_3:2,【封鍵】メリオラ / 【封鍵】エリゼル / 【薔薇】ノクテル / 【薔薇】オーリアン,ch2_meliora / ch2_elyselle / ch2_noctelle / ch2_auriane,1904,100,100,100,1,
chapter:roam1_3:2,【竜姫】ドラシア / 【竜姫】リュシエ / 【薬毒】ミレア / 【薬毒】ヴィオラ,ch2_dracia / ch2_rucie / ch2_mirea / ch2_viola,1904,100,100,100,1,
chapter:roam1_4:4,【鏡侍女】リュネ / 【鏡侍女】ロゼ / 【聖翼】アウレ / 【聖翼】ノエル,ch2_ryune / ch2_rose / ch2_aure / ch2_noelle,2408,100,100,100,1,
chapter:roam1_4:4,【双雷】カリスタ / 【双雷】ソレーヌ / 【薬毒】ミレア / 【薬毒】ヴィオラ,ch2_calista / ch2_solenne / ch2_mirea / ch2_viola,2408,100,100,100,1,
chapter:roam1_4:4,【硝子】セリア / 【硝子】カルミア / 封書の小剣姫ルメア / 夜灯の従騎フィオラ,ch2_seria / ch2_carmia / ch2_lumea / ch2_fiora,2408,100,100,100,1,
chapter:roam2_1:0,【鏡侍女】リュネ / 【鏡侍女】ロゼ / 【聖翼】アウレ / 【聖翼】ノエル,ch2_ryune / ch2_rose / ch2_aure / ch2_noelle,2000,100,100,100,1,
chapter:roam2_1:0,【双雷】カリスタ / 【双雷】ソレーヌ / 【薬毒】ミレア / 【薬毒】ヴィオラ,ch2_calista / ch2_solenne / ch2_mirea / ch2_viola,2000,100,100,100,1,
chapter:roam2_1:0,【霊符】シオン / 【霊符】スイレン / 【日月】ルナリア / 【日月】ソラリア,ch2_shion / ch2_suiren / ch2_lunaria / ch2_solaria,2000,100,100,100,1,
chapter:roam2_3:2,【鏡侍女】リュネ / 【鏡侍女】ロゼ / 【聖翼】アウレ / 【聖翼】ノエル,ch2_ryune / ch2_rose / ch2_aure / ch2_noelle,2720,100,100,100,1,
chapter:roam2_3:2,【双雷】カリスタ / 【双雷】ソレーヌ / 【薬毒】ミレア / 【薬毒】ヴィオラ,ch2_calista / ch2_solenne / ch2_mirea / ch2_viola,2720,100,100,100,1,
chapter:roam2_3:2,【封鍵】メリオラ / 【封鍵】エリゼル / 【薔薇】ノクテル / 【薔薇】オーリアン,ch2_meliora / ch2_elyselle / ch2_noctelle / ch2_auriane,2720,100,100,100,1,
chapter:roam2_4:4,【鏡侍女】リュネ / 【鏡侍女】ロゼ / 【聖翼】アウレ / 【聖翼】ノエル,ch2_ryune / ch2_rose / ch2_aure / ch2_noelle,3440,100,100,100,1,
chapter:roam2_4:4,【双雷】カリスタ / 【双雷】ソレーヌ / 【薬毒】ミレア / 【薬毒】ヴィオラ,ch2_calista / ch2_solenne / ch2_mirea / ch2_viola,3440,100,100,100,1,
chapter:roam2_4:4,【硝子】セリア / 【硝子】カルミア / 封書の小剣姫ルメア / 夜灯の従騎フィオラ,ch2_seria / ch2_carmia / ch2_lumea / ch2_fiora,3440,100,100,100,1.04,
chapter:roam3_1:0,【鏡侍女】リュネ / 【鏡侍女】ロゼ / 【聖翼】アウレ / 【聖翼】ノエル,ch2_ryune / ch2_rose / ch2_aure / ch2_noelle,2800,100,100,100,1.01,
chapter:roam3_1:0,【双雷】カリスタ / 【双雷】ソレーヌ / 【薬毒】ミレア / 【薬毒】ヴィオラ,ch2_calista / ch2_solenne / ch2_mirea / ch2_viola,2800,100,100,100,1.02,
chapter:roam3_1:0,【霊符】シオン / 【霊符】スイレン / 【日月】ルナリア / 【日月】ソラリア,ch2_shion / ch2_suiren / ch2_lunaria / ch2_solaria,2800,100,100,100,1,
chapter:roam3_3:2,【返誓】ロスティア / 【返誓】アルテア / 【星刻】エイレーネ / 【星刻】イリデル,ch2_rostia / ch2_althea / ch2_eirene / ch2_iridelle,6528,100,100,100,1.04,
chapter:roam3_3:2,【双雷】カリスタ / 【双雷】ソレーヌ / 【薬毒】ミレア / 【薬毒】ヴィオラ,ch2_calista / ch2_solenne / ch2_mirea / ch2_viola,6528,100,100,100,2,
chapter:roam3_3:2,【霊符】シオン / 【霊符】スイレン / 【日月】ルナリア / 【日月】ソラリア,ch2_shion / ch2_suiren / ch2_lunaria / ch2_solaria,6528,100,100,100,1.97,
chapter:roam3_4:4,【返誓】ロスティア / 【返誓】アルテア / 【星刻】エイレーネ / 【星刻】イリデル,ch2_rostia / ch2_althea / ch2_eirene / ch2_iridelle,7396,100,100,100,1.06,
chapter:roam3_4:4,【剣姫】ネメシア / 【剣姫】エヴェリア / 【双鐘】フェルネ / 【双鐘】クラリス,ch2_nemesia / ch2_everia / ch2_ferne / ch2_clarisse,7396,100,100,100,1.05,
chapter:roam3_4:4,【双雷】カリスタ / 【双雷】ソレーヌ / 【薬毒】ミレア / 【薬毒】ヴィオラ,ch2_calista / ch2_solenne / ch2_mirea / ch2_viola,7396,100,100,100,1.98,
chapter:roam4_1:0,【双藤】ネヴィア / 【双藤】エルミナ / 【聖翼】アウレ / 【聖翼】ノエル,ch2_nevia / ch2_elmina / ch2_aure / ch2_noelle,5600,100,100,100,3.01,
chapter:roam4_1:0,【剣姫】ネメシア / 【剣姫】エヴェリア / 【双鐘】フェルネ / 【双鐘】クラリス,ch2_nemesia / ch2_everia / ch2_ferne / ch2_clarisse,5600,100,100,100,2,
chapter:roam4_1:0,【鏡侍女】リュネ / 【鏡侍女】ロゼ / 【聖翼】アウレ / 【聖翼】ノエル,ch2_ryune / ch2_rose / ch2_aure / ch2_noelle,5600,100,100,100,4.07,
chapter:roam4_3:2,【返誓】ロスティア / 【返誓】アルテア / 【星刻】エイレーネ / 【星刻】イリデル,ch2_rostia / ch2_althea / ch2_eirene / ch2_iridelle,7072,100,100,100,1.04,
chapter:roam4_3:2,【鏡侍女】リュネ / 【鏡侍女】ロゼ / 【聖翼】アウレ / 【聖翼】ノエル,ch2_ryune / ch2_rose / ch2_aure / ch2_noelle,7072,100,100,100,2,
chapter:roam4_3:2,【双雷】カリスタ / 【双雷】ソレーヌ / 【薬毒】ミレア / 【薬毒】ヴィオラ,ch2_calista / ch2_solenne / ch2_mirea / ch2_viola,7072,100,100,100,2.01,
chapter:roam4_4:4,【返誓】ロスティア / 【返誓】アルテア / 【星刻】エイレーネ / 【星刻】イリデル,ch2_rostia / ch2_althea / ch2_eirene / ch2_iridelle,9288,100,100,100,1.02,
chapter:roam4_4:4,【霊符】シオン / 【霊符】スイレン / 【日月】ルナリア / 【日月】ソラリア,ch2_shion / ch2_suiren / ch2_lunaria / ch2_solaria,9288,100,100,100,2,
chapter:roam4_4:4,【竜姫】ドラシア / 【竜姫】リュシエ / 【薬毒】ミレア / 【薬毒】ヴィオラ,ch2_dracia / ch2_rucie / ch2_mirea / ch2_viola,9288,100,100,100,2.01,
chapter:roam2_3_391:0,【鏡侍女】リュネ / 【鏡侍女】ロゼ / 【聖翼】アウレ / 【聖翼】ノエル,ch2_ryune / ch2_rose / ch2_aure / ch2_noelle,2000,100,100,100,1,
chapter:roam2_3_391:0,【双雷】カリスタ / 【双雷】ソレーヌ / 【薬毒】ミレア / 【薬毒】ヴィオラ,ch2_calista / ch2_solenne / ch2_mirea / ch2_viola,2000,100,100,100,1,
chapter:roam2_3_391:0,【霊符】シオン / 【霊符】スイレン / 【日月】ルナリア / 【日月】ソラリア,ch2_shion / ch2_suiren / ch2_lunaria / ch2_solaria,2000,100,100,100,1.93,
chapter:roam4_4_391:2,【霊符】シオン / 【霊符】スイレン / 【日月】ルナリア / 【日月】ソラリア,ch2_shion / ch2_suiren / ch2_lunaria / ch2_solaria,7344,100,100,100,2,
chapter:roam4_4_391:2,【返誓】ロスティア / 【返誓】アルテア / 【星刻】エイレーネ / 【星刻】イリデル,ch2_rostia / ch2_althea / ch2_eirene / ch2_iridelle,7344,100,100,100,1.15,
chapter:roam4_4_391:2,【星糸】セレス / 【星糸】ルミナ / 【誓姫】リリエット / 【誓姫】ロゼット,ch2_celes / ch2_lumina / ch2_lyriet / ch2_rosette,7344,100,100,100,2,
chapter:roam1_3_392:4,【鏡侍女】リュネ / 【鏡侍女】ロゼ / 【聖翼】アウレ / 【聖翼】ノエル,ch2_ryune / ch2_rose / ch2_aure / ch2_noelle,2408,100,100,100,1.99,
chapter:roam1_3_392:4,【封鍵】メリオラ / 【封鍵】エリゼル / 【薔薇】ノクテル / 【薔薇】オーリアン,ch2_meliora / ch2_elyselle / ch2_noctelle / ch2_auriane,2408,100,100,100,1,
chapter:roam1_3_392:4,【竜姫】ドラシア / 【竜姫】リュシエ / 【薬毒】ミレア / 【薬毒】ヴィオラ,ch2_dracia / ch2_rucie / ch2_mirea / ch2_viola,2408,100,100,100,1,
chapter:roam4_3_392:0,【霊符】シオン / 【霊符】スイレン / 【日月】ルナリア / 【日月】ソラリア,ch2_shion / ch2_suiren / ch2_lunaria / ch2_solaria,5200,100,100,100,2,
chapter:roam4_3_392:0,【返誓】ロスティア / 【返誓】アルテア / 【星刻】エイレーネ / 【星刻】イリデル,ch2_rostia / ch2_althea / ch2_eirene / ch2_iridelle,5200,100,100,100,1.65,
chapter:roam4_3_392:0,【剣姫】ネメシア / 【剣姫】エヴェリア / 【双鐘】フェルネ / 【双鐘】クラリス,ch2_nemesia / ch2_everia / ch2_ferne / ch2_clarisse,5200,100,100,100,2,
chapter:roam0_1_elite393:3,【鏡侍女】リュネ / 【鏡侍女】ロゼ / 【聖翼】アウレ / 【聖翼】ノエル,ch2_ryune / ch2_rose / ch2_aure / ch2_noelle,1680,100,100,100,1,
chapter:roam0_1_elite393:3,【双雷】カリスタ / 【双雷】ソレーヌ / 【薬毒】ミレア / 【薬毒】ヴィオラ,ch2_calista / ch2_solenne / ch2_mirea / ch2_viola,1680,100,100,100,1,
chapter:roam0_1_elite393:3,【硝子】セリア / 【硝子】カルミア / 封書の小剣姫ルメア / 夜灯の従騎フィオラ,ch2_seria / ch2_carmia / ch2_lumea / ch2_fiora,1680,100,100,100,1,
chapter:roam1_1_elite393:2,【返誓】ロスティア / 【返誓】アルテア / 【星刻】エイレーネ / 【星刻】イリデル,ch2_rostia / ch2_althea / ch2_eirene / ch2_iridelle,3510,100,100,100,1,
chapter:roam1_1_elite393:2,【星糸】セレス / 【星糸】ルミナ / 【誓姫】リリエット / 【誓姫】ロゼット,ch2_celes / ch2_lumina / ch2_lyriet / ch2_rosette,3510,100,100,100,1.04,
chapter:roam1_1_elite393:2,【鏡侍女】リュネ / 【鏡侍女】ロゼ / 【聖翼】アウレ / 【聖翼】ノエル,ch2_ryune / ch2_rose / ch2_aure / ch2_noelle,3510,100,100,100,1.17,
chapter:roam2_1_elite393:1,【鏡侍女】リュネ / 【鏡侍女】ロゼ / 【聖翼】アウレ / 【聖翼】ノエル,ch2_ryune / ch2_rose / ch2_aure / ch2_noelle,2300,100,100,100,1,
chapter:roam2_1_elite393:1,【双雷】カリスタ / 【双雷】ソレーヌ / 【薬毒】ミレア / 【薬毒】ヴィオラ,ch2_calista / ch2_solenne / ch2_mirea / ch2_viola,2300,100,100,100,1,
chapter:roam2_1_elite393:1,【霊符】シオン / 【霊符】スイレン / 【日月】ルナリア / 【日月】ソラリア,ch2_shion / ch2_suiren / ch2_lunaria / ch2_solaria,2300,100,100,100,1,
chapter:roam2_4_elite393:3,【鏡侍女】リュネ / 【鏡侍女】ロゼ / 【聖翼】アウレ / 【聖翼】ノエル,ch2_ryune / ch2_rose / ch2_aure / ch2_noelle,3200,100,100,100,1,
chapter:roam2_4_elite393:3,【双雷】カリスタ / 【双雷】ソレーヌ / 【薬毒】ミレア / 【薬毒】ヴィオラ,ch2_calista / ch2_solenne / ch2_mirea / ch2_viola,3200,100,100,100,1.01,
chapter:roam2_4_elite393:3,【封鍵】メリオラ / 【封鍵】エリゼル / 【薔薇】ノクテル / 【薔薇】オーリアン,ch2_meliora / ch2_elyselle / ch2_noctelle / ch2_auriane,3200,100,100,100,1,
chapter:roam3_4_elite393:2,【霊符】シオン / 【霊符】スイレン / 【日月】ルナリア / 【日月】ソラリア,ch2_shion / ch2_suiren / ch2_lunaria / ch2_solaria,5805,100,100,100,1,
chapter:roam3_4_elite393:2,【返誓】ロスティア / 【返誓】アルテア / 【星刻】エイレーネ / 【星刻】イリデル,ch2_rostia / ch2_althea / ch2_eirene / ch2_iridelle,5805,100,100,100,1,
chapter:roam3_4_elite393:2,【剣姫】ネメシア / 【剣姫】エヴェリア / 【双鐘】フェルネ / 【双鐘】クラリス,ch2_nemesia / ch2_everia / ch2_ferne / ch2_clarisse,5805,100,100,100,1,
chapter:roam4_4_elite393:1,【霊符】シオン / 【霊符】スイレン / 【日月】ルナリア / 【日月】ソラリア,ch2_shion / ch2_suiren / ch2_lunaria / ch2_solaria,6210,100,100,100,2,
chapter:roam4_4_elite393:1,【竜姫】ドラシア / 【竜姫】リュシエ / 【薬毒】ミレア / 【薬毒】ヴィオラ,ch2_dracia / ch2_rucie / ch2_mirea / ch2_viola,6210,100,100,100,2.18,
chapter:roam4_4_elite393:1,【剣姫】ネメシア / 【剣姫】エヴェリア / 【双鐘】フェルネ / 【双鐘】クラリス,ch2_nemesia / ch2_everia / ch2_ferne / ch2_clarisse,6210,100,100,100,2,
heroes:5,【霊符】シオン / 【霊符】スイレン / 【日月】ルナリア / 【日月】ソラリア,ch2_shion / ch2_suiren / ch2_lunaria / ch2_solaria,3000,100,97,97.0,11.45,
heroes:5,【双藤】ネヴィア / 【双藤】エルミナ / 【聖翼】アウレ / 【聖翼】ノエル,ch2_nevia / ch2_elmina / ch2_aure / ch2_noelle,3000,100,83,83.0,17.02,
heroes:5,【剣姫】ネメシア / 【剣姫】エヴェリア / 【双鐘】フェルネ / 【双鐘】クラリス,ch2_nemesia / ch2_everia / ch2_ferne / ch2_clarisse,3000,100,100,100,8.15,
heroes:13,【霊符】シオン / 【霊符】スイレン / 【日月】ルナリア / 【日月】ソラリア,ch2_shion / ch2_suiren / ch2_lunaria / ch2_solaria,7000,100,100,100,7.49,
heroes:13,【双藤】ネヴィア / 【双藤】エルミナ / 【聖翼】アウレ / 【聖翼】ノエル,ch2_nevia / ch2_elmina / ch2_aure / ch2_noelle,7000,100,100,100,6.5,
heroes:13,【剣姫】ネメシア / 【剣姫】エヴェリア / 【双鐘】フェルネ / 【双鐘】クラリス,ch2_nemesia / ch2_everia / ch2_ferne / ch2_clarisse,7000,100,100,100,6.31,
campaign:3:boss,灯幽霊ルクスファントム / 苔王機モスゴリアス / 深淵壺イソギンチャク / 嵐告鴉テンペストクロウ,lantern_ghost / moss_golem / gluepot_mimic / storm_crow,90,100,99,99.0,3.57,
campaign:3:boss,水精 / 鉄城亀フェルムトルタ / 珊瑚蛇コラルナーガ / 森厳猿グロウコング,water_spirit / iron_turtle / reef_serpent / forest_ape,90,100,100,100,3.1,
campaign:3:boss,妖精 / 泥殻将グラブロス / マンドラゴラ / 星盤オオグソク,fairy / mud_crab / mandrake / compass_beetle,90,100,98,98.0,4.75,
campaign:11:boss,天角聖鹿セレススタッグ / 黒葬騎ディアブロス / 深海サルパ百鬼夜行 / 禁海の断頭魚,sky_stag / dark_knight / pencilcase_parade / forbidden_paper_cutter,330,100,100,100,1.03,
campaign:11:boss,葬列司祭ネクロビショップ / 薔薇葬騎ローゼンヴァイス / 雷衣術師エレノア / 深海龍ネレイド,grave_bishop / rose_knight / volt_veil_arcanist / chalkboard_dragon,330,100,100,100,1.04,
campaign:11:boss,蒼歌姫セイレーネ / 魔紋巨兵ルーンゴリアス / 氷獄竜グレイシオン / 紅蓮竜ドラグニール,tide_siren / rune_golem / frost_dragon / dragon,330,100,100,100,1.1,
campaign:19:boss,日輪聖女ソラリア / 金剛神機アダマント / 深海サルパ百鬼夜行 / 月影戦姫ヴァルキュリア,sun_priestess / adamant_golem / pencilcase_parade / moon_valkyrie,570,100,100,100,1.36,
campaign:19:boss,葬列司祭ネクロビショップ / 黒葬騎ディアブロス / 深海魔皇オクトクラーケン / 煉獄番犬ケルベロスイグナ,grave_bishop / dark_knight / deep_octopus / inferno_cerberus,570,100,100,100,1.11,
campaign:19:boss,蒼歌姫セイレーネ / 熔甲王マグマスカラベ / 機巧賢者クロノマギア / 禁海の断頭魚,tide_siren / magma_beetle / clockwork_mage / forbidden_paper_cutter,570,100,100,100,1.16,
campaign:27:boss,天角聖鹿セレススタッグ / 海嘯幼竜リヴァイアス / 九天妖狐クズノハ / 雷帝獣ヴァジュラ,sky_stag / leviathan_spawn / nine_tail_fox / thunder_emperor,810,100,100,100,2.02,
campaign:27:boss,蒼歌姫セイレーネ / 熔甲王マグマスカラベ / 雷衣術師エレノア / 月影戦姫ヴァルキュリア,tide_siren / magma_beetle / volt_veil_arcanist / moon_valkyrie,810,100,100,100,2.31,
campaign:27:boss,極光聖獣アウロラ / 地殻巨神テラコロッサス / 氷界女帝グラシエラ / 血月侯ヴラドノクス,aurora_unicorn / earth_colossus / glacier_queen / blood_count,810,100,100,100,2.06,
campaign:35:boss,神託梟オラクルノクス / 凍鏡騎士グラシエル / 天嵐蛇王テンペストナーガ / 創界粘神ジェネシス,oracle_owl / frozen_mirror_knight / tempest_serpent / genesis_slime,1050,100,100,100,1.02,
campaign:35:boss,極光聖獣アウロラ / 天穹鯨セレスティア / 冥炎蝶ヘルモルフォ / 終刻狼ラグナロク,aurora_unicorn / celestial_whale / hell_butterfly / ragnarok_wolf,1050,100,100,100,1.09,
campaign:35:boss,氷樹姫ニヴルドリアード / 金剛神機アダマント / 日輪賢獣ソルスフィンクス / 星辰機神アステリオン,frost_dryad / adamant_golem / solar_sphinx / star_automaton,1050,100,100,100,1.08,
campaign:43:boss,刻律機クロノギア / 翠嶺巨獣ベヒモルド / 海皇姫ネレイディア / 蝕界竜エクリプシア,time_keeper / emerald_behemoth / sea_empress / eclipse_dragon,1290,100,100,100,1,
campaign:43:boss,熾天聖セラフィエル / 凍鏡騎士グラシエル / 冥毒九頭竜ヒュドラ / 雷霆麒麟ヴァジュラン,seraphim / frozen_mirror_knight / abyssal_hydra / thunder_kirin,1290,100,100,100,1.01,
campaign:43:boss,神託梟オラクルノクス / 天穹鯨セレスティア / 天嵐蛇王テンペストナーガ / 魔皇ディアボロス,oracle_owl / celestial_whale / tempest_serpent / demon_lord,1290,100,100,100,1,
campaign:51:boss,天翔聖馬ペガシエル / 雷装機神デウスマキナ / 月仙兎アルミラージュ / 冥府皇ハデスノクス,celestial_pegasus / mechanical_deity / moon_rabbit_sage / underworld_king,1530,100,100,100,1,
campaign:51:boss,刻律機クロノギア / 翠嶺巨獣ベヒモルド / 嵐海覇竜リヴァイオン / 氷獄狼フェンリシア,time_keeper / emerald_behemoth / storm_leviathan / frost_fenrir,1530,100,100,100,1,
campaign:51:boss,熾天聖セラフィエル / 凍鏡騎士グラシエル / 蠱毒女帝ヴェネフィカ / 蝕界竜エクリプシア,seraphim / frozen_mirror_knight / poison_queen / eclipse_dragon,1530,100,100,100,1,
campaign:59:boss,天翔聖馬ペガシエル / 玄天聖亀ゲンブロス / 晶界女帝クリスタリア / 轟雷鬼神ライジオウ,celestial_pegasus / sacred_turtle / crystal_empress / lightning_raijin,1770,100,100,100,1.02,
campaign:59:boss,刻律機クロノギア / 黒曜巨神オブシディア / 夢幻竜モルフェドラ / 血月戦姫ヴァルブラッド,time_keeper / obsidian_titan / dream_dragon / blood_valkyrie,1770,100,100,100,1,
campaign:59:boss,熾天聖セラフィエル / 雷装機神デウスマキナ / 月仙兎アルミラージュ / 混沌獣キメラカオス,seraphim / mechanical_deity / moon_rabbit_sage / chaos_chimera,1770,100,100,100,1.02,
campaign:67:boss,森羅王ケルヌンノス / 玄天聖亀ゲンブロス / ベチー / 天壊竜帝バハムート,forest_cernunnos / sacred_turtle / bechi / bahamut,2010,100,100,100,1,
campaign:67:boss,天翔聖馬ペガシエル / 黒曜巨神オブシディア / 星界賢王アストラスフィンクス / 極粘神オメガメルム,celestial_pegasus / obsidian_titan / astral_sphinx / omega_slime,2010,100,100,100,1.06,
campaign:67:boss,刻律機クロノギア / 雷装機神デウスマキナ / 晶界女帝クリスタリア / 雷冠竜ヴォルトレクス,time_keeper / mechanical_deity / crystal_empress / thunder_crown_dragon,2010,100,100,100,1.03,
campaign:75:boss,原初不死鳥フェニクシア / 獣界覇王ベヒモルク / 虚無皇ヴォイドレクス / 永劫戦姫エタルキア,primordial_phoenix / king_behemoth / void_emperor / eternal_valkyrie,2250,100,100,100,1.01,
campaign:75:boss,森羅王ケルヌンノス / 玄天聖亀ゲンブロス / 冥海竜皇リヴァイアサン / 神滅機アーク・ノア,forest_cernunnos / sacred_turtle / abyssal_leviathan / god_machine_ark,2250,100,100,100,1.01,
campaign:75:boss,天翔聖馬ペガシエル / 黒曜巨神オブシディア / ベチー / 黙示滅竜アポカリオン,celestial_pegasus / obsidian_titan / bechi / apocalypse_dragon,2250,100,100,100,1,
campaign:81:boss,原初不死鳥フェニクシア / 創世巨神ジェネゴリア / 堕天熾使アザリエル / 死界覇王モルディウス,primordial_phoenix / genesis_golem / fallen_seraph / death_lord,2430,100,100,100,1,
campaign:81:boss,森羅王ケルヌンノス / 終環蛇ヨルムンガルド / 虚無皇ヴォイドレクス / 混沌魔皇カオスディア,forest_cernunnos / world_serpent / void_emperor / chaos_king,2430,100,100,100,1,
campaign:81:boss,天翔聖馬ペガシエル / 獣界覇王ベヒモルク / 冥海竜皇リヴァイアサン / 永劫戦姫エタルキア,celestial_pegasus / king_behemoth / abyssal_leviathan / eternal_valkyrie,2430,100,100,100,1,
campaign:89:boss,月蝕狼ルナファング / 黒曜竜ヴァルグリム / 氷界皇ニヴルシア / 星葬姫ルミナリア,light_sovereign / earth_sovereign / frost_sovereign / storm_sovereign,2670,100,100,100,1,
campaign:89:boss,原初不死鳥フェニクシア / 創世巨神ジェネゴリア / 無窮九頭竜インフィニドラ / 天帝麒麟セイラン,primordial_phoenix / genesis_golem / infinite_hydra / celestial_kirin,2670,100,100,100,1,
campaign:89:boss,森羅王ケルヌンノス / 終環蛇ヨルムンガルド / 堕天熾使アザリエル / 死界覇王モルディウス,forest_cernunnos / world_serpent / fallen_seraph / death_lord,2670,100,100,100,1,
campaign:95:boss,夢妖精ルミエラ / 天雷獅子レグルス / 翠嵐グリフォン / 星葬姫ルミナリア,fate_weaver / space_whale / dream_emperor / storm_sovereign,2850,100,100,100,1,
campaign:95:boss,月蝕狼ルナファング / 黒曜竜ヴァルグリム / 深淵海姫セイレーネ / 天帝麒麟セイラン,light_sovereign / earth_sovereign / time_dragon / celestial_kirin,2850,100,100,100,1.01,
campaign:95:boss,原初不死鳥フェニクシア / 創世巨神ジェネゴリア / 機神アークノヴァ / 死界覇王モルディウス,primordial_phoenix / genesis_golem / dark_sovereign / death_lord,2850,100,100,100,1.02,
campaign:100:ten_divinity,森羅王ケルヌンノス / 創世巨神ジェネゴリア / 機神アークノヴァ / 死界覇王モルディウス,forest_cernunnos / genesis_golem / dark_sovereign / death_lord,3000,100,18,18.0,36.81,
campaign:100:ten_divinity,夢妖精ルミエラ / 暁剣姫アウレリア / 灰燼鬼カグラ / 虚無鯨アビサリス,fate_weaver / abyss_gatekeeper / nightmare_empress / crownless_hero,3000,100,77,77.0,16.99,
campaign:100:ten_divinity,天翔聖馬ペガシエル / 終環蛇ヨルムンガルド / 氷界皇ニヴルシア / 混沌魔皇カオスディア,celestial_pegasus / world_serpent / frost_sovereign / chaos_king,3000,100,58,58.0,23.47,
campaign:100:ten_divinity,月蝕狼ルナファング / 天雷獅子レグルス / 翠嵐グリフォン / 星葬姫ルミナリア,light_sovereign / space_whale / dream_emperor / storm_sovereign,3000,100,49,49.0,25.76,
campaign:100:ten_divinity,原初不死鳥フェニクシア / 黒曜竜ヴァルグリム / 深淵海姫セイレーネ / 天帝麒麟セイラン,primordial_phoenix / earth_sovereign / time_dragon / celestial_kirin,3000,100,50,50.0,24.81,
campaign:100:ten_divinity,刻律機クロノギア / 獣界覇王ベヒモルク / 無窮九頭竜インフィニドラ / 永劫戦姫エタルキア,time_keeper / king_behemoth / infinite_hydra / eternal_valkyrie,3000,100,51,51.0,25.29,
rematch:floor-boss-80,【鏡侍女】リュネ / 【鏡侍女】ロゼ / 【聖翼】アウレ / 【聖翼】ノエル,ch2_ryune / ch2_rose / ch2_aure / ch2_noelle,80,100,100,100,2.03,
rematch:floor-boss-80,【双雷】カリスタ / 【双雷】ソレーヌ / 【薬毒】ミレア / 【薬毒】ヴィオラ,ch2_calista / ch2_solenne / ch2_mirea / ch2_viola,80,100,100,100,2.57,
rematch:floor-boss-80,【霊符】シオン / 【霊符】スイレン / 【日月】ルナリア / 【日月】ソラリア,ch2_shion / ch2_suiren / ch2_lunaria / ch2_solaria,80,100,100,100,2.01,
rematch:floor-boss-170,【鏡侍女】リュネ / 【鏡侍女】ロゼ / 【聖翼】アウレ / 【聖翼】ノエル,ch2_ryune / ch2_rose / ch2_aure / ch2_noelle,170,100,100,100,3.01,
rematch:floor-boss-170,【封鍵】メリオラ / 【封鍵】エリゼル / 【薔薇】ノクテル / 【薔薇】オーリアン,ch2_meliora / ch2_elyselle / ch2_noctelle / ch2_auriane,170,100,100,100,3.08,
rematch:floor-boss-170,【双藤】ネヴィア / 【双藤】エルミナ / 【聖翼】アウレ / 【聖翼】ノエル,ch2_nevia / ch2_elmina / ch2_aure / ch2_noelle,170,100,100,100,3.04,
rematch:floor-boss-260,【鏡侍女】リュネ / 【鏡侍女】ロゼ / 【聖翼】アウレ / 【聖翼】ノエル,ch2_ryune / ch2_rose / ch2_aure / ch2_noelle,260,100,100,100,3.12,
rematch:floor-boss-260,【双雷】カリスタ / 【双雷】ソレーヌ / 【薬毒】ミレア / 【薬毒】ヴィオラ,ch2_calista / ch2_solenne / ch2_mirea / ch2_viola,260,100,100,100,3.66,
rematch:floor-boss-260,【霊符】シオン / 【霊符】スイレン / 【日月】ルナリア / 【日月】ソラリア,ch2_shion / ch2_suiren / ch2_lunaria / ch2_solaria,260,100,100,100,3.34,
rematch:floor-boss-350,【星糸】セレス / 【星糸】ルミナ / 【誓姫】リリエット / 【誓姫】ロゼット,ch2_celes / ch2_lumina / ch2_lyriet / ch2_rosette,350,100,100,100,2.33,
rematch:floor-boss-350,【剣姫】ネメシア / 【剣姫】エヴェリア / 【双鐘】フェルネ / 【双鐘】クラリス,ch2_nemesia / ch2_everia / ch2_ferne / ch2_clarisse,350,100,100,100,2.15,
rematch:floor-boss-350,【鏡侍女】リュネ / 【鏡侍女】ロゼ / 【聖翼】アウレ / 【聖翼】ノエル,ch2_ryune / ch2_rose / ch2_aure / ch2_noelle,350,100,100,100,3.06,
rematch:floor-boss-440,【双雷】カリスタ / 【双雷】ソレーヌ / 【薬毒】ミレア / 【薬毒】ヴィオラ,ch2_calista / ch2_solenne / ch2_mirea / ch2_viola,440,100,100,100,1.94,
rematch:floor-boss-440,【霊符】シオン / 【霊符】スイレン / 【日月】ルナリア / 【日月】ソラリア,ch2_shion / ch2_suiren / ch2_lunaria / ch2_solaria,440,100,100,100,1.08,
rematch:floor-boss-440,【封鍵】メリオラ / 【封鍵】エリゼル / 【薔薇】ノクテル / 【薔薇】オーリアン,ch2_meliora / ch2_elyselle / ch2_noctelle / ch2_auriane,440,100,100,100,1.11,
rematch:floor-boss-530,【封鍵】メリオラ / 【封鍵】エリゼル / 【薔薇】ノクテル / 【薔薇】オーリアン,ch2_meliora / ch2_elyselle / ch2_noctelle / ch2_auriane,530,100,100,100,3.36,
rematch:floor-boss-530,【剣姫】ネメシア / 【剣姫】エヴェリア / 【双鐘】フェルネ / 【双鐘】クラリス,ch2_nemesia / ch2_everia / ch2_ferne / ch2_clarisse,530,100,100,100,2.73,
rematch:floor-boss-530,【鏡侍女】リュネ / 【鏡侍女】ロゼ / 【聖翼】アウレ / 【聖翼】ノエル,ch2_ryune / ch2_rose / ch2_aure / ch2_noelle,530,100,100,100,4.04,
rematch:floor-boss-620,【鏡侍女】リュネ / 【鏡侍女】ロゼ / 【聖翼】アウレ / 【聖翼】ノエル,ch2_ryune / ch2_rose / ch2_aure / ch2_noelle,620,100,100,100,3.12,
rematch:floor-boss-620,【双雷】カリスタ / 【双雷】ソレーヌ / 【薬毒】ミレア / 【薬毒】ヴィオラ,ch2_calista / ch2_solenne / ch2_mirea / ch2_viola,620,100,100,100,3.15,
rematch:floor-boss-620,【霊符】シオン / 【霊符】スイレン / 【日月】ルナリア / 【日月】ソラリア,ch2_shion / ch2_suiren / ch2_lunaria / ch2_solaria,620,100,100,100,2.74,
rematch:floor-boss-710,【星糸】セレス / 【星糸】ルミナ / 【誓姫】リリエット / 【誓姫】ロゼット,ch2_celes / ch2_lumina / ch2_lyriet / ch2_rosette,710,100,100,100,1.91,
rematch:floor-boss-710,【鏡侍女】リュネ / 【鏡侍女】ロゼ / 【聖翼】アウレ / 【聖翼】ノエル,ch2_ryune / ch2_rose / ch2_aure / ch2_noelle,710,100,100,100,2.03,
rematch:floor-boss-710,【双雷】カリスタ / 【双雷】ソレーヌ / 【薬毒】ミレア / 【薬毒】ヴィオラ,ch2_calista / ch2_solenne / ch2_mirea / ch2_viola,710,100,100,100,2.02,
rematch:floor-boss-790,【剣姫】ネメシア / 【剣姫】エヴェリア / 【双鐘】フェルネ / 【双鐘】クラリス,ch2_nemesia / ch2_everia / ch2_ferne / ch2_clarisse,790,100,100,100,2.56,
rematch:floor-boss-790,【封鍵】メリオラ / 【封鍵】エリゼル / 【薔薇】ノクテル / 【薔薇】オーリアン,ch2_meliora / ch2_elyselle / ch2_noctelle / ch2_auriane,790,100,100,100,4.87,
rematch:floor-boss-790,【竜姫】ドラシア / 【竜姫】リュシエ / 【薬毒】ミレア / 【薬毒】ヴィオラ,ch2_dracia / ch2_rucie / ch2_mirea / ch2_viola,790,100,100,100,4.56,
rematch:floor-boss-880,【鏡侍女】リュネ / 【鏡侍女】ロゼ / 【聖翼】アウレ / 【聖翼】ノエル,ch2_ryune / ch2_rose / ch2_aure / ch2_noelle,880,100,100,100,2.44,
rematch:floor-boss-880,【返誓】ロスティア / 【返誓】アルテア / 【星刻】エイレーネ / 【星刻】イリデル,ch2_rostia / ch2_althea / ch2_eirene / ch2_iridelle,880,100,100,100,2.06,
rematch:floor-boss-880,【星糸】セレス / 【星糸】ルミナ / 【誓姫】リリエット / 【誓姫】ロゼット,ch2_celes / ch2_lumina / ch2_lyriet / ch2_rosette,880,100,100,100,2.11,
rematch:floor-boss-970,【鏡侍女】リュネ / 【鏡侍女】ロゼ / 【聖翼】アウレ / 【聖翼】ノエル,ch2_ryune / ch2_rose / ch2_aure / ch2_noelle,970,100,100,100,2.27,
rematch:floor-boss-970,【霊符】シオン / 【霊符】スイレン / 【日月】ルナリア / 【日月】ソラリア,ch2_shion / ch2_suiren / ch2_lunaria / ch2_solaria,970,100,100,100,2.13,
rematch:floor-boss-970,【封鍵】メリオラ / 【封鍵】エリゼル / 【薔薇】ノクテル / 【薔薇】オーリアン,ch2_meliora / ch2_elyselle / ch2_noctelle / ch2_auriane,970,100,100,100,2.06,
corridor:6,【鏡侍女】リュネ / 【鏡侍女】ロゼ / 【聖翼】アウレ / 【聖翼】ノエル,ch2_ryune / ch2_rose / ch2_aure / ch2_noelle,60,100,100,100,1,
corridor:6,【双雷】カリスタ / 【双雷】ソレーヌ / 【薬毒】ミレア / 【薬毒】ヴィオラ,ch2_calista / ch2_solenne / ch2_mirea / ch2_viola,60,100,100,100,1.02,
corridor:6,【霊符】シオン / 【霊符】スイレン / 【日月】ルナリア / 【日月】ソラリア,ch2_shion / ch2_suiren / ch2_lunaria / ch2_solaria,60,100,100,100,1,
corridor:14,【封鍵】メリオラ / 【封鍵】エリゼル / 【薔薇】ノクテル / 【薔薇】オーリアン,ch2_meliora / ch2_elyselle / ch2_noctelle / ch2_auriane,150,100,100,100,2,
corridor:14,【双藤】ネヴィア / 【双藤】エルミナ / 【聖翼】アウレ / 【聖翼】ノエル,ch2_nevia / ch2_elmina / ch2_aure / ch2_noelle,150,100,100,100,2.03,
corridor:14,【返誓】ロスティア / 【返誓】アルテア / 【星刻】エイレーネ / 【星刻】イリデル,ch2_rostia / ch2_althea / ch2_eirene / ch2_iridelle,150,100,100,100,2.04,
corridor:22,【霊符】シオン / 【霊符】スイレン / 【日月】ルナリア / 【日月】ソラリア,ch2_shion / ch2_suiren / ch2_lunaria / ch2_solaria,240,100,100,100,1.31,
corridor:22,【封鍵】メリオラ / 【封鍵】エリゼル / 【薔薇】ノクテル / 【薔薇】オーリアン,ch2_meliora / ch2_elyselle / ch2_noctelle / ch2_auriane,240,100,100,100,1.15,
corridor:22,【返誓】ロスティア / 【返誓】アルテア / 【星刻】エイレーネ / 【星刻】イリデル,ch2_rostia / ch2_althea / ch2_eirene / ch2_iridelle,240,100,100,100,1.56,
corridor:30,【鏡侍女】リュネ / 【鏡侍女】ロゼ / 【聖翼】アウレ / 【聖翼】ノエル,ch2_ryune / ch2_rose / ch2_aure / ch2_noelle,330,100,100,100,2.04,
corridor:30,【双雷】カリスタ / 【双雷】ソレーヌ / 【薬毒】ミレア / 【薬毒】ヴィオラ,ch2_calista / ch2_solenne / ch2_mirea / ch2_viola,330,100,100,100,2.33,
corridor:30,【霊符】シオン / 【霊符】スイレン / 【日月】ルナリア / 【日月】ソラリア,ch2_shion / ch2_suiren / ch2_lunaria / ch2_solaria,330,100,100,100,2.12,
corridor:38,【霊符】シオン / 【霊符】スイレン / 【日月】ルナリア / 【日月】ソラリア,ch2_shion / ch2_suiren / ch2_lunaria / ch2_solaria,420,100,100,100,1.48,
corridor:38,【封鍵】メリオラ / 【封鍵】エリゼル / 【薔薇】ノクテル / 【薔薇】オーリアン,ch2_meliora / ch2_elyselle / ch2_noctelle / ch2_auriane,420,100,100,100,1.3,
corridor:38,【剣姫】ネメシア / 【剣姫】エヴェリア / 【双鐘】フェルネ / 【双鐘】クラリス,ch2_nemesia / ch2_everia / ch2_ferne / ch2_clarisse,420,100,100,100,1.03,
corridor:46,【封鍵】メリオラ / 【封鍵】エリゼル / 【薔薇】ノクテル / 【薔薇】オーリアン,ch2_meliora / ch2_elyselle / ch2_noctelle / ch2_auriane,510,100,100,100,1.25,
corridor:46,【双藤】ネヴィア / 【双藤】エルミナ / 【聖翼】アウレ / 【聖翼】ノエル,ch2_nevia / ch2_elmina / ch2_aure / ch2_noelle,510,100,100,100,1.55,
corridor:46,【星糸】セレス / 【星糸】ルミナ / 【誓姫】リリエット / 【誓姫】ロゼット,ch2_celes / ch2_lumina / ch2_lyriet / ch2_rosette,510,100,100,100,1.2,
corridor:54,【返誓】ロスティア / 【返誓】アルテア / 【星刻】エイレーネ / 【星刻】イリデル,ch2_rostia / ch2_althea / ch2_eirene / ch2_iridelle,590,100,100,100,3.38,
corridor:54,【剣姫】ネメシア / 【剣姫】エヴェリア / 【双鐘】フェルネ / 【双鐘】クラリス,ch2_nemesia / ch2_everia / ch2_ferne / ch2_clarisse,590,100,100,100,2.85,
corridor:54,【月狐】カグラ / 【月狐】サヨ / 【双鐘】フェルネ / 【双鐘】クラリス,ch2_kagura / ch2_sayo / ch2_ferne / ch2_clarisse,590,100,100,100,5.75,
corridor:62,【鏡侍女】リュネ / 【鏡侍女】ロゼ / 【聖翼】アウレ / 【聖翼】ノエル,ch2_ryune / ch2_rose / ch2_aure / ch2_noelle,680,100,100,100,2.23,
corridor:62,【双雷】カリスタ / 【双雷】ソレーヌ / 【薬毒】ミレア / 【薬毒】ヴィオラ,ch2_calista / ch2_solenne / ch2_mirea / ch2_viola,680,100,100,100,2.76,
corridor:62,【霊符】シオン / 【霊符】スイレン / 【日月】ルナリア / 【日月】ソラリア,ch2_shion / ch2_suiren / ch2_lunaria / ch2_solaria,680,100,100,100,2.25,
corridor:70,【双雷】カリスタ / 【双雷】ソレーヌ / 【薬毒】ミレア / 【薬毒】ヴィオラ,ch2_calista / ch2_solenne / ch2_mirea / ch2_viola,770,100,98,98.0,2.45,
corridor:70,【霊符】シオン / 【霊符】スイレン / 【日月】ルナリア / 【日月】ソラリア,ch2_shion / ch2_suiren / ch2_lunaria / ch2_solaria,770,100,100,100,2.13,
corridor:70,【封鍵】メリオラ / 【封鍵】エリゼル / 【薔薇】ノクテル / 【薔薇】オーリアン,ch2_meliora / ch2_elyselle / ch2_noctelle / ch2_auriane,770,100,100,100,2.36,
corridor:78,【返誓】ロスティア / 【返誓】アルテア / 【星刻】エイレーネ / 【星刻】イリデル,ch2_rostia / ch2_althea / ch2_eirene / ch2_iridelle,860,100,100,100,1.8,
corridor:78,【剣姫】ネメシア / 【剣姫】エヴェリア / 【双鐘】フェルネ / 【双鐘】クラリス,ch2_nemesia / ch2_everia / ch2_ferne / ch2_clarisse,860,100,100,100,1.64,
corridor:78,【鏡侍女】リュネ / 【鏡侍女】ロゼ / 【聖翼】アウレ / 【聖翼】ノエル,ch2_ryune / ch2_rose / ch2_aure / ch2_noelle,860,100,100,100,2.22,
corridor:86,【封鍵】メリオラ / 【封鍵】エリゼル / 【薔薇】ノクテル / 【薔薇】オーリアン,ch2_meliora / ch2_elyselle / ch2_noctelle / ch2_auriane,950,100,100,100,8.42,
corridor:86,【月狐】カグラ / 【月狐】サヨ / 【双鐘】フェルネ / 【双鐘】クラリス,ch2_kagura / ch2_sayo / ch2_ferne / ch2_clarisse,950,100,93,93.0,17.62,
corridor:86,【剣姫】ネメシア / 【剣姫】エヴェリア / 【双鐘】フェルネ / 【双鐘】クラリス,ch2_nemesia / ch2_everia / ch2_ferne / ch2_clarisse,950,100,100,100,7.89,
corridor:94,【封鍵】メリオラ / 【封鍵】エリゼル / 【薔薇】ノクテル / 【薔薇】オーリアン,ch2_meliora / ch2_elyselle / ch2_noctelle / ch2_auriane,6916,100,100,100,2,
corridor:94,【双藤】ネヴィア / 【双藤】エルミナ / 【聖翼】アウレ / 【聖翼】ノエル,ch2_nevia / ch2_elmina / ch2_aure / ch2_noelle,6916,100,100,100,2,
corridor:94,【剣姫】ネメシア / 【剣姫】エヴェリア / 【双鐘】フェルネ / 【双鐘】クラリス,ch2_nemesia / ch2_everia / ch2_ferne / ch2_clarisse,6916,100,100,100,2,
corridor:102,【星糸】セレス / 【星糸】ルミナ / 【誓姫】リリエット / 【誓姫】ロゼット,ch2_celes / ch2_lumina / ch2_lyriet / ch2_rosette,7492,100,100,100,2.72,
corridor:102,【剣姫】ネメシア / 【剣姫】エヴェリア / 【双鐘】フェルネ / 【双鐘】クラリス,ch2_nemesia / ch2_everia / ch2_ferne / ch2_clarisse,7492,100,100,100,2.7,
corridor:102,【竜姫】ドラシア / 【竜姫】リュシエ / 【薬毒】ミレア / 【薬毒】ヴィオラ,ch2_dracia / ch2_rucie / ch2_mirea / ch2_viola,7492,100,100,100,2.96,
corridor:110,【剣姫】ネメシア / 【剣姫】エヴェリア / 【双鐘】フェルネ / 【双鐘】クラリス,ch2_nemesia / ch2_everia / ch2_ferne / ch2_clarisse,8074,100,99,99.0,2.94,
corridor:110,【鏡侍女】リュネ / 【鏡侍女】ロゼ / 【聖翼】アウレ / 【聖翼】ノエル,ch2_ryune / ch2_rose / ch2_aure / ch2_noelle,8074,100,93,93.0,6.25,
corridor:110,【月狐】カグラ / 【月狐】サヨ / 【双鐘】フェルネ / 【双鐘】クラリス,ch2_kagura / ch2_sayo / ch2_ferne / ch2_clarisse,8074,100,100,100,4.49,
team:6,【鏡侍女】リュネ / 【鏡侍女】ロゼ / 【聖翼】アウレ / 【聖翼】ノエル,ch2_ryune / ch2_rose / ch2_aure / ch2_noelle,123,100,100,100,1,
team:6,【双雷】カリスタ / 【双雷】ソレーヌ / 【薬毒】ミレア / 【薬毒】ヴィオラ,ch2_calista / ch2_solenne / ch2_mirea / ch2_viola,123,100,100,100,1,
team:6,【霊符】シオン / 【霊符】スイレン / 【日月】ルナリア / 【日月】ソラリア,ch2_shion / ch2_suiren / ch2_lunaria / ch2_solaria,123,100,100,100,1,
team:14,【封鍵】メリオラ / 【封鍵】エリゼル / 【薔薇】ノクテル / 【薔薇】オーリアン,ch2_meliora / ch2_elyselle / ch2_noctelle / ch2_auriane,150,100,100,100,1.56,
team:14,【双藤】ネヴィア / 【双藤】エルミナ / 【聖翼】アウレ / 【聖翼】ノエル,ch2_nevia / ch2_elmina / ch2_aure / ch2_noelle,150,100,100,100,1.6,
team:14,【星糸】セレス / 【星糸】ルミナ / 【誓姫】リリエット / 【誓姫】ロゼット,ch2_celes / ch2_lumina / ch2_lyriet / ch2_rosette,150,100,100,100,2,
team:22,【鏡侍女】リュネ / 【鏡侍女】ロゼ / 【聖翼】アウレ / 【聖翼】ノエル,ch2_ryune / ch2_rose / ch2_aure / ch2_noelle,240,100,100,100,1.03,
team:22,【双雷】カリスタ / 【双雷】ソレーヌ / 【薬毒】ミレア / 【薬毒】ヴィオラ,ch2_calista / ch2_solenne / ch2_mirea / ch2_viola,240,100,100,100,1.08,
team:22,【霊符】シオン / 【霊符】スイレン / 【日月】ルナリア / 【日月】ソラリア,ch2_shion / ch2_suiren / ch2_lunaria / ch2_solaria,240,100,100,100,1,
team:30,【鏡侍女】リュネ / 【鏡侍女】ロゼ / 【聖翼】アウレ / 【聖翼】ノエル,ch2_ryune / ch2_rose / ch2_aure / ch2_noelle,330,100,100,100,2,
team:30,【霊符】シオン / 【霊符】スイレン / 【日月】ルナリア / 【日月】ソラリア,ch2_shion / ch2_suiren / ch2_lunaria / ch2_solaria,330,100,100,100,1.58,
team:30,【封鍵】メリオラ / 【封鍵】エリゼル / 【薔薇】ノクテル / 【薔薇】オーリアン,ch2_meliora / ch2_elyselle / ch2_noctelle / ch2_auriane,330,100,100,100,1.25,
team:38,【霊符】シオン / 【霊符】スイレン / 【日月】ルナリア / 【日月】ソラリア,ch2_shion / ch2_suiren / ch2_lunaria / ch2_solaria,420,100,100,100,2,
team:38,【剣姫】ネメシア / 【剣姫】エヴェリア / 【双鐘】フェルネ / 【双鐘】クラリス,ch2_nemesia / ch2_everia / ch2_ferne / ch2_clarisse,420,100,100,100,2,
team:38,【鏡侍女】リュネ / 【鏡侍女】ロゼ / 【聖翼】アウレ / 【聖翼】ノエル,ch2_ryune / ch2_rose / ch2_aure / ch2_noelle,420,100,100,100,2.19,
team:46,【鏡侍女】リュネ / 【鏡侍女】ロゼ / 【聖翼】アウレ / 【聖翼】ノエル,ch2_ryune / ch2_rose / ch2_aure / ch2_noelle,510,100,100,100,2.03,
team:46,【霊符】シオン / 【霊符】スイレン / 【日月】ルナリア / 【日月】ソラリア,ch2_shion / ch2_suiren / ch2_lunaria / ch2_solaria,510,100,100,100,1.96,
team:46,【竜姫】ドラシア / 【竜姫】リュシエ / 【薬毒】ミレア / 【薬毒】ヴィオラ,ch2_dracia / ch2_rucie / ch2_mirea / ch2_viola,510,100,100,100,1.97,
team:54,【剣姫】ネメシア / 【剣姫】エヴェリア / 【双鐘】フェルネ / 【双鐘】クラリス,ch2_nemesia / ch2_everia / ch2_ferne / ch2_clarisse,590,100,100,100,3.25,
team:54,【封鍵】メリオラ / 【封鍵】エリゼル / 【薔薇】ノクテル / 【薔薇】オーリアン,ch2_meliora / ch2_elyselle / ch2_noctelle / ch2_auriane,590,100,100,100,8.25,
team:54,【鏡侍女】リュネ / 【鏡侍女】ロゼ / 【聖翼】アウレ / 【聖翼】ノエル,ch2_ryune / ch2_rose / ch2_aure / ch2_noelle,590,100,100,100,7.62,
team:62,【返誓】ロスティア / 【返誓】アルテア / 【星刻】エイレーネ / 【星刻】イリデル,ch2_rostia / ch2_althea / ch2_eirene / ch2_iridelle,680,100,100,100,1.98,
team:62,【剣姫】ネメシア / 【剣姫】エヴェリア / 【双鐘】フェルネ / 【双鐘】クラリス,ch2_nemesia / ch2_everia / ch2_ferne / ch2_clarisse,680,100,100,100,2.01,
team:62,【鏡侍女】リュネ / 【鏡侍女】ロゼ / 【聖翼】アウレ / 【聖翼】ノエル,ch2_ryune / ch2_rose / ch2_aure / ch2_noelle,680,100,100,100,2.03,
team:70,【霊符】シオン / 【霊符】スイレン / 【日月】ルナリア / 【日月】ソラリア,ch2_shion / ch2_suiren / ch2_lunaria / ch2_solaria,770,100,100,100,1.99,
team:70,【竜姫】ドラシア / 【竜姫】リュシエ / 【薬毒】ミレア / 【薬毒】ヴィオラ,ch2_dracia / ch2_rucie / ch2_mirea / ch2_viola,770,100,100,100,1.84,
team:70,【星糸】セレス / 【星糸】ルミナ / 【誓姫】リリエット / 【誓姫】ロゼット,ch2_celes / ch2_lumina / ch2_lyriet / ch2_rosette,770,100,100,100,1.94,
team:78,【霊符】シオン / 【霊符】スイレン / 【日月】ルナリア / 【日月】ソラリア,ch2_shion / ch2_suiren / ch2_lunaria / ch2_solaria,860,100,100,100,1.96,
team:78,【星糸】セレス / 【星糸】ルミナ / 【誓姫】リリエット / 【誓姫】ロゼット,ch2_celes / ch2_lumina / ch2_lyriet / ch2_rosette,860,100,100,100,1.95,
team:78,【剣姫】ネメシア / 【剣姫】エヴェリア / 【双鐘】フェルネ / 【双鐘】クラリス,ch2_nemesia / ch2_everia / ch2_ferne / ch2_clarisse,860,100,100,100,1.91,
team:86,【封鍵】メリオラ / 【封鍵】エリゼル / 【薔薇】ノクテル / 【薔薇】オーリアン,ch2_meliora / ch2_elyselle / ch2_noctelle / ch2_auriane,950,100,100,100,5.31,
team:86,【双藤】ネヴィア / 【双藤】エルミナ / 【聖翼】アウレ / 【聖翼】ノエル,ch2_nevia / ch2_elmina / ch2_aure / ch2_noelle,950,100,100,100,5.8,
team:86,【剣姫】ネメシア / 【剣姫】エヴェリア / 【双鐘】フェルネ / 【双鐘】クラリス,ch2_nemesia / ch2_everia / ch2_ferne / ch2_clarisse,950,100,100,100,4.31,
manual:abyss_gluttony:manifest100,【鏡侍女】リュネ / 【鏡侍女】ロゼ / 【聖翼】アウレ / 【聖翼】ノエル,ch2_ryune / ch2_rose / ch2_aure / ch2_noelle,10000,100,100,100,1,
manual:abyss_gluttony:manifest100,【双雷】カリスタ / 【双雷】ソレーヌ / 【薬毒】ミレア / 【薬毒】ヴィオラ,ch2_calista / ch2_solenne / ch2_mirea / ch2_viola,10000,100,100,100,1,
manual:abyss_gluttony:manifest100,【霊符】シオン / 【霊符】スイレン / 【日月】ルナリア / 【日月】ソラリア,ch2_shion / ch2_suiren / ch2_lunaria / ch2_solaria,10000,100,100,100,1,
manual:abyss_envy:manifest100,【鏡侍女】リュネ / 【鏡侍女】ロゼ / 【聖翼】アウレ / 【聖翼】ノエル,ch2_ryune / ch2_rose / ch2_aure / ch2_noelle,10000,100,100,100,2,
manual:abyss_envy:manifest100,【双雷】カリスタ / 【双雷】ソレーヌ / 【薬毒】ミレア / 【薬毒】ヴィオラ,ch2_calista / ch2_solenne / ch2_mirea / ch2_viola,10000,100,100,100,2,
manual:abyss_envy:manifest100,【硝子】セリア / 【硝子】カルミア / 封書の小剣姫ルメア / 夜灯の従騎フィオラ,ch2_seria / ch2_carmia / ch2_lumea / ch2_fiora,10000,100,100,100,2.03,
manual:abyss_greed:manifest100,【鏡侍女】リュネ / 【鏡侍女】ロゼ / 【聖翼】アウレ / 【聖翼】ノエル,ch2_ryune / ch2_rose / ch2_aure / ch2_noelle,10000,100,100,100,2,
manual:abyss_greed:manifest100,【双雷】カリスタ / 【双雷】ソレーヌ / 【薬毒】ミレア / 【薬毒】ヴィオラ,ch2_calista / ch2_solenne / ch2_mirea / ch2_viola,10000,100,100,100,2,
manual:abyss_greed:manifest100,【硝子】セリア / 【硝子】カルミア / 封書の小剣姫ルメア / 夜灯の従騎フィオラ,ch2_seria / ch2_carmia / ch2_lumea / ch2_fiora,10000,100,100,100,2.04,
manual:abyss_pride:manifest100,【鏡侍女】リュネ / 【鏡侍女】ロゼ / 【聖翼】アウレ / 【聖翼】ノエル,ch2_ryune / ch2_rose / ch2_aure / ch2_noelle,10000,100,100,100,1,
manual:abyss_pride:manifest100,【双雷】カリスタ / 【双雷】ソレーヌ / 【薬毒】ミレア / 【薬毒】ヴィオラ,ch2_calista / ch2_solenne / ch2_mirea / ch2_viola,10000,100,100,100,1.07,
manual:abyss_pride:manifest100,【霊符】シオン / 【霊符】スイレン / 【日月】ルナリア / 【日月】ソラリア,ch2_shion / ch2_suiren / ch2_lunaria / ch2_solaria,10000,100,100,100,1.03,
manual:ten_space:manifest100,【霊符】シオン / 【霊符】スイレン / 【日月】ルナリア / 【日月】ソラリア,ch2_shion / ch2_suiren / ch2_lunaria / ch2_solaria,10000,100,100,100,1.77,
manual:ten_space:manifest100,【封鍵】メリオラ / 【封鍵】エリゼル / 【薔薇】ノクテル / 【薔薇】オーリアン,ch2_meliora / ch2_elyselle / ch2_noctelle / ch2_auriane,10000,100,100,100,1.08,
manual:ten_space:manifest100,【双藤】ネヴィア / 【双藤】エルミナ / 【聖翼】アウレ / 【聖翼】ノエル,ch2_nevia / ch2_elmina / ch2_aure / ch2_noelle,10000,100,100,100,1.98,
manual:ten_death:manifest100,【鏡侍女】リュネ / 【鏡侍女】ロゼ / 【聖翼】アウレ / 【聖翼】ノエル,ch2_ryune / ch2_rose / ch2_aure / ch2_noelle,10000,100,100,100,1.14,
manual:ten_death:manifest100,【霊符】シオン / 【霊符】スイレン / 【日月】ルナリア / 【日月】ソラリア,ch2_shion / ch2_suiren / ch2_lunaria / ch2_solaria,10000,100,100,100,1.46,
manual:ten_death:manifest100,【封鍵】メリオラ / 【封鍵】エリゼル / 【薔薇】ノクテル / 【薔薇】オーリアン,ch2_meliora / ch2_elyselle / ch2_noctelle / ch2_auriane,10000,100,100,100,1.02,
manual:ten_chaos:manifest100,【霊符】シオン / 【霊符】スイレン / 【日月】ルナリア / 【日月】ソラリア,ch2_shion / ch2_suiren / ch2_lunaria / ch2_solaria,10000,100,100,100,2.07,
manual:ten_chaos:manifest100,【双藤】ネヴィア / 【双藤】エルミナ / 【聖翼】アウレ / 【聖翼】ノエル,ch2_nevia / ch2_elmina / ch2_aure / ch2_noelle,10000,100,100,100,2.25,
manual:ten_chaos:manifest100,【星糸】セレス / 【星糸】ルミナ / 【誓姫】リリエット / 【誓姫】ロゼット,ch2_celes / ch2_lumina / ch2_lyriet / ch2_rosette,10000,100,100,100,2.06,
manual:ten_creation:manifest100,【霊符】シオン / 【霊符】スイレン / 【日月】ルナリア / 【日月】ソラリア,ch2_shion / ch2_suiren / ch2_lunaria / ch2_solaria,10000,100,100,100,1.13,
manual:ten_creation:manifest100,【封鍵】メリオラ / 【封鍵】エリゼル / 【薔薇】ノクテル / 【薔薇】オーリアン,ch2_meliora / ch2_elyselle / ch2_noctelle / ch2_auriane,10000,100,100,100,1,
manual:ten_creation:manifest100,【双藤】ネヴィア / 【双藤】エルミナ / 【聖翼】アウレ / 【聖翼】ノエル,ch2_nevia / ch2_elmina / ch2_aure / ch2_noelle,10000,100,100,100,1.71,
manual:ten_divinity:manifest100,【双藤】ネヴィア / 【双藤】エルミナ / 【聖翼】アウレ / 【聖翼】ノエル,ch2_nevia / ch2_elmina / ch2_aure / ch2_noelle,10000,100,98,98.0,9.57,
manual:ten_divinity:manifest100,【封鍵】メリオラ / 【封鍵】エリゼル / 【薔薇】ノクテル / 【薔薇】オーリアン,ch2_meliora / ch2_elyselle / ch2_noctelle / ch2_auriane,10000,100,100,100,10.01,
manual:ten_divinity:manifest100,【竜姫】ドラシア / 【竜姫】リュシエ / 【薬毒】ミレア / 【薬毒】ヴィオラ,ch2_dracia / ch2_rucie / ch2_mirea / ch2_viola,10000,100,100,100,8.97,
chapter:a1_west:1,【鏡侍女】リュネ / 【鏡侍女】ロゼ / 【聖翼】アウレ / 【聖翼】ノエル,ch2_ryune / ch2_rose / ch2_aure / ch2_noelle,1723,100,100,100,1,
chapter:a1_west:1,【双雷】カリスタ / 【双雷】ソレーヌ / 【薬毒】ミレア / 【薬毒】ヴィオラ,ch2_calista / ch2_solenne / ch2_mirea / ch2_viola,1723,100,100,100,1,
chapter:a1_west:1,【霊符】シオン / 【霊符】スイレン / 【日月】ルナリア / 【日月】ソラリア,ch2_shion / ch2_suiren / ch2_lunaria / ch2_solaria,1723,100,100,100,1,
chapter:a1_east:3,【鏡侍女】リュネ / 【鏡侍女】ロゼ / 【聖翼】アウレ / 【聖翼】ノエル,ch2_ryune / ch2_rose / ch2_aure / ch2_noelle,2341,100,100,100,1,
chapter:a1_east:3,【双雷】カリスタ / 【双雷】ソレーヌ / 【薬毒】ミレア / 【薬毒】ヴィオラ,ch2_calista / ch2_solenne / ch2_mirea / ch2_viola,2341,100,100,100,1,
chapter:a1_east:3,【霊符】シオン / 【霊符】スイレン / 【日月】ルナリア / 【日月】ソラリア,ch2_shion / ch2_suiren / ch2_lunaria / ch2_solaria,2341,100,100,100,1,
chapter:a1_heart:5,【鏡侍女】リュネ / 【鏡侍女】ロゼ / 【聖翼】アウレ / 【聖翼】ノエル,ch2_ryune / ch2_rose / ch2_aure / ch2_noelle,3002,100,100,100,1,
chapter:a1_heart:5,【封鍵】メリオラ / 【封鍵】エリゼル / 【薔薇】ノクテル / 【薔薇】オーリアン,ch2_meliora / ch2_elyselle / ch2_noctelle / ch2_auriane,3002,100,100,100,1,
chapter:a1_heart:5,【竜姫】ドラシア / 【竜姫】リュシエ / 【薬毒】ミレア / 【薬毒】ヴィオラ,ch2_dracia / ch2_rucie / ch2_mirea / ch2_viola,3002,100,100,100,1,
chapter:a2_west:1,【鏡侍女】リュネ / 【鏡侍女】ロゼ / 【聖翼】アウレ / 【聖翼】ノエル,ch2_ryune / ch2_rose / ch2_aure / ch2_noelle,2431,100,100,100,1,
chapter:a2_west:1,【双雷】カリスタ / 【双雷】ソレーヌ / 【薬毒】ミレア / 【薬毒】ヴィオラ,ch2_calista / ch2_solenne / ch2_mirea / ch2_viola,2431,100,100,100,1.09,
chapter:a2_west:1,【霊符】シオン / 【霊符】スイレン / 【日月】ルナリア / 【日月】ソラリア,ch2_shion / ch2_suiren / ch2_lunaria / ch2_solaria,2431,100,100,100,1,
chapter:a2_east:3,【双雷】カリスタ / 【双雷】ソレーヌ / 【薬毒】ミレア / 【薬毒】ヴィオラ,ch2_calista / ch2_solenne / ch2_mirea / ch2_viola,3265,100,100,100,1.01,
chapter:a2_east:3,【霊符】シオン / 【霊符】スイレン / 【日月】ルナリア / 【日月】ソラリア,ch2_shion / ch2_suiren / ch2_lunaria / ch2_solaria,3265,100,100,100,1,
chapter:a2_east:3,【竜姫】ドラシア / 【竜姫】リュシエ / 【薬毒】ミレア / 【薬毒】ヴィオラ,ch2_dracia / ch2_rucie / ch2_mirea / ch2_viola,3265,100,100,100,1,
chapter:a2_heart:5,【鏡侍女】リュネ / 【鏡侍女】ロゼ / 【聖翼】アウレ / 【聖翼】ノエル,ch2_ryune / ch2_rose / ch2_aure / ch2_noelle,4142,100,100,100,1,
chapter:a2_heart:5,【霊符】シオン / 【霊符】スイレン / 【日月】ルナリア / 【日月】ソラリア,ch2_shion / ch2_suiren / ch2_lunaria / ch2_solaria,4142,100,100,100,1.02,
chapter:a2_heart:5,【封鍵】メリオラ / 【封鍵】エリゼル / 【薔薇】ノクテル / 【薔薇】オーリアン,ch2_meliora / ch2_elyselle / ch2_noctelle / ch2_auriane,4142,100,100,100,1,
chapter:a3_west:1,【霊符】シオン / 【霊符】スイレン / 【日月】ルナリア / 【日月】ソラリア,ch2_shion / ch2_suiren / ch2_lunaria / ch2_solaria,3375,100,100,100,1.03,
chapter:a3_west:1,【双藤】ネヴィア / 【双藤】エルミナ / 【聖翼】アウレ / 【聖翼】ノエル,ch2_nevia / ch2_elmina / ch2_aure / ch2_noelle,3375,100,100,100,1.14,
chapter:a3_west:1,【返誓】ロスティア / 【返誓】アルテア / 【星刻】エイレーネ / 【星刻】イリデル,ch2_rostia / ch2_althea / ch2_eirene / ch2_iridelle,3375,100,100,100,1.02,
chapter:a3_east:3,【霊符】シオン / 【霊符】スイレン / 【日月】ルナリア / 【日月】ソラリア,ch2_shion / ch2_suiren / ch2_lunaria / ch2_solaria,4497,100,100,100,1.01,
chapter:a3_east:3,【返誓】ロスティア / 【返誓】アルテア / 【星刻】エイレーネ / 【星刻】イリデル,ch2_rostia / ch2_althea / ch2_eirene / ch2_iridelle,4497,100,100,100,1,
chapter:a3_east:3,【剣姫】ネメシア / 【剣姫】エヴェリア / 【双鐘】フェルネ / 【双鐘】クラリス,ch2_nemesia / ch2_everia / ch2_ferne / ch2_clarisse,4497,100,100,100,1.01,
chapter:a3_heart:5,【返誓】ロスティア / 【返誓】アルテア / 【星刻】エイレーネ / 【星刻】イリデル,ch2_rostia / ch2_althea / ch2_eirene / ch2_iridelle,5662,100,100,100,3.1,
chapter:a3_heart:5,【竜姫】ドラシア / 【竜姫】リュシエ / 【薬毒】ミレア / 【薬毒】ヴィオラ,ch2_dracia / ch2_rucie / ch2_mirea / ch2_viola,5662,100,100,100,3.94,
chapter:a3_heart:5,【封鍵】メリオラ / 【封鍵】エリゼル / 【薔薇】ノクテル / 【薔薇】オーリアン,ch2_meliora / ch2_elyselle / ch2_noctelle / ch2_auriane,5662,100,100,100,5.8,
chapter:a4_west:1,【霊符】シオン / 【霊符】スイレン / 【日月】ルナリア / 【日月】ソラリア,ch2_shion / ch2_suiren / ch2_lunaria / ch2_solaria,4555,100,100,100,2,
chapter:a4_west:1,【竜姫】ドラシア / 【竜姫】リュシエ / 【薬毒】ミレア / 【薬毒】ヴィオラ,ch2_dracia / ch2_rucie / ch2_mirea / ch2_viola,4555,100,100,100,2.09,
chapter:a4_west:1,【双藤】ネヴィア / 【双藤】エルミナ / 【聖翼】アウレ / 【聖翼】ノエル,ch2_nevia / ch2_elmina / ch2_aure / ch2_noelle,4555,100,100,100,2,
chapter:a4_east:3,【返誓】ロスティア / 【返誓】アルテア / 【星刻】エイレーネ / 【星刻】イリデル,ch2_rostia / ch2_althea / ch2_eirene / ch2_iridelle,6037,100,100,100,1.2,
chapter:a4_east:3,【剣姫】ネメシア / 【剣姫】エヴェリア / 【双鐘】フェルネ / 【双鐘】クラリス,ch2_nemesia / ch2_everia / ch2_ferne / ch2_clarisse,6037,100,100,100,1.01,
chapter:a4_east:3,【双雷】カリスタ / 【双雷】ソレーヌ / 【薬毒】ミレア / 【薬毒】ヴィオラ,ch2_calista / ch2_solenne / ch2_mirea / ch2_viola,6037,100,100,100,2,
chapter:a4_heart:5,【霊符】シオン / 【霊符】スイレン / 【日月】ルナリア / 【日月】ソラリア,ch2_shion / ch2_suiren / ch2_lunaria / ch2_solaria,7562,100,100,100,2,
chapter:a4_heart:5,【双藤】ネヴィア / 【双藤】エルミナ / 【聖翼】アウレ / 【聖翼】ノエル,ch2_nevia / ch2_elmina / ch2_aure / ch2_noelle,7562,100,100,100,2,
chapter:a4_heart:5,【返誓】ロスティア / 【返誓】アルテア / 【星刻】エイレーネ / 【星刻】イリデル,ch2_rostia / ch2_althea / ch2_eirene / ch2_iridelle,7562,100,100,100,2,
chapter:west:1,【鏡侍女】リュネ / 【鏡侍女】ロゼ / 【聖翼】アウレ / 【聖翼】ノエル,ch2_ryune / ch2_rose / ch2_aure / ch2_noelle,1298,100,100,100,1,
chapter:west:1,【双雷】カリスタ / 【双雷】ソレーヌ / 【薬毒】ミレア / 【薬毒】ヴィオラ,ch2_calista / ch2_solenne / ch2_mirea / ch2_viola,1298,100,100,100,1,
chapter:west:1,【硝子】セリア / 【硝子】カルミア / 封書の小剣姫ルメア / 夜灯の従騎フィオラ,ch2_seria / ch2_carmia / ch2_lumea / ch2_fiora,1298,100,100,100,1,
chapter:east:3,【鏡侍女】リュネ / 【鏡侍女】ロゼ / 【聖翼】アウレ / 【聖翼】ノエル,ch2_ryune / ch2_rose / ch2_aure / ch2_noelle,1694,100,100,100,1,
chapter:east:3,【双雷】カリスタ / 【双雷】ソレーヌ / 【薬毒】ミレア / 【薬毒】ヴィオラ,ch2_calista / ch2_solenne / ch2_mirea / ch2_viola,1694,100,100,100,1,
chapter:east:3,【硝子】セリア / 【硝子】カルミア / 封書の小剣姫ルメア / 夜灯の従騎フィオラ,ch2_seria / ch2_carmia / ch2_lumea / ch2_fiora,1694,100,100,100,1,
chapter:heart:5,【鏡侍女】リュネ / 【鏡侍女】ロゼ / 【聖翼】アウレ / 【聖翼】ノエル,ch2_ryune / ch2_rose / ch2_aure / ch2_noelle,2280,100,100,100,1,
chapter:heart:5,【双雷】カリスタ / 【双雷】ソレーヌ / 【薬毒】ミレア / 【薬毒】ヴィオラ,ch2_calista / ch2_solenne / ch2_mirea / ch2_viola,2280,100,100,100,1,
chapter:heart:5,【硝子】セリア / 【硝子】カルミア / 封書の小剣姫ルメア / 夜灯の従騎フィオラ,ch2_seria / ch2_carmia / ch2_lumea / ch2_fiora,2280,100,100,100,1.01,
chapter:roam0_1:1,【鏡侍女】リュネ / 【鏡侍女】ロゼ / 【聖翼】アウレ / 【聖翼】ノエル,ch2_ryune / ch2_rose / ch2_aure / ch2_noelle,1239,100,100,100,1,
chapter:roam0_1:1,【双雷】カリスタ / 【双雷】ソレーヌ / 【薬毒】ミレア / 【薬毒】ヴィオラ,ch2_calista / ch2_solenne / ch2_mirea / ch2_viola,1239,100,100,100,1,
chapter:roam0_1:1,【硝子】セリア / 【硝子】カルミア / 封書の小剣姫ルメア / 夜灯の従騎フィオラ,ch2_seria / ch2_carmia / ch2_lumea / ch2_fiora,1239,100,100,100,1,
chapter:roam0_3:3,【鏡侍女】リュネ / 【鏡侍女】ロゼ / 【聖翼】アウレ / 【聖翼】ノエル,ch2_ryune / ch2_rose / ch2_aure / ch2_noelle,1617,100,100,100,1,
chapter:roam0_3:3,【双雷】カリスタ / 【双雷】ソレーヌ / 【薬毒】ミレア / 【薬毒】ヴィオラ,ch2_calista / ch2_solenne / ch2_mirea / ch2_viola,1617,100,100,100,1,
chapter:roam0_3:3,【硝子】セリア / 【硝子】カルミア / 封書の小剣姫ルメア / 夜灯の従騎フィオラ,ch2_seria / ch2_carmia / ch2_lumea / ch2_fiora,1617,100,100,100,1,
chapter:roam0_4:5,【鏡侍女】リュネ / 【鏡侍女】ロゼ / 【聖翼】アウレ / 【聖翼】ノエル,ch2_ryune / ch2_rose / ch2_aure / ch2_noelle,1995,100,100,100,1,
chapter:roam0_4:5,【双雷】カリスタ / 【双雷】ソレーヌ / 【薬毒】ミレア / 【薬毒】ヴィオラ,ch2_calista / ch2_solenne / ch2_mirea / ch2_viola,1995,100,100,100,1,
chapter:roam0_4:5,【硝子】セリア / 【硝子】カルミア / 封書の小剣姫ルメア / 夜灯の従騎フィオラ,ch2_seria / ch2_carmia / ch2_lumea / ch2_fiora,1995,100,100,100,1,
chapter:roam1_1:1,【返誓】ロスティア / 【返誓】アルテア / 【星刻】エイレーネ / 【星刻】イリデル,ch2_rostia / ch2_althea / ch2_eirene / ch2_iridelle,3068,100,100,100,1.04,
chapter:roam1_1:1,【双雷】カリスタ / 【双雷】ソレーヌ / 【薬毒】ミレア / 【薬毒】ヴィオラ,ch2_calista / ch2_solenne / ch2_mirea / ch2_viola,3068,100,100,100,2.02,
chapter:roam1_1:1,【霊符】シオン / 【霊符】スイレン / 【日月】ルナリア / 【日月】ソラリア,ch2_shion / ch2_suiren / ch2_lunaria / ch2_solaria,3068,100,100,100,2,
chapter:roam1_3:3,【鏡侍女】リュネ / 【鏡侍女】ロゼ / 【聖翼】アウレ / 【聖翼】ノエル,ch2_ryune / ch2_rose / ch2_aure / ch2_noelle,2156,100,100,100,1,
chapter:roam1_3:3,【封鍵】メリオラ / 【封鍵】エリゼル / 【薔薇】ノクテル / 【薔薇】オーリアン,ch2_meliora / ch2_elyselle / ch2_noctelle / ch2_auriane,2156,100,100,100,1,
chapter:roam1_3:3,【竜姫】ドラシア / 【竜姫】リュシエ / 【薬毒】ミレア / 【薬毒】ヴィオラ,ch2_dracia / ch2_rucie / ch2_mirea / ch2_viola,2156,100,100,100,1,
chapter:roam1_4:5,【鏡侍女】リュネ / 【鏡侍女】ロゼ / 【聖翼】アウレ / 【聖翼】ノエル,ch2_ryune / ch2_rose / ch2_aure / ch2_noelle,2660,100,100,100,1,
chapter:roam1_4:5,【双雷】カリスタ / 【双雷】ソレーヌ / 【薬毒】ミレア / 【薬毒】ヴィオラ,ch2_calista / ch2_solenne / ch2_mirea / ch2_viola,2660,100,100,100,1,
chapter:roam1_4:5,【硝子】セリア / 【硝子】カルミア / 封書の小剣姫ルメア / 夜灯の従騎フィオラ,ch2_seria / ch2_carmia / ch2_lumea / ch2_fiora,2660,100,100,100,1,
chapter:roam2_1:1,【鏡侍女】リュネ / 【鏡侍女】ロゼ / 【聖翼】アウレ / 【聖翼】ノエル,ch2_ryune / ch2_rose / ch2_aure / ch2_noelle,2360,100,100,100,1,
chapter:roam2_1:1,【双雷】カリスタ / 【双雷】ソレーヌ / 【薬毒】ミレア / 【薬毒】ヴィオラ,ch2_calista / ch2_solenne / ch2_mirea / ch2_viola,2360,100,100,100,1,
chapter:roam2_1:1,【硝子】セリア / 【硝子】カルミア / 封書の小剣姫ルメア / 夜灯の従騎フィオラ,ch2_seria / ch2_carmia / ch2_lumea / ch2_fiora,2360,100,100,100,1.04,
chapter:roam2_3:3,【鏡侍女】リュネ / 【鏡侍女】ロゼ / 【聖翼】アウレ / 【聖翼】ノエル,ch2_ryune / ch2_rose / ch2_aure / ch2_noelle,3080,100,100,100,1,
chapter:roam2_3:3,【双雷】カリスタ / 【双雷】ソレーヌ / 【薬毒】ミレア / 【薬毒】ヴィオラ,ch2_calista / ch2_solenne / ch2_mirea / ch2_viola,3080,100,100,100,1,
chapter:roam2_3:3,【硝子】セリア / 【硝子】カルミア / 封書の小剣姫ルメア / 夜灯の従騎フィオラ,ch2_seria / ch2_carmia / ch2_lumea / ch2_fiora,3080,100,100,100,1.08,
chapter:roam2_4:5,【鏡侍女】リュネ / 【鏡侍女】ロゼ / 【聖翼】アウレ / 【聖翼】ノエル,ch2_ryune / ch2_rose / ch2_aure / ch2_noelle,3800,100,100,100,1,
chapter:roam2_4:5,【双雷】カリスタ / 【双雷】ソレーヌ / 【薬毒】ミレア / 【薬毒】ヴィオラ,ch2_calista / ch2_solenne / ch2_mirea / ch2_viola,3800,100,100,100,1,
chapter:roam2_4:5,【硝子】セリア / 【硝子】カルミア / 封書の小剣姫ルメア / 夜灯の従騎フィオラ,ch2_seria / ch2_carmia / ch2_lumea / ch2_fiora,3800,100,100,100,1.04,
chapter:roam3_1:1,【鏡侍女】リュネ / 【鏡侍女】ロゼ / 【聖翼】アウレ / 【聖翼】ノエル,ch2_ryune / ch2_rose / ch2_aure / ch2_noelle,3304,100,100,100,1,
chapter:roam3_1:1,【双雷】カリスタ / 【双雷】ソレーヌ / 【薬毒】ミレア / 【薬毒】ヴィオラ,ch2_calista / ch2_solenne / ch2_mirea / ch2_viola,3304,100,100,100,1.02,
chapter:roam3_1:1,【霊符】シオン / 【霊符】スイレン / 【日月】ルナリア / 【日月】ソラリア,ch2_shion / ch2_suiren / ch2_lunaria / ch2_solaria,3304,100,100,100,1,
chapter:roam3_3:3,【返誓】ロスティア / 【返誓】アルテア / 【星刻】エイレーネ / 【星刻】イリデル,ch2_rostia / ch2_althea / ch2_eirene / ch2_iridelle,7392,100,100,100,1.02,
chapter:roam3_3:3,【剣姫】ネメシア / 【剣姫】エヴェリア / 【双鐘】フェルネ / 【双鐘】クラリス,ch2_nemesia / ch2_everia / ch2_ferne / ch2_clarisse,7392,100,100,100,1.03,
chapter:roam3_3:3,【双雷】カリスタ / 【双雷】ソレーヌ / 【薬毒】ミレア / 【薬毒】ヴィオラ,ch2_calista / ch2_solenne / ch2_mirea / ch2_viola,7392,100,100,100,2,
chapter:roam3_4:5,【返誓】ロスティア / 【返誓】アルテア / 【星刻】エイレーネ / 【星刻】イリデル,ch2_rostia / ch2_althea / ch2_eirene / ch2_iridelle,8170,100,100,100,1.1,
chapter:roam3_4:5,【星糸】セレス / 【星糸】ルミナ / 【誓姫】リリエット / 【誓姫】ロゼット,ch2_celes / ch2_lumina / ch2_lyriet / ch2_rosette,8170,100,100,100,1.1,
chapter:roam3_4:5,【剣姫】ネメシア / 【剣姫】エヴェリア / 【双鐘】フェルネ / 【双鐘】クラリス,ch2_nemesia / ch2_everia / ch2_ferne / ch2_clarisse,8170,100,100,100,1,
chapter:roam4_1:1,【霊符】シオン / 【霊符】スイレン / 【日月】ルナリア / 【日月】ソラリア,ch2_shion / ch2_suiren / ch2_lunaria / ch2_solaria,6608,100,100,100,2,
chapter:roam4_1:1,【剣姫】ネメシア / 【剣姫】エヴェリア / 【双鐘】フェルネ / 【双鐘】クラリス,ch2_nemesia / ch2_everia / ch2_ferne / ch2_clarisse,6608,100,100,100,2,
chapter:roam4_1:1,【封鍵】メリオラ / 【封鍵】エリゼル / 【薔薇】ノクテル / 【薔薇】オーリアン,ch2_meliora / ch2_elyselle / ch2_noctelle / ch2_auriane,6608,100,100,100,3,
chapter:roam4_3:3,【返誓】ロスティア / 【返誓】アルテア / 【星刻】エイレーネ / 【星刻】イリデル,ch2_rostia / ch2_althea / ch2_eirene / ch2_iridelle,8008,100,100,100,1.01,
chapter:roam4_3:3,【鏡侍女】リュネ / 【鏡侍女】ロゼ / 【聖翼】アウレ / 【聖翼】ノエル,ch2_ryune / ch2_rose / ch2_aure / ch2_noelle,8008,100,100,100,2,
chapter:roam4_3:3,【双雷】カリスタ / 【双雷】ソレーヌ / 【薬毒】ミレア / 【薬毒】ヴィオラ,ch2_calista / ch2_solenne / ch2_mirea / ch2_viola,8008,100,100,100,2,
chapter:roam4_4:5,【返誓】ロスティア / 【返誓】アルテア / 【星刻】エイレーネ / 【星刻】イリデル,ch2_rostia / ch2_althea / ch2_eirene / ch2_iridelle,10000,100,100,100,1.01,
chapter:roam4_4:5,【霊符】シオン / 【霊符】スイレン / 【日月】ルナリア / 【日月】ソラリア,ch2_shion / ch2_suiren / ch2_lunaria / ch2_solaria,10000,100,100,100,1.94,
chapter:roam4_4:5,【封鍵】メリオラ / 【封鍵】エリゼル / 【薔薇】ノクテル / 【薔薇】オーリアン,ch2_meliora / ch2_elyselle / ch2_noctelle / ch2_auriane,10000,100,100,100,2.02,
chapter:roam2_3_391:1,【鏡侍女】リュネ / 【鏡侍女】ロゼ / 【聖翼】アウレ / 【聖翼】ノエル,ch2_ryune / ch2_rose / ch2_aure / ch2_noelle,2360,100,100,100,1,
chapter:roam2_3_391:1,【双雷】カリスタ / 【双雷】ソレーヌ / 【薬毒】ミレア / 【薬毒】ヴィオラ,ch2_calista / ch2_solenne / ch2_mirea / ch2_viola,2360,100,100,100,1.01,
chapter:roam2_3_391:1,【霊符】シオン / 【霊符】スイレン / 【日月】ルナリア / 【日月】ソラリア,ch2_shion / ch2_suiren / ch2_lunaria / ch2_solaria,2360,100,100,100,1.93,
chapter:roam4_4_391:3,【返誓】ロスティア / 【返誓】アルテア / 【星刻】エイレーネ / 【星刻】イリデル,ch2_rostia / ch2_althea / ch2_eirene / ch2_iridelle,8316,100,100,100,1.06,
chapter:roam4_4_391:3,【霊符】シオン / 【霊符】スイレン / 【日月】ルナリア / 【日月】ソラリア,ch2_shion / ch2_suiren / ch2_lunaria / ch2_solaria,8316,100,100,100,2,
chapter:roam4_4_391:3,【双藤】ネヴィア / 【双藤】エルミナ / 【聖翼】アウレ / 【聖翼】ノエル,ch2_nevia / ch2_elmina / ch2_aure / ch2_noelle,8316,100,100,100,2,
chapter:roam1_3_392:5,【鏡侍女】リュネ / 【鏡侍女】ロゼ / 【聖翼】アウレ / 【聖翼】ノエル,ch2_ryune / ch2_rose / ch2_aure / ch2_noelle,2660,100,100,100,1.99,
chapter:roam1_3_392:5,【封鍵】メリオラ / 【封鍵】エリゼル / 【薔薇】ノクテル / 【薔薇】オーリアン,ch2_meliora / ch2_elyselle / ch2_noctelle / ch2_auriane,2660,100,100,100,1,
chapter:roam1_3_392:5,【竜姫】ドラシア / 【竜姫】リュシエ / 【薬毒】ミレア / 【薬毒】ヴィオラ,ch2_dracia / ch2_rucie / ch2_mirea / ch2_viola,2660,100,100,100,1,
chapter:roam4_3_392:1,【霊符】シオン / 【霊符】スイレン / 【日月】ルナリア / 【日月】ソラリア,ch2_shion / ch2_suiren / ch2_lunaria / ch2_solaria,6136,100,100,100,2,
chapter:roam4_3_392:1,【竜姫】ドラシア / 【竜姫】リュシエ / 【薬毒】ミレア / 【薬毒】ヴィオラ,ch2_dracia / ch2_rucie / ch2_mirea / ch2_viola,6136,100,100,100,2.08,
chapter:roam4_3_392:1,【返誓】ロスティア / 【返誓】アルテア / 【星刻】エイレーネ / 【星刻】イリデル,ch2_rostia / ch2_althea / ch2_eirene / ch2_iridelle,6136,100,100,100,1.38,
chapter:roam0_3_elite393:1,【鏡侍女】リュネ / 【鏡侍女】ロゼ / 【聖翼】アウレ / 【聖翼】ノエル,ch2_ryune / ch2_rose / ch2_aure / ch2_noelle,1208,100,100,100,1,
chapter:roam0_3_elite393:1,【双雷】カリスタ / 【双雷】ソレーヌ / 【薬毒】ミレア / 【薬毒】ヴィオラ,ch2_calista / ch2_solenne / ch2_mirea / ch2_viola,1208,100,100,100,1,
chapter:roam0_3_elite393:1,【硝子】セリア / 【硝子】カルミア / 封書の小剣姫ルメア / 夜灯の従騎フィオラ,ch2_seria / ch2_carmia / ch2_lumea / ch2_fiora,1208,100,100,100,1,
chapter:roam1_1_elite393:3,【双藤】ネヴィア / 【双藤】エルミナ / 【聖翼】アウレ / 【聖翼】ノエル,ch2_nevia / ch2_elmina / ch2_aure / ch2_noelle,4160,100,100,100,1.12,
chapter:roam1_1_elite393:3,【返誓】ロスティア / 【返誓】アルテア / 【星刻】エイレーネ / 【星刻】イリデル,ch2_rostia / ch2_althea / ch2_eirene / ch2_iridelle,4160,100,100,100,1,
chapter:roam1_1_elite393:3,【星糸】セレス / 【星糸】ルミナ / 【誓姫】リリエット / 【誓姫】ロゼット,ch2_celes / ch2_lumina / ch2_lyriet / ch2_rosette,4160,100,100,100,1.04,
chapter:roam2_1_elite393:2,【鏡侍女】リュネ / 【鏡侍女】ロゼ / 【聖翼】アウレ / 【聖翼】ノエル,ch2_ryune / ch2_rose / ch2_aure / ch2_noelle,2700,100,100,100,1,
chapter:roam2_1_elite393:2,【双雷】カリスタ / 【双雷】ソレーヌ / 【薬毒】ミレア / 【薬毒】ヴィオラ,ch2_calista / ch2_solenne / ch2_mirea / ch2_viola,2700,100,100,100,1,
chapter:roam2_1_elite393:2,【霊符】シオン / 【霊符】スイレン / 【日月】ルナリア / 【日月】ソラリア,ch2_shion / ch2_suiren / ch2_lunaria / ch2_solaria,2700,100,100,100,1,
chapter:roam3_1_elite393:1,【霊符】シオン / 【霊符】スイレン / 【日月】ルナリア / 【日月】ソラリア,ch2_shion / ch2_suiren / ch2_lunaria / ch2_solaria,3220,100,100,100,1.01,
chapter:roam3_1_elite393:1,【竜姫】ドラシア / 【竜姫】リュシエ / 【薬毒】ミレア / 【薬毒】ヴィオラ,ch2_dracia / ch2_rucie / ch2_mirea / ch2_viola,3220,100,100,100,1.05,
chapter:roam3_1_elite393:1,【返誓】ロスティア / 【返誓】アルテア / 【星刻】エイレーネ / 【星刻】イリデル,ch2_rostia / ch2_althea / ch2_eirene / ch2_iridelle,3220,100,100,100,1,
chapter:roam3_4_elite393:3,【霊符】シオン / 【霊符】スイレン / 【日月】ルナリア / 【日月】ソラリア,ch2_shion / ch2_suiren / ch2_lunaria / ch2_solaria,6880,100,100,100,1,
chapter:roam3_4_elite393:3,【返誓】ロスティア / 【返誓】アルテア / 【星刻】エイレーネ / 【星刻】イリデル,ch2_rostia / ch2_althea / ch2_eirene / ch2_iridelle,6880,100,100,100,1,
chapter:roam3_4_elite393:3,【剣姫】ネメシア / 【剣姫】エヴェリア / 【双鐘】フェルネ / 【双鐘】クラリス,ch2_nemesia / ch2_everia / ch2_ferne / ch2_clarisse,6880,100,100,100,1,
chapter:roam4_4_elite393:2,【霊符】シオン / 【霊符】スイレン / 【日月】ルナリア / 【日月】ソラリア,ch2_shion / ch2_suiren / ch2_lunaria / ch2_solaria,7290,100,100,100,2,
chapter:roam4_4_elite393:2,【竜姫】ドラシア / 【竜姫】リュシエ / 【薬毒】ミレア / 【薬毒】ヴィオラ,ch2_dracia / ch2_rucie / ch2_mirea / ch2_viola,7290,100,100,100,2.06,
chapter:roam4_4_elite393:2,【返誓】ロスティア / 【返誓】アルテア / 【星刻】エイレーネ / 【星刻】イリデル,ch2_rostia / ch2_althea / ch2_eirene / ch2_iridelle,7290,100,100,100,1.25,
heroes:6,【霊符】シオン / 【霊符】スイレン / 【日月】ルナリア / 【日月】ソラリア,ch2_shion / ch2_suiren / ch2_lunaria / ch2_solaria,3500,100,96,96.0,11.68,
heroes:6,【双藤】ネヴィア / 【双藤】エルミナ / 【聖翼】アウレ / 【聖翼】ノエル,ch2_nevia / ch2_elmina / ch2_aure / ch2_noelle,3500,100,96,96.0,12.24,
heroes:6,【剣姫】ネメシア / 【剣姫】エヴェリア / 【双鐘】フェルネ / 【双鐘】クラリス,ch2_nemesia / ch2_everia / ch2_ferne / ch2_clarisse,3500,100,100,100,7.43,
heroes:14,【霊符】シオン / 【霊符】スイレン / 【日月】ルナリア / 【日月】ソラリア,ch2_shion / ch2_suiren / ch2_lunaria / ch2_solaria,7500,100,100,100,7.26,
heroes:14,【双藤】ネヴィア / 【双藤】エルミナ / 【聖翼】アウレ / 【聖翼】ノエル,ch2_nevia / ch2_elmina / ch2_aure / ch2_noelle,7500,100,100,100,6.45,
heroes:14,【剣姫】ネメシア / 【剣姫】エヴェリア / 【双鐘】フェルネ / 【双鐘】クラリス,ch2_nemesia / ch2_everia / ch2_ferne / ch2_clarisse,7500,100,100,100,6.13,
campaign:4:boss,癒しキノコ / 泥殻将グラブロス / 深淵壺イソギンチャク / 嵐告鴉テンペストクロウ,healing_mushroom / mud_crab / gluepot_mimic / storm_crow,120,100,99,99.0,4.98,
campaign:4:boss,灯幽霊ルクスファントム / 鉄城亀フェルムトルタ / 砂鉄蠍サンドレギオン / 断角猪ブレイドボア,lantern_ghost / iron_turtle / sand_scorpion / blade_boar,120,100,100,100,3.32,
campaign:4:boss,霧海母ミストメドゥーサ / 苔王機モスゴリアス / 宵眼梟ノクティス / 晶針蜂クリスタヴェスパ,mist_jelly / moss_golem / dusk_owl / crystal_bee,120,100,99,99.0,3.29,
campaign:12:boss,天角聖鹿セレススタッグ / 黒葬騎ディアブロス / 深海サルパ百鬼夜行 / 禁海の断頭魚,sky_stag / dark_knight / pencilcase_parade / forbidden_paper_cutter,360,100,100,100,1,
campaign:12:boss,葬列司祭ネクロビショップ / 熔甲王マグマスカラベ / 雷衣術師エレノア / 深海龍ネレイド,grave_bishop / magma_beetle / volt_veil_arcanist / chalkboard_dragon,360,100,100,100,1.05,
campaign:12:boss,聖環精ルミナリエ / 溶界亀マグナトルタ / 海魔眼バシリオス / 骨縫獣キメラモルド,angelic_orb / lava_tortoise / sea_basilisk / bone_chimera,360,100,100,100,1.01,
campaign:20:abyss_wrath,蒼歌姫セイレーネ / 熔甲王マグマスカラベ / 深海魔皇オクトクラーケン / 禁海の断頭魚,tide_siren / magma_beetle / deep_octopus / forbidden_paper_cutter,600,100,100,100,2.31,
campaign:20:abyss_wrath,幽光オバケクラゲ / 薔薇葬騎ローゼンヴァイス / 機巧賢者クロノマギア / 深海龍ネレイド,correction_ghost / rose_knight / clockwork_mage / chalkboard_dragon,600,100,99,99.0,2.04,
campaign:20:abyss_wrath,氷樹姫ニヴルドリアード / 世界樹護王ユグドガルド / 深海サルパ百鬼夜行 / 冥淵死神アビスモルテ,frost_dryad / world_tree_guardian / pencilcase_parade / abyss_reaper,600,100,100,100,3.12,
campaign:28:boss,極光聖獣アウロラ / 地殻巨神テラコロッサス / 氷界女帝グラシエラ / 爆界巨神ヴォルカノス,aurora_unicorn / earth_colossus / glacier_queen / volcano_titan,840,100,100,100,1.02,
campaign:28:boss,日輪聖女ソラリア / 金剛神機アダマント / 日輪賢獣ソルスフィンクス / 血月侯ヴラドノクス,sun_priestess / adamant_golem / solar_sphinx / blood_count,840,100,100,100,1,
campaign:28:boss,氷樹姫ニヴルドリアード / 世界樹護王ユグドガルド / 疫界竜ペスティドラ / 天颶鳥ガルーダテンペスト,frost_dryad / world_tree_guardian / plague_dragon / cyclone_garuda,840,100,100,100,1.01,
campaign:36:boss,神託梟オラクルノクス / 凍鏡騎士グラシエル / 冥毒九頭竜ヒュドラ / 創界粘神ジェネシス,oracle_owl / frozen_mirror_knight / abyssal_hydra / genesis_slime,1080,100,100,100,1.12,
campaign:36:boss,極光聖獣アウロラ / 天穹鯨セレスティア / 天嵐蛇王テンペストナーガ / 終刻狼ラグナロク,aurora_unicorn / celestial_whale / tempest_serpent / ragnarok_wolf,1080,100,100,100,1.27,
campaign:36:boss,氷樹姫ニヴルドリアード / 金剛神機アダマント / 氷界女帝グラシエラ / 星辰機神アステリオン,frost_dryad / adamant_golem / glacier_queen / star_automaton,1080,100,100,100,1.13,
campaign:44:boss,刻律機クロノギア / 翠嶺巨獣ベヒモルド / 海皇姫ネレイディア / 氷獄狼フェンリシア,time_keeper / emerald_behemoth / sea_empress / frost_fenrir,1320,100,100,100,1,
campaign:44:boss,熾天聖セラフィエル / 凍鏡騎士グラシエル / 冥毒九頭竜ヒュドラ / 蝕界竜エクリプシア,seraphim / frozen_mirror_knight / abyssal_hydra / eclipse_dragon,1320,100,100,100,1,
campaign:44:boss,神託梟オラクルノクス / 天穹鯨セレスティア / 天嵐蛇王テンペストナーガ / 雷霆麒麟ヴァジュラン,oracle_owl / celestial_whale / tempest_serpent / thunder_kirin,1320,100,100,100,1,
campaign:52:boss,天翔聖馬ペガシエル / 雷装機神デウスマキナ / 月仙兎アルミラージュ / 日輪神鳥ソルガルーダ,celestial_pegasus / mechanical_deity / moon_rabbit_sage / sun_garuda,1560,100,100,100,1,
campaign:52:boss,刻律機クロノギア / 翠嶺巨獣ベヒモルド / 嵐海覇竜リヴァイオン / 冥府皇ハデスノクス,time_keeper / emerald_behemoth / storm_leviathan / underworld_king,1560,100,100,100,1,
campaign:52:boss,熾天聖セラフィエル / 凍鏡騎士グラシエル / 蠱毒女帝ヴェネフィカ / 氷獄狼フェンリシア,seraphim / frozen_mirror_knight / poison_queen / frost_fenrir,1560,100,100,100,1,
campaign:60:abyss_lust,天翔聖馬ペガシエル / 黒曜巨神オブシディア / 夢幻竜モルフェドラ / 血月戦姫ヴァルブラッド,celestial_pegasus / obsidian_titan / dream_dragon / blood_valkyrie,1800,100,100,100,1.28,
campaign:60:abyss_lust,刻律機クロノギア / 雷装機神デウスマキナ / 月仙兎アルミラージュ / 混沌獣キメラカオス,time_keeper / mechanical_deity / moon_rabbit_sage / chaos_chimera,1800,100,100,100,1.11,
campaign:60:abyss_lust,熾天聖セラフィエル / 翠嶺巨獣ベヒモルド / 嵐海覇竜リヴァイオン / 日輪神鳥ソルガルーダ,seraphim / emerald_behemoth / storm_leviathan / sun_garuda,1800,100,100,100,1.2,
campaign:68:boss,森羅王ケルヌンノス / 玄天聖亀ゲンブロス / ベチー / 黙示滅竜アポカリオン,forest_cernunnos / sacred_turtle / bechi / apocalypse_dragon,2040,100,100,100,1,
campaign:68:boss,天翔聖馬ペガシエル / 黒曜巨神オブシディア / 星界賢王アストラスフィンクス / 天壊竜帝バハムート,celestial_pegasus / obsidian_titan / astral_sphinx / bahamut,2040,100,100,100,1,
campaign:68:boss,刻律機クロノギア / 雷装機神デウスマキナ / 晶界女帝クリスタリア / 極粘神オメガメルム,time_keeper / mechanical_deity / crystal_empress / omega_slime,2040,100,100,100,1,
campaign:76:boss,原初不死鳥フェニクシア / 終環蛇ヨルムンガルド / 虚無皇ヴォイドレクス / 永劫戦姫エタルキア,primordial_phoenix / world_serpent / void_emperor / eternal_valkyrie,2280,100,100,100,1.01,
campaign:76:boss,森羅王ケルヌンノス / 獣界覇王ベヒモルク / 冥海竜皇リヴァイアサン / 神滅機アーク・ノア,forest_cernunnos / king_behemoth / abyssal_leviathan / god_machine_ark,2280,100,100,100,1,
campaign:76:boss,天翔聖馬ペガシエル / 玄天聖亀ゲンブロス / ベチー / 黙示滅竜アポカリオン,celestial_pegasus / sacred_turtle / bechi / apocalypse_dragon,2280,100,100,100,1,
campaign:82:boss,原初不死鳥フェニクシア / 創世巨神ジェネゴリア / 堕天熾使アザリエル / 天帝麒麟セイラン,primordial_phoenix / genesis_golem / fallen_seraph / celestial_kirin,2460,100,100,100,1,
campaign:82:boss,森羅王ケルヌンノス / 終環蛇ヨルムンガルド / 虚無皇ヴォイドレクス / 死界覇王モルディウス,forest_cernunnos / world_serpent / void_emperor / death_lord,2460,100,100,100,1,
campaign:82:boss,天翔聖馬ペガシエル / 獣界覇王ベヒモルク / 冥海竜皇リヴァイアサン / 混沌魔皇カオスディア,celestial_pegasus / king_behemoth / abyssal_leviathan / chaos_king,2460,100,100,100,1,
campaign:90:ten_death,月蝕狼ルナファング / 黒曜竜ヴァルグリム / 氷界皇ニヴルシア / 星葬姫ルミナリア,light_sovereign / earth_sovereign / frost_sovereign / storm_sovereign,2700,100,100,100,1,
campaign:90:ten_death,原初不死鳥フェニクシア / 創世巨神ジェネゴリア / 無窮九頭竜インフィニドラ / 天帝麒麟セイラン,primordial_phoenix / genesis_golem / infinite_hydra / celestial_kirin,2700,100,100,100,1.05,
campaign:90:ten_death,森羅王ケルヌンノス / 終環蛇ヨルムンガルド / 堕天熾使アザリエル / 死界覇王モルディウス,forest_cernunnos / world_serpent / fallen_seraph / death_lord,2700,100,100,100,1.7,
campaign:96:boss,夢妖精ルミエラ / 天雷獅子レグルス / 翠嵐グリフォン / 星葬姫ルミナリア,fate_weaver / space_whale / dream_emperor / storm_sovereign,2880,100,100,100,1.01,
campaign:96:boss,月蝕狼ルナファング / 黒曜竜ヴァルグリム / 深淵海姫セイレーネ / 天帝麒麟セイラン,light_sovereign / earth_sovereign / time_dragon / celestial_kirin,2880,100,100,100,1,
campaign:96:boss,原初不死鳥フェニクシア / 創世巨神ジェネゴリア / 機神アークノヴァ / 死界覇王モルディウス,primordial_phoenix / genesis_golem / dark_sovereign / death_lord,2880,100,100,100,1,
rematch:floor-boss-10,【鏡侍女】リュネ / 【鏡侍女】ロゼ / 【聖翼】アウレ / 【聖翼】ノエル,ch2_ryune / ch2_rose / ch2_aure / ch2_noelle,10,100,100,100,1,
rematch:floor-boss-10,【双雷】カリスタ / 【双雷】ソレーヌ / 【薬毒】ミレア / 【薬毒】ヴィオラ,ch2_calista / ch2_solenne / ch2_mirea / ch2_viola,10,100,100,100,1,
rematch:floor-boss-10,【硝子】セリア / 【硝子】カルミア / 封書の小剣姫ルメア / 夜灯の従騎フィオラ,ch2_seria / ch2_carmia / ch2_lumea / ch2_fiora,10,100,100,100,1,
rematch:floor-boss-90,【剣姫】ネメシア / 【剣姫】エヴェリア / 【双鐘】フェルネ / 【双鐘】クラリス,ch2_nemesia / ch2_everia / ch2_ferne / ch2_clarisse,90,100,100,100,4.63,
rematch:floor-boss-90,【星糸】セレス / 【星糸】ルミナ / 【誓姫】リリエット / 【誓姫】ロゼット,ch2_celes / ch2_lumina / ch2_lyriet / ch2_rosette,90,100,100,100,6.31,
rematch:floor-boss-90,【双雷】カリスタ / 【双雷】ソレーヌ / 【薬毒】ミレア / 【薬毒】ヴィオラ,ch2_calista / ch2_solenne / ch2_mirea / ch2_viola,90,100,100,100,7.95,
rematch:floor-boss-180,【返誓】ロスティア / 【返誓】アルテア / 【星刻】エイレーネ / 【星刻】イリデル,ch2_rostia / ch2_althea / ch2_eirene / ch2_iridelle,180,100,100,100,3.57,
rematch:floor-boss-180,【剣姫】ネメシア / 【剣姫】エヴェリア / 【双鐘】フェルネ / 【双鐘】クラリス,ch2_nemesia / ch2_everia / ch2_ferne / ch2_clarisse,180,100,100,100,4.22,
rematch:floor-boss-180,【鏡侍女】リュネ / 【鏡侍女】ロゼ / 【聖翼】アウレ / 【聖翼】ノエル,ch2_ryune / ch2_rose / ch2_aure / ch2_noelle,180,100,100,100,5.54,
rematch:floor-boss-270,【返誓】ロスティア / 【返誓】アルテア / 【星刻】エイレーネ / 【星刻】イリデル,ch2_rostia / ch2_althea / ch2_eirene / ch2_iridelle,270,100,99,99.0,3.03,
rematch:floor-boss-270,【星糸】セレス / 【星糸】ルミナ / 【誓姫】リリエット / 【誓姫】ロゼット,ch2_celes / ch2_lumina / ch2_lyriet / ch2_rosette,270,100,100,100,2.96,
rematch:floor-boss-270,【鏡侍女】リュネ / 【鏡侍女】ロゼ / 【聖翼】アウレ / 【聖翼】ノエル,ch2_ryune / ch2_rose / ch2_aure / ch2_noelle,270,100,99,99.0,3.37,
rematch:floor-boss-360,【星糸】セレス / 【星糸】ルミナ / 【誓姫】リリエット / 【誓姫】ロゼット,ch2_celes / ch2_lumina / ch2_lyriet / ch2_rosette,360,100,100,100,2.25,
rematch:floor-boss-360,【鏡侍女】リュネ / 【鏡侍女】ロゼ / 【聖翼】アウレ / 【聖翼】ノエル,ch2_ryune / ch2_rose / ch2_aure / ch2_noelle,360,100,100,100,2.59,
rematch:floor-boss-360,【双雷】カリスタ / 【双雷】ソレーヌ / 【薬毒】ミレア / 【薬毒】ヴィオラ,ch2_calista / ch2_solenne / ch2_mirea / ch2_viola,360,100,100,100,3.24,
rematch:floor-boss-450,【剣姫】ネメシア / 【剣姫】エヴェリア / 【双鐘】フェルネ / 【双鐘】クラリス,ch2_nemesia / ch2_everia / ch2_ferne / ch2_clarisse,450,100,100,100,2.9,
rematch:floor-boss-450,【霊符】シオン / 【霊符】スイレン / 【日月】ルナリア / 【日月】ソラリア,ch2_shion / ch2_suiren / ch2_lunaria / ch2_solaria,450,100,100,100,3.33,
rematch:floor-boss-450,【封鍵】メリオラ / 【封鍵】エリゼル / 【薔薇】ノクテル / 【薔薇】オーリアン,ch2_meliora / ch2_elyselle / ch2_noctelle / ch2_auriane,450,100,100,100,4.61,
rematch:floor-boss-540,【鏡侍女】リュネ / 【鏡侍女】ロゼ / 【聖翼】アウレ / 【聖翼】ノエル,ch2_ryune / ch2_rose / ch2_aure / ch2_noelle,540,100,100,100,2.76,
rematch:floor-boss-540,【双雷】カリスタ / 【双雷】ソレーヌ / 【薬毒】ミレア / 【薬毒】ヴィオラ,ch2_calista / ch2_solenne / ch2_mirea / ch2_viola,540,100,100,100,2.23,
rematch:floor-boss-540,【霊符】シオン / 【霊符】スイレン / 【日月】ルナリア / 【日月】ソラリア,ch2_shion / ch2_suiren / ch2_lunaria / ch2_solaria,540,100,100,100,2.07,
rematch:floor-boss-630,【霊符】シオン / 【霊符】スイレン / 【日月】ルナリア / 【日月】ソラリア,ch2_shion / ch2_suiren / ch2_lunaria / ch2_solaria,630,100,100,100,6.11,
rematch:floor-boss-630,【剣姫】ネメシア / 【剣姫】エヴェリア / 【双鐘】フェルネ / 【双鐘】クラリス,ch2_nemesia / ch2_everia / ch2_ferne / ch2_clarisse,630,100,100,100,3.87,
rematch:floor-boss-630,【竜姫】ドラシア / 【竜姫】リュシエ / 【薬毒】ミレア / 【薬毒】ヴィオラ,ch2_dracia / ch2_rucie / ch2_mirea / ch2_viola,630,100,100,100,5.12,
rematch:floor-boss-720,【霊符】シオン / 【霊符】スイレン / 【日月】ルナリア / 【日月】ソラリア,ch2_shion / ch2_suiren / ch2_lunaria / ch2_solaria,720,100,100,100,2.9,
rematch:floor-boss-720,【封鍵】メリオラ / 【封鍵】エリゼル / 【薔薇】ノクテル / 【薔薇】オーリアン,ch2_meliora / ch2_elyselle / ch2_noctelle / ch2_auriane,720,100,100,100,2.08,
rematch:floor-boss-720,【双藤】ネヴィア / 【双藤】エルミナ / 【聖翼】アウレ / 【聖翼】ノエル,ch2_nevia / ch2_elmina / ch2_aure / ch2_noelle,720,100,100,100,2.22,
rematch:floor-boss-810,【霊符】シオン / 【霊符】スイレン / 【日月】ルナリア / 【日月】ソラリア,ch2_shion / ch2_suiren / ch2_lunaria / ch2_solaria,810,100,100,100,2.84,
rematch:floor-boss-810,【竜姫】ドラシア / 【竜姫】リュシエ / 【薬毒】ミレア / 【薬毒】ヴィオラ,ch2_dracia / ch2_rucie / ch2_mirea / ch2_viola,810,100,100,100,2.74,
rematch:floor-boss-810,【双藤】ネヴィア / 【双藤】エルミナ / 【聖翼】アウレ / 【聖翼】ノエル,ch2_nevia / ch2_elmina / ch2_aure / ch2_noelle,810,100,100,100,2.81,
rematch:floor-boss-890,【月狐】カグラ / 【月狐】サヨ / 【双鐘】フェルネ / 【双鐘】クラリス,ch2_kagura / ch2_sayo / ch2_ferne / ch2_clarisse,890,100,100,100,3.01,
rematch:floor-boss-890,【剣姫】ネメシア / 【剣姫】エヴェリア / 【双鐘】フェルネ / 【双鐘】クラリス,ch2_nemesia / ch2_everia / ch2_ferne / ch2_clarisse,890,100,100,100,2.43,
rematch:floor-boss-890,【霊符】シオン / 【霊符】スイレン / 【日月】ルナリア / 【日月】ソラリア,ch2_shion / ch2_suiren / ch2_lunaria / ch2_solaria,890,100,100,100,2.99,
rematch:floor-boss-980,【封鍵】メリオラ / 【封鍵】エリゼル / 【薔薇】ノクテル / 【薔薇】オーリアン,ch2_meliora / ch2_elyselle / ch2_noctelle / ch2_auriane,980,100,100,100,2.62,
rematch:floor-boss-980,【返誓】ロスティア / 【返誓】アルテア / 【星刻】エイレーネ / 【星刻】イリデル,ch2_rostia / ch2_althea / ch2_eirene / ch2_iridelle,980,100,100,100,2.79,
rematch:floor-boss-980,【剣姫】ネメシア / 【剣姫】エヴェリア / 【双鐘】フェルネ / 【双鐘】クラリス,ch2_nemesia / ch2_everia / ch2_ferne / ch2_clarisse,980,100,100,100,2.24,
corridor:7,【封鍵】メリオラ / 【封鍵】エリゼル / 【薔薇】ノクテル / 【薔薇】オーリアン,ch2_meliora / ch2_elyselle / ch2_noctelle / ch2_auriane,70,100,100,100,1.03,
corridor:7,【双藤】ネヴィア / 【双藤】エルミナ / 【聖翼】アウレ / 【聖翼】ノエル,ch2_nevia / ch2_elmina / ch2_aure / ch2_noelle,70,100,100,100,1.13,
corridor:7,【剣姫】ネメシア / 【剣姫】エヴェリア / 【双鐘】フェルネ / 【双鐘】クラリス,ch2_nemesia / ch2_everia / ch2_ferne / ch2_clarisse,70,100,100,100,1.03,
corridor:15,【鏡侍女】リュネ / 【鏡侍女】ロゼ / 【聖翼】アウレ / 【聖翼】ノエル,ch2_ryune / ch2_rose / ch2_aure / ch2_noelle,160,100,100,100,2,
corridor:15,【双雷】カリスタ / 【双雷】ソレーヌ / 【薬毒】ミレア / 【薬毒】ヴィオラ,ch2_calista / ch2_solenne / ch2_mirea / ch2_viola,160,100,100,100,2.17,
corridor:15,【霊符】シオン / 【霊符】スイレン / 【日月】ルナリア / 【日月】ソラリア,ch2_shion / ch2_suiren / ch2_lunaria / ch2_solaria,160,100,100,100,2,
corridor:23,【封鍵】メリオラ / 【封鍵】エリゼル / 【薔薇】ノクテル / 【薔薇】オーリアン,ch2_meliora / ch2_elyselle / ch2_noctelle / ch2_auriane,250,100,100,100,2.38,
corridor:23,【剣姫】ネメシア / 【剣姫】エヴェリア / 【双鐘】フェルネ / 【双鐘】クラリス,ch2_nemesia / ch2_everia / ch2_ferne / ch2_clarisse,250,100,100,100,2.07,
corridor:23,【鏡侍女】リュネ / 【鏡侍女】ロゼ / 【聖翼】アウレ / 【聖翼】ノエル,ch2_ryune / ch2_rose / ch2_aure / ch2_noelle,250,100,100,100,3.05,
corridor:31,【封鍵】メリオラ / 【封鍵】エリゼル / 【薔薇】ノクテル / 【薔薇】オーリアン,ch2_meliora / ch2_elyselle / ch2_noctelle / ch2_auriane,340,100,100,100,1.01,
corridor:31,【双藤】ネヴィア / 【双藤】エルミナ / 【聖翼】アウレ / 【聖翼】ノエル,ch2_nevia / ch2_elmina / ch2_aure / ch2_noelle,340,100,100,100,1.16,
corridor:31,【返誓】ロスティア / 【返誓】アルテア / 【星刻】エイレーネ / 【星刻】イリデル,ch2_rostia / ch2_althea / ch2_eirene / ch2_iridelle,340,100,100,100,1.24,
corridor:39,【封鍵】メリオラ / 【封鍵】エリゼル / 【薔薇】ノクテル / 【薔薇】オーリアン,ch2_meliora / ch2_elyselle / ch2_noctelle / ch2_auriane,430,100,100,100,1.4,
corridor:39,【鏡侍女】リュネ / 【鏡侍女】ロゼ / 【聖翼】アウレ / 【聖翼】ノエル,ch2_ryune / ch2_rose / ch2_aure / ch2_noelle,430,100,100,100,2.01,
corridor:39,【双雷】カリスタ / 【双雷】ソレーヌ / 【薬毒】ミレア / 【薬毒】ヴィオラ,ch2_calista / ch2_solenne / ch2_mirea / ch2_viola,430,100,100,100,2.26,
corridor:47,【双雷】カリスタ / 【双雷】ソレーヌ / 【薬毒】ミレア / 【薬毒】ヴィオラ,ch2_calista / ch2_solenne / ch2_mirea / ch2_viola,520,100,100,100,2.28,
corridor:47,【霊符】シオン / 【霊符】スイレン / 【日月】ルナリア / 【日月】ソラリア,ch2_shion / ch2_suiren / ch2_lunaria / ch2_solaria,520,100,100,100,2.04,
corridor:47,【封鍵】メリオラ / 【封鍵】エリゼル / 【薔薇】ノクテル / 【薔薇】オーリアン,ch2_meliora / ch2_elyselle / ch2_noctelle / ch2_auriane,520,100,100,100,2,
corridor:55,【霊符】シオン / 【霊符】スイレン / 【日月】ルナリア / 【日月】ソラリア,ch2_shion / ch2_suiren / ch2_lunaria / ch2_solaria,610,100,100,100,2.42,
corridor:55,【月狐】カグラ / 【月狐】サヨ / 【双鐘】フェルネ / 【双鐘】クラリス,ch2_kagura / ch2_sayo / ch2_ferne / ch2_clarisse,610,100,100,100,2.71,
corridor:55,【双藤】ネヴィア / 【双藤】エルミナ / 【聖翼】アウレ / 【聖翼】ノエル,ch2_nevia / ch2_elmina / ch2_aure / ch2_noelle,610,100,100,100,2.66,
corridor:63,【竜姫】ドラシア / 【竜姫】リュシエ / 【薬毒】ミレア / 【薬毒】ヴィオラ,ch2_dracia / ch2_rucie / ch2_mirea / ch2_viola,690,100,98,98.0,9.19,
corridor:63,【返誓】ロスティア / 【返誓】アルテア / 【星刻】エイレーネ / 【星刻】イリデル,ch2_rostia / ch2_althea / ch2_eirene / ch2_iridelle,690,100,99,99.0,7.8,
corridor:63,【封鍵】メリオラ / 【封鍵】エリゼル / 【薔薇】ノクテル / 【薔薇】オーリアン,ch2_meliora / ch2_elyselle / ch2_noctelle / ch2_auriane,690,100,100,100,11.63,
corridor:71,【封鍵】メリオラ / 【封鍵】エリゼル / 【薔薇】ノクテル / 【薔薇】オーリアン,ch2_meliora / ch2_elyselle / ch2_noctelle / ch2_auriane,780,100,100,100,2.54,
corridor:71,【双藤】ネヴィア / 【双藤】エルミナ / 【聖翼】アウレ / 【聖翼】ノエル,ch2_nevia / ch2_elmina / ch2_aure / ch2_noelle,780,100,100,100,2.55,
corridor:71,【剣姫】ネメシア / 【剣姫】エヴェリア / 【双鐘】フェルネ / 【双鐘】クラリス,ch2_nemesia / ch2_everia / ch2_ferne / ch2_clarisse,780,100,100,100,2.69,
corridor:79,【封鍵】メリオラ / 【封鍵】エリゼル / 【薔薇】ノクテル / 【薔薇】オーリアン,ch2_meliora / ch2_elyselle / ch2_noctelle / ch2_auriane,870,100,100,100,4.09,
corridor:79,【剣姫】ネメシア / 【剣姫】エヴェリア / 【双鐘】フェルネ / 【双鐘】クラリス,ch2_nemesia / ch2_everia / ch2_ferne / ch2_clarisse,870,100,99,99.0,3.51,
corridor:79,【星糸】セレス / 【星糸】ルミナ / 【誓姫】リリエット / 【誓姫】ロゼット,ch2_celes / ch2_lumina / ch2_lyriet / ch2_rosette,870,100,99,99.0,4.29,
corridor:87,【封鍵】メリオラ / 【封鍵】エリゼル / 【薔薇】ノクテル / 【薔薇】オーリアン,ch2_meliora / ch2_elyselle / ch2_noctelle / ch2_auriane,960,100,100,100,3.13,
corridor:87,【剣姫】ネメシア / 【剣姫】エヴェリア / 【双鐘】フェルネ / 【双鐘】クラリス,ch2_nemesia / ch2_everia / ch2_ferne / ch2_clarisse,960,100,100,100,2.99,
corridor:87,【月狐】カグラ / 【月狐】サヨ / 【双鐘】フェルネ / 【双鐘】クラリス,ch2_kagura / ch2_sayo / ch2_ferne / ch2_clarisse,960,100,98,98.0,4.78,
corridor:95,【霊符】シオン / 【霊符】スイレン / 【日月】ルナリア / 【日月】ソラリア,ch2_shion / ch2_suiren / ch2_lunaria / ch2_solaria,6988,100,100,100,2,
corridor:95,【封鍵】メリオラ / 【封鍵】エリゼル / 【薔薇】ノクテル / 【薔薇】オーリアン,ch2_meliora / ch2_elyselle / ch2_noctelle / ch2_auriane,6988,100,100,100,2.02,
corridor:95,【返誓】ロスティア / 【返誓】アルテア / 【星刻】エイレーネ / 【星刻】イリデル,ch2_rostia / ch2_althea / ch2_eirene / ch2_iridelle,6988,100,100,100,2.02,
corridor:103,【霊符】シオン / 【霊符】スイレン / 【日月】ルナリア / 【日月】ソラリア,ch2_shion / ch2_suiren / ch2_lunaria / ch2_solaria,7564,100,100,100,8.71,
corridor:103,【剣姫】ネメシア / 【剣姫】エヴェリア / 【双鐘】フェルネ / 【双鐘】クラリス,ch2_nemesia / ch2_everia / ch2_ferne / ch2_clarisse,7564,100,100,100,7.54,
corridor:103,【双藤】ネヴィア / 【双藤】エルミナ / 【聖翼】アウレ / 【聖翼】ノエル,ch2_nevia / ch2_elmina / ch2_aure / ch2_noelle,7564,100,100,100,8.61,
corridor:111,【霊符】シオン / 【霊符】スイレン / 【日月】ルナリア / 【日月】ソラリア,ch2_shion / ch2_suiren / ch2_lunaria / ch2_solaria,8149,100,99,99.0,3.04,
corridor:111,【剣姫】ネメシア / 【剣姫】エヴェリア / 【双鐘】フェルネ / 【双鐘】クラリス,ch2_nemesia / ch2_everia / ch2_ferne / ch2_clarisse,8149,100,100,100,1.99,
corridor:111,【封鍵】メリオラ / 【封鍵】エリゼル / 【薔薇】ノクテル / 【薔薇】オーリアン,ch2_meliora / ch2_elyselle / ch2_noctelle / ch2_auriane,8149,100,99,99.0,3.48,
team:7,【霊符】シオン / 【霊符】スイレン / 【日月】ルナリア / 【日月】ソラリア,ch2_shion / ch2_suiren / ch2_lunaria / ch2_solaria,126,100,100,100,1,
team:7,【封鍵】メリオラ / 【封鍵】エリゼル / 【薔薇】ノクテル / 【薔薇】オーリアン,ch2_meliora / ch2_elyselle / ch2_noctelle / ch2_auriane,126,100,100,100,1,
team:7,【双藤】ネヴィア / 【双藤】エルミナ / 【聖翼】アウレ / 【聖翼】ノエル,ch2_nevia / ch2_elmina / ch2_aure / ch2_noelle,126,100,100,100,1.04,
team:15,【鏡侍女】リュネ / 【鏡侍女】ロゼ / 【聖翼】アウレ / 【聖翼】ノエル,ch2_ryune / ch2_rose / ch2_aure / ch2_noelle,160,100,100,100,2,
team:15,【霊符】シオン / 【霊符】スイレン / 【日月】ルナリア / 【日月】ソラリア,ch2_shion / ch2_suiren / ch2_lunaria / ch2_solaria,160,100,100,100,2,
team:15,【封鍵】メリオラ / 【封鍵】エリゼル / 【薔薇】ノクテル / 【薔薇】オーリアン,ch2_meliora / ch2_elyselle / ch2_noctelle / ch2_auriane,160,100,100,100,2,
team:23,【霊符】シオン / 【霊符】スイレン / 【日月】ルナリア / 【日月】ソラリア,ch2_shion / ch2_suiren / ch2_lunaria / ch2_solaria,250,100,100,100,2.02,
team:23,【封鍵】メリオラ / 【封鍵】エリゼル / 【薔薇】ノクテル / 【薔薇】オーリアン,ch2_meliora / ch2_elyselle / ch2_noctelle / ch2_auriane,250,100,100,100,2,
team:23,【双藤】ネヴィア / 【双藤】エルミナ / 【聖翼】アウレ / 【聖翼】ノエル,ch2_nevia / ch2_elmina / ch2_aure / ch2_noelle,250,100,100,100,2,
team:31,【返誓】ロスティア / 【返誓】アルテア / 【星刻】エイレーネ / 【星刻】イリデル,ch2_rostia / ch2_althea / ch2_eirene / ch2_iridelle,340,100,100,100,1.21,
team:31,【鏡侍女】リュネ / 【鏡侍女】ロゼ / 【聖翼】アウレ / 【聖翼】ノエル,ch2_ryune / ch2_rose / ch2_aure / ch2_noelle,340,100,100,100,1.98,
team:31,【霊符】シオン / 【霊符】スイレン / 【日月】ルナリア / 【日月】ソラリア,ch2_shion / ch2_suiren / ch2_lunaria / ch2_solaria,340,100,100,100,1.83,
team:39,【封鍵】メリオラ / 【封鍵】エリゼル / 【薔薇】ノクテル / 【薔薇】オーリアン,ch2_meliora / ch2_elyselle / ch2_noctelle / ch2_auriane,430,100,100,100,2.1,
team:39,【双藤】ネヴィア / 【双藤】エルミナ / 【聖翼】アウレ / 【聖翼】ノエル,ch2_nevia / ch2_elmina / ch2_aure / ch2_noelle,430,100,100,100,2.05,
team:39,【星糸】セレス / 【星糸】ルミナ / 【誓姫】リリエット / 【誓姫】ロゼット,ch2_celes / ch2_lumina / ch2_lyriet / ch2_rosette,430,100,100,100,2.08,
team:47,【双雷】カリスタ / 【双雷】ソレーヌ / 【薬毒】ミレア / 【薬毒】ヴィオラ,ch2_calista / ch2_solenne / ch2_mirea / ch2_viola,520,100,100,100,2.7,
team:47,【霊符】シオン / 【霊符】スイレン / 【日月】ルナリア / 【日月】ソラリア,ch2_shion / ch2_suiren / ch2_lunaria / ch2_solaria,520,100,100,100,2.32,
team:47,【封鍵】メリオラ / 【封鍵】エリゼル / 【薔薇】ノクテル / 【薔薇】オーリアン,ch2_meliora / ch2_elyselle / ch2_noctelle / ch2_auriane,520,100,100,100,2.02,
team:55,【鏡侍女】リュネ / 【鏡侍女】ロゼ / 【聖翼】アウレ / 【聖翼】ノエル,ch2_ryune / ch2_rose / ch2_aure / ch2_noelle,610,100,100,100,2.21,
team:55,【双雷】カリスタ / 【双雷】ソレーヌ / 【薬毒】ミレア / 【薬毒】ヴィオラ,ch2_calista / ch2_solenne / ch2_mirea / ch2_viola,610,100,100,100,2.08,
team:55,【封鍵】メリオラ / 【封鍵】エリゼル / 【薔薇】ノクテル / 【薔薇】オーリアン,ch2_meliora / ch2_elyselle / ch2_noctelle / ch2_auriane,610,100,100,100,2.13,
team:63,【剣姫】ネメシア / 【剣姫】エヴェリア / 【双鐘】フェルネ / 【双鐘】クラリス,ch2_nemesia / ch2_everia / ch2_ferne / ch2_clarisse,690,100,100,100,5.42,
team:63,【霊符】シオン / 【霊符】スイレン / 【日月】ルナリア / 【日月】ソラリア,ch2_shion / ch2_suiren / ch2_lunaria / ch2_solaria,690,100,99,99.0,10.89,
team:63,【封鍵】メリオラ / 【封鍵】エリゼル / 【薔薇】ノクテル / 【薔薇】オーリアン,ch2_meliora / ch2_elyselle / ch2_noctelle / ch2_auriane,690,100,100,100,9.02,
team:71,【封鍵】メリオラ / 【封鍵】エリゼル / 【薔薇】ノクテル / 【薔薇】オーリアン,ch2_meliora / ch2_elyselle / ch2_noctelle / ch2_auriane,780,100,100,100,2.89,
team:71,【双藤】ネヴィア / 【双藤】エルミナ / 【聖翼】アウレ / 【聖翼】ノエル,ch2_nevia / ch2_elmina / ch2_aure / ch2_noelle,780,100,100,100,3,
team:71,【鏡侍女】リュネ / 【鏡侍女】ロゼ / 【聖翼】アウレ / 【聖翼】ノエル,ch2_ryune / ch2_rose / ch2_aure / ch2_noelle,780,100,100,100,3,
team:79,【双藤】ネヴィア / 【双藤】エルミナ / 【聖翼】アウレ / 【聖翼】ノエル,ch2_nevia / ch2_elmina / ch2_aure / ch2_noelle,870,100,100,100,3.22,
team:79,【星糸】セレス / 【星糸】ルミナ / 【誓姫】リリエット / 【誓姫】ロゼット,ch2_celes / ch2_lumina / ch2_lyriet / ch2_rosette,870,100,100,100,2.93,
team:79,【霊符】シオン / 【霊符】スイレン / 【日月】ルナリア / 【日月】ソラリア,ch2_shion / ch2_suiren / ch2_lunaria / ch2_solaria,870,100,100,100,3.13,
team:87,【双藤】ネヴィア / 【双藤】エルミナ / 【聖翼】アウレ / 【聖翼】ノエル,ch2_nevia / ch2_elmina / ch2_aure / ch2_noelle,960,100,100,100,3.11,
team:87,【竜姫】ドラシア / 【竜姫】リュシエ / 【薬毒】ミレア / 【薬毒】ヴィオラ,ch2_dracia / ch2_rucie / ch2_mirea / ch2_viola,960,100,100,100,3.33,
team:87,【封鍵】メリオラ / 【封鍵】エリゼル / 【薔薇】ノクテル / 【薔薇】オーリアン,ch2_meliora / ch2_elyselle / ch2_noctelle / ch2_auriane,960,100,100,100,3.01,
manual:abyss_wrath:projection50,【鏡侍女】リュネ / 【鏡侍女】ロゼ / 【聖翼】アウレ / 【聖翼】ノエル,ch2_ryune / ch2_rose / ch2_aure / ch2_noelle,999,100,100,100,1,
manual:abyss_wrath:projection50,【双雷】カリスタ / 【双雷】ソレーヌ / 【薬毒】ミレア / 【薬毒】ヴィオラ,ch2_calista / ch2_solenne / ch2_mirea / ch2_viola,999,100,100,100,1,
manual:abyss_wrath:projection50,【硝子】セリア / 【硝子】カルミア / 封書の小剣姫ルメア / 夜灯の従騎フィオラ,ch2_seria / ch2_carmia / ch2_lumea / ch2_fiora,999,100,100,100,1.03,
manual:abyss_sloth:projection50,【鏡侍女】リュネ / 【鏡侍女】ロゼ / 【聖翼】アウレ / 【聖翼】ノエル,ch2_ryune / ch2_rose / ch2_aure / ch2_noelle,999,100,100,100,1,
manual:abyss_sloth:projection50,【双雷】カリスタ / 【双雷】ソレーヌ / 【薬毒】ミレア / 【薬毒】ヴィオラ,ch2_calista / ch2_solenne / ch2_mirea / ch2_viola,999,100,100,100,1,
manual:abyss_sloth:projection50,【霊符】シオン / 【霊符】スイレン / 【日月】ルナリア / 【日月】ソラリア,ch2_shion / ch2_suiren / ch2_lunaria / ch2_solaria,999,100,100,100,1,
manual:abyss_lust:projection50,【鏡侍女】リュネ / 【鏡侍女】ロゼ / 【聖翼】アウレ / 【聖翼】ノエル,ch2_ryune / ch2_rose / ch2_aure / ch2_noelle,999,100,100,100,1.01,
manual:abyss_lust:projection50,【双雷】カリスタ / 【双雷】ソレーヌ / 【薬毒】ミレア / 【薬毒】ヴィオラ,ch2_calista / ch2_solenne / ch2_mirea / ch2_viola,999,100,100,100,1,
manual:abyss_lust:projection50,【硝子】セリア / 【硝子】カルミア / 封書の小剣姫ルメア / 夜灯の従騎フィオラ,ch2_seria / ch2_carmia / ch2_lumea / ch2_fiora,999,100,100,100,1.2,
manual:ten_time:projection50,【双雷】カリスタ / 【双雷】ソレーヌ / 【薬毒】ミレア / 【薬毒】ヴィオラ,ch2_calista / ch2_solenne / ch2_mirea / ch2_viola,999,100,100,100,1.37,
manual:ten_time:projection50,【霊符】シオン / 【霊符】スイレン / 【日月】ルナリア / 【日月】ソラリア,ch2_shion / ch2_suiren / ch2_lunaria / ch2_solaria,999,100,100,100,1.02,
manual:ten_time:projection50,【封鍵】メリオラ / 【封鍵】エリゼル / 【薔薇】ノクテル / 【薔薇】オーリアン,ch2_meliora / ch2_elyselle / ch2_noctelle / ch2_auriane,999,100,100,100,1.03,
manual:ten_life:projection50,【霊符】シオン / 【霊符】スイレン / 【日月】ルナリア / 【日月】ソラリア,ch2_shion / ch2_suiren / ch2_lunaria / ch2_solaria,999,100,100,100,1.11,
manual:ten_life:projection50,【封鍵】メリオラ / 【封鍵】エリゼル / 【薔薇】ノクテル / 【薔薇】オーリアン,ch2_meliora / ch2_elyselle / ch2_noctelle / ch2_auriane,999,100,100,100,1,
manual:ten_life:projection50,【月狐】カグラ / 【月狐】サヨ / 【双鐘】フェルネ / 【双鐘】クラリス,ch2_kagura / ch2_sayo / ch2_ferne / ch2_clarisse,999,100,100,100,1.01,
manual:ten_fate:projection50,【鏡侍女】リュネ / 【鏡侍女】ロゼ / 【聖翼】アウレ / 【聖翼】ノエル,ch2_ryune / ch2_rose / ch2_aure / ch2_noelle,999,100,100,100,1.61,
manual:ten_fate:projection50,【霊符】シオン / 【霊符】スイレン / 【日月】ルナリア / 【日月】ソラリア,ch2_shion / ch2_suiren / ch2_lunaria / ch2_solaria,999,100,100,100,1.26,
manual:ten_fate:projection50,【月狐】カグラ / 【月狐】サヨ / 【双鐘】フェルネ / 【双鐘】クラリス,ch2_kagura / ch2_sayo / ch2_ferne / ch2_clarisse,999,100,100,100,1.05,
manual:ten_dominion:projection50,【鏡侍女】リュネ / 【鏡侍女】ロゼ / 【聖翼】アウレ / 【聖翼】ノエル,ch2_ryune / ch2_rose / ch2_aure / ch2_noelle,999,100,100,100,1,
manual:ten_dominion:projection50,【双雷】カリスタ / 【双雷】ソレーヌ / 【薬毒】ミレア / 【薬毒】ヴィオラ,ch2_calista / ch2_solenne / ch2_mirea / ch2_viola,999,100,100,100,1.01,
manual:ten_dominion:projection50,【霊符】シオン / 【霊符】スイレン / 【日月】ルナリア / 【日月】ソラリア,ch2_shion / ch2_suiren / ch2_lunaria / ch2_solaria,999,100,100,100,1.02,
manual:ten_end:projection50,【鏡侍女】リュネ / 【鏡侍女】ロゼ / 【聖翼】アウレ / 【聖翼】ノエル,ch2_ryune / ch2_rose / ch2_aure / ch2_noelle,999,100,100,100,1.01,
manual:ten_end:projection50,【双雷】カリスタ / 【双雷】ソレーヌ / 【薬毒】ミレア / 【薬毒】ヴィオラ,ch2_calista / ch2_solenne / ch2_mirea / ch2_viola,999,100,100,100,1.01,
manual:ten_end:projection50,【霊符】シオン / 【霊符】スイレン / 【日月】ルナリア / 【日月】ソラリア,ch2_shion / ch2_suiren / ch2_lunaria / ch2_solaria,999,100,100,100,1.01,
chapter:a1_patrol:0,【鏡侍女】リュネ / 【鏡侍女】ロゼ / 【聖翼】アウレ / 【聖翼】ノエル,ch2_ryune / ch2_rose / ch2_aure / ch2_noelle,1400,100,100,100,1,
chapter:a1_patrol:0,【双雷】カリスタ / 【双雷】ソレーヌ / 【薬毒】ミレア / 【薬毒】ヴィオラ,ch2_calista / ch2_solenne / ch2_mirea / ch2_viola,1400,100,100,100,1,
chapter:a1_patrol:0,【霊符】シオン / 【霊符】スイレン / 【日月】ルナリア / 【日月】ソラリア,ch2_shion / ch2_suiren / ch2_lunaria / ch2_solaria,1400,100,100,100,1,
chapter:a1_west:2,【鏡侍女】リュネ / 【鏡侍女】ロゼ / 【聖翼】アウレ / 【聖翼】ノエル,ch2_ryune / ch2_rose / ch2_aure / ch2_noelle,1986,100,100,100,1,
chapter:a1_west:2,【双雷】カリスタ / 【双雷】ソレーヌ / 【薬毒】ミレア / 【薬毒】ヴィオラ,ch2_calista / ch2_solenne / ch2_mirea / ch2_viola,1986,100,100,100,1,
chapter:a1_west:2,【霊符】シオン / 【霊符】スイレン / 【日月】ルナリア / 【日月】ソラリア,ch2_shion / ch2_suiren / ch2_lunaria / ch2_solaria,1986,100,100,100,1,
chapter:a1_east:4,【鏡侍女】リュネ / 【鏡侍女】ロゼ / 【聖翼】アウレ / 【聖翼】ノエル,ch2_ryune / ch2_rose / ch2_aure / ch2_noelle,2614,100,100,100,1,
chapter:a1_east:4,【双雷】カリスタ / 【双雷】ソレーヌ / 【薬毒】ミレア / 【薬毒】ヴィオラ,ch2_calista / ch2_solenne / ch2_mirea / ch2_viola,2614,100,100,100,1,
chapter:a1_east:4,【霊符】シオン / 【霊符】スイレン / 【日月】ルナリア / 【日月】ソラリア,ch2_shion / ch2_suiren / ch2_lunaria / ch2_solaria,2614,100,100,100,1,
chapter:a2_patrol:0,【鏡侍女】リュネ / 【鏡侍女】ロゼ / 【聖翼】アウレ / 【聖翼】ノエル,ch2_ryune / ch2_rose / ch2_aure / ch2_noelle,2000,100,100,100,1,
chapter:a2_patrol:0,【双雷】カリスタ / 【双雷】ソレーヌ / 【薬毒】ミレア / 【薬毒】ヴィオラ,ch2_calista / ch2_solenne / ch2_mirea / ch2_viola,2000,100,100,100,1,
chapter:a2_patrol:0,【霊符】シオン / 【霊符】スイレン / 【日月】ルナリア / 【日月】ソラリア,ch2_shion / ch2_suiren / ch2_lunaria / ch2_solaria,2000,100,100,100,1,
chapter:a2_west:2,【鏡侍女】リュネ / 【鏡侍女】ロゼ / 【聖翼】アウレ / 【聖翼】ノエル,ch2_ryune / ch2_rose / ch2_aure / ch2_noelle,2802,100,100,100,1,
chapter:a2_west:2,【霊符】シオン / 【霊符】スイレン / 【日月】ルナリア / 【日月】ソラリア,ch2_shion / ch2_suiren / ch2_lunaria / ch2_solaria,2802,100,100,100,1,
chapter:a2_west:2,【封鍵】メリオラ / 【封鍵】エリゼル / 【薔薇】ノクテル / 【薔薇】オーリアン,ch2_meliora / ch2_elyselle / ch2_noctelle / ch2_auriane,2802,100,100,100,1,
chapter:a2_east:4,【鏡侍女】リュネ / 【鏡侍女】ロゼ / 【聖翼】アウレ / 【聖翼】ノエル,ch2_ryune / ch2_rose / ch2_aure / ch2_noelle,3646,100,100,100,1.06,
chapter:a2_east:4,【双雷】カリスタ / 【双雷】ソレーヌ / 【薬毒】ミレア / 【薬毒】ヴィオラ,ch2_calista / ch2_solenne / ch2_mirea / ch2_viola,3646,100,100,100,1.01,
chapter:a2_east:4,【霊符】シオン / 【霊符】スイレン / 【日月】ルナリア / 【日月】ソラリア,ch2_shion / ch2_suiren / ch2_lunaria / ch2_solaria,3646,100,100,100,1,
chapter:a3_patrol:0,【霊符】シオン / 【霊符】スイレン / 【日月】ルナリア / 【日月】ソラリア,ch2_shion / ch2_suiren / ch2_lunaria / ch2_solaria,2800,100,100,100,1.01,
chapter:a3_patrol:0,【封鍵】メリオラ / 【封鍵】エリゼル / 【薔薇】ノクテル / 【薔薇】オーリアン,ch2_meliora / ch2_elyselle / ch2_noctelle / ch2_auriane,2800,100,100,100,1.01,
chapter:a3_patrol:0,【返誓】ロスティア / 【返誓】アルテア / 【星刻】エイレーネ / 【星刻】イリデル,ch2_rostia / ch2_althea / ch2_eirene / ch2_iridelle,2800,100,100,100,1.01,
chapter:a3_west:2,【霊符】シオン / 【霊符】スイレン / 【日月】ルナリア / 【日月】ソラリア,ch2_shion / ch2_suiren / ch2_lunaria / ch2_solaria,3890,100,100,100,1.01,
chapter:a3_west:2,【双藤】ネヴィア / 【双藤】エルミナ / 【聖翼】アウレ / 【聖翼】ノエル,ch2_nevia / ch2_elmina / ch2_aure / ch2_noelle,3890,100,100,100,1.05,
chapter:a3_west:2,【返誓】ロスティア / 【返誓】アルテア / 【星刻】エイレーネ / 【星刻】イリデル,ch2_rostia / ch2_althea / ch2_eirene / ch2_iridelle,3890,100,100,100,1,
chapter:a3_east:4,【霊符】シオン / 【霊符】スイレン / 【日月】ルナリア / 【日月】ソラリア,ch2_shion / ch2_suiren / ch2_lunaria / ch2_solaria,5022,100,100,100,1,
chapter:a3_east:4,【竜姫】ドラシア / 【竜姫】リュシエ / 【薬毒】ミレア / 【薬毒】ヴィオラ,ch2_dracia / ch2_rucie / ch2_mirea / ch2_viola,5022,100,100,100,1,
chapter:a3_east:4,【返誓】ロスティア / 【返誓】アルテア / 【星刻】エイレーネ / 【星刻】イリデル,ch2_rostia / ch2_althea / ch2_eirene / ch2_iridelle,5022,100,100,100,1,
chapter:a4_patrol:0,【鏡侍女】リュネ / 【鏡侍女】ロゼ / 【聖翼】アウレ / 【聖翼】ノエル,ch2_ryune / ch2_rose / ch2_aure / ch2_noelle,3800,100,100,100,1,
chapter:a4_patrol:0,【双雷】カリスタ / 【双雷】ソレーヌ / 【薬毒】ミレア / 【薬毒】ヴィオラ,ch2_calista / ch2_solenne / ch2_mirea / ch2_viola,3800,100,100,100,1.01,
chapter:a4_patrol:0,【霊符】シオン / 【霊符】スイレン / 【日月】ルナリア / 【日月】ソラリア,ch2_shion / ch2_suiren / ch2_lunaria / ch2_solaria,3800,100,100,100,1,
chapter:a4_west:2,【鏡侍女】リュネ / 【鏡侍女】ロゼ / 【聖翼】アウレ / 【聖翼】ノエル,ch2_ryune / ch2_rose / ch2_aure / ch2_noelle,5250,100,100,100,2.01,
chapter:a4_west:2,【双雷】カリスタ / 【双雷】ソレーヌ / 【薬毒】ミレア / 【薬毒】ヴィオラ,ch2_calista / ch2_solenne / ch2_mirea / ch2_viola,5250,100,100,100,2.01,
chapter:a4_west:2,【霊符】シオン / 【霊符】スイレン / 【日月】ルナリア / 【日月】ソラリア,ch2_shion / ch2_suiren / ch2_lunaria / ch2_solaria,5250,100,100,100,2,
chapter:a4_east:4,【霊符】シオン / 【霊符】スイレン / 【日月】ルナリア / 【日月】ソラリア,ch2_shion / ch2_suiren / ch2_lunaria / ch2_solaria,6742,100,100,100,1.01,
chapter:a4_east:4,【返誓】ロスティア / 【返誓】アルテア / 【星刻】エイレーネ / 【星刻】イリデル,ch2_rostia / ch2_althea / ch2_eirene / ch2_iridelle,6742,100,100,100,1.09,
chapter:a4_east:4,【剣姫】ネメシア / 【剣姫】エヴェリア / 【双鐘】フェルネ / 【双鐘】クラリス,ch2_nemesia / ch2_everia / ch2_ferne / ch2_clarisse,6742,100,100,100,1,
chapter:patrol:0,【鏡侍女】リュネ / 【鏡侍女】ロゼ / 【聖翼】アウレ / 【聖翼】ノエル,ch2_ryune / ch2_rose / ch2_aure / ch2_noelle,1050,100,100,100,1,
chapter:patrol:0,【双雷】カリスタ / 【双雷】ソレーヌ / 【薬毒】ミレア / 【薬毒】ヴィオラ,ch2_calista / ch2_solenne / ch2_mirea / ch2_viola,1050,100,100,100,1,
chapter:patrol:0,【硝子】セリア / 【硝子】カルミア / 封書の小剣姫ルメア / 夜灯の従騎フィオラ,ch2_seria / ch2_carmia / ch2_lumea / ch2_fiora,1050,100,100,100,1,
chapter:west:2,【鏡侍女】リュネ / 【鏡侍女】ロゼ / 【聖翼】アウレ / 【聖翼】ノエル,ch2_ryune / ch2_rose / ch2_aure / ch2_noelle,1496,100,100,100,1,
chapter:west:2,【双雷】カリスタ / 【双雷】ソレーヌ / 【薬毒】ミレア / 【薬毒】ヴィオラ,ch2_calista / ch2_solenne / ch2_mirea / ch2_viola,1496,100,100,100,1,
chapter:west:2,【硝子】セリア / 【硝子】カルミア / 封書の小剣姫ルメア / 夜灯の従騎フィオラ,ch2_seria / ch2_carmia / ch2_lumea / ch2_fiora,1496,100,100,100,1,
chapter:east:4,【鏡侍女】リュネ / 【鏡侍女】ロゼ / 【聖翼】アウレ / 【聖翼】ノエル,ch2_ryune / ch2_rose / ch2_aure / ch2_noelle,1892,100,100,100,1,
chapter:east:4,【双雷】カリスタ / 【双雷】ソレーヌ / 【薬毒】ミレア / 【薬毒】ヴィオラ,ch2_calista / ch2_solenne / ch2_mirea / ch2_viola,1892,100,100,100,1,
chapter:east:4,【硝子】セリア / 【硝子】カルミア / 封書の小剣姫ルメア / 夜灯の従騎フィオラ,ch2_seria / ch2_carmia / ch2_lumea / ch2_fiora,1892,100,100,100,1,
chapter:vault0:0,【返誓】ロスティア / 【返誓】アルテア / 【星刻】エイレーネ / 【星刻】イリデル,ch2_rostia / ch2_althea / ch2_eirene / ch2_iridelle,1650,100,100,100,1,
chapter:vault0:0,【星糸】セレス / 【星糸】ルミナ / 【誓姫】リリエット / 【誓姫】ロゼット,ch2_celes / ch2_lumina / ch2_lyriet / ch2_rosette,1650,100,100,100,1.05,
chapter:vault0:0,【剣姫】ネメシア / 【剣姫】エヴェリア / 【双鐘】フェルネ / 【双鐘】クラリス,ch2_nemesia / ch2_everia / ch2_ferne / ch2_clarisse,1650,100,100,100,1.01,
chapter:roam0_1:2,【鏡侍女】リュネ / 【鏡侍女】ロゼ / 【聖翼】アウレ / 【聖翼】ノエル,ch2_ryune / ch2_rose / ch2_aure / ch2_noelle,1428,100,100,100,1,
chapter:roam0_1:2,【双雷】カリスタ / 【双雷】ソレーヌ / 【薬毒】ミレア / 【薬毒】ヴィオラ,ch2_calista / ch2_solenne / ch2_mirea / ch2_viola,1428,100,100,100,1,
chapter:roam0_1:2,【硝子】セリア / 【硝子】カルミア / 封書の小剣姫ルメア / 夜灯の従騎フィオラ,ch2_seria / ch2_carmia / ch2_lumea / ch2_fiora,1428,100,100,100,1,
chapter:roam0_3:4,【鏡侍女】リュネ / 【鏡侍女】ロゼ / 【聖翼】アウレ / 【聖翼】ノエル,ch2_ryune / ch2_rose / ch2_aure / ch2_noelle,1806,100,100,100,1,
chapter:roam0_3:4,【双雷】カリスタ / 【双雷】ソレーヌ / 【薬毒】ミレア / 【薬毒】ヴィオラ,ch2_calista / ch2_solenne / ch2_mirea / ch2_viola,1806,100,100,100,1,
chapter:roam0_3:4,【硝子】セリア / 【硝子】カルミア / 封書の小剣姫ルメア / 夜灯の従騎フィオラ,ch2_seria / ch2_carmia / ch2_lumea / ch2_fiora,1806,100,100,100,1,
chapter:vault1:0,【鏡侍女】リュネ / 【鏡侍女】ロゼ / 【聖翼】アウレ / 【聖翼】ノエル,ch2_ryune / ch2_rose / ch2_aure / ch2_noelle,2310,100,100,100,2,
chapter:vault1:0,【双雷】カリスタ / 【双雷】ソレーヌ / 【薬毒】ミレア / 【薬毒】ヴィオラ,ch2_calista / ch2_solenne / ch2_mirea / ch2_viola,2310,100,100,100,2,
chapter:vault1:0,【霊符】シオン / 【霊符】スイレン / 【日月】ルナリア / 【日月】ソラリア,ch2_shion / ch2_suiren / ch2_lunaria / ch2_solaria,2310,100,100,100,2,
chapter:roam1_1:2,【返誓】ロスティア / 【返誓】アルテア / 【星刻】エイレーネ / 【星刻】イリデル,ch2_rostia / ch2_althea / ch2_eirene / ch2_iridelle,3536,100,100,100,1,
chapter:roam1_1:2,【星糸】セレス / 【星糸】ルミナ / 【誓姫】リリエット / 【誓姫】ロゼット,ch2_celes / ch2_lumina / ch2_lyriet / ch2_rosette,3536,100,100,100,1.09,
chapter:roam1_1:2,【剣姫】ネメシア / 【剣姫】エヴェリア / 【双鐘】フェルネ / 【双鐘】クラリス,ch2_nemesia / ch2_everia / ch2_ferne / ch2_clarisse,3536,100,100,100,1.04,
chapter:roam1_3:4,【鏡侍女】リュネ / 【鏡侍女】ロゼ / 【聖翼】アウレ / 【聖翼】ノエル,ch2_ryune / ch2_rose / ch2_aure / ch2_noelle,2408,100,100,100,1.99,
chapter:roam1_3:4,【封鍵】メリオラ / 【封鍵】エリゼル / 【薔薇】ノクテル / 【薔薇】オーリアン,ch2_meliora / ch2_elyselle / ch2_noctelle / ch2_auriane,2408,100,100,100,1,
chapter:roam1_3:4,【竜姫】ドラシア / 【竜姫】リュシエ / 【薬毒】ミレア / 【薬毒】ヴィオラ,ch2_dracia / ch2_rucie / ch2_mirea / ch2_viola,2408,100,100,100,1,
chapter:vault2:0,【鏡侍女】リュネ / 【鏡侍女】ロゼ / 【聖翼】アウレ / 【聖翼】ノエル,ch2_ryune / ch2_rose / ch2_aure / ch2_noelle,3300,100,100,100,2,
chapter:vault2:0,【双雷】カリスタ / 【双雷】ソレーヌ / 【薬毒】ミレア / 【薬毒】ヴィオラ,ch2_calista / ch2_solenne / ch2_mirea / ch2_viola,3300,100,100,100,2.01,
chapter:vault2:0,【霊符】シオン / 【霊符】スイレン / 【日月】ルナリア / 【日月】ソラリア,ch2_shion / ch2_suiren / ch2_lunaria / ch2_solaria,3300,100,100,100,2,
chapter:roam2_1:2,【鏡侍女】リュネ / 【鏡侍女】ロゼ / 【聖翼】アウレ / 【聖翼】ノエル,ch2_ryune / ch2_rose / ch2_aure / ch2_noelle,2720,100,100,100,1,
chapter:roam2_1:2,【双雷】カリスタ / 【双雷】ソレーヌ / 【薬毒】ミレア / 【薬毒】ヴィオラ,ch2_calista / ch2_solenne / ch2_mirea / ch2_viola,2720,100,100,100,1,
chapter:roam2_1:2,【硝子】セリア / 【硝子】カルミア / 封書の小剣姫ルメア / 夜灯の従騎フィオラ,ch2_seria / ch2_carmia / ch2_lumea / ch2_fiora,2720,100,100,100,1.03,
chapter:roam2_3:4,【鏡侍女】リュネ / 【鏡侍女】ロゼ / 【聖翼】アウレ / 【聖翼】ノエル,ch2_ryune / ch2_rose / ch2_aure / ch2_noelle,3440,100,100,100,1,
chapter:roam2_3:4,【双雷】カリスタ / 【双雷】ソレーヌ / 【薬毒】ミレア / 【薬毒】ヴィオラ,ch2_calista / ch2_solenne / ch2_mirea / ch2_viola,3440,100,100,100,1,
chapter:roam2_3:4,【硝子】セリア / 【硝子】カルミア / 封書の小剣姫ルメア / 夜灯の従騎フィオラ,ch2_seria / ch2_carmia / ch2_lumea / ch2_fiora,3440,100,100,100,1.01,
chapter:vault3:0,【竜姫】ドラシア / 【竜姫】リュシエ / 【薬毒】ミレア / 【薬毒】ヴィオラ,ch2_dracia / ch2_rucie / ch2_mirea / ch2_viola,4620,100,100,100,3.61,
chapter:vault3:0,【封鍵】メリオラ / 【封鍵】エリゼル / 【薔薇】ノクテル / 【薔薇】オーリアン,ch2_meliora / ch2_elyselle / ch2_noctelle / ch2_auriane,4620,100,100,100,4.78,
chapter:vault3:0,【返誓】ロスティア / 【返誓】アルテア / 【星刻】エイレーネ / 【星刻】イリデル,ch2_rostia / ch2_althea / ch2_eirene / ch2_iridelle,4620,100,100,100,3.09,
chapter:roam3_1:2,【鏡侍女】リュネ / 【鏡侍女】ロゼ / 【聖翼】アウレ / 【聖翼】ノエル,ch2_ryune / ch2_rose / ch2_aure / ch2_noelle,3808,100,100,100,1,
chapter:roam3_1:2,【双雷】カリスタ / 【双雷】ソレーヌ / 【薬毒】ミレア / 【薬毒】ヴィオラ,ch2_calista / ch2_solenne / ch2_mirea / ch2_viola,3808,100,100,100,1.01,
chapter:roam3_1:2,【霊符】シオン / 【霊符】スイレン / 【日月】ルナリア / 【日月】ソラリア,ch2_shion / ch2_suiren / ch2_lunaria / ch2_solaria,3808,100,100,100,1,
chapter:roam3_3:4,【返誓】ロスティア / 【返誓】アルテア / 【星刻】エイレーネ / 【星刻】イリデル,ch2_rostia / ch2_althea / ch2_eirene / ch2_iridelle,8256,100,100,100,1.01,
chapter:roam3_3:4,【剣姫】ネメシア / 【剣姫】エヴェリア / 【双鐘】フェルネ / 【双鐘】クラリス,ch2_nemesia / ch2_everia / ch2_ferne / ch2_clarisse,8256,100,100,100,1.01,
chapter:roam3_3:4,【鏡侍女】リュネ / 【鏡侍女】ロゼ / 【聖翼】アウレ / 【聖翼】ノエル,ch2_ryune / ch2_rose / ch2_aure / ch2_noelle,8256,100,100,100,2,
chapter:vault4:0,【封鍵】メリオラ / 【封鍵】エリゼル / 【薔薇】ノクテル / 【薔薇】オーリアン,ch2_meliora / ch2_elyselle / ch2_noctelle / ch2_auriane,6270,100,100,100,5.02,
chapter:vault4:0,【剣姫】ネメシア / 【剣姫】エヴェリア / 【双鐘】フェルネ / 【双鐘】クラリス,ch2_nemesia / ch2_everia / ch2_ferne / ch2_clarisse,6270,100,100,100,2.11,
chapter:vault4:0,【霊符】シオン / 【霊符】スイレン / 【日月】ルナリア / 【日月】ソラリア,ch2_shion / ch2_suiren / ch2_lunaria / ch2_solaria,6270,100,100,100,3,
chapter:roam4_1:2,【霊符】シオン / 【霊符】スイレン / 【日月】ルナリア / 【日月】ソラリア,ch2_shion / ch2_suiren / ch2_lunaria / ch2_solaria,7616,100,100,100,2,
chapter:roam4_1:2,【剣姫】ネメシア / 【剣姫】エヴェリア / 【双鐘】フェルネ / 【双鐘】クラリス,ch2_nemesia / ch2_everia / ch2_ferne / ch2_clarisse,7616,100,100,100,2,
chapter:roam4_1:2,【双雷】カリスタ / 【双雷】ソレーヌ / 【薬毒】ミレア / 【薬毒】ヴィオラ,ch2_calista / ch2_solenne / ch2_mirea / ch2_viola,7616,100,100,100,2.65,
chapter:roam4_3:4,【返誓】ロスティア / 【返誓】アルテア / 【星刻】エイレーネ / 【星刻】イリデル,ch2_rostia / ch2_althea / ch2_eirene / ch2_iridelle,8944,100,100,100,1,
chapter:roam4_3:4,【剣姫】ネメシア / 【剣姫】エヴェリア / 【双鐘】フェルネ / 【双鐘】クラリス,ch2_nemesia / ch2_everia / ch2_ferne / ch2_clarisse,8944,100,100,100,1.02,
chapter:roam4_3:4,【鏡侍女】リュネ / 【鏡侍女】ロゼ / 【聖翼】アウレ / 【聖翼】ノエル,ch2_ryune / ch2_rose / ch2_aure / ch2_noelle,8944,100,100,100,2,
chapter:roam0_1_391:0,【鏡侍女】リュネ / 【鏡侍女】ロゼ / 【聖翼】アウレ / 【聖翼】ノエル,ch2_ryune / ch2_rose / ch2_aure / ch2_noelle,1050,100,100,100,1,
chapter:roam0_1_391:0,【双雷】カリスタ / 【双雷】ソレーヌ / 【薬毒】ミレア / 【薬毒】ヴィオラ,ch2_calista / ch2_solenne / ch2_mirea / ch2_viola,1050,100,100,100,1,
chapter:roam0_1_391:0,【硝子】セリア / 【硝子】カルミア / 封書の小剣姫ルメア / 夜灯の従騎フィオラ,ch2_seria / ch2_carmia / ch2_lumea / ch2_fiora,1050,100,100,100,1,
chapter:roam2_3_391:2,【鏡侍女】リュネ / 【鏡侍女】ロゼ / 【聖翼】アウレ / 【聖翼】ノエル,ch2_ryune / ch2_rose / ch2_aure / ch2_noelle,2720,100,100,100,1,
chapter:roam2_3_391:2,【双雷】カリスタ / 【双雷】ソレーヌ / 【薬毒】ミレア / 【薬毒】ヴィオラ,ch2_calista / ch2_solenne / ch2_mirea / ch2_viola,2720,100,100,100,1,
chapter:roam2_3_391:2,【封鍵】メリオラ / 【封鍵】エリゼル / 【薔薇】ノクテル / 【薔薇】オーリアン,ch2_meliora / ch2_elyselle / ch2_noctelle / ch2_auriane,2720,100,100,100,1,
chapter:roam4_4_391:4,【返誓】ロスティア / 【返誓】アルテア / 【星刻】エイレーネ / 【星刻】イリデル,ch2_rostia / ch2_althea / ch2_eirene / ch2_iridelle,9288,100,100,100,1.02,
chapter:roam4_4_391:4,【霊符】シオン / 【霊符】スイレン / 【日月】ルナリア / 【日月】ソラリア,ch2_shion / ch2_suiren / ch2_lunaria / ch2_solaria,9288,100,100,100,2,
chapter:roam4_4_391:4,【竜姫】ドラシア / 【竜姫】リュシエ / 【薬毒】ミレア / 【薬毒】ヴィオラ,ch2_dracia / ch2_rucie / ch2_mirea / ch2_viola,9288,100,100,100,2.01,
chapter:roam3_1_392:0,【鏡侍女】リュネ / 【鏡侍女】ロゼ / 【聖翼】アウレ / 【聖翼】ノエル,ch2_ryune / ch2_rose / ch2_aure / ch2_noelle,2800,100,100,100,1.01,
chapter:roam3_1_392:0,【双雷】カリスタ / 【双雷】ソレーヌ / 【薬毒】ミレア / 【薬毒】ヴィオラ,ch2_calista / ch2_solenne / ch2_mirea / ch2_viola,2800,100,100,100,1.02,
chapter:roam3_1_392:0,【霊符】シオン / 【霊符】スイレン / 【日月】ルナリア / 【日月】ソラリア,ch2_shion / ch2_suiren / ch2_lunaria / ch2_solaria,2800,100,100,100,1,
chapter:roam4_3_392:2,【返誓】ロスティア / 【返誓】アルテア / 【星刻】エイレーネ / 【星刻】イリデル,ch2_rostia / ch2_althea / ch2_eirene / ch2_iridelle,7072,100,100,100,1.04,
chapter:roam4_3_392:2,【鏡侍女】リュネ / 【鏡侍女】ロゼ / 【聖翼】アウレ / 【聖翼】ノエル,ch2_ryune / ch2_rose / ch2_aure / ch2_noelle,7072,100,100,100,2,
chapter:roam4_3_392:2,【双雷】カリスタ / 【双雷】ソレーヌ / 【薬毒】ミレア / 【薬毒】ヴィオラ,ch2_calista / ch2_solenne / ch2_mirea / ch2_viola,7072,100,100,100,2.01,
chapter:roam0_3_elite393:2,【鏡侍女】リュネ / 【鏡侍女】ロゼ / 【聖翼】アウレ / 【聖翼】ノエル,ch2_ryune / ch2_rose / ch2_aure / ch2_noelle,1418,100,100,100,1,
chapter:roam0_3_elite393:2,【双雷】カリスタ / 【双雷】ソレーヌ / 【薬毒】ミレア / 【薬毒】ヴィオラ,ch2_calista / ch2_solenne / ch2_mirea / ch2_viola,1418,100,100,100,1,
chapter:roam0_3_elite393:2,【硝子】セリア / 【硝子】カルミア / 封書の小剣姫ルメア / 夜灯の従騎フィオラ,ch2_seria / ch2_carmia / ch2_lumea / ch2_fiora,1418,100,100,100,1,
chapter:roam1_3_elite393:1,【鏡侍女】リュネ / 【鏡侍女】ロゼ / 【聖翼】アウレ / 【聖翼】ノエル,ch2_ryune / ch2_rose / ch2_aure / ch2_noelle,1610,100,100,100,1,
chapter:roam1_3_elite393:1,【双雷】カリスタ / 【双雷】ソレーヌ / 【薬毒】ミレア / 【薬毒】ヴィオラ,ch2_calista / ch2_solenne / ch2_mirea / ch2_viola,1610,100,100,100,1,
chapter:roam1_3_elite393:1,【霊符】シオン / 【霊符】スイレン / 【日月】ルナリア / 【日月】ソラリア,ch2_shion / ch2_suiren / ch2_lunaria / ch2_solaria,1610,100,100,100,1,
chapter:roam2_1_elite393:3,【鏡侍女】リュネ / 【鏡侍女】ロゼ / 【聖翼】アウレ / 【聖翼】ノエル,ch2_ryune / ch2_rose / ch2_aure / ch2_noelle,3200,100,100,100,1,
chapter:roam2_1_elite393:3,【双雷】カリスタ / 【双雷】ソレーヌ / 【薬毒】ミレア / 【薬毒】ヴィオラ,ch2_calista / ch2_solenne / ch2_mirea / ch2_viola,3200,100,100,100,1,
chapter:roam2_1_elite393:3,【霊符】シオン / 【霊符】スイレン / 【日月】ルナリア / 【日月】ソラリア,ch2_shion / ch2_suiren / ch2_lunaria / ch2_solaria,3200,100,100,100,1,
chapter:roam3_1_elite393:2,【霊符】シオン / 【霊符】スイレン / 【日月】ルナリア / 【日月】ソラリア,ch2_shion / ch2_suiren / ch2_lunaria / ch2_solaria,3780,100,100,100,1.01,
chapter:roam3_1_elite393:2,【封鍵】メリオラ / 【封鍵】エリゼル / 【薔薇】ノクテル / 【薔薇】オーリアン,ch2_meliora / ch2_elyselle / ch2_noctelle / ch2_auriane,3780,100,100,100,1.11,
chapter:roam3_1_elite393:2,【竜姫】ドラシア / 【竜姫】リュシエ / 【薬毒】ミレア / 【薬毒】ヴィオラ,ch2_dracia / ch2_rucie / ch2_mirea / ch2_viola,3780,100,100,100,1.04,
chapter:roam4_1_elite393:1,【霊符】シオン / 【霊符】スイレン / 【日月】ルナリア / 【日月】ソラリア,ch2_shion / ch2_suiren / ch2_lunaria / ch2_solaria,6440,100,100,100,2,
chapter:roam4_1_elite393:1,【剣姫】ネメシア / 【剣姫】エヴェリア / 【双鐘】フェルネ / 【双鐘】クラリス,ch2_nemesia / ch2_everia / ch2_ferne / ch2_clarisse,6440,100,100,100,2,
chapter:roam4_1_elite393:1,【封鍵】メリオラ / 【封鍵】エリゼル / 【薔薇】ノクテル / 【薔薇】オーリアン,ch2_meliora / ch2_elyselle / ch2_noctelle / ch2_auriane,6440,100,100,100,2.92,
chapter:roam4_4_elite393:3,【霊符】シオン / 【霊符】スイレン / 【日月】ルナリア / 【日月】ソラリア,ch2_shion / ch2_suiren / ch2_lunaria / ch2_solaria,8640,100,100,100,2,
chapter:roam4_4_elite393:3,【双藤】ネヴィア / 【双藤】エルミナ / 【聖翼】アウレ / 【聖翼】ノエル,ch2_nevia / ch2_elmina / ch2_aure / ch2_noelle,8640,100,100,100,2.06,
chapter:roam4_4_elite393:3,【剣姫】ネメシア / 【剣姫】エヴェリア / 【双鐘】フェルネ / 【双鐘】クラリス,ch2_nemesia / ch2_everia / ch2_ferne / ch2_clarisse,8640,100,100,100,1.89,
heroes:7,【霊符】シオン / 【霊符】スイレン / 【日月】ルナリア / 【日月】ソラリア,ch2_shion / ch2_suiren / ch2_lunaria / ch2_solaria,4000,100,97,97.0,9,
heroes:7,【双藤】ネヴィア / 【双藤】エルミナ / 【聖翼】アウレ / 【聖翼】ノエル,ch2_nevia / ch2_elmina / ch2_aure / ch2_noelle,4000,100,95,95.0,11.42,
heroes:7,【剣姫】ネメシア / 【剣姫】エヴェリア / 【双鐘】フェルネ / 【双鐘】クラリス,ch2_nemesia / ch2_everia / ch2_ferne / ch2_clarisse,4000,100,100,100,7.42,
heroes:15,【霊符】シオン / 【霊符】スイレン / 【日月】ルナリア / 【日月】ソラリア,ch2_shion / ch2_suiren / ch2_lunaria / ch2_solaria,8000,100,100,100,7.24,
heroes:15,【双藤】ネヴィア / 【双藤】エルミナ / 【聖翼】アウレ / 【聖翼】ノエル,ch2_nevia / ch2_elmina / ch2_aure / ch2_noelle,8000,100,100,100,6.22,
heroes:15,【剣姫】ネメシア / 【剣姫】エヴェリア / 【双鐘】フェルネ / 【双鐘】クラリス,ch2_nemesia / ch2_everia / ch2_ferne / ch2_clarisse,8000,100,100,100,6.04,
campaign:5:boss,癒しキノコ / 泥殻将グラブロス / 砂鉄蠍サンドレギオン / 銅機将カッパーレギス,healing_mushroom / mud_crab / sand_scorpion / copper_automaton,150,100,81,81.0,15.94,
campaign:5:boss,霧海母ミストメドゥーサ / 苔王機モスゴリアス / 水門妖カワロウ / 紫電針獣,mist_jelly / moss_golem / river_kappa / storm_quill_boar,150,100,100,100,4.68,
campaign:5:boss,幽光オバケクラゲ / 蒼冠王アズルメルム / 深淵魔導イカ / 鋏刃アビスロブスター,correction_ghost / king_slime / fountain_pen_mage / scissor_mantis,150,100,100,100,4.23,
campaign:13:boss,天角聖鹿セレススタッグ / 熔甲王マグマスカラベ / 雷衣術師エレノア / 深海龍ネレイド,sky_stag / magma_beetle / volt_veil_arcanist / chalkboard_dragon,390,100,100,100,2.4,
campaign:13:boss,幽光オバケクラゲ / 溶界亀マグナトルタ / 嵐魔公ジンテンペスタ / 骨縫獣キメラモルド,correction_ghost / lava_tortoise / storm_djinn / bone_chimera,390,100,100,100,2.21,
campaign:13:boss,氷樹姫ニヴルドリアード / 黒葬騎ディアブロス / 深海サルパ百鬼夜行 / 禁海の断頭魚,frost_dryad / dark_knight / pencilcase_parade / forbidden_paper_cutter,390,100,100,100,2.98,
campaign:21:boss,日輪聖女ソラリア / 金剛神機アダマント / 九天妖狐クズノハ / 海魔騎クラーケンロード,sun_priestess / adamant_golem / nine_tail_fox / kraken_knight,630,100,100,100,1.34,
campaign:21:boss,氷樹姫ニヴルドリアード / 世界樹護王ユグドガルド / 深海サルパ百鬼夜行 / 月影戦姫ヴァルキュリア,frost_dryad / world_tree_guardian / pencilcase_parade / moon_valkyrie,630,100,100,100,1.33,
campaign:21:boss,天角聖鹿セレススタッグ / 海嘯幼竜リヴァイアス / 雷衣術師エレノア / 冥淵死神アビスモルテ,sky_stag / leviathan_spawn / volt_veil_arcanist / abyss_reaper,630,100,100,100,1.03,
campaign:29:boss,葬列司祭ネクロビショップ / 熔甲王マグマスカラベ / 深海サルパ百鬼夜行 / 海魔騎クラーケンロード,grave_bishop / magma_beetle / pencilcase_parade / kraken_knight,870,100,100,100,2.15,
campaign:29:boss,氷樹姫ニヴルドリアード / 海嘯幼竜リヴァイアス / 疫界竜ペスティドラ / 虚無刃ヴォイドリーパー,frost_dryad / leviathan_spawn / plague_dragon / void_mantis,870,100,100,100,2.22,
campaign:29:boss,極光聖獣アウロラ / 金剛神機アダマント / 氷界女帝グラシエラ / 血月侯ヴラドノクス,aurora_unicorn / adamant_golem / glacier_queen / blood_count,870,100,100,100,3.53,
campaign:37:boss,熾天聖セラフィエル / 凍鏡騎士グラシエル / 冥毒九頭竜ヒュドラ / 創界粘神ジェネシス,seraphim / frozen_mirror_knight / abyssal_hydra / genesis_slime,1110,100,100,100,1.02,
campaign:37:boss,神託梟オラクルノクス / 天穹鯨セレスティア / 天嵐蛇王テンペストナーガ / 終刻狼ラグナロク,oracle_owl / celestial_whale / tempest_serpent / ragnarok_wolf,1110,100,100,100,1.03,
campaign:37:boss,日輪聖女ソラリア / 金剛神機アダマント / 氷界女帝グラシエラ / 星辰機神アステリオン,sun_priestess / adamant_golem / glacier_queen / star_automaton,1110,100,100,100,1.06,
campaign:45:boss,刻律機クロノギア / 翠嶺巨獣ベヒモルド / 海皇姫ネレイディア / 氷獄狼フェンリシア,time_keeper / emerald_behemoth / sea_empress / frost_fenrir,1350,100,100,100,1.01,
campaign:45:boss,神託梟オラクルノクス / 天穹鯨セレスティア / 天嵐蛇王テンペストナーガ / 雷霆麒麟ヴァジュラン,oracle_owl / celestial_whale / tempest_serpent / thunder_kirin,1350,100,100,100,1.06,
campaign:45:boss,極光聖獣アウロラ / 地殻巨神テラコロッサス / 冥炎蝶ヘルモルフォ / 魔皇ディアボロス,aurora_unicorn / earth_colossus / hell_butterfly / demon_lord,1350,100,100,100,1.02,
campaign:53:boss,天翔聖馬ペガシエル / 黒曜巨神オブシディア / 月仙兎アルミラージュ / 日輪神鳥ソルガルーダ,celestial_pegasus / obsidian_titan / moon_rabbit_sage / sun_garuda,1590,100,100,100,1,
campaign:53:boss,刻律機クロノギア / 雷装機神デウスマキナ / 嵐海覇竜リヴァイオン / 冥府皇ハデスノクス,time_keeper / mechanical_deity / storm_leviathan / underworld_king,1590,100,100,100,1,
campaign:53:boss,熾天聖セラフィエル / 翠嶺巨獣ベヒモルド / 蠱毒女帝ヴェネフィカ / 氷獄狼フェンリシア,seraphim / emerald_behemoth / poison_queen / frost_fenrir,1590,100,100,100,1,
campaign:61:boss,森羅王ケルヌンノス / 玄天聖亀ゲンブロス / 晶界女帝クリスタリア / 蒼海神王ポセイドン,forest_cernunnos / sacred_turtle / crystal_empress / ocean_poseidon,1830,100,100,100,1,
campaign:61:boss,天翔聖馬ペガシエル / 黒曜巨神オブシディア / 夢幻竜モルフェドラ / 轟雷鬼神ライジオウ,celestial_pegasus / obsidian_titan / dream_dragon / lightning_raijin,1830,100,100,100,1,
campaign:61:boss,刻律機クロノギア / 雷装機神デウスマキナ / 月仙兎アルミラージュ / 血月戦姫ヴァルブラッド,time_keeper / mechanical_deity / moon_rabbit_sage / blood_valkyrie,1830,100,100,100,1,
campaign:69:boss,原初不死鳥フェニクシア / 玄天聖亀ゲンブロス / ベチー / 黙示滅竜アポカリオン,primordial_phoenix / sacred_turtle / bechi / apocalypse_dragon,2070,100,100,100,1,
campaign:69:boss,刻律機クロノギア / 翠嶺巨獣ベヒモルド / 夢幻竜モルフェドラ / 雷冠竜ヴォルトレクス,time_keeper / emerald_behemoth / dream_dragon / thunder_crown_dragon,2070,100,100,100,1.05,
campaign:69:boss,神託梟オラクルノクス / 天穹鯨セレスティア / 嵐海覇竜リヴァイオン / 砂冥神アヌビス,oracle_owl / celestial_whale / storm_leviathan / desert_anubis,2070,100,100,100,1.27,
campaign:77:boss,原初不死鳥フェニクシア / 終環蛇ヨルムンガルド / 堕天熾使アザリエル / 永劫戦姫エタルキア,primordial_phoenix / world_serpent / fallen_seraph / eternal_valkyrie,2310,100,100,100,1,
campaign:77:boss,森羅王ケルヌンノス / 獣界覇王ベヒモルク / 虚無皇ヴォイドレクス / 神滅機アーク・ノア,forest_cernunnos / king_behemoth / void_emperor / god_machine_ark,2310,100,100,100,1,
campaign:77:boss,天翔聖馬ペガシエル / 玄天聖亀ゲンブロス / 冥海竜皇リヴァイアサン / 黙示滅竜アポカリオン,celestial_pegasus / sacred_turtle / abyssal_leviathan / apocalypse_dragon,2310,100,100,100,1,
campaign:83:boss,原初不死鳥フェニクシア / 創世巨神ジェネゴリア / 無窮九頭竜インフィニドラ / 天帝麒麟セイラン,primordial_phoenix / genesis_golem / infinite_hydra / celestial_kirin,2490,100,100,100,1.08,
campaign:83:boss,森羅王ケルヌンノス / 終環蛇ヨルムンガルド / 堕天熾使アザリエル / 死界覇王モルディウス,forest_cernunnos / world_serpent / fallen_seraph / death_lord,2490,100,100,100,1.03,
campaign:83:boss,天翔聖馬ペガシエル / 獣界覇王ベヒモルク / 虚無皇ヴォイドレクス / 混沌魔皇カオスディア,celestial_pegasus / king_behemoth / void_emperor / chaos_king,2490,100,100,100,1.02,
campaign:90:ten_fate,月蝕狼ルナファング / 黒曜竜ヴァルグリム / 氷界皇ニヴルシア / 星葬姫ルミナリア,light_sovereign / earth_sovereign / frost_sovereign / storm_sovereign,2700,100,100,100,1.03,
campaign:90:ten_fate,原初不死鳥フェニクシア / 創世巨神ジェネゴリア / 無窮九頭竜インフィニドラ / 天帝麒麟セイラン,primordial_phoenix / genesis_golem / infinite_hydra / celestial_kirin,2700,100,100,100,1.13,
campaign:90:ten_fate,森羅王ケルヌンノス / 終環蛇ヨルムンガルド / 堕天熾使アザリエル / 死界覇王モルディウス,forest_cernunnos / world_serpent / fallen_seraph / death_lord,2700,100,100,100,1.12,
campaign:97:boss,夢妖精ルミエラ / 天雷獅子レグルス / 灰燼鬼カグラ / 星葬姫ルミナリア,fate_weaver / space_whale / nightmare_empress / storm_sovereign,2910,100,100,100,1,
campaign:97:boss,月蝕狼ルナファング / 黒曜竜ヴァルグリム / 翠嵐グリフォン / 天帝麒麟セイラン,light_sovereign / earth_sovereign / dream_emperor / celestial_kirin,2910,100,100,100,1,
campaign:97:boss,原初不死鳥フェニクシア / 創世巨神ジェネゴリア / 深淵海姫セイレーネ / 死界覇王モルディウス,primordial_phoenix / genesis_golem / time_dragon / death_lord,2910,100,100,100,1,
rematch:floor-boss-20,【双雷】カリスタ / 【双雷】ソレーヌ / 【薬毒】ミレア / 【薬毒】ヴィオラ,ch2_calista / ch2_solenne / ch2_mirea / ch2_viola,20,100,100,100,1.47,
rematch:floor-boss-20,【霊符】シオン / 【霊符】スイレン / 【日月】ルナリア / 【日月】ソラリア,ch2_shion / ch2_suiren / ch2_lunaria / ch2_solaria,20,100,100,100,1.09,
rematch:floor-boss-20,【封鍵】メリオラ / 【封鍵】エリゼル / 【薔薇】ノクテル / 【薔薇】オーリアン,ch2_meliora / ch2_elyselle / ch2_noctelle / ch2_auriane,20,100,100,100,1.05,
rematch:floor-boss-110,【鏡侍女】リュネ / 【鏡侍女】ロゼ / 【聖翼】アウレ / 【聖翼】ノエル,ch2_ryune / ch2_rose / ch2_aure / ch2_noelle,110,100,100,100,2.1,
rematch:floor-boss-110,【双雷】カリスタ / 【双雷】ソレーヌ / 【薬毒】ミレア / 【薬毒】ヴィオラ,ch2_calista / ch2_solenne / ch2_mirea / ch2_viola,110,100,100,100,2.12,
rematch:floor-boss-110,【霊符】シオン / 【霊符】スイレン / 【日月】ルナリア / 【日月】ソラリア,ch2_shion / ch2_suiren / ch2_lunaria / ch2_solaria,110,100,100,100,2.01,
rematch:floor-boss-190,【剣姫】ネメシア / 【剣姫】エヴェリア / 【双鐘】フェルネ / 【双鐘】クラリス,ch2_nemesia / ch2_everia / ch2_ferne / ch2_clarisse,190,100,100,100,1.42,
rematch:floor-boss-190,【鏡侍女】リュネ / 【鏡侍女】ロゼ / 【聖翼】アウレ / 【聖翼】ノエル,ch2_ryune / ch2_rose / ch2_aure / ch2_noelle,190,100,100,100,2.07,
rematch:floor-boss-190,【封鍵】メリオラ / 【封鍵】エリゼル / 【薔薇】ノクテル / 【薔薇】オーリアン,ch2_meliora / ch2_elyselle / ch2_noctelle / ch2_auriane,190,100,100,100,2.09,
rematch:floor-boss-280,【鏡侍女】リュネ / 【鏡侍女】ロゼ / 【聖翼】アウレ / 【聖翼】ノエル,ch2_ryune / ch2_rose / ch2_aure / ch2_noelle,280,100,100,100,2.19,
rematch:floor-boss-280,【双雷】カリスタ / 【双雷】ソレーヌ / 【薬毒】ミレア / 【薬毒】ヴィオラ,ch2_calista / ch2_solenne / ch2_mirea / ch2_viola,280,100,100,100,2.26,
rematch:floor-boss-280,【霊符】シオン / 【霊符】スイレン / 【日月】ルナリア / 【日月】ソラリア,ch2_shion / ch2_suiren / ch2_lunaria / ch2_solaria,280,100,100,100,2.05,
rematch:floor-boss-370,【双雷】カリスタ / 【双雷】ソレーヌ / 【薬毒】ミレア / 【薬毒】ヴィオラ,ch2_calista / ch2_solenne / ch2_mirea / ch2_viola,370,100,100,100,2.78,
rematch:floor-boss-370,【霊符】シオン / 【霊符】スイレン / 【日月】ルナリア / 【日月】ソラリア,ch2_shion / ch2_suiren / ch2_lunaria / ch2_solaria,370,100,100,100,2.1,
rematch:floor-boss-370,【封鍵】メリオラ / 【封鍵】エリゼル / 【薔薇】ノクテル / 【薔薇】オーリアン,ch2_meliora / ch2_elyselle / ch2_noctelle / ch2_auriane,370,100,100,100,2.01,
rematch:floor-boss-460,【鏡侍女】リュネ / 【鏡侍女】ロゼ / 【聖翼】アウレ / 【聖翼】ノエル,ch2_ryune / ch2_rose / ch2_aure / ch2_noelle,460,100,100,100,3.07,
rematch:floor-boss-460,【双雷】カリスタ / 【双雷】ソレーヌ / 【薬毒】ミレア / 【薬毒】ヴィオラ,ch2_calista / ch2_solenne / ch2_mirea / ch2_viola,460,100,100,100,4.08,
rematch:floor-boss-460,【霊符】シオン / 【霊符】スイレン / 【日月】ルナリア / 【日月】ソラリア,ch2_shion / ch2_suiren / ch2_lunaria / ch2_solaria,460,100,100,100,3.07,
rematch:floor-boss-550,【竜姫】ドラシア / 【竜姫】リュシエ / 【薬毒】ミレア / 【薬毒】ヴィオラ,ch2_dracia / ch2_rucie / ch2_mirea / ch2_viola,550,100,100,100,7.29,
rematch:floor-boss-550,【星糸】セレス / 【星糸】ルミナ / 【誓姫】リリエット / 【誓姫】ロゼット,ch2_celes / ch2_lumina / ch2_lyriet / ch2_rosette,550,100,100,100,5.39,
rematch:floor-boss-550,【剣姫】ネメシア / 【剣姫】エヴェリア / 【双鐘】フェルネ / 【双鐘】クラリス,ch2_nemesia / ch2_everia / ch2_ferne / ch2_clarisse,550,100,100,100,4.9,
rematch:floor-boss-640,【鏡侍女】リュネ / 【鏡侍女】ロゼ / 【聖翼】アウレ / 【聖翼】ノエル,ch2_ryune / ch2_rose / ch2_aure / ch2_noelle,640,100,100,100,2.11,
rematch:floor-boss-640,【霊符】シオン / 【霊符】スイレン / 【日月】ルナリア / 【日月】ソラリア,ch2_shion / ch2_suiren / ch2_lunaria / ch2_solaria,640,100,100,100,2.11,
rematch:floor-boss-640,【竜姫】ドラシア / 【竜姫】リュシエ / 【薬毒】ミレア / 【薬毒】ヴィオラ,ch2_dracia / ch2_rucie / ch2_mirea / ch2_viola,640,100,99,99.0,2.18,
rematch:floor-boss-730,【霊符】シオン / 【霊符】スイレン / 【日月】ルナリア / 【日月】ソラリア,ch2_shion / ch2_suiren / ch2_lunaria / ch2_solaria,730,100,100,100,3.18,
rematch:floor-boss-730,【双藤】ネヴィア / 【双藤】エルミナ / 【聖翼】アウレ / 【聖翼】ノエル,ch2_nevia / ch2_elmina / ch2_aure / ch2_noelle,730,100,100,100,3.96,
rematch:floor-boss-730,【返誓】ロスティア / 【返誓】アルテア / 【星刻】エイレーネ / 【星刻】イリデル,ch2_rostia / ch2_althea / ch2_eirene / ch2_iridelle,730,100,100,100,4.5,
rematch:floor-boss-820,【竜姫】ドラシア / 【竜姫】リュシエ / 【薬毒】ミレア / 【薬毒】ヴィオラ,ch2_dracia / ch2_rucie / ch2_mirea / ch2_viola,820,100,100,100,1.97,
rematch:floor-boss-820,【星糸】セレス / 【星糸】ルミナ / 【誓姫】リリエット / 【誓姫】ロゼット,ch2_celes / ch2_lumina / ch2_lyriet / ch2_rosette,820,100,100,100,1.86,
rematch:floor-boss-820,【剣姫】ネメシア / 【剣姫】エヴェリア / 【双鐘】フェルネ / 【双鐘】クラリス,ch2_nemesia / ch2_everia / ch2_ferne / ch2_clarisse,820,100,100,100,1.6,
rematch:floor-boss-910,【鏡侍女】リュネ / 【鏡侍女】ロゼ / 【聖翼】アウレ / 【聖翼】ノエル,ch2_ryune / ch2_rose / ch2_aure / ch2_noelle,910,100,92,92.0,8.83,
rematch:floor-boss-910,【霊符】シオン / 【霊符】スイレン / 【日月】ルナリア / 【日月】ソラリア,ch2_shion / ch2_suiren / ch2_lunaria / ch2_solaria,910,100,100,100,4.16,
rematch:floor-boss-910,【封鍵】メリオラ / 【封鍵】エリゼル / 【薔薇】ノクテル / 【薔薇】オーリアン,ch2_meliora / ch2_elyselle / ch2_noctelle / ch2_auriane,910,100,100,100,4.59,
rematch:floor-boss-990,【月狐】カグラ / 【月狐】サヨ / 【双鐘】フェルネ / 【双鐘】クラリス,ch2_kagura / ch2_sayo / ch2_ferne / ch2_clarisse,990,100,100,100,4.77,
rematch:floor-boss-990,【霊符】シオン / 【霊符】スイレン / 【日月】ルナリア / 【日月】ソラリア,ch2_shion / ch2_suiren / ch2_lunaria / ch2_solaria,990,100,99,99.0,6.45,
rematch:floor-boss-990,【鏡侍女】リュネ / 【鏡侍女】ロゼ / 【聖翼】アウレ / 【聖翼】ノエル,ch2_ryune / ch2_rose / ch2_aure / ch2_noelle,990,100,100,100,6.88,
corridor:8,【剣姫】ネメシア / 【剣姫】エヴェリア / 【双鐘】フェルネ / 【双鐘】クラリス,ch2_nemesia / ch2_everia / ch2_ferne / ch2_clarisse,80,100,100,100,1.76,
corridor:8,【双雷】カリスタ / 【双雷】ソレーヌ / 【薬毒】ミレア / 【薬毒】ヴィオラ,ch2_calista / ch2_solenne / ch2_mirea / ch2_viola,80,100,100,100,2.42,
corridor:8,【竜姫】ドラシア / 【竜姫】リュシエ / 【薬毒】ミレア / 【薬毒】ヴィオラ,ch2_dracia / ch2_rucie / ch2_mirea / ch2_viola,80,100,100,100,2.26,
corridor:16,【鏡侍女】リュネ / 【鏡侍女】ロゼ / 【聖翼】アウレ / 【聖翼】ノエル,ch2_ryune / ch2_rose / ch2_aure / ch2_noelle,170,100,100,100,3.02,
corridor:16,【封鍵】メリオラ / 【封鍵】エリゼル / 【薔薇】ノクテル / 【薔薇】オーリアン,ch2_meliora / ch2_elyselle / ch2_noctelle / ch2_auriane,170,100,100,100,3,
corridor:16,【返誓】ロスティア / 【返誓】アルテア / 【星刻】エイレーネ / 【星刻】イリデル,ch2_rostia / ch2_althea / ch2_eirene / ch2_iridelle,170,100,100,100,2.31,
corridor:24,【鏡侍女】リュネ / 【鏡侍女】ロゼ / 【聖翼】アウレ / 【聖翼】ノエル,ch2_ryune / ch2_rose / ch2_aure / ch2_noelle,260,100,100,100,3.7,
corridor:24,【封鍵】メリオラ / 【封鍵】エリゼル / 【薔薇】ノクテル / 【薔薇】オーリアン,ch2_meliora / ch2_elyselle / ch2_noctelle / ch2_auriane,260,100,100,100,3.27,
corridor:24,【双藤】ネヴィア / 【双藤】エルミナ / 【聖翼】アウレ / 【聖翼】ノエル,ch2_nevia / ch2_elmina / ch2_aure / ch2_noelle,260,100,100,100,3.46,
corridor:32,【鏡侍女】リュネ / 【鏡侍女】ロゼ / 【聖翼】アウレ / 【聖翼】ノエル,ch2_ryune / ch2_rose / ch2_aure / ch2_noelle,350,100,100,100,2.82,
corridor:32,【封鍵】メリオラ / 【封鍵】エリゼル / 【薔薇】ノクテル / 【薔薇】オーリアン,ch2_meliora / ch2_elyselle / ch2_noctelle / ch2_auriane,350,100,100,100,2.13,
corridor:32,【竜姫】ドラシア / 【竜姫】リュシエ / 【薬毒】ミレア / 【薬毒】ヴィオラ,ch2_dracia / ch2_rucie / ch2_mirea / ch2_viola,350,100,100,100,2.81,
corridor:40,【霊符】シオン / 【霊符】スイレン / 【日月】ルナリア / 【日月】ソラリア,ch2_shion / ch2_suiren / ch2_lunaria / ch2_solaria,440,100,100,100,1.24,
corridor:40,【封鍵】メリオラ / 【封鍵】エリゼル / 【薔薇】ノクテル / 【薔薇】オーリアン,ch2_meliora / ch2_elyselle / ch2_noctelle / ch2_auriane,440,100,100,100,1.07,
corridor:40,【返誓】ロスティア / 【返誓】アルテア / 【星刻】エイレーネ / 【星刻】イリデル,ch2_rostia / ch2_althea / ch2_eirene / ch2_iridelle,440,100,100,100,1.81,
corridor:48,【双雷】カリスタ / 【双雷】ソレーヌ / 【薬毒】ミレア / 【薬毒】ヴィオラ,ch2_calista / ch2_solenne / ch2_mirea / ch2_viola,530,100,100,100,2.44,
corridor:48,【霊符】シオン / 【霊符】スイレン / 【日月】ルナリア / 【日月】ソラリア,ch2_shion / ch2_suiren / ch2_lunaria / ch2_solaria,530,100,100,100,2.2,
corridor:48,【封鍵】メリオラ / 【封鍵】エリゼル / 【薔薇】ノクテル / 【薔薇】オーリアン,ch2_meliora / ch2_elyselle / ch2_noctelle / ch2_auriane,530,100,100,100,2.02,
corridor:56,【封鍵】メリオラ / 【封鍵】エリゼル / 【薔薇】ノクテル / 【薔薇】オーリアン,ch2_meliora / ch2_elyselle / ch2_noctelle / ch2_auriane,620,100,100,100,1.16,
corridor:56,【鏡侍女】リュネ / 【鏡侍女】ロゼ / 【聖翼】アウレ / 【聖翼】ノエル,ch2_ryune / ch2_rose / ch2_aure / ch2_noelle,620,100,100,100,2,
corridor:56,【双雷】カリスタ / 【双雷】ソレーヌ / 【薬毒】ミレア / 【薬毒】ヴィオラ,ch2_calista / ch2_solenne / ch2_mirea / ch2_viola,620,100,100,100,1.93,
corridor:64,【霊符】シオン / 【霊符】スイレン / 【日月】ルナリア / 【日月】ソラリア,ch2_shion / ch2_suiren / ch2_lunaria / ch2_solaria,710,100,100,100,1.95,
corridor:64,【封鍵】メリオラ / 【封鍵】エリゼル / 【薔薇】ノクテル / 【薔薇】オーリアン,ch2_meliora / ch2_elyselle / ch2_noctelle / ch2_auriane,710,100,100,100,1.47,
corridor:64,【剣姫】ネメシア / 【剣姫】エヴェリア / 【双鐘】フェルネ / 【双鐘】クラリス,ch2_nemesia / ch2_everia / ch2_ferne / ch2_clarisse,710,100,100,100,1.4,
corridor:72,【剣姫】ネメシア / 【剣姫】エヴェリア / 【双鐘】フェルネ / 【双鐘】クラリス,ch2_nemesia / ch2_everia / ch2_ferne / ch2_clarisse,790,100,99,99.0,4.58,
corridor:72,【竜姫】ドラシア / 【竜姫】リュシエ / 【薬毒】ミレア / 【薬毒】ヴィオラ,ch2_dracia / ch2_rucie / ch2_mirea / ch2_viola,790,100,80,80.0,8.92,
corridor:72,【封鍵】メリオラ / 【封鍵】エリゼル / 【薔薇】ノクテル / 【薔薇】オーリアン,ch2_meliora / ch2_elyselle / ch2_noctelle / ch2_auriane,790,100,91,91.0,9.93,
corridor:80,【封鍵】メリオラ / 【封鍵】エリゼル / 【薔薇】ノクテル / 【薔薇】オーリアン,ch2_meliora / ch2_elyselle / ch2_noctelle / ch2_auriane,880,100,100,100,2,
corridor:80,【竜姫】ドラシア / 【竜姫】リュシエ / 【薬毒】ミレア / 【薬毒】ヴィオラ,ch2_dracia / ch2_rucie / ch2_mirea / ch2_viola,880,100,100,100,2.59,
corridor:80,【返誓】ロスティア / 【返誓】アルテア / 【星刻】エイレーネ / 【星刻】イリデル,ch2_rostia / ch2_althea / ch2_eirene / ch2_iridelle,880,100,100,100,2.04,
corridor:88,【封鍵】メリオラ / 【封鍵】エリゼル / 【薔薇】ノクテル / 【薔薇】オーリアン,ch2_meliora / ch2_elyselle / ch2_noctelle / ch2_auriane,970,100,99,99.0,2.81,
corridor:88,【剣姫】ネメシア / 【剣姫】エヴェリア / 【双鐘】フェルネ / 【双鐘】クラリス,ch2_nemesia / ch2_everia / ch2_ferne / ch2_clarisse,970,100,100,100,2.09,
corridor:88,【鏡侍女】リュネ / 【鏡侍女】ロゼ / 【聖翼】アウレ / 【聖翼】ノエル,ch2_ryune / ch2_rose / ch2_aure / ch2_noelle,970,100,97,97.0,3.18,
corridor:96,【双雷】カリスタ / 【双雷】ソレーヌ / 【薬毒】ミレア / 【薬毒】ヴィオラ,ch2_calista / ch2_solenne / ch2_mirea / ch2_viola,7060,100,100,100,1.65,
corridor:96,【封鍵】メリオラ / 【封鍵】エリゼル / 【薔薇】ノクテル / 【薔薇】オーリアン,ch2_meliora / ch2_elyselle / ch2_noctelle / ch2_auriane,7060,100,100,100,1.19,
corridor:96,【月狐】カグラ / 【月狐】サヨ / 【双鐘】フェルネ / 【双鐘】クラリス,ch2_kagura / ch2_sayo / ch2_ferne / ch2_clarisse,7060,100,100,100,1.97,
corridor:104,【双藤】ネヴィア / 【双藤】エルミナ / 【聖翼】アウレ / 【聖翼】ノエル,ch2_nevia / ch2_elmina / ch2_aure / ch2_noelle,7636,100,100,100,2.26,
corridor:104,【鏡侍女】リュネ / 【鏡侍女】ロゼ / 【聖翼】アウレ / 【聖翼】ノエル,ch2_ryune / ch2_rose / ch2_aure / ch2_noelle,7636,100,100,100,2.49,
corridor:104,【封鍵】メリオラ / 【封鍵】エリゼル / 【薔薇】ノクテル / 【薔薇】オーリアン,ch2_meliora / ch2_elyselle / ch2_noctelle / ch2_auriane,7636,100,100,100,2.11,
corridor:112,【霊符】シオン / 【霊符】スイレン / 【日月】ルナリア / 【日月】ソラリア,ch2_shion / ch2_suiren / ch2_lunaria / ch2_solaria,8218,100,88,88.0,17.19,
corridor:112,【双藤】ネヴィア / 【双藤】エルミナ / 【聖翼】アウレ / 【聖翼】ノエル,ch2_nevia / ch2_elmina / ch2_aure / ch2_noelle,8218,100,97,97.0,12.54,
corridor:112,【剣姫】ネメシア / 【剣姫】エヴェリア / 【双鐘】フェルネ / 【双鐘】クラリス,ch2_nemesia / ch2_everia / ch2_ferne / ch2_clarisse,8218,100,93,93.0,18,
team:8,【鏡侍女】リュネ / 【鏡侍女】ロゼ / 【聖翼】アウレ / 【聖翼】ノエル,ch2_ryune / ch2_rose / ch2_aure / ch2_noelle,129,100,100,100,1.38,
team:8,【霊符】シオン / 【霊符】スイレン / 【日月】ルナリア / 【日月】ソラリア,ch2_shion / ch2_suiren / ch2_lunaria / ch2_solaria,129,100,100,100,1.36,
team:8,【封鍵】メリオラ / 【封鍵】エリゼル / 【薔薇】ノクテル / 【薔薇】オーリアン,ch2_meliora / ch2_elyselle / ch2_noctelle / ch2_auriane,129,100,100,100,1.06,
team:16,【鏡侍女】リュネ / 【鏡侍女】ロゼ / 【聖翼】アウレ / 【聖翼】ノエル,ch2_ryune / ch2_rose / ch2_aure / ch2_noelle,170,100,100,100,2.56,
team:16,【霊符】シオン / 【霊符】スイレン / 【日月】ルナリア / 【日月】ソラリア,ch2_shion / ch2_suiren / ch2_lunaria / ch2_solaria,170,100,100,100,2.55,
team:16,【封鍵】メリオラ / 【封鍵】エリゼル / 【薔薇】ノクテル / 【薔薇】オーリアン,ch2_meliora / ch2_elyselle / ch2_noctelle / ch2_auriane,170,100,100,100,2.21,
team:24,【剣姫】ネメシア / 【剣姫】エヴェリア / 【双鐘】フェルネ / 【双鐘】クラリス,ch2_nemesia / ch2_everia / ch2_ferne / ch2_clarisse,260,100,100,100,2.81,
team:24,【鏡侍女】リュネ / 【鏡侍女】ロゼ / 【聖翼】アウレ / 【聖翼】ノエル,ch2_ryune / ch2_rose / ch2_aure / ch2_noelle,260,100,100,100,3.22,
team:24,【霊符】シオン / 【霊符】スイレン / 【日月】ルナリア / 【日月】ソラリア,ch2_shion / ch2_suiren / ch2_lunaria / ch2_solaria,260,100,100,100,3.15,
team:32,【霊符】シオン / 【霊符】スイレン / 【日月】ルナリア / 【日月】ソラリア,ch2_shion / ch2_suiren / ch2_lunaria / ch2_solaria,350,100,100,100,2.99,
team:32,【竜姫】ドラシア / 【竜姫】リュシエ / 【薬毒】ミレア / 【薬毒】ヴィオラ,ch2_dracia / ch2_rucie / ch2_mirea / ch2_viola,350,100,100,100,2.89,
team:32,【双藤】ネヴィア / 【双藤】エルミナ / 【聖翼】アウレ / 【聖翼】ノエル,ch2_nevia / ch2_elmina / ch2_aure / ch2_noelle,350,100,100,100,2.66,
team:40,【封鍵】メリオラ / 【封鍵】エリゼル / 【薔薇】ノクテル / 【薔薇】オーリアン,ch2_meliora / ch2_elyselle / ch2_noctelle / ch2_auriane,440,100,100,100,2.02,
team:40,【双藤】ネヴィア / 【双藤】エルミナ / 【聖翼】アウレ / 【聖翼】ノエル,ch2_nevia / ch2_elmina / ch2_aure / ch2_noelle,440,100,100,100,2,
team:40,【星糸】セレス / 【星糸】ルミナ / 【誓姫】リリエット / 【誓姫】ロゼット,ch2_celes / ch2_lumina / ch2_lyriet / ch2_rosette,440,100,100,100,2,
team:48,【鏡侍女】リュネ / 【鏡侍女】ロゼ / 【聖翼】アウレ / 【聖翼】ノエル,ch2_ryune / ch2_rose / ch2_aure / ch2_noelle,530,100,100,100,2.9,
team:48,【双雷】カリスタ / 【双雷】ソレーヌ / 【薬毒】ミレア / 【薬毒】ヴィオラ,ch2_calista / ch2_solenne / ch2_mirea / ch2_viola,530,100,100,100,2.53,
team:48,【霊符】シオン / 【霊符】スイレン / 【日月】ルナリア / 【日月】ソラリア,ch2_shion / ch2_suiren / ch2_lunaria / ch2_solaria,530,100,100,100,2.29,
team:56,【鏡侍女】リュネ / 【鏡侍女】ロゼ / 【聖翼】アウレ / 【聖翼】ノエル,ch2_ryune / ch2_rose / ch2_aure / ch2_noelle,620,100,100,100,2,
team:56,【封鍵】メリオラ / 【封鍵】エリゼル / 【薔薇】ノクテル / 【薔薇】オーリアン,ch2_meliora / ch2_elyselle / ch2_noctelle / ch2_auriane,620,100,100,100,1.98,
team:56,【双藤】ネヴィア / 【双藤】エルミナ / 【聖翼】アウレ / 【聖翼】ノエル,ch2_nevia / ch2_elmina / ch2_aure / ch2_noelle,620,100,100,100,2,
team:64,【鏡侍女】リュネ / 【鏡侍女】ロゼ / 【聖翼】アウレ / 【聖翼】ノエル,ch2_ryune / ch2_rose / ch2_aure / ch2_noelle,710,100,100,100,1.78,
team:64,【双雷】カリスタ / 【双雷】ソレーヌ / 【薬毒】ミレア / 【薬毒】ヴィオラ,ch2_calista / ch2_solenne / ch2_mirea / ch2_viola,710,100,100,100,1.8,
team:64,【霊符】シオン / 【霊符】スイレン / 【日月】ルナリア / 【日月】ソラリア,ch2_shion / ch2_suiren / ch2_lunaria / ch2_solaria,710,100,100,100,1.33,
team:72,【剣姫】ネメシア / 【剣姫】エヴェリア / 【双鐘】フェルネ / 【双鐘】クラリス,ch2_nemesia / ch2_everia / ch2_ferne / ch2_clarisse,790,100,100,100,3.01,
team:72,【月狐】カグラ / 【月狐】サヨ / 【双鐘】フェルネ / 【双鐘】クラリス,ch2_kagura / ch2_sayo / ch2_ferne / ch2_clarisse,790,100,100,100,4.1,
team:72,【双藤】ネヴィア / 【双藤】エルミナ / 【聖翼】アウレ / 【聖翼】ノエル,ch2_nevia / ch2_elmina / ch2_aure / ch2_noelle,790,100,100,100,5.75,
team:80,【霊符】シオン / 【霊符】スイレン / 【日月】ルナリア / 【日月】ソラリア,ch2_shion / ch2_suiren / ch2_lunaria / ch2_solaria,880,100,100,100,2.2,
team:80,【竜姫】ドラシア / 【竜姫】リュシエ / 【薬毒】ミレア / 【薬毒】ヴィオラ,ch2_dracia / ch2_rucie / ch2_mirea / ch2_viola,880,100,100,100,2.41,
team:80,【双藤】ネヴィア / 【双藤】エルミナ / 【聖翼】アウレ / 【聖翼】ノエル,ch2_nevia / ch2_elmina / ch2_aure / ch2_noelle,880,100,100,100,2.38,
team:88,【鏡侍女】リュネ / 【鏡侍女】ロゼ / 【聖翼】アウレ / 【聖翼】ノエル,ch2_ryune / ch2_rose / ch2_aure / ch2_noelle,970,100,100,100,2.99,
team:88,【双藤】ネヴィア / 【双藤】エルミナ / 【聖翼】アウレ / 【聖翼】ノエル,ch2_nevia / ch2_elmina / ch2_aure / ch2_noelle,970,100,100,100,2.97,
team:88,【剣姫】ネメシア / 【剣姫】エヴェリア / 【双鐘】フェルネ / 【双鐘】クラリス,ch2_nemesia / ch2_everia / ch2_ferne / ch2_clarisse,970,100,100,100,2,
manual:abyss_wrath:projection100,【鏡侍女】リュネ / 【鏡侍女】ロゼ / 【聖翼】アウレ / 【聖翼】ノエル,ch2_ryune / ch2_rose / ch2_aure / ch2_noelle,4999,100,100,100,1,
manual:abyss_wrath:projection100,【双雷】カリスタ / 【双雷】ソレーヌ / 【薬毒】ミレア / 【薬毒】ヴィオラ,ch2_calista / ch2_solenne / ch2_mirea / ch2_viola,4999,100,100,100,1,
manual:abyss_wrath:projection100,【硝子】セリア / 【硝子】カルミア / 封書の小剣姫ルメア / 夜灯の従騎フィオラ,ch2_seria / ch2_carmia / ch2_lumea / ch2_fiora,4999,100,100,100,1.04,
manual:abyss_sloth:projection100,【鏡侍女】リュネ / 【鏡侍女】ロゼ / 【聖翼】アウレ / 【聖翼】ノエル,ch2_ryune / ch2_rose / ch2_aure / ch2_noelle,4999,100,100,100,1,
manual:abyss_sloth:projection100,【双雷】カリスタ / 【双雷】ソレーヌ / 【薬毒】ミレア / 【薬毒】ヴィオラ,ch2_calista / ch2_solenne / ch2_mirea / ch2_viola,4999,100,100,100,1.04,
manual:abyss_sloth:projection100,【霊符】シオン / 【霊符】スイレン / 【日月】ルナリア / 【日月】ソラリア,ch2_shion / ch2_suiren / ch2_lunaria / ch2_solaria,4999,100,100,100,1,
manual:abyss_lust:projection100,【鏡侍女】リュネ / 【鏡侍女】ロゼ / 【聖翼】アウレ / 【聖翼】ノエル,ch2_ryune / ch2_rose / ch2_aure / ch2_noelle,4999,100,100,100,1.01,
manual:abyss_lust:projection100,【双雷】カリスタ / 【双雷】ソレーヌ / 【薬毒】ミレア / 【薬毒】ヴィオラ,ch2_calista / ch2_solenne / ch2_mirea / ch2_viola,4999,100,100,100,1,
manual:abyss_lust:projection100,【硝子】セリア / 【硝子】カルミア / 封書の小剣姫ルメア / 夜灯の従騎フィオラ,ch2_seria / ch2_carmia / ch2_lumea / ch2_fiora,4999,100,100,100,1.19,
manual:ten_time:projection100,【双雷】カリスタ / 【双雷】ソレーヌ / 【薬毒】ミレア / 【薬毒】ヴィオラ,ch2_calista / ch2_solenne / ch2_mirea / ch2_viola,4999,100,100,100,1.57,
manual:ten_time:projection100,【霊符】シオン / 【霊符】スイレン / 【日月】ルナリア / 【日月】ソラリア,ch2_shion / ch2_suiren / ch2_lunaria / ch2_solaria,4999,100,100,100,1.05,
manual:ten_time:projection100,【封鍵】メリオラ / 【封鍵】エリゼル / 【薔薇】ノクテル / 【薔薇】オーリアン,ch2_meliora / ch2_elyselle / ch2_noctelle / ch2_auriane,4999,100,100,100,1.1,
manual:ten_life:projection100,【霊符】シオン / 【霊符】スイレン / 【日月】ルナリア / 【日月】ソラリア,ch2_shion / ch2_suiren / ch2_lunaria / ch2_solaria,4999,100,100,100,1.12,
manual:ten_life:projection100,【封鍵】メリオラ / 【封鍵】エリゼル / 【薔薇】ノクテル / 【薔薇】オーリアン,ch2_meliora / ch2_elyselle / ch2_noctelle / ch2_auriane,4999,100,100,100,1,
manual:ten_life:projection100,【月狐】カグラ / 【月狐】サヨ / 【双鐘】フェルネ / 【双鐘】クラリス,ch2_kagura / ch2_sayo / ch2_ferne / ch2_clarisse,4999,100,100,100,1.01,
manual:ten_fate:projection100,【鏡侍女】リュネ / 【鏡侍女】ロゼ / 【聖翼】アウレ / 【聖翼】ノエル,ch2_ryune / ch2_rose / ch2_aure / ch2_noelle,4999,100,100,100,1.76,
manual:ten_fate:projection100,【霊符】シオン / 【霊符】スイレン / 【日月】ルナリア / 【日月】ソラリア,ch2_shion / ch2_suiren / ch2_lunaria / ch2_solaria,4999,100,100,100,1.32,
manual:ten_fate:projection100,【竜姫】ドラシア / 【竜姫】リュシエ / 【薬毒】ミレア / 【薬毒】ヴィオラ,ch2_dracia / ch2_rucie / ch2_mirea / ch2_viola,4999,100,100,100,1.36,
manual:ten_dominion:projection100,【鏡侍女】リュネ / 【鏡侍女】ロゼ / 【聖翼】アウレ / 【聖翼】ノエル,ch2_ryune / ch2_rose / ch2_aure / ch2_noelle,4999,100,100,100,1,
manual:ten_dominion:projection100,【双雷】カリスタ / 【双雷】ソレーヌ / 【薬毒】ミレア / 【薬毒】ヴィオラ,ch2_calista / ch2_solenne / ch2_mirea / ch2_viola,4999,100,100,100,1.02,
manual:ten_dominion:projection100,【霊符】シオン / 【霊符】スイレン / 【日月】ルナリア / 【日月】ソラリア,ch2_shion / ch2_suiren / ch2_lunaria / ch2_solaria,4999,100,100,100,1.02,
manual:ten_end:projection100,【鏡侍女】リュネ / 【鏡侍女】ロゼ / 【聖翼】アウレ / 【聖翼】ノエル,ch2_ryune / ch2_rose / ch2_aure / ch2_noelle,4999,100,100,100,1.02,
manual:ten_end:projection100,【双雷】カリスタ / 【双雷】ソレーヌ / 【薬毒】ミレア / 【薬毒】ヴィオラ,ch2_calista / ch2_solenne / ch2_mirea / ch2_viola,4999,100,100,100,1.01,
manual:ten_end:projection100,【霊符】シオン / 【霊符】スイレン / 【日月】ルナリア / 【日月】ソラリア,ch2_shion / ch2_suiren / ch2_lunaria / ch2_solaria,4999,100,100,100,1.01,
chapter:a1_patrol:1,【鏡侍女】リュネ / 【鏡侍女】ロゼ / 【聖翼】アウレ / 【聖翼】ノエル,ch2_ryune / ch2_rose / ch2_aure / ch2_noelle,1652,100,100,100,1,
chapter:a1_patrol:1,【双雷】カリスタ / 【双雷】ソレーヌ / 【薬毒】ミレア / 【薬毒】ヴィオラ,ch2_calista / ch2_solenne / ch2_mirea / ch2_viola,1652,100,100,100,1,
chapter:a1_patrol:1,【霊符】シオン / 【霊符】スイレン / 【日月】ルナリア / 【日月】ソラリア,ch2_shion / ch2_suiren / ch2_lunaria / ch2_solaria,1652,100,100,100,1,
chapter:a1_west:3,【鏡侍女】リュネ / 【鏡侍女】ロゼ / 【聖翼】アウレ / 【聖翼】ノエル,ch2_ryune / ch2_rose / ch2_aure / ch2_noelle,2248,100,100,100,1,
chapter:a1_west:3,【双雷】カリスタ / 【双雷】ソレーヌ / 【薬毒】ミレア / 【薬毒】ヴィオラ,ch2_calista / ch2_solenne / ch2_mirea / ch2_viola,2248,100,100,100,1,
chapter:a1_west:3,【霊符】シオン / 【霊符】スイレン / 【日月】ルナリア / 【日月】ソラリア,ch2_shion / ch2_suiren / ch2_lunaria / ch2_solaria,2248,100,100,100,1,
chapter:a1_east:5,【鏡侍女】リュネ / 【鏡侍女】ロゼ / 【聖翼】アウレ / 【聖翼】ノエル,ch2_ryune / ch2_rose / ch2_aure / ch2_noelle,2888,100,100,100,1,
chapter:a1_east:5,【双雷】カリスタ / 【双雷】ソレーヌ / 【薬毒】ミレア / 【薬毒】ヴィオラ,ch2_calista / ch2_solenne / ch2_mirea / ch2_viola,2888,100,100,100,1,
chapter:a1_east:5,【霊符】シオン / 【霊符】スイレン / 【日月】ルナリア / 【日月】ソラリア,ch2_shion / ch2_suiren / ch2_lunaria / ch2_solaria,2888,100,100,100,1,
chapter:a2_patrol:1,【鏡侍女】リュネ / 【鏡侍女】ロゼ / 【聖翼】アウレ / 【聖翼】ノエル,ch2_ryune / ch2_rose / ch2_aure / ch2_noelle,2360,100,100,100,1,
chapter:a2_patrol:1,【双雷】カリスタ / 【双雷】ソレーヌ / 【薬毒】ミレア / 【薬毒】ヴィオラ,ch2_calista / ch2_solenne / ch2_mirea / ch2_viola,2360,100,100,100,1,
chapter:a2_patrol:1,【霊符】シオン / 【霊符】スイレン / 【日月】ルナリア / 【日月】ソラリア,ch2_shion / ch2_suiren / ch2_lunaria / ch2_solaria,2360,100,100,100,1,
chapter:a2_west:3,【鏡侍女】リュネ / 【鏡侍女】ロゼ / 【聖翼】アウレ / 【聖翼】ノエル,ch2_ryune / ch2_rose / ch2_aure / ch2_noelle,3172,100,100,100,1,
chapter:a2_west:3,【霊符】シオン / 【霊符】スイレン / 【日月】ルナリア / 【日月】ソラリア,ch2_shion / ch2_suiren / ch2_lunaria / ch2_solaria,3172,100,100,100,1,
chapter:a2_west:3,【封鍵】メリオラ / 【封鍵】エリゼル / 【薔薇】ノクテル / 【薔薇】オーリアン,ch2_meliora / ch2_elyselle / ch2_noctelle / ch2_auriane,3172,100,100,100,1,
chapter:a2_east:5,【鏡侍女】リュネ / 【鏡侍女】ロゼ / 【聖翼】アウレ / 【聖翼】ノエル,ch2_ryune / ch2_rose / ch2_aure / ch2_noelle,4028,100,100,100,1.03,
chapter:a2_east:5,【双雷】カリスタ / 【双雷】ソレーヌ / 【薬毒】ミレア / 【薬毒】ヴィオラ,ch2_calista / ch2_solenne / ch2_mirea / ch2_viola,4028,100,100,100,1.02,
chapter:a2_east:5,【霊符】シオン / 【霊符】スイレン / 【日月】ルナリア / 【日月】ソラリア,ch2_shion / ch2_suiren / ch2_lunaria / ch2_solaria,4028,100,100,100,1,
chapter:a3_patrol:1,【霊符】シオン / 【霊符】スイレン / 【日月】ルナリア / 【日月】ソラリア,ch2_shion / ch2_suiren / ch2_lunaria / ch2_solaria,3304,100,100,100,1.01,
chapter:a3_patrol:1,【封鍵】メリオラ / 【封鍵】エリゼル / 【薔薇】ノクテル / 【薔薇】オーリアン,ch2_meliora / ch2_elyselle / ch2_noctelle / ch2_auriane,3304,100,100,100,1,
chapter:a3_patrol:1,【返誓】ロスティア / 【返誓】アルテア / 【星刻】エイレーネ / 【星刻】イリデル,ch2_rostia / ch2_althea / ch2_eirene / ch2_iridelle,3304,100,100,100,1,
chapter:a3_west:3,【霊符】シオン / 【霊符】スイレン / 【日月】ルナリア / 【日月】ソラリア,ch2_shion / ch2_suiren / ch2_lunaria / ch2_solaria,4404,100,100,100,1.01,
chapter:a3_west:3,【竜姫】ドラシア / 【竜姫】リュシエ / 【薬毒】ミレア / 【薬毒】ヴィオラ,ch2_dracia / ch2_rucie / ch2_mirea / ch2_viola,4404,100,100,100,1.05,
chapter:a3_west:3,【双藤】ネヴィア / 【双藤】エルミナ / 【聖翼】アウレ / 【聖翼】ノエル,ch2_nevia / ch2_elmina / ch2_aure / ch2_noelle,4404,100,100,100,1.01,
chapter:a3_east:5,【霊符】シオン / 【霊符】スイレン / 【日月】ルナリア / 【日月】ソラリア,ch2_shion / ch2_suiren / ch2_lunaria / ch2_solaria,5548,100,100,100,1,
chapter:a3_east:5,【竜姫】ドラシア / 【竜姫】リュシエ / 【薬毒】ミレア / 【薬毒】ヴィオラ,ch2_dracia / ch2_rucie / ch2_mirea / ch2_viola,5548,100,100,100,1,
chapter:a3_east:5,【返誓】ロスティア / 【返誓】アルテア / 【星刻】エイレーネ / 【星刻】イリデル,ch2_rostia / ch2_althea / ch2_eirene / ch2_iridelle,5548,100,100,100,1,
chapter:a4_patrol:1,【鏡侍女】リュネ / 【鏡侍女】ロゼ / 【聖翼】アウレ / 【聖翼】ノエル,ch2_ryune / ch2_rose / ch2_aure / ch2_noelle,4484,100,100,100,1,
chapter:a4_patrol:1,【双雷】カリスタ / 【双雷】ソレーヌ / 【薬毒】ミレア / 【薬毒】ヴィオラ,ch2_calista / ch2_solenne / ch2_mirea / ch2_viola,4484,100,100,100,1.01,
chapter:a4_patrol:1,【霊符】シオン / 【霊符】スイレン / 【日月】ルナリア / 【日月】ソラリア,ch2_shion / ch2_suiren / ch2_lunaria / ch2_solaria,4484,100,100,100,1,
chapter:a4_west:3,【返誓】ロスティア / 【返誓】アルテア / 【星刻】エイレーネ / 【星刻】イリデル,ch2_rostia / ch2_althea / ch2_eirene / ch2_iridelle,5944,100,100,100,1.43,
chapter:a4_west:3,【鏡侍女】リュネ / 【鏡侍女】ロゼ / 【聖翼】アウレ / 【聖翼】ノエル,ch2_ryune / ch2_rose / ch2_aure / ch2_noelle,5944,100,100,100,2,
chapter:a4_west:3,【双雷】カリスタ / 【双雷】ソレーヌ / 【薬毒】ミレア / 【薬毒】ヴィオラ,ch2_calista / ch2_solenne / ch2_mirea / ch2_viola,5944,100,100,100,2,
chapter:a4_east:5,【霊符】シオン / 【霊符】スイレン / 【日月】ルナリア / 【日月】ソラリア,ch2_shion / ch2_suiren / ch2_lunaria / ch2_solaria,7448,100,100,100,1.02,
chapter:a4_east:5,【封鍵】メリオラ / 【封鍵】エリゼル / 【薔薇】ノクテル / 【薔薇】オーリアン,ch2_meliora / ch2_elyselle / ch2_noctelle / ch2_auriane,7448,100,100,100,1.08,
chapter:a4_east:5,【竜姫】ドラシア / 【竜姫】リュシエ / 【薬毒】ミレア / 【薬毒】ヴィオラ,ch2_dracia / ch2_rucie / ch2_mirea / ch2_viola,7448,100,100,100,1.17,
chapter:patrol:1,【鏡侍女】リュネ / 【鏡侍女】ロゼ / 【聖翼】アウレ / 【聖翼】ノエル,ch2_ryune / ch2_rose / ch2_aure / ch2_noelle,1239,100,100,100,1,
chapter:patrol:1,【双雷】カリスタ / 【双雷】ソレーヌ / 【薬毒】ミレア / 【薬毒】ヴィオラ,ch2_calista / ch2_solenne / ch2_mirea / ch2_viola,1239,100,100,100,1,
chapter:patrol:1,【硝子】セリア / 【硝子】カルミア / 封書の小剣姫ルメア / 夜灯の従騎フィオラ,ch2_seria / ch2_carmia / ch2_lumea / ch2_fiora,1239,100,100,100,1,
chapter:west:3,【鏡侍女】リュネ / 【鏡侍女】ロゼ / 【聖翼】アウレ / 【聖翼】ノエル,ch2_ryune / ch2_rose / ch2_aure / ch2_noelle,1694,100,100,100,1,
chapter:west:3,【双雷】カリスタ / 【双雷】ソレーヌ / 【薬毒】ミレア / 【薬毒】ヴィオラ,ch2_calista / ch2_solenne / ch2_mirea / ch2_viola,1694,100,100,100,1,
chapter:west:3,【硝子】セリア / 【硝子】カルミア / 封書の小剣姫ルメア / 夜灯の従騎フィオラ,ch2_seria / ch2_carmia / ch2_lumea / ch2_fiora,1694,100,100,100,1,
chapter:east:5,【鏡侍女】リュネ / 【鏡侍女】ロゼ / 【聖翼】アウレ / 【聖翼】ノエル,ch2_ryune / ch2_rose / ch2_aure / ch2_noelle,2090,100,100,100,1,
chapter:east:5,【双雷】カリスタ / 【双雷】ソレーヌ / 【薬毒】ミレア / 【薬毒】ヴィオラ,ch2_calista / ch2_solenne / ch2_mirea / ch2_viola,2090,100,100,100,1,
chapter:east:5,【硝子】セリア / 【硝子】カルミア / 封書の小剣姫ルメア / 夜灯の従騎フィオラ,ch2_seria / ch2_carmia / ch2_lumea / ch2_fiora,2090,100,100,100,1,
chapter:vault0:1,【霊符】シオン / 【霊符】スイレン / 【日月】ルナリア / 【日月】ソラリア,ch2_shion / ch2_suiren / ch2_lunaria / ch2_solaria,1947,100,100,100,1.02,
chapter:vault0:1,【返誓】ロスティア / 【返誓】アルテア / 【星刻】エイレーネ / 【星刻】イリデル,ch2_rostia / ch2_althea / ch2_eirene / ch2_iridelle,1947,100,100,100,1,
chapter:vault0:1,【星糸】セレス / 【星糸】ルミナ / 【誓姫】リリエット / 【誓姫】ロゼット,ch2_celes / ch2_lumina / ch2_lyriet / ch2_rosette,1947,100,100,100,1.02,
chapter:roam0_1:3,【鏡侍女】リュネ / 【鏡侍女】ロゼ / 【聖翼】アウレ / 【聖翼】ノエル,ch2_ryune / ch2_rose / ch2_aure / ch2_noelle,1617,100,100,100,1,
chapter:roam0_1:3,【双雷】カリスタ / 【双雷】ソレーヌ / 【薬毒】ミレア / 【薬毒】ヴィオラ,ch2_calista / ch2_solenne / ch2_mirea / ch2_viola,1617,100,100,100,1,
chapter:roam0_1:3,【硝子】セリア / 【硝子】カルミア / 封書の小剣姫ルメア / 夜灯の従騎フィオラ,ch2_seria / ch2_carmia / ch2_lumea / ch2_fiora,1617,100,100,100,1,
chapter:roam0_3:5,【鏡侍女】リュネ / 【鏡侍女】ロゼ / 【聖翼】アウレ / 【聖翼】ノエル,ch2_ryune / ch2_rose / ch2_aure / ch2_noelle,1995,100,100,100,1,
chapter:roam0_3:5,【双雷】カリスタ / 【双雷】ソレーヌ / 【薬毒】ミレア / 【薬毒】ヴィオラ,ch2_calista / ch2_solenne / ch2_mirea / ch2_viola,1995,100,100,100,1,
chapter:roam0_3:5,【硝子】セリア / 【硝子】カルミア / 封書の小剣姫ルメア / 夜灯の従騎フィオラ,ch2_seria / ch2_carmia / ch2_lumea / ch2_fiora,1995,100,100,100,1,
chapter:vault1:1,【鏡侍女】リュネ / 【鏡侍女】ロゼ / 【聖翼】アウレ / 【聖翼】ノエル,ch2_ryune / ch2_rose / ch2_aure / ch2_noelle,2726,100,100,100,2,
chapter:vault1:1,【双雷】カリスタ / 【双雷】ソレーヌ / 【薬毒】ミレア / 【薬毒】ヴィオラ,ch2_calista / ch2_solenne / ch2_mirea / ch2_viola,2726,100,100,100,2,
chapter:vault1:1,【霊符】シオン / 【霊符】スイレン / 【日月】ルナリア / 【日月】ソラリア,ch2_shion / ch2_suiren / ch2_lunaria / ch2_solaria,2726,100,100,100,1.94,
chapter:roam1_1:3,【返誓】ロスティア / 【返誓】アルテア / 【星刻】エイレーネ / 【星刻】イリデル,ch2_rostia / ch2_althea / ch2_eirene / ch2_iridelle,4004,100,100,100,1.02,
chapter:roam1_1:3,【星糸】セレス / 【星糸】ルミナ / 【誓姫】リリエット / 【誓姫】ロゼット,ch2_celes / ch2_lumina / ch2_lyriet / ch2_rosette,4004,100,100,100,1.08,
chapter:roam1_1:3,【剣姫】ネメシア / 【剣姫】エヴェリア / 【双鐘】フェルネ / 【双鐘】クラリス,ch2_nemesia / ch2_everia / ch2_ferne / ch2_clarisse,4004,100,100,100,1.02,
chapter:roam1_3:5,【鏡侍女】リュネ / 【鏡侍女】ロゼ / 【聖翼】アウレ / 【聖翼】ノエル,ch2_ryune / ch2_rose / ch2_aure / ch2_noelle,2660,100,100,100,1.99,
chapter:roam1_3:5,【封鍵】メリオラ / 【封鍵】エリゼル / 【薔薇】ノクテル / 【薔薇】オーリアン,ch2_meliora / ch2_elyselle / ch2_noctelle / ch2_auriane,2660,100,100,100,1,
chapter:roam1_3:5,【竜姫】ドラシア / 【竜姫】リュシエ / 【薬毒】ミレア / 【薬毒】ヴィオラ,ch2_dracia / ch2_rucie / ch2_mirea / ch2_viola,2660,100,100,100,1,
chapter:vault2:1,【鏡侍女】リュネ / 【鏡侍女】ロゼ / 【聖翼】アウレ / 【聖翼】ノエル,ch2_ryune / ch2_rose / ch2_aure / ch2_noelle,3894,100,100,100,2,
chapter:vault2:1,【双雷】カリスタ / 【双雷】ソレーヌ / 【薬毒】ミレア / 【薬毒】ヴィオラ,ch2_calista / ch2_solenne / ch2_mirea / ch2_viola,3894,100,100,100,1.38,
chapter:vault2:1,【霊符】シオン / 【霊符】スイレン / 【日月】ルナリア / 【日月】ソラリア,ch2_shion / ch2_suiren / ch2_lunaria / ch2_solaria,3894,100,100,100,2,
chapter:roam2_1:3,【鏡侍女】リュネ / 【鏡侍女】ロゼ / 【聖翼】アウレ / 【聖翼】ノエル,ch2_ryune / ch2_rose / ch2_aure / ch2_noelle,3080,100,100,100,1,
chapter:roam2_1:3,【双雷】カリスタ / 【双雷】ソレーヌ / 【薬毒】ミレア / 【薬毒】ヴィオラ,ch2_calista / ch2_solenne / ch2_mirea / ch2_viola,3080,100,100,100,1,
chapter:roam2_1:3,【硝子】セリア / 【硝子】カルミア / 封書の小剣姫ルメア / 夜灯の従騎フィオラ,ch2_seria / ch2_carmia / ch2_lumea / ch2_fiora,3080,100,100,100,1.03,
chapter:roam2_3:5,【鏡侍女】リュネ / 【鏡侍女】ロゼ / 【聖翼】アウレ / 【聖翼】ノエル,ch2_ryune / ch2_rose / ch2_aure / ch2_noelle,3800,100,100,100,1,
chapter:roam2_3:5,【双雷】カリスタ / 【双雷】ソレーヌ / 【薬毒】ミレア / 【薬毒】ヴィオラ,ch2_calista / ch2_solenne / ch2_mirea / ch2_viola,3800,100,100,100,1.01,
chapter:roam2_3:5,【硝子】セリア / 【硝子】カルミア / 封書の小剣姫ルメア / 夜灯の従騎フィオラ,ch2_seria / ch2_carmia / ch2_lumea / ch2_fiora,3800,100,100,100,1.01,
chapter:vault3:1,【竜姫】ドラシア / 【竜姫】リュシエ / 【薬毒】ミレア / 【薬毒】ヴィオラ,ch2_dracia / ch2_rucie / ch2_mirea / ch2_viola,5452,100,100,100,3.08,
chapter:vault3:1,【封鍵】メリオラ / 【封鍵】エリゼル / 【薔薇】ノクテル / 【薔薇】オーリアン,ch2_meliora / ch2_elyselle / ch2_noctelle / ch2_auriane,5452,100,100,100,4,
chapter:vault3:1,【双藤】ネヴィア / 【双藤】エルミナ / 【聖翼】アウレ / 【聖翼】ノエル,ch2_nevia / ch2_elmina / ch2_aure / ch2_noelle,5452,100,100,100,3.1,
chapter:roam3_1:3,【鏡侍女】リュネ / 【鏡侍女】ロゼ / 【聖翼】アウレ / 【聖翼】ノエル,ch2_ryune / ch2_rose / ch2_aure / ch2_noelle,4312,100,100,100,1,
chapter:roam3_1:3,【双雷】カリスタ / 【双雷】ソレーヌ / 【薬毒】ミレア / 【薬毒】ヴィオラ,ch2_calista / ch2_solenne / ch2_mirea / ch2_viola,4312,100,100,100,1.01,
chapter:roam3_1:3,【霊符】シオン / 【霊符】スイレン / 【日月】ルナリア / 【日月】ソラリア,ch2_shion / ch2_suiren / ch2_lunaria / ch2_solaria,4312,100,100,100,1,
chapter:roam3_3:5,【返誓】ロスティア / 【返誓】アルテア / 【星刻】エイレーネ / 【星刻】イリデル,ch2_rostia / ch2_althea / ch2_eirene / ch2_iridelle,9120,100,100,100,1,
chapter:roam3_3:5,【星糸】セレス / 【星糸】ルミナ / 【誓姫】リリエット / 【誓姫】ロゼット,ch2_celes / ch2_lumina / ch2_lyriet / ch2_rosette,9120,100,100,100,1.05,
chapter:roam3_3:5,【剣姫】ネメシア / 【剣姫】エヴェリア / 【双鐘】フェルネ / 【双鐘】クラリス,ch2_nemesia / ch2_everia / ch2_ferne / ch2_clarisse,9120,100,100,100,1.01,
chapter:vault4:1,【剣姫】ネメシア / 【剣姫】エヴェリア / 【双鐘】フェルネ / 【双鐘】クラリス,ch2_nemesia / ch2_everia / ch2_ferne / ch2_clarisse,7399,100,100,100,2.01,
chapter:vault4:1,【封鍵】メリオラ / 【封鍵】エリゼル / 【薔薇】ノクテル / 【薔薇】オーリアン,ch2_meliora / ch2_elyselle / ch2_noctelle / ch2_auriane,7399,100,100,100,3.96,
chapter:vault4:1,【竜姫】ドラシア / 【竜姫】リュシエ / 【薬毒】ミレア / 【薬毒】ヴィオラ,ch2_dracia / ch2_rucie / ch2_mirea / ch2_viola,7399,100,100,100,3.65,
chapter:roam4_1:3,【霊符】シオン / 【霊符】スイレン / 【日月】ルナリア / 【日月】ソラリア,ch2_shion / ch2_suiren / ch2_lunaria / ch2_solaria,8624,100,100,100,2,
chapter:roam4_1:3,【返誓】ロスティア / 【返誓】アルテア / 【星刻】エイレーネ / 【星刻】イリデル,ch2_rostia / ch2_althea / ch2_eirene / ch2_iridelle,8624,100,100,100,1.38,
chapter:roam4_1:3,【剣姫】ネメシア / 【剣姫】エヴェリア / 【双鐘】フェルネ / 【双鐘】クラリス,ch2_nemesia / ch2_everia / ch2_ferne / ch2_clarisse,8624,100,100,100,1.18,
chapter:roam4_3:5,【返誓】ロスティア / 【返誓】アルテア / 【星刻】エイレーネ / 【星刻】イリデル,ch2_rostia / ch2_althea / ch2_eirene / ch2_iridelle,9880,100,100,100,1,
chapter:roam4_3:5,【剣姫】ネメシア / 【剣姫】エヴェリア / 【双鐘】フェルネ / 【双鐘】クラリス,ch2_nemesia / ch2_everia / ch2_ferne / ch2_clarisse,9880,100,100,100,1,
chapter:roam4_3:5,【鏡侍女】リュネ / 【鏡侍女】ロゼ / 【聖翼】アウレ / 【聖翼】ノエル,ch2_ryune / ch2_rose / ch2_aure / ch2_noelle,9880,100,100,100,2,
chapter:roam0_1_391:1,【鏡侍女】リュネ / 【鏡侍女】ロゼ / 【聖翼】アウレ / 【聖翼】ノエル,ch2_ryune / ch2_rose / ch2_aure / ch2_noelle,1239,100,100,100,1,
chapter:roam0_1_391:1,【双雷】カリスタ / 【双雷】ソレーヌ / 【薬毒】ミレア / 【薬毒】ヴィオラ,ch2_calista / ch2_solenne / ch2_mirea / ch2_viola,1239,100,100,100,1,
chapter:roam0_1_391:1,【硝子】セリア / 【硝子】カルミア / 封書の小剣姫ルメア / 夜灯の従騎フィオラ,ch2_seria / ch2_carmia / ch2_lumea / ch2_fiora,1239,100,100,100,1,
chapter:roam2_3_391:3,【鏡侍女】リュネ / 【鏡侍女】ロゼ / 【聖翼】アウレ / 【聖翼】ノエル,ch2_ryune / ch2_rose / ch2_aure / ch2_noelle,3080,100,100,100,1,
chapter:roam2_3_391:3,【双雷】カリスタ / 【双雷】ソレーヌ / 【薬毒】ミレア / 【薬毒】ヴィオラ,ch2_calista / ch2_solenne / ch2_mirea / ch2_viola,3080,100,100,100,1,
chapter:roam2_3_391:3,【硝子】セリア / 【硝子】カルミア / 封書の小剣姫ルメア / 夜灯の従騎フィオラ,ch2_seria / ch2_carmia / ch2_lumea / ch2_fiora,3080,100,100,100,1.08,
chapter:roam4_4_391:5,【返誓】ロスティア / 【返誓】アルテア / 【星刻】エイレーネ / 【星刻】イリデル,ch2_rostia / ch2_althea / ch2_eirene / ch2_iridelle,10000,100,100,100,1.01,
chapter:roam4_4_391:5,【霊符】シオン / 【霊符】スイレン / 【日月】ルナリア / 【日月】ソラリア,ch2_shion / ch2_suiren / ch2_lunaria / ch2_solaria,10000,100,100,100,1.94,
chapter:roam4_4_391:5,【封鍵】メリオラ / 【封鍵】エリゼル / 【薔薇】ノクテル / 【薔薇】オーリアン,ch2_meliora / ch2_elyselle / ch2_noctelle / ch2_auriane,10000,100,100,100,2.02,
chapter:roam3_1_392:1,【鏡侍女】リュネ / 【鏡侍女】ロゼ / 【聖翼】アウレ / 【聖翼】ノエル,ch2_ryune / ch2_rose / ch2_aure / ch2_noelle,3304,100,100,100,1,
chapter:roam3_1_392:1,【双雷】カリスタ / 【双雷】ソレーヌ / 【薬毒】ミレア / 【薬毒】ヴィオラ,ch2_calista / ch2_solenne / ch2_mirea / ch2_viola,3304,100,100,100,1.02,
chapter:roam3_1_392:1,【霊符】シオン / 【霊符】スイレン / 【日月】ルナリア / 【日月】ソラリア,ch2_shion / ch2_suiren / ch2_lunaria / ch2_solaria,3304,100,100,100,1,
chapter:roam4_3_392:3,【返誓】ロスティア / 【返誓】アルテア / 【星刻】エイレーネ / 【星刻】イリデル,ch2_rostia / ch2_althea / ch2_eirene / ch2_iridelle,8008,100,100,100,1.01,
chapter:roam4_3_392:3,【鏡侍女】リュネ / 【鏡侍女】ロゼ / 【聖翼】アウレ / 【聖翼】ノエル,ch2_ryune / ch2_rose / ch2_aure / ch2_noelle,8008,100,100,100,2,
chapter:roam4_3_392:3,【双雷】カリスタ / 【双雷】ソレーヌ / 【薬毒】ミレア / 【薬毒】ヴィオラ,ch2_calista / ch2_solenne / ch2_mirea / ch2_viola,8008,100,100,100,2,
chapter:roam0_3_elite393:3,【鏡侍女】リュネ / 【鏡侍女】ロゼ / 【聖翼】アウレ / 【聖翼】ノエル,ch2_ryune / ch2_rose / ch2_aure / ch2_noelle,1680,100,100,100,1,
chapter:roam0_3_elite393:3,【双雷】カリスタ / 【双雷】ソレーヌ / 【薬毒】ミレア / 【薬毒】ヴィオラ,ch2_calista / ch2_solenne / ch2_mirea / ch2_viola,1680,100,100,100,1,
chapter:roam0_3_elite393:3,【硝子】セリア / 【硝子】カルミア / 封書の小剣姫ルメア / 夜灯の従騎フィオラ,ch2_seria / ch2_carmia / ch2_lumea / ch2_fiora,1680,100,100,100,1,
chapter:roam1_3_elite393:2,【鏡侍女】リュネ / 【鏡侍女】ロゼ / 【聖翼】アウレ / 【聖翼】ノエル,ch2_ryune / ch2_rose / ch2_aure / ch2_noelle,1890,100,100,100,1,
chapter:roam1_3_elite393:2,【双雷】カリスタ / 【双雷】ソレーヌ / 【薬毒】ミレア / 【薬毒】ヴィオラ,ch2_calista / ch2_solenne / ch2_mirea / ch2_viola,1890,100,100,100,1,
chapter:roam1_3_elite393:2,【硝子】セリア / 【硝子】カルミア / 封書の小剣姫ルメア / 夜灯の従騎フィオラ,ch2_seria / ch2_carmia / ch2_lumea / ch2_fiora,1890,100,100,100,1,
chapter:roam2_3_elite393:1,【鏡侍女】リュネ / 【鏡侍女】ロゼ / 【聖翼】アウレ / 【聖翼】ノエル,ch2_ryune / ch2_rose / ch2_aure / ch2_noelle,2300,100,100,100,1,
chapter:roam2_3_elite393:1,【双雷】カリスタ / 【双雷】ソレーヌ / 【薬毒】ミレア / 【薬毒】ヴィオラ,ch2_calista / ch2_solenne / ch2_mirea / ch2_viola,2300,100,100,100,1.01,
chapter:roam2_3_elite393:1,【霊符】シオン / 【霊符】スイレン / 【日月】ルナリア / 【日月】ソラリア,ch2_shion / ch2_suiren / ch2_lunaria / ch2_solaria,2300,100,100,100,1,
chapter:roam3_1_elite393:3,【霊符】シオン / 【霊符】スイレン / 【日月】ルナリア / 【日月】ソラリア,ch2_shion / ch2_suiren / ch2_lunaria / ch2_solaria,4480,100,100,100,1.01,
chapter:roam3_1_elite393:3,【封鍵】メリオラ / 【封鍵】エリゼル / 【薔薇】ノクテル / 【薔薇】オーリアン,ch2_meliora / ch2_elyselle / ch2_noctelle / ch2_auriane,4480,100,100,100,1.14,
chapter:roam3_1_elite393:3,【竜姫】ドラシア / 【竜姫】リュシエ / 【薬毒】ミレア / 【薬毒】ヴィオラ,ch2_dracia / ch2_rucie / ch2_mirea / ch2_viola,4480,100,100,100,1.02,
chapter:roam4_1_elite393:2,【霊符】シオン / 【霊符】スイレン / 【日月】ルナリア / 【日月】ソラリア,ch2_shion / ch2_suiren / ch2_lunaria / ch2_solaria,7560,100,100,100,2,
chapter:roam4_1_elite393:2,【返誓】ロスティア / 【返誓】アルテア / 【星刻】エイレーネ / 【星刻】イリデル,ch2_rostia / ch2_althea / ch2_eirene / ch2_iridelle,7560,100,100,100,1.58,
chapter:roam4_1_elite393:2,【剣姫】ネメシア / 【剣姫】エヴェリア / 【双鐘】フェルネ / 【双鐘】クラリス,ch2_nemesia / ch2_everia / ch2_ferne / ch2_clarisse,7560,100,100,100,2,
heroes:0,森羅王ケルヌンノス / 創世巨神ジェネゴリア / 機神アークノヴァ / 死界覇王モルディウス,forest_cernunnos / genesis_golem / dark_sovereign / death_lord,3000,100,100,100,12.4,
heroes:0,天翔聖馬ペガシエル / 終環蛇ヨルムンガルド / 氷界皇ニヴルシア / 混沌魔皇カオスディア,celestial_pegasus / world_serpent / frost_sovereign / chaos_king,3000,100,45,45.0,28.39,
heroes:0,夢妖精ルミエラ / 暁剣姫アウレリア / 灰燼鬼カグラ / 虚無鯨アビサリス,fate_weaver / abyss_gatekeeper / nightmare_empress / crownless_hero,3000,100,64,64.0,30.84,
heroes:0,月蝕狼ルナファング / 天雷獅子レグルス / 翠嵐グリフォン / 星葬姫ルミナリア,light_sovereign / space_whale / dream_emperor / storm_sovereign,3000,100,98,98.0,16.61,
heroes:0,原初不死鳥フェニクシア / 黒曜竜ヴァルグリム / 深淵海姫セイレーネ / 天帝麒麟セイラン,primordial_phoenix / earth_sovereign / time_dragon / celestial_kirin,3000,100,96,96.0,18.33,
heroes:8,【霊符】シオン / 【霊符】スイレン / 【日月】ルナリア / 【日月】ソラリア,ch2_shion / ch2_suiren / ch2_lunaria / ch2_solaria,4500,100,98,98.0,8.95,
heroes:8,【双藤】ネヴィア / 【双藤】エルミナ / 【聖翼】アウレ / 【聖翼】ノエル,ch2_nevia / ch2_elmina / ch2_aure / ch2_noelle,4500,100,97,97.0,10.7,
heroes:8,【剣姫】ネメシア / 【剣姫】エヴェリア / 【双鐘】フェルネ / 【双鐘】クラリス,ch2_nemesia / ch2_everia / ch2_ferne / ch2_clarisse,4500,100,100,100,7.44,
heroes:16,【霊符】シオン / 【霊符】スイレン / 【日月】ルナリア / 【日月】ソラリア,ch2_shion / ch2_suiren / ch2_lunaria / ch2_solaria,8500,100,100,100,7.49,
heroes:16,【双藤】ネヴィア / 【双藤】エルミナ / 【聖翼】アウレ / 【聖翼】ノエル,ch2_nevia / ch2_elmina / ch2_aure / ch2_noelle,8500,100,100,100,5.66,
heroes:16,【剣姫】ネメシア / 【剣姫】エヴェリア / 【双鐘】フェルネ / 【双鐘】クラリス,ch2_nemesia / ch2_everia / ch2_ferne / ch2_clarisse,8500,100,100,100,5.91,
campaign:6:boss,水精 / 泥殻将グラブロス / 砂鉄蠍サンドレギオン / 翠嵐竜ヴァイゼル,water_spirit / mud_crab / sand_scorpion / wyvern,180,100,100,100,2.04,
campaign:6:boss,聖環精ルミナリエ / 苔王機モスゴリアス / 水門妖カワロウ / 鋏刃アビスロブスター,angelic_orb / moss_golem / river_kappa / scissor_mantis,180,100,100,100,2.11,
campaign:6:boss,蒼歌姫セイレーネ / 蒼冠王アズルメルム / 深淵魔導イカ / 雷迅鳥ヴォルトラプター,tide_siren / king_slime / fountain_pen_mage / thunder_raptor,180,100,100,100,3,
campaign:14:boss,日輪聖女ソラリア / 黒葬騎ディアブロス / 深海サルパ百鬼夜行 / 禁海の断頭魚,sun_priestess / dark_knight / pencilcase_parade / forbidden_paper_cutter,420,100,100,100,1.01,
campaign:14:boss,氷樹姫ニヴルドリアード / 熔甲王マグマスカラベ / 雷衣術師エレノア / 深海龍ネレイド,frost_dryad / magma_beetle / volt_veil_arcanist / chalkboard_dragon,420,100,100,100,1,
campaign:14:boss,幽光オバケクラゲ / 鉄角王ミノスフェルム / 嵐魔公ジンテンペスタ / 骨縫獣キメラモルド,correction_ghost / iron_minotaur / storm_djinn / bone_chimera,420,100,100,100,1.36,
campaign:22:boss,氷樹姫ニヴルドリアード / 世界樹護王ユグドガルド / 深海サルパ百鬼夜行 / 雷帝獣ヴァジュラ,frost_dryad / world_tree_guardian / pencilcase_parade / thunder_emperor,660,100,100,100,1.05,
campaign:22:boss,天角聖鹿セレススタッグ / 海嘯幼竜リヴァイアス / 雷衣術師エレノア / 海魔騎クラーケンロード,sky_stag / leviathan_spawn / volt_veil_arcanist / kraken_knight,660,100,100,100,1.01,
campaign:22:boss,幽光オバケクラゲ / 薔薇葬騎ローゼンヴァイス / 機巧賢者クロノマギア / 雷鳴不死鳥フェニクスヴォルト,correction_ghost / rose_knight / clockwork_mage / storm_phoenix,660,100,100,100,1.19,
campaign:30:abyss_envy,葬列司祭ネクロビショップ / 熔甲王マグマスカラベ / 深海サルパ百鬼夜行 / 雷帝獣ヴァジュラ,grave_bishop / magma_beetle / pencilcase_parade / thunder_emperor,900,100,100,100,1.53,
campaign:30:abyss_envy,極光聖獣アウロラ / 金剛神機アダマント / 氷界女帝グラシエラ / 爆界巨神ヴォルカノス,aurora_unicorn / adamant_golem / glacier_queen / volcano_titan,900,100,100,100,2.81,
campaign:30:abyss_envy,日輪聖女ソラリア / 世界樹護王ユグドガルド / 日輪賢獣ソルスフィンクス / 血月侯ヴラドノクス,sun_priestess / world_tree_guardian / solar_sphinx / blood_count,900,100,100,100,2.5,
campaign:38:boss,熾天聖セラフィエル / 凍鏡騎士グラシエル / 冥毒九頭竜ヒュドラ / 魔皇ディアボロス,seraphim / frozen_mirror_knight / abyssal_hydra / demon_lord,1140,100,100,100,1.01,
campaign:38:boss,天角聖鹿セレススタッグ / 海嘯幼竜リヴァイアス / 疫界竜ペスティドラ / 戦慄騎ケンタウロス,sky_stag / leviathan_spawn / plague_dragon / dread_centaur,1140,100,100,100,1.06,
campaign:38:boss,極光聖獣アウロラ / 地殻巨神テラコロッサス / 冥炎蝶ヘルモルフォ / 終刻狼ラグナロク,aurora_unicorn / earth_colossus / hell_butterfly / ragnarok_wolf,1140,100,100,100,1.98,
campaign:46:boss,天翔聖馬ペガシエル / 翠嶺巨獣ベヒモルド / 海皇姫ネレイディア / 氷獄狼フェンリシア,celestial_pegasus / emerald_behemoth / sea_empress / frost_fenrir,1380,100,100,100,1.01,
campaign:46:boss,刻律機クロノギア / 凍鏡騎士グラシエル / 冥毒九頭竜ヒュドラ / 蝕界竜エクリプシア,time_keeper / frozen_mirror_knight / abyssal_hydra / eclipse_dragon,1380,100,100,100,1.03,
campaign:46:boss,熾天聖セラフィエル / 天穹鯨セレスティア / 天嵐蛇王テンペストナーガ / 雷霆麒麟ヴァジュラン,seraphim / celestial_whale / tempest_serpent / thunder_kirin,1380,100,100,100,1.04,
campaign:54:boss,天翔聖馬ペガシエル / 黒曜巨神オブシディア / 夢幻竜モルフェドラ / 日輪神鳥ソルガルーダ,celestial_pegasus / obsidian_titan / dream_dragon / sun_garuda,1620,100,100,100,1,
campaign:54:boss,刻律機クロノギア / 雷装機神デウスマキナ / 月仙兎アルミラージュ / 冥府皇ハデスノクス,time_keeper / mechanical_deity / moon_rabbit_sage / underworld_king,1620,100,100,100,1,
campaign:54:boss,熾天聖セラフィエル / 翠嶺巨獣ベヒモルド / 嵐海覇竜リヴァイオン / 氷獄狼フェンリシア,seraphim / emerald_behemoth / storm_leviathan / frost_fenrir,1620,100,100,100,1,
campaign:62:boss,森羅王ケルヌンノス / 玄天聖亀ゲンブロス / 晶界女帝クリスタリア / 雷冠竜ヴォルトレクス,forest_cernunnos / sacred_turtle / crystal_empress / thunder_crown_dragon,1860,100,100,100,1,
campaign:62:boss,天翔聖馬ペガシエル / 黒曜巨神オブシディア / 夢幻竜モルフェドラ / 太古竜エルドラグーン,celestial_pegasus / obsidian_titan / dream_dragon / ancient_dragon,1860,100,100,100,1,
campaign:62:boss,刻律機クロノギア / 雷装機神デウスマキナ / 月仙兎アルミラージュ / 砂冥神アヌビス,time_keeper / mechanical_deity / moon_rabbit_sage / desert_anubis,1860,100,100,100,1,
campaign:70:abyss_pride,原初不死鳥フェニクシア / 獣界覇王ベヒモルク / ベチー / 黙示滅竜アポカリオン,primordial_phoenix / king_behemoth / bechi / apocalypse_dragon,2100,100,100,100,1.11,
campaign:70:abyss_pride,熾天聖セラフィエル / 翠嶺巨獣ベヒモルド / 月仙兎アルミラージュ / 太古竜エルドラグーン,seraphim / emerald_behemoth / moon_rabbit_sage / ancient_dragon,2100,100,100,100,1.13,
campaign:70:abyss_pride,刻律機クロノギア / 雷装機神デウスマキナ / 夢幻竜モルフェドラ / 雷冠竜ヴォルトレクス,time_keeper / mechanical_deity / dream_dragon / thunder_crown_dragon,2100,100,100,100,1.19,
campaign:78:boss,原初不死鳥フェニクシア / 終環蛇ヨルムンガルド / 堕天熾使アザリエル / 永劫戦姫エタルキア,primordial_phoenix / world_serpent / fallen_seraph / eternal_valkyrie,2340,100,100,100,1,
campaign:78:boss,森羅王ケルヌンノス / 獣界覇王ベヒモルク / 虚無皇ヴォイドレクス / 神滅機アーク・ノア,forest_cernunnos / king_behemoth / void_emperor / god_machine_ark,2340,100,100,100,1,
campaign:78:boss,天翔聖馬ペガシエル / 玄天聖亀ゲンブロス / 冥海竜皇リヴァイアサン / 黙示滅竜アポカリオン,celestial_pegasus / sacred_turtle / abyssal_leviathan / apocalypse_dragon,2340,100,100,100,1,
campaign:84:boss,原初不死鳥フェニクシア / 創世巨神ジェネゴリア / 無窮九頭竜インフィニドラ / 天帝麒麟セイラン,primordial_phoenix / genesis_golem / infinite_hydra / celestial_kirin,2520,100,100,100,1,
campaign:84:boss,森羅王ケルヌンノス / 終環蛇ヨルムンガルド / 堕天熾使アザリエル / 死界覇王モルディウス,forest_cernunnos / world_serpent / fallen_seraph / death_lord,2520,100,100,100,1,
campaign:84:boss,天翔聖馬ペガシエル / 獣界覇王ベヒモルク / 虚無皇ヴォイドレクス / 混沌魔皇カオスディア,celestial_pegasus / king_behemoth / void_emperor / chaos_king,2520,100,100,100,1,
campaign:90:ten_chaos,月蝕狼ルナファング / 黒曜竜ヴァルグリム / 氷界皇ニヴルシア / 星葬姫ルミナリア,light_sovereign / earth_sovereign / frost_sovereign / storm_sovereign,2700,100,100,100,1.27,
campaign:90:ten_chaos,原初不死鳥フェニクシア / 創世巨神ジェネゴリア / 無窮九頭竜インフィニドラ / 天帝麒麟セイラン,primordial_phoenix / genesis_golem / infinite_hydra / celestial_kirin,2700,100,100,100,1.17,
campaign:90:ten_chaos,森羅王ケルヌンノス / 終環蛇ヨルムンガルド / 堕天熾使アザリエル / 死界覇王モルディウス,forest_cernunnos / world_serpent / fallen_seraph / death_lord,2700,100,100,100,1.35,
campaign:98:boss,夢妖精ルミエラ / 天雷獅子レグルス / 灰燼鬼カグラ / 虚無鯨アビサリス,fate_weaver / space_whale / nightmare_empress / crownless_hero,2940,100,100,100,1,
campaign:98:boss,月蝕狼ルナファング / 黒曜竜ヴァルグリム / 翠嵐グリフォン / 星葬姫ルミナリア,light_sovereign / earth_sovereign / dream_emperor / storm_sovereign,2940,100,100,100,1,
campaign:98:boss,原初不死鳥フェニクシア / 創世巨神ジェネゴリア / 深淵海姫セイレーネ / 天帝麒麟セイラン,primordial_phoenix / genesis_golem / time_dragon / celestial_kirin,2940,100,100,100,1,
rematch:floor-boss-30,【鏡侍女】リュネ / 【鏡侍女】ロゼ / 【聖翼】アウレ / 【聖翼】ノエル,ch2_ryune / ch2_rose / ch2_aure / ch2_noelle,30,100,100,100,1.24,
rematch:floor-boss-30,【双雷】カリスタ / 【双雷】ソレーヌ / 【薬毒】ミレア / 【薬毒】ヴィオラ,ch2_calista / ch2_solenne / ch2_mirea / ch2_viola,30,100,100,100,1.12,
rematch:floor-boss-30,【霊符】シオン / 【霊符】スイレン / 【日月】ルナリア / 【日月】ソラリア,ch2_shion / ch2_suiren / ch2_lunaria / ch2_solaria,30,100,100,100,1.14,
rematch:floor-boss-120,【双雷】カリスタ / 【双雷】ソレーヌ / 【薬毒】ミレア / 【薬毒】ヴィオラ,ch2_calista / ch2_solenne / ch2_mirea / ch2_viola,120,100,100,100,1.58,
rematch:floor-boss-120,【霊符】シオン / 【霊符】スイレン / 【日月】ルナリア / 【日月】ソラリア,ch2_shion / ch2_suiren / ch2_lunaria / ch2_solaria,120,100,100,100,1.35,
rematch:floor-boss-120,【返誓】ロスティア / 【返誓】アルテア / 【星刻】エイレーネ / 【星刻】イリデル,ch2_rostia / ch2_althea / ch2_eirene / ch2_iridelle,120,100,100,100,1.12,
rematch:floor-boss-210,【剣姫】ネメシア / 【剣姫】エヴェリア / 【双鐘】フェルネ / 【双鐘】クラリス,ch2_nemesia / ch2_everia / ch2_ferne / ch2_clarisse,210,100,100,100,1.73,
rematch:floor-boss-210,【鏡侍女】リュネ / 【鏡侍女】ロゼ / 【聖翼】アウレ / 【聖翼】ノエル,ch2_ryune / ch2_rose / ch2_aure / ch2_noelle,210,100,100,100,2,
rematch:floor-boss-210,【双雷】カリスタ / 【双雷】ソレーヌ / 【薬毒】ミレア / 【薬毒】ヴィオラ,ch2_calista / ch2_solenne / ch2_mirea / ch2_viola,210,100,100,100,2,
rematch:floor-boss-290,【返誓】ロスティア / 【返誓】アルテア / 【星刻】エイレーネ / 【星刻】イリデル,ch2_rostia / ch2_althea / ch2_eirene / ch2_iridelle,290,100,100,100,3.62,
rematch:floor-boss-290,【剣姫】ネメシア / 【剣姫】エヴェリア / 【双鐘】フェルネ / 【双鐘】クラリス,ch2_nemesia / ch2_everia / ch2_ferne / ch2_clarisse,290,100,100,100,3.02,
rematch:floor-boss-290,【竜姫】ドラシア / 【竜姫】リュシエ / 【薬毒】ミレア / 【薬毒】ヴィオラ,ch2_dracia / ch2_rucie / ch2_mirea / ch2_viola,290,100,100,100,4.36,
rematch:floor-boss-380,【霊符】シオン / 【霊符】スイレン / 【日月】ルナリア / 【日月】ソラリア,ch2_shion / ch2_suiren / ch2_lunaria / ch2_solaria,380,100,100,100,2.63,
rematch:floor-boss-380,【封鍵】メリオラ / 【封鍵】エリゼル / 【薔薇】ノクテル / 【薔薇】オーリアン,ch2_meliora / ch2_elyselle / ch2_noctelle / ch2_auriane,380,100,100,100,2.36,
rematch:floor-boss-380,【双藤】ネヴィア / 【双藤】エルミナ / 【聖翼】アウレ / 【聖翼】ノエル,ch2_nevia / ch2_elmina / ch2_aure / ch2_noelle,380,100,100,100,2.36,
rematch:floor-boss-470,【鏡侍女】リュネ / 【鏡侍女】ロゼ / 【聖翼】アウレ / 【聖翼】ノエル,ch2_ryune / ch2_rose / ch2_aure / ch2_noelle,470,100,100,100,2.93,
rematch:floor-boss-470,【双雷】カリスタ / 【双雷】ソレーヌ / 【薬毒】ミレア / 【薬毒】ヴィオラ,ch2_calista / ch2_solenne / ch2_mirea / ch2_viola,470,100,100,100,3.48,
rematch:floor-boss-470,【霊符】シオン / 【霊符】スイレン / 【日月】ルナリア / 【日月】ソラリア,ch2_shion / ch2_suiren / ch2_lunaria / ch2_solaria,470,100,100,100,2.73,
rematch:floor-boss-560,【封鍵】メリオラ / 【封鍵】エリゼル / 【薔薇】ノクテル / 【薔薇】オーリアン,ch2_meliora / ch2_elyselle / ch2_noctelle / ch2_auriane,560,100,100,100,1.92,
rematch:floor-boss-560,【双藤】ネヴィア / 【双藤】エルミナ / 【聖翼】アウレ / 【聖翼】ノエル,ch2_nevia / ch2_elmina / ch2_aure / ch2_noelle,560,100,100,100,1.63,
rematch:floor-boss-560,【鏡侍女】リュネ / 【鏡侍女】ロゼ / 【聖翼】アウレ / 【聖翼】ノエル,ch2_ryune / ch2_rose / ch2_aure / ch2_noelle,560,100,100,100,2,
rematch:floor-boss-650,【剣姫】ネメシア / 【剣姫】エヴェリア / 【双鐘】フェルネ / 【双鐘】クラリス,ch2_nemesia / ch2_everia / ch2_ferne / ch2_clarisse,650,100,100,100,3.5,
rematch:floor-boss-650,【双雷】カリスタ / 【双雷】ソレーヌ / 【薬毒】ミレア / 【薬毒】ヴィオラ,ch2_calista / ch2_solenne / ch2_mirea / ch2_viola,650,100,100,100,5.75,
rematch:floor-boss-650,【霊符】シオン / 【霊符】スイレン / 【日月】ルナリア / 【日月】ソラリア,ch2_shion / ch2_suiren / ch2_lunaria / ch2_solaria,650,100,100,100,4.61,
rematch:floor-boss-740,【霊符】シオン / 【霊符】スイレン / 【日月】ルナリア / 【日月】ソラリア,ch2_shion / ch2_suiren / ch2_lunaria / ch2_solaria,740,100,100,100,2.74,
rematch:floor-boss-740,【剣姫】ネメシア / 【剣姫】エヴェリア / 【双鐘】フェルネ / 【双鐘】クラリス,ch2_nemesia / ch2_everia / ch2_ferne / ch2_clarisse,740,100,100,100,2.43,
rematch:floor-boss-740,【鏡侍女】リュネ / 【鏡侍女】ロゼ / 【聖翼】アウレ / 【聖翼】ノエル,ch2_ryune / ch2_rose / ch2_aure / ch2_noelle,740,100,96,96.0,3.36,
rematch:floor-boss-830,【封鍵】メリオラ / 【封鍵】エリゼル / 【薔薇】ノクテル / 【薔薇】オーリアン,ch2_meliora / ch2_elyselle / ch2_noctelle / ch2_auriane,830,100,100,100,3.12,
rematch:floor-boss-830,【双藤】ネヴィア / 【双藤】エルミナ / 【聖翼】アウレ / 【聖翼】ノエル,ch2_nevia / ch2_elmina / ch2_aure / ch2_noelle,830,100,100,100,3.65,
rematch:floor-boss-830,【鏡侍女】リュネ / 【鏡侍女】ロゼ / 【聖翼】アウレ / 【聖翼】ノエル,ch2_ryune / ch2_rose / ch2_aure / ch2_noelle,830,100,100,100,3.99,
rematch:floor-boss-920,【鏡侍女】リュネ / 【鏡侍女】ロゼ / 【聖翼】アウレ / 【聖翼】ノエル,ch2_ryune / ch2_rose / ch2_aure / ch2_noelle,920,100,100,100,5.19,
rematch:floor-boss-920,【封鍵】メリオラ / 【封鍵】エリゼル / 【薔薇】ノクテル / 【薔薇】オーリアン,ch2_meliora / ch2_elyselle / ch2_noctelle / ch2_auriane,920,100,100,100,3.88,
rematch:floor-boss-920,【星糸】セレス / 【星糸】ルミナ / 【誓姫】リリエット / 【誓姫】ロゼット,ch2_celes / ch2_lumina / ch2_lyriet / ch2_rosette,920,100,100,100,4.38,
corridor:1,【鏡侍女】リュネ / 【鏡侍女】ロゼ / 【聖翼】アウレ / 【聖翼】ノエル,ch2_ryune / ch2_rose / ch2_aure / ch2_noelle,10,100,100,100,1,
corridor:1,【双雷】カリスタ / 【双雷】ソレーヌ / 【薬毒】ミレア / 【薬毒】ヴィオラ,ch2_calista / ch2_solenne / ch2_mirea / ch2_viola,10,100,100,100,1,
corridor:1,【硝子】セリア / 【硝子】カルミア / 封書の小剣姫ルメア / 夜灯の従騎フィオラ,ch2_seria / ch2_carmia / ch2_lumea / ch2_fiora,10,100,100,100,1,
corridor:9,【返誓】ロスティア / 【返誓】アルテア / 【星刻】エイレーネ / 【星刻】イリデル,ch2_rostia / ch2_althea / ch2_eirene / ch2_iridelle,90,100,100,100,5.48,
corridor:9,【封鍵】メリオラ / 【封鍵】エリゼル / 【薔薇】ノクテル / 【薔薇】オーリアン,ch2_meliora / ch2_elyselle / ch2_noctelle / ch2_auriane,90,100,100,100,5.42,
corridor:9,【月狐】カグラ / 【月狐】サヨ / 【双鐘】フェルネ / 【双鐘】クラリス,ch2_kagura / ch2_sayo / ch2_ferne / ch2_clarisse,90,100,100,100,6.32,
corridor:17,【封鍵】メリオラ / 【封鍵】エリゼル / 【薔薇】ノクテル / 【薔薇】オーリアン,ch2_meliora / ch2_elyselle / ch2_noctelle / ch2_auriane,180,100,100,100,4.46,
corridor:17,【返誓】ロスティア / 【返誓】アルテア / 【星刻】エイレーネ / 【星刻】イリデル,ch2_rostia / ch2_althea / ch2_eirene / ch2_iridelle,180,100,100,100,3.51,
corridor:17,【霊符】シオン / 【霊符】スイレン / 【日月】ルナリア / 【日月】ソラリア,ch2_shion / ch2_suiren / ch2_lunaria / ch2_solaria,180,100,100,100,5.4,
corridor:25,【返誓】ロスティア / 【返誓】アルテア / 【星刻】エイレーネ / 【星刻】イリデル,ch2_rostia / ch2_althea / ch2_eirene / ch2_iridelle,270,100,99,99.0,2.8,
corridor:25,【鏡侍女】リュネ / 【鏡侍女】ロゼ / 【聖翼】アウレ / 【聖翼】ノエル,ch2_ryune / ch2_rose / ch2_aure / ch2_noelle,270,100,100,100,3.17,
corridor:25,【双雷】カリスタ / 【双雷】ソレーヌ / 【薬毒】ミレア / 【薬毒】ヴィオラ,ch2_calista / ch2_solenne / ch2_mirea / ch2_viola,270,100,99,99.0,3.58,
corridor:33,【剣姫】ネメシア / 【剣姫】エヴェリア / 【双鐘】フェルネ / 【双鐘】クラリス,ch2_nemesia / ch2_everia / ch2_ferne / ch2_clarisse,360,100,100,100,2.15,
corridor:33,【鏡侍女】リュネ / 【鏡侍女】ロゼ / 【聖翼】アウレ / 【聖翼】ノエル,ch2_ryune / ch2_rose / ch2_aure / ch2_noelle,360,100,100,100,2.9,
corridor:33,【霊符】シオン / 【霊符】スイレン / 【日月】ルナリア / 【日月】ソラリア,ch2_shion / ch2_suiren / ch2_lunaria / ch2_solaria,360,100,100,100,2.6,
corridor:41,【霊符】シオン / 【霊符】スイレン / 【日月】ルナリア / 【日月】ソラリア,ch2_shion / ch2_suiren / ch2_lunaria / ch2_solaria,450,100,100,100,3.17,
corridor:41,【封鍵】メリオラ / 【封鍵】エリゼル / 【薔薇】ノクテル / 【薔薇】オーリアン,ch2_meliora / ch2_elyselle / ch2_noctelle / ch2_auriane,450,100,100,100,2.77,
corridor:41,【双藤】ネヴィア / 【双藤】エルミナ / 【聖翼】アウレ / 【聖翼】ノエル,ch2_nevia / ch2_elmina / ch2_aure / ch2_noelle,450,100,100,100,3,
corridor:49,【封鍵】メリオラ / 【封鍵】エリゼル / 【薔薇】ノクテル / 【薔薇】オーリアン,ch2_meliora / ch2_elyselle / ch2_noctelle / ch2_auriane,540,100,100,100,2.01,
corridor:49,【双藤】ネヴィア / 【双藤】エルミナ / 【聖翼】アウレ / 【聖翼】ノエル,ch2_nevia / ch2_elmina / ch2_aure / ch2_noelle,540,100,100,100,2.05,
corridor:49,【返誓】ロスティア / 【返誓】アルテア / 【星刻】エイレーネ / 【星刻】イリデル,ch2_rostia / ch2_althea / ch2_eirene / ch2_iridelle,540,100,100,100,2.05,
corridor:57,【剣姫】ネメシア / 【剣姫】エヴェリア / 【双鐘】フェルネ / 【双鐘】クラリス,ch2_nemesia / ch2_everia / ch2_ferne / ch2_clarisse,630,100,100,100,5.56,
corridor:57,【月狐】カグラ / 【月狐】サヨ / 【双鐘】フェルネ / 【双鐘】クラリス,ch2_kagura / ch2_sayo / ch2_ferne / ch2_clarisse,630,100,100,100,6.45,
corridor:57,【双藤】ネヴィア / 【双藤】エルミナ / 【聖翼】アウレ / 【聖翼】ノエル,ch2_nevia / ch2_elmina / ch2_aure / ch2_noelle,630,100,100,100,6.64,
corridor:65,【剣姫】ネメシア / 【剣姫】エヴェリア / 【双鐘】フェルネ / 【双鐘】クラリス,ch2_nemesia / ch2_everia / ch2_ferne / ch2_clarisse,720,100,100,100,2.36,
corridor:65,【霊符】シオン / 【霊符】スイレン / 【日月】ルナリア / 【日月】ソラリア,ch2_shion / ch2_suiren / ch2_lunaria / ch2_solaria,720,100,100,100,3.36,
corridor:65,【封鍵】メリオラ / 【封鍵】エリゼル / 【薔薇】ノクテル / 【薔薇】オーリアン,ch2_meliora / ch2_elyselle / ch2_noctelle / ch2_auriane,720,100,100,100,2.83,
corridor:73,【鏡侍女】リュネ / 【鏡侍女】ロゼ / 【聖翼】アウレ / 【聖翼】ノエル,ch2_ryune / ch2_rose / ch2_aure / ch2_noelle,810,100,100,100,2.98,
corridor:73,【霊符】シオン / 【霊符】スイレン / 【日月】ルナリア / 【日月】ソラリア,ch2_shion / ch2_suiren / ch2_lunaria / ch2_solaria,810,100,100,100,2.28,
corridor:73,【封鍵】メリオラ / 【封鍵】エリゼル / 【薔薇】ノクテル / 【薔薇】オーリアン,ch2_meliora / ch2_elyselle / ch2_noctelle / ch2_auriane,810,100,100,100,2.39,
corridor:81,【月狐】カグラ / 【月狐】サヨ / 【双鐘】フェルネ / 【双鐘】クラリス,ch2_kagura / ch2_sayo / ch2_ferne / ch2_clarisse,890,100,100,100,3.32,
corridor:81,【返誓】ロスティア / 【返誓】アルテア / 【星刻】エイレーネ / 【星刻】イリデル,ch2_rostia / ch2_althea / ch2_eirene / ch2_iridelle,890,100,100,100,2.97,
corridor:81,【星糸】セレス / 【星糸】ルミナ / 【誓姫】リリエット / 【誓姫】ロゼット,ch2_celes / ch2_lumina / ch2_lyriet / ch2_rosette,890,100,100,100,3.49,
corridor:89,【封鍵】メリオラ / 【封鍵】エリゼル / 【薔薇】ノクテル / 【薔薇】オーリアン,ch2_meliora / ch2_elyselle / ch2_noctelle / ch2_auriane,980,100,99,99.0,5.56,
corridor:89,【双藤】ネヴィア / 【双藤】エルミナ / 【聖翼】アウレ / 【聖翼】ノエル,ch2_nevia / ch2_elmina / ch2_aure / ch2_noelle,980,100,98,98.0,5.74,
corridor:89,【鏡侍女】リュネ / 【鏡侍女】ロゼ / 【聖翼】アウレ / 【聖翼】ノエル,ch2_ryune / ch2_rose / ch2_aure / ch2_noelle,980,100,78,78.0,13.96,
corridor:97,【鏡侍女】リュネ / 【鏡侍女】ロゼ / 【聖翼】アウレ / 【聖翼】ノエル,ch2_ryune / ch2_rose / ch2_aure / ch2_noelle,7132,100,100,100,2.57,
corridor:97,【封鍵】メリオラ / 【封鍵】エリゼル / 【薔薇】ノクテル / 【薔薇】オーリアン,ch2_meliora / ch2_elyselle / ch2_noctelle / ch2_auriane,7132,100,100,100,2.24,
corridor:97,【星糸】セレス / 【星糸】ルミナ / 【誓姫】リリエット / 【誓姫】ロゼット,ch2_celes / ch2_lumina / ch2_lyriet / ch2_rosette,7132,100,100,100,2.04,
corridor:105,【剣姫】ネメシア / 【剣姫】エヴェリア / 【双鐘】フェルネ / 【双鐘】クラリス,ch2_nemesia / ch2_everia / ch2_ferne / ch2_clarisse,7708,100,100,100,2.58,
corridor:105,【封鍵】メリオラ / 【封鍵】エリゼル / 【薔薇】ノクテル / 【薔薇】オーリアン,ch2_meliora / ch2_elyselle / ch2_noctelle / ch2_auriane,7708,100,100,100,2.14,
corridor:105,【霊符】シオン / 【霊符】スイレン / 【日月】ルナリア / 【日月】ソラリア,ch2_shion / ch2_suiren / ch2_lunaria / ch2_solaria,7708,100,100,100,3.11,
team:1,【鏡侍女】リュネ / 【鏡侍女】ロゼ / 【聖翼】アウレ / 【聖翼】ノエル,ch2_ryune / ch2_rose / ch2_aure / ch2_noelle,108,100,100,100,1,
team:1,【双雷】カリスタ / 【双雷】ソレーヌ / 【薬毒】ミレア / 【薬毒】ヴィオラ,ch2_calista / ch2_solenne / ch2_mirea / ch2_viola,108,100,100,100,1,
team:1,【硝子】セリア / 【硝子】カルミア / 封書の小剣姫ルメア / 夜灯の従騎フィオラ,ch2_seria / ch2_carmia / ch2_lumea / ch2_fiora,108,100,100,100,1,
team:9,【封鍵】メリオラ / 【封鍵】エリゼル / 【薔薇】ノクテル / 【薔薇】オーリアン,ch2_meliora / ch2_elyselle / ch2_noctelle / ch2_auriane,132,100,100,100,3.22,
team:9,【返誓】ロスティア / 【返誓】アルテア / 【星刻】エイレーネ / 【星刻】イリデル,ch2_rostia / ch2_althea / ch2_eirene / ch2_iridelle,132,100,100,100,3.62,
team:9,【双藤】ネヴィア / 【双藤】エルミナ / 【聖翼】アウレ / 【聖翼】ノエル,ch2_nevia / ch2_elmina / ch2_aure / ch2_noelle,132,100,100,100,3.65,
team:17,【返誓】ロスティア / 【返誓】アルテア / 【星刻】エイレーネ / 【星刻】イリデル,ch2_rostia / ch2_althea / ch2_eirene / ch2_iridelle,180,100,100,100,2.95,
team:17,【鏡侍女】リュネ / 【鏡侍女】ロゼ / 【聖翼】アウレ / 【聖翼】ノエル,ch2_ryune / ch2_rose / ch2_aure / ch2_noelle,180,100,100,100,3.2,
team:17,【封鍵】メリオラ / 【封鍵】エリゼル / 【薔薇】ノクテル / 【薔薇】オーリアン,ch2_meliora / ch2_elyselle / ch2_noctelle / ch2_auriane,180,100,100,100,3.03,
team:25,【封鍵】メリオラ / 【封鍵】エリゼル / 【薔薇】ノクテル / 【薔薇】オーリアン,ch2_meliora / ch2_elyselle / ch2_noctelle / ch2_auriane,270,100,100,100,2.89,
team:25,【双藤】ネヴィア / 【双藤】エルミナ / 【聖翼】アウレ / 【聖翼】ノエル,ch2_nevia / ch2_elmina / ch2_aure / ch2_noelle,270,100,100,100,3.11,
team:25,【返誓】ロスティア / 【返誓】アルテア / 【星刻】エイレーネ / 【星刻】イリデル,ch2_rostia / ch2_althea / ch2_eirene / ch2_iridelle,270,100,100,100,2.61,
team:33,【剣姫】ネメシア / 【剣姫】エヴェリア / 【双鐘】フェルネ / 【双鐘】クラリス,ch2_nemesia / ch2_everia / ch2_ferne / ch2_clarisse,360,100,100,100,3.02,
team:33,【鏡侍女】リュネ / 【鏡侍女】ロゼ / 【聖翼】アウレ / 【聖翼】ノエル,ch2_ryune / ch2_rose / ch2_aure / ch2_noelle,360,100,100,100,3.11,
team:33,【霊符】シオン / 【霊符】スイレン / 【日月】ルナリア / 【日月】ソラリア,ch2_shion / ch2_suiren / ch2_lunaria / ch2_solaria,360,100,100,100,3.15,
team:41,【双藤】ネヴィア / 【双藤】エルミナ / 【聖翼】アウレ / 【聖翼】ノエル,ch2_nevia / ch2_elmina / ch2_aure / ch2_noelle,450,100,100,100,3.76,
team:41,【返誓】ロスティア / 【返誓】アルテア / 【星刻】エイレーネ / 【星刻】イリデル,ch2_rostia / ch2_althea / ch2_eirene / ch2_iridelle,450,100,100,100,4.14,
team:41,【星糸】セレス / 【星糸】ルミナ / 【誓姫】リリエット / 【誓姫】ロゼット,ch2_celes / ch2_lumina / ch2_lyriet / ch2_rosette,450,100,100,100,3.87,
team:49,【双雷】カリスタ / 【双雷】ソレーヌ / 【薬毒】ミレア / 【薬毒】ヴィオラ,ch2_calista / ch2_solenne / ch2_mirea / ch2_viola,540,100,100,100,2.5,
team:49,【霊符】シオン / 【霊符】スイレン / 【日月】ルナリア / 【日月】ソラリア,ch2_shion / ch2_suiren / ch2_lunaria / ch2_solaria,540,100,100,100,2.36,
team:49,【封鍵】メリオラ / 【封鍵】エリゼル / 【薔薇】ノクテル / 【薔薇】オーリアン,ch2_meliora / ch2_elyselle / ch2_noctelle / ch2_auriane,540,100,100,100,2.37,
team:57,【剣姫】ネメシア / 【剣姫】エヴェリア / 【双鐘】フェルネ / 【双鐘】クラリス,ch2_nemesia / ch2_everia / ch2_ferne / ch2_clarisse,630,100,100,100,5.04,
team:57,【竜姫】ドラシア / 【竜姫】リュシエ / 【薬毒】ミレア / 【薬毒】ヴィオラ,ch2_dracia / ch2_rucie / ch2_mirea / ch2_viola,630,100,100,100,6.34,
team:57,【返誓】ロスティア / 【返誓】アルテア / 【星刻】エイレーネ / 【星刻】イリデル,ch2_rostia / ch2_althea / ch2_eirene / ch2_iridelle,630,100,100,100,4.32,
team:65,【双藤】ネヴィア / 【双藤】エルミナ / 【聖翼】アウレ / 【聖翼】ノエル,ch2_nevia / ch2_elmina / ch2_aure / ch2_noelle,720,100,100,100,2.14,
team:65,【鏡侍女】リュネ / 【鏡侍女】ロゼ / 【聖翼】アウレ / 【聖翼】ノエル,ch2_ryune / ch2_rose / ch2_aure / ch2_noelle,720,100,100,100,2.55,
team:65,【霊符】シオン / 【霊符】スイレン / 【日月】ルナリア / 【日月】ソラリア,ch2_shion / ch2_suiren / ch2_lunaria / ch2_solaria,720,100,100,100,2.15,
team:73,【返誓】ロスティア / 【返誓】アルテア / 【星刻】エイレーネ / 【星刻】イリデル,ch2_rostia / ch2_althea / ch2_eirene / ch2_iridelle,810,100,100,100,2,
team:73,【星糸】セレス / 【星糸】ルミナ / 【誓姫】リリエット / 【誓姫】ロゼット,ch2_celes / ch2_lumina / ch2_lyriet / ch2_rosette,810,100,100,100,2,
team:73,【鏡侍女】リュネ / 【鏡侍女】ロゼ / 【聖翼】アウレ / 【聖翼】ノエル,ch2_ryune / ch2_rose / ch2_aure / ch2_noelle,810,100,100,100,2,
team:81,【剣姫】ネメシア / 【剣姫】エヴェリア / 【双鐘】フェルネ / 【双鐘】クラリス,ch2_nemesia / ch2_everia / ch2_ferne / ch2_clarisse,890,100,100,100,2.42,
team:81,【竜姫】ドラシア / 【竜姫】リュシエ / 【薬毒】ミレア / 【薬毒】ヴィオラ,ch2_dracia / ch2_rucie / ch2_mirea / ch2_viola,890,100,100,100,3.42,
team:81,【月狐】カグラ / 【月狐】サヨ / 【双鐘】フェルネ / 【双鐘】クラリス,ch2_kagura / ch2_sayo / ch2_ferne / ch2_clarisse,890,100,100,100,3.11,
team:89,【剣姫】ネメシア / 【剣姫】エヴェリア / 【双鐘】フェルネ / 【双鐘】クラリス,ch2_nemesia / ch2_everia / ch2_ferne / ch2_clarisse,980,100,100,100,3.02,
team:89,【霊符】シオン / 【霊符】スイレン / 【日月】ルナリア / 【日月】ソラリア,ch2_shion / ch2_suiren / ch2_lunaria / ch2_solaria,980,100,100,100,3.75,
team:89,【封鍵】メリオラ / 【封鍵】エリゼル / 【薔薇】ノクテル / 【薔薇】オーリアン,ch2_meliora / ch2_elyselle / ch2_noctelle / ch2_auriane,980,100,100,100,3.42,
manual:abyss_wrath:manifest50,【鏡侍女】リュネ / 【鏡侍女】ロゼ / 【聖翼】アウレ / 【聖翼】ノエル,ch2_ryune / ch2_rose / ch2_aure / ch2_noelle,9999,100,100,100,1,
manual:abyss_wrath:manifest50,【双雷】カリスタ / 【双雷】ソレーヌ / 【薬毒】ミレア / 【薬毒】ヴィオラ,ch2_calista / ch2_solenne / ch2_mirea / ch2_viola,9999,100,100,100,1,
manual:abyss_wrath:manifest50,【硝子】セリア / 【硝子】カルミア / 封書の小剣姫ルメア / 夜灯の従騎フィオラ,ch2_seria / ch2_carmia / ch2_lumea / ch2_fiora,9999,100,100,100,1.04,
manual:abyss_sloth:manifest50,【鏡侍女】リュネ / 【鏡侍女】ロゼ / 【聖翼】アウレ / 【聖翼】ノエル,ch2_ryune / ch2_rose / ch2_aure / ch2_noelle,9999,100,100,100,1,
manual:abyss_sloth:manifest50,【双雷】カリスタ / 【双雷】ソレーヌ / 【薬毒】ミレア / 【薬毒】ヴィオラ,ch2_calista / ch2_solenne / ch2_mirea / ch2_viola,9999,100,100,100,1.04,
manual:abyss_sloth:manifest50,【霊符】シオン / 【霊符】スイレン / 【日月】ルナリア / 【日月】ソラリア,ch2_shion / ch2_suiren / ch2_lunaria / ch2_solaria,9999,100,100,100,1,
manual:abyss_lust:manifest50,【鏡侍女】リュネ / 【鏡侍女】ロゼ / 【聖翼】アウレ / 【聖翼】ノエル,ch2_ryune / ch2_rose / ch2_aure / ch2_noelle,9999,100,100,100,1.01,
manual:abyss_lust:manifest50,【双雷】カリスタ / 【双雷】ソレーヌ / 【薬毒】ミレア / 【薬毒】ヴィオラ,ch2_calista / ch2_solenne / ch2_mirea / ch2_viola,9999,100,100,100,1,
manual:abyss_lust:manifest50,【硝子】セリア / 【硝子】カルミア / 封書の小剣姫ルメア / 夜灯の従騎フィオラ,ch2_seria / ch2_carmia / ch2_lumea / ch2_fiora,9999,100,100,100,1.2,
manual:ten_time:manifest50,【双雷】カリスタ / 【双雷】ソレーヌ / 【薬毒】ミレア / 【薬毒】ヴィオラ,ch2_calista / ch2_solenne / ch2_mirea / ch2_viola,9999,100,100,100,1.56,
manual:ten_time:manifest50,【霊符】シオン / 【霊符】スイレン / 【日月】ルナリア / 【日月】ソラリア,ch2_shion / ch2_suiren / ch2_lunaria / ch2_solaria,9999,100,100,100,1.11,
manual:ten_time:manifest50,【封鍵】メリオラ / 【封鍵】エリゼル / 【薔薇】ノクテル / 【薔薇】オーリアン,ch2_meliora / ch2_elyselle / ch2_noctelle / ch2_auriane,9999,100,100,100,1.13,
manual:ten_life:manifest50,【霊符】シオン / 【霊符】スイレン / 【日月】ルナリア / 【日月】ソラリア,ch2_shion / ch2_suiren / ch2_lunaria / ch2_solaria,9999,100,100,100,1.11,
manual:ten_life:manifest50,【封鍵】メリオラ / 【封鍵】エリゼル / 【薔薇】ノクテル / 【薔薇】オーリアン,ch2_meliora / ch2_elyselle / ch2_noctelle / ch2_auriane,9999,100,100,100,1,
manual:ten_life:manifest50,【月狐】カグラ / 【月狐】サヨ / 【双鐘】フェルネ / 【双鐘】クラリス,ch2_kagura / ch2_sayo / ch2_ferne / ch2_clarisse,9999,100,100,100,1.01,
manual:ten_fate:manifest50,【鏡侍女】リュネ / 【鏡侍女】ロゼ / 【聖翼】アウレ / 【聖翼】ノエル,ch2_ryune / ch2_rose / ch2_aure / ch2_noelle,9999,100,100,100,1.77,
manual:ten_fate:manifest50,【霊符】シオン / 【霊符】スイレン / 【日月】ルナリア / 【日月】ソラリア,ch2_shion / ch2_suiren / ch2_lunaria / ch2_solaria,9999,100,100,100,1.36,
manual:ten_fate:manifest50,【竜姫】ドラシア / 【竜姫】リュシエ / 【薬毒】ミレア / 【薬毒】ヴィオラ,ch2_dracia / ch2_rucie / ch2_mirea / ch2_viola,9999,100,100,100,1.37,
manual:ten_dominion:manifest50,【鏡侍女】リュネ / 【鏡侍女】ロゼ / 【聖翼】アウレ / 【聖翼】ノエル,ch2_ryune / ch2_rose / ch2_aure / ch2_noelle,9999,100,100,100,1,
manual:ten_dominion:manifest50,【双雷】カリスタ / 【双雷】ソレーヌ / 【薬毒】ミレア / 【薬毒】ヴィオラ,ch2_calista / ch2_solenne / ch2_mirea / ch2_viola,9999,100,100,100,1.03,
manual:ten_dominion:manifest50,【霊符】シオン / 【霊符】スイレン / 【日月】ルナリア / 【日月】ソラリア,ch2_shion / ch2_suiren / ch2_lunaria / ch2_solaria,9999,100,100,100,1.01,
manual:ten_end:manifest50,【鏡侍女】リュネ / 【鏡侍女】ロゼ / 【聖翼】アウレ / 【聖翼】ノエル,ch2_ryune / ch2_rose / ch2_aure / ch2_noelle,9999,100,100,100,1.02,
manual:ten_end:manifest50,【双雷】カリスタ / 【双雷】ソレーヌ / 【薬毒】ミレア / 【薬毒】ヴィオラ,ch2_calista / ch2_solenne / ch2_mirea / ch2_viola,9999,100,100,100,1.01,
manual:ten_end:manifest50,【霊符】シオン / 【霊符】スイレン / 【日月】ルナリア / 【日月】ソラリア,ch2_shion / ch2_suiren / ch2_lunaria / ch2_solaria,9999,100,100,100,1.01,
chapter:a1_patrol:2,【鏡侍女】リュネ / 【鏡侍女】ロゼ / 【聖翼】アウレ / 【聖翼】ノエル,ch2_ryune / ch2_rose / ch2_aure / ch2_noelle,1904,100,100,100,1,
chapter:a1_patrol:2,【双雷】カリスタ / 【双雷】ソレーヌ / 【薬毒】ミレア / 【薬毒】ヴィオラ,ch2_calista / ch2_solenne / ch2_mirea / ch2_viola,1904,100,100,100,1,
chapter:a1_patrol:2,【霊符】シオン / 【霊符】スイレン / 【日月】ルナリア / 【日月】ソラリア,ch2_shion / ch2_suiren / ch2_lunaria / ch2_solaria,1904,100,100,100,1,
chapter:a1_west:4,【鏡侍女】リュネ / 【鏡侍女】ロゼ / 【聖翼】アウレ / 【聖翼】ノエル,ch2_ryune / ch2_rose / ch2_aure / ch2_noelle,2511,100,100,100,1,
chapter:a1_west:4,【双雷】カリスタ / 【双雷】ソレーヌ / 【薬毒】ミレア / 【薬毒】ヴィオラ,ch2_calista / ch2_solenne / ch2_mirea / ch2_viola,2511,100,100,100,1,
chapter:a1_west:4,【霊符】シオン / 【霊符】スイレン / 【日月】ルナリア / 【日月】ソラリア,ch2_shion / ch2_suiren / ch2_lunaria / ch2_solaria,2511,100,100,100,1,
chapter:a1_heart:0,【鏡侍女】リュネ / 【鏡侍女】ロゼ / 【聖翼】アウレ / 【聖翼】ノエル,ch2_ryune / ch2_rose / ch2_aure / ch2_noelle,1580,100,100,100,1.03,
chapter:a1_heart:0,【双藤】ネヴィア / 【双藤】エルミナ / 【聖翼】アウレ / 【聖翼】ノエル,ch2_nevia / ch2_elmina / ch2_aure / ch2_noelle,1580,100,100,100,1.04,
chapter:a1_heart:0,【返誓】ロスティア / 【返誓】アルテア / 【星刻】エイレーネ / 【星刻】イリデル,ch2_rostia / ch2_althea / ch2_eirene / ch2_iridelle,1580,100,100,100,1,
chapter:a2_patrol:2,【鏡侍女】リュネ / 【鏡侍女】ロゼ / 【聖翼】アウレ / 【聖翼】ノエル,ch2_ryune / ch2_rose / ch2_aure / ch2_noelle,2720,100,100,100,1,
chapter:a2_patrol:2,【双雷】カリスタ / 【双雷】ソレーヌ / 【薬毒】ミレア / 【薬毒】ヴィオラ,ch2_calista / ch2_solenne / ch2_mirea / ch2_viola,2720,100,100,100,1,
chapter:a2_patrol:2,【硝子】セリア / 【硝子】カルミア / 封書の小剣姫ルメア / 夜灯の従騎フィオラ,ch2_seria / ch2_carmia / ch2_lumea / ch2_fiora,2720,100,100,100,1.05,
chapter:a2_west:4,【鏡侍女】リュネ / 【鏡侍女】ロゼ / 【聖翼】アウレ / 【聖翼】ノエル,ch2_ryune / ch2_rose / ch2_aure / ch2_noelle,3543,100,100,100,1,
chapter:a2_west:4,【双雷】カリスタ / 【双雷】ソレーヌ / 【薬毒】ミレア / 【薬毒】ヴィオラ,ch2_calista / ch2_solenne / ch2_mirea / ch2_viola,3543,100,100,100,1.01,
chapter:a2_west:4,【霊符】シオン / 【霊符】スイレン / 【日月】ルナリア / 【日月】ソラリア,ch2_shion / ch2_suiren / ch2_lunaria / ch2_solaria,3543,100,100,100,1,
chapter:a2_heart:0,【鏡侍女】リュネ / 【鏡侍女】ロゼ / 【聖翼】アウレ / 【聖翼】ノエル,ch2_ryune / ch2_rose / ch2_aure / ch2_noelle,2180,100,100,100,1.03,
chapter:a2_heart:0,【双藤】ネヴィア / 【双藤】エルミナ / 【聖翼】アウレ / 【聖翼】ノエル,ch2_nevia / ch2_elmina / ch2_aure / ch2_noelle,2180,100,100,100,1.03,
chapter:a2_heart:0,【星糸】セレス / 【星糸】ルミナ / 【誓姫】リリエット / 【誓姫】ロゼット,ch2_celes / ch2_lumina / ch2_lyriet / ch2_rosette,2180,100,100,100,1.09,
chapter:a3_patrol:2,【鏡侍女】リュネ / 【鏡侍女】ロゼ / 【聖翼】アウレ / 【聖翼】ノエル,ch2_ryune / ch2_rose / ch2_aure / ch2_noelle,3808,100,100,100,1.06,
chapter:a3_patrol:2,【霊符】シオン / 【霊符】スイレン / 【日月】ルナリア / 【日月】ソラリア,ch2_shion / ch2_suiren / ch2_lunaria / ch2_solaria,3808,100,100,100,1,
chapter:a3_patrol:2,【封鍵】メリオラ / 【封鍵】エリゼル / 【薔薇】ノクテル / 【薔薇】オーリアン,ch2_meliora / ch2_elyselle / ch2_noctelle / ch2_auriane,3808,100,100,100,1,
chapter:a3_west:4,【双雷】カリスタ / 【双雷】ソレーヌ / 【薬毒】ミレア / 【薬毒】ヴィオラ,ch2_calista / ch2_solenne / ch2_mirea / ch2_viola,4919,100,100,100,1.04,
chapter:a3_west:4,【霊符】シオン / 【霊符】スイレン / 【日月】ルナリア / 【日月】ソラリア,ch2_shion / ch2_suiren / ch2_lunaria / ch2_solaria,4919,100,100,100,1.01,
chapter:a3_west:4,【竜姫】ドラシア / 【竜姫】リュシエ / 【薬毒】ミレア / 【薬毒】ヴィオラ,ch2_dracia / ch2_rucie / ch2_mirea / ch2_viola,4919,100,100,100,1.01,
chapter:a3_heart:0,【剣姫】ネメシア / 【剣姫】エヴェリア / 【双鐘】フェルネ / 【双鐘】クラリス,ch2_nemesia / ch2_everia / ch2_ferne / ch2_clarisse,2980,100,100,100,4.94,
chapter:a3_heart:0,【霊符】シオン / 【霊符】スイレン / 【日月】ルナリア / 【日月】ソラリア,ch2_shion / ch2_suiren / ch2_lunaria / ch2_solaria,2980,100,78,78.0,7.49,
chapter:a3_heart:0,【双藤】ネヴィア / 【双藤】エルミナ / 【聖翼】アウレ / 【聖翼】ノエル,ch2_nevia / ch2_elmina / ch2_aure / ch2_noelle,2980,100,95,95.0,4.61,
chapter:a4_patrol:2,【鏡侍女】リュネ / 【鏡侍女】ロゼ / 【聖翼】アウレ / 【聖翼】ノエル,ch2_ryune / ch2_rose / ch2_aure / ch2_noelle,5168,100,100,100,1,
chapter:a4_patrol:2,【双雷】カリスタ / 【双雷】ソレーヌ / 【薬毒】ミレア / 【薬毒】ヴィオラ,ch2_calista / ch2_solenne / ch2_mirea / ch2_viola,5168,100,100,100,1.03,
chapter:a4_patrol:2,【霊符】シオン / 【霊符】スイレン / 【日月】ルナリア / 【日月】ソラリア,ch2_shion / ch2_suiren / ch2_lunaria / ch2_solaria,5168,100,100,100,1,
chapter:a4_west:4,【剣姫】ネメシア / 【剣姫】エヴェリア / 【双鐘】フェルネ / 【双鐘】クラリス,ch2_nemesia / ch2_everia / ch2_ferne / ch2_clarisse,6639,100,100,100,1.02,
chapter:a4_west:4,【鏡侍女】リュネ / 【鏡侍女】ロゼ / 【聖翼】アウレ / 【聖翼】ノエル,ch2_ryune / ch2_rose / ch2_aure / ch2_noelle,6639,100,100,100,2,
chapter:a4_west:4,【双雷】カリスタ / 【双雷】ソレーヌ / 【薬毒】ミレア / 【薬毒】ヴィオラ,ch2_calista / ch2_solenne / ch2_mirea / ch2_viola,6639,100,100,100,2,
chapter:a4_heart:0,【月狐】カグラ / 【月狐】サヨ / 【双鐘】フェルネ / 【双鐘】クラリス,ch2_kagura / ch2_sayo / ch2_ferne / ch2_clarisse,3980,100,95,95.0,6.05,
chapter:a4_heart:0,【剣姫】ネメシア / 【剣姫】エヴェリア / 【双鐘】フェルネ / 【双鐘】クラリス,ch2_nemesia / ch2_everia / ch2_ferne / ch2_clarisse,3980,100,100,100,2.86,
chapter:a4_heart:0,【返誓】ロスティア / 【返誓】アルテア / 【星刻】エイレーネ / 【星刻】イリデル,ch2_rostia / ch2_althea / ch2_eirene / ch2_iridelle,3980,100,97,97.0,5.25,
chapter:patrol:2,【鏡侍女】リュネ / 【鏡侍女】ロゼ / 【聖翼】アウレ / 【聖翼】ノエル,ch2_ryune / ch2_rose / ch2_aure / ch2_noelle,1428,100,100,100,1,
chapter:patrol:2,【双雷】カリスタ / 【双雷】ソレーヌ / 【薬毒】ミレア / 【薬毒】ヴィオラ,ch2_calista / ch2_solenne / ch2_mirea / ch2_viola,1428,100,100,100,1,
chapter:patrol:2,【硝子】セリア / 【硝子】カルミア / 封書の小剣姫ルメア / 夜灯の従騎フィオラ,ch2_seria / ch2_carmia / ch2_lumea / ch2_fiora,1428,100,100,100,1,
chapter:west:4,【鏡侍女】リュネ / 【鏡侍女】ロゼ / 【聖翼】アウレ / 【聖翼】ノエル,ch2_ryune / ch2_rose / ch2_aure / ch2_noelle,1892,100,100,100,1,
chapter:west:4,【双雷】カリスタ / 【双雷】ソレーヌ / 【薬毒】ミレア / 【薬毒】ヴィオラ,ch2_calista / ch2_solenne / ch2_mirea / ch2_viola,1892,100,100,100,1,
chapter:west:4,【硝子】セリア / 【硝子】カルミア / 封書の小剣姫ルメア / 夜灯の従騎フィオラ,ch2_seria / ch2_carmia / ch2_lumea / ch2_fiora,1892,100,100,100,1,
chapter:heart:0,【鏡侍女】リュネ / 【鏡侍女】ロゼ / 【聖翼】アウレ / 【聖翼】ノエル,ch2_ryune / ch2_rose / ch2_aure / ch2_noelle,1200,100,100,100,1.09,
chapter:heart:0,【霊符】シオン / 【霊符】スイレン / 【日月】ルナリア / 【日月】ソラリア,ch2_shion / ch2_suiren / ch2_lunaria / ch2_solaria,1200,100,100,100,1,
chapter:heart:0,【竜姫】ドラシア / 【竜姫】リュシエ / 【薬毒】ミレア / 【薬毒】ヴィオラ,ch2_dracia / ch2_rucie / ch2_mirea / ch2_viola,1200,100,100,100,1,
chapter:vault0:2,【霊符】シオン / 【霊符】スイレン / 【日月】ルナリア / 【日月】ソラリア,ch2_shion / ch2_suiren / ch2_lunaria / ch2_solaria,2244,100,100,100,1.02,
chapter:vault0:2,【返誓】ロスティア / 【返誓】アルテア / 【星刻】エイレーネ / 【星刻】イリデル,ch2_rostia / ch2_althea / ch2_eirene / ch2_iridelle,2244,100,100,100,1,
chapter:vault0:2,【星糸】セレス / 【星糸】ルミナ / 【誓姫】リリエット / 【誓姫】ロゼット,ch2_celes / ch2_lumina / ch2_lyriet / ch2_rosette,2244,100,100,100,1.03,
chapter:roam0_1:4,【鏡侍女】リュネ / 【鏡侍女】ロゼ / 【聖翼】アウレ / 【聖翼】ノエル,ch2_ryune / ch2_rose / ch2_aure / ch2_noelle,1806,100,100,100,1,
chapter:roam0_1:4,【双雷】カリスタ / 【双雷】ソレーヌ / 【薬毒】ミレア / 【薬毒】ヴィオラ,ch2_calista / ch2_solenne / ch2_mirea / ch2_viola,1806,100,100,100,1,
chapter:roam0_1:4,【硝子】セリア / 【硝子】カルミア / 封書の小剣姫ルメア / 夜灯の従騎フィオラ,ch2_seria / ch2_carmia / ch2_lumea / ch2_fiora,1806,100,100,100,1,
chapter:roam0_4:0,【鏡侍女】リュネ / 【鏡侍女】ロゼ / 【聖翼】アウレ / 【聖翼】ノエル,ch2_ryune / ch2_rose / ch2_aure / ch2_noelle,1050,100,100,100,1,
chapter:roam0_4:0,【双雷】カリスタ / 【双雷】ソレーヌ / 【薬毒】ミレア / 【薬毒】ヴィオラ,ch2_calista / ch2_solenne / ch2_mirea / ch2_viola,1050,100,100,100,1,
chapter:roam0_4:0,【硝子】セリア / 【硝子】カルミア / 封書の小剣姫ルメア / 夜灯の従騎フィオラ,ch2_seria / ch2_carmia / ch2_lumea / ch2_fiora,1050,100,100,100,1,
chapter:vault1:2,【星糸】セレス / 【星糸】ルミナ / 【誓姫】リリエット / 【誓姫】ロゼット,ch2_celes / ch2_lumina / ch2_lyriet / ch2_rosette,3142,100,100,100,1.05,
chapter:vault1:2,【剣姫】ネメシア / 【剣姫】エヴェリア / 【双鐘】フェルネ / 【双鐘】クラリス,ch2_nemesia / ch2_everia / ch2_ferne / ch2_clarisse,3142,100,100,100,1.03,
chapter:vault1:2,【鏡侍女】リュネ / 【鏡侍女】ロゼ / 【聖翼】アウレ / 【聖翼】ノエル,ch2_ryune / ch2_rose / ch2_aure / ch2_noelle,3142,100,100,100,2,
chapter:roam1_1:4,【霊符】シオン / 【霊符】スイレン / 【日月】ルナリア / 【日月】ソラリア,ch2_shion / ch2_suiren / ch2_lunaria / ch2_solaria,4472,100,100,100,1.04,
chapter:roam1_1:4,【返誓】ロスティア / 【返誓】アルテア / 【星刻】エイレーネ / 【星刻】イリデル,ch2_rostia / ch2_althea / ch2_eirene / ch2_iridelle,4472,100,100,100,1.03,
chapter:roam1_1:4,【星糸】セレス / 【星糸】ルミナ / 【誓姫】リリエット / 【誓姫】ロゼット,ch2_celes / ch2_lumina / ch2_lyriet / ch2_rosette,4472,100,100,100,1.07,
chapter:roam1_4:0,【鏡侍女】リュネ / 【鏡侍女】ロゼ / 【聖翼】アウレ / 【聖翼】ノエル,ch2_ryune / ch2_rose / ch2_aure / ch2_noelle,1400,100,100,100,1,
chapter:roam1_4:0,【双雷】カリスタ / 【双雷】ソレーヌ / 【薬毒】ミレア / 【薬毒】ヴィオラ,ch2_calista / ch2_solenne / ch2_mirea / ch2_viola,1400,100,100,100,1,
chapter:roam1_4:0,【霊符】シオン / 【霊符】スイレン / 【日月】ルナリア / 【日月】ソラリア,ch2_shion / ch2_suiren / ch2_lunaria / ch2_solaria,1400,100,100,100,1,
chapter:vault2:2,【剣姫】ネメシア / 【剣姫】エヴェリア / 【双鐘】フェルネ / 【双鐘】クラリス,ch2_nemesia / ch2_everia / ch2_ferne / ch2_clarisse,4488,100,100,100,1.03,
chapter:vault2:2,【鏡侍女】リュネ / 【鏡侍女】ロゼ / 【聖翼】アウレ / 【聖翼】ノエル,ch2_ryune / ch2_rose / ch2_aure / ch2_noelle,4488,100,100,100,2,
chapter:vault2:2,【双雷】カリスタ / 【双雷】ソレーヌ / 【薬毒】ミレア / 【薬毒】ヴィオラ,ch2_calista / ch2_solenne / ch2_mirea / ch2_viola,4488,100,100,100,1.15,
chapter:roam2_1:4,【鏡侍女】リュネ / 【鏡侍女】ロゼ / 【聖翼】アウレ / 【聖翼】ノエル,ch2_ryune / ch2_rose / ch2_aure / ch2_noelle,3440,100,100,100,1,
chapter:roam2_1:4,【双雷】カリスタ / 【双雷】ソレーヌ / 【薬毒】ミレア / 【薬毒】ヴィオラ,ch2_calista / ch2_solenne / ch2_mirea / ch2_viola,3440,100,100,100,1,
chapter:roam2_1:4,【硝子】セリア / 【硝子】カルミア / 封書の小剣姫ルメア / 夜灯の従騎フィオラ,ch2_seria / ch2_carmia / ch2_lumea / ch2_fiora,3440,100,100,100,1,
chapter:roam2_4:0,【鏡侍女】リュネ / 【鏡侍女】ロゼ / 【聖翼】アウレ / 【聖翼】ノエル,ch2_ryune / ch2_rose / ch2_aure / ch2_noelle,2000,100,100,100,1,
chapter:roam2_4:0,【双雷】カリスタ / 【双雷】ソレーヌ / 【薬毒】ミレア / 【薬毒】ヴィオラ,ch2_calista / ch2_solenne / ch2_mirea / ch2_viola,2000,100,100,100,1,
chapter:roam2_4:0,【霊符】シオン / 【霊符】スイレン / 【日月】ルナリア / 【日月】ソラリア,ch2_shion / ch2_suiren / ch2_lunaria / ch2_solaria,2000,100,100,100,1,
chapter:vault3:2,【竜姫】ドラシア / 【竜姫】リュシエ / 【薬毒】ミレア / 【薬毒】ヴィオラ,ch2_dracia / ch2_rucie / ch2_mirea / ch2_viola,6283,100,100,100,2.87,
chapter:vault3:2,【封鍵】メリオラ / 【封鍵】エリゼル / 【薔薇】ノクテル / 【薔薇】オーリアン,ch2_meliora / ch2_elyselle / ch2_noctelle / ch2_auriane,6283,100,100,100,3.69,
chapter:vault3:2,【鏡侍女】リュネ / 【鏡侍女】ロゼ / 【聖翼】アウレ / 【聖翼】ノエル,ch2_ryune / ch2_rose / ch2_aure / ch2_noelle,6283,100,100,100,3.88,
chapter:roam3_1:4,【鏡侍女】リュネ / 【鏡侍女】ロゼ / 【聖翼】アウレ / 【聖翼】ノエル,ch2_ryune / ch2_rose / ch2_aure / ch2_noelle,4816,100,100,100,1,
chapter:roam3_1:4,【双雷】カリスタ / 【双雷】ソレーヌ / 【薬毒】ミレア / 【薬毒】ヴィオラ,ch2_calista / ch2_solenne / ch2_mirea / ch2_viola,4816,100,100,100,1,
chapter:roam3_1:4,【霊符】シオン / 【霊符】スイレン / 【日月】ルナリア / 【日月】ソラリア,ch2_shion / ch2_suiren / ch2_lunaria / ch2_solaria,4816,100,100,100,1,
chapter:roam3_4:0,【霊符】シオン / 【霊符】スイレン / 【日月】ルナリア / 【日月】ソラリア,ch2_shion / ch2_suiren / ch2_lunaria / ch2_solaria,4300,100,100,100,2,
chapter:roam3_4:0,【返誓】ロスティア / 【返誓】アルテア / 【星刻】エイレーネ / 【星刻】イリデル,ch2_rostia / ch2_althea / ch2_eirene / ch2_iridelle,4300,100,100,100,1.91,
chapter:roam3_4:0,【星糸】セレス / 【星糸】ルミナ / 【誓姫】リリエット / 【誓姫】ロゼット,ch2_celes / ch2_lumina / ch2_lyriet / ch2_rosette,4300,100,100,100,2.04,
chapter:vault4:2,【剣姫】ネメシア / 【剣姫】エヴェリア / 【双鐘】フェルネ / 【双鐘】クラリス,ch2_nemesia / ch2_everia / ch2_ferne / ch2_clarisse,8527,100,100,100,2,
chapter:vault4:2,【双藤】ネヴィア / 【双藤】エルミナ / 【聖翼】アウレ / 【聖翼】ノエル,ch2_nevia / ch2_elmina / ch2_aure / ch2_noelle,8527,100,96,96.0,3,
chapter:vault4:2,【星糸】セレス / 【星糸】ルミナ / 【誓姫】リリエット / 【誓姫】ロゼット,ch2_celes / ch2_lumina / ch2_lyriet / ch2_rosette,8527,100,100,100,2.24,
chapter:roam4_1:4,【霊符】シオン / 【霊符】スイレン / 【日月】ルナリア / 【日月】ソラリア,ch2_shion / ch2_suiren / ch2_lunaria / ch2_solaria,9632,100,100,100,2,
chapter:roam4_1:4,【返誓】ロスティア / 【返誓】アルテア / 【星刻】エイレーネ / 【星刻】イリデル,ch2_rostia / ch2_althea / ch2_eirene / ch2_iridelle,9632,100,100,100,1.25,
chapter:roam4_1:4,【星糸】セレス / 【星糸】ルミナ / 【誓姫】リリエット / 【誓姫】ロゼット,ch2_celes / ch2_lumina / ch2_lyriet / ch2_rosette,9632,100,100,100,2,
chapter:roam4_4:0,【霊符】シオン / 【霊符】スイレン / 【日月】ルナリア / 【日月】ソラリア,ch2_shion / ch2_suiren / ch2_lunaria / ch2_solaria,5400,100,100,100,2.16,
chapter:roam4_4:0,【封鍵】メリオラ / 【封鍵】エリゼル / 【薔薇】ノクテル / 【薔薇】オーリアン,ch2_meliora / ch2_elyselle / ch2_noctelle / ch2_auriane,5400,100,100,100,3,
chapter:roam4_4:0,【竜姫】ドラシア / 【竜姫】リュシエ / 【薬毒】ミレア / 【薬毒】ヴィオラ,ch2_dracia / ch2_rucie / ch2_mirea / ch2_viola,5400,100,100,100,3.19,
chapter:roam0_1_391:2,【鏡侍女】リュネ / 【鏡侍女】ロゼ / 【聖翼】アウレ / 【聖翼】ノエル,ch2_ryune / ch2_rose / ch2_aure / ch2_noelle,1428,100,100,100,1,
chapter:roam0_1_391:2,【双雷】カリスタ / 【双雷】ソレーヌ / 【薬毒】ミレア / 【薬毒】ヴィオラ,ch2_calista / ch2_solenne / ch2_mirea / ch2_viola,1428,100,100,100,1,
chapter:roam0_1_391:2,【硝子】セリア / 【硝子】カルミア / 封書の小剣姫ルメア / 夜灯の従騎フィオラ,ch2_seria / ch2_carmia / ch2_lumea / ch2_fiora,1428,100,100,100,1,
chapter:roam2_3_391:4,【鏡侍女】リュネ / 【鏡侍女】ロゼ / 【聖翼】アウレ / 【聖翼】ノエル,ch2_ryune / ch2_rose / ch2_aure / ch2_noelle,3440,100,100,100,1,
chapter:roam2_3_391:4,【双雷】カリスタ / 【双雷】ソレーヌ / 【薬毒】ミレア / 【薬毒】ヴィオラ,ch2_calista / ch2_solenne / ch2_mirea / ch2_viola,3440,100,100,100,1,
chapter:roam2_3_391:4,【硝子】セリア / 【硝子】カルミア / 封書の小剣姫ルメア / 夜灯の従騎フィオラ,ch2_seria / ch2_carmia / ch2_lumea / ch2_fiora,3440,100,100,100,1.01,
chapter:roam1_3_392:0,【鏡侍女】リュネ / 【鏡侍女】ロゼ / 【聖翼】アウレ / 【聖翼】ノエル,ch2_ryune / ch2_rose / ch2_aure / ch2_noelle,1400,100,100,100,1,
chapter:roam1_3_392:0,【双雷】カリスタ / 【双雷】ソレーヌ / 【薬毒】ミレア / 【薬毒】ヴィオラ,ch2_calista / ch2_solenne / ch2_mirea / ch2_viola,1400,100,100,100,1.01,
chapter:roam1_3_392:0,【封鍵】メリオラ / 【封鍵】エリゼル / 【薔薇】ノクテル / 【薔薇】オーリアン,ch2_meliora / ch2_elyselle / ch2_noctelle / ch2_auriane,1400,100,100,100,1,
chapter:roam3_1_392:2,【鏡侍女】リュネ / 【鏡侍女】ロゼ / 【聖翼】アウレ / 【聖翼】ノエル,ch2_ryune / ch2_rose / ch2_aure / ch2_noelle,3808,100,100,100,1,
chapter:roam3_1_392:2,【双雷】カリスタ / 【双雷】ソレーヌ / 【薬毒】ミレア / 【薬毒】ヴィオラ,ch2_calista / ch2_solenne / ch2_mirea / ch2_viola,3808,100,100,100,1.01,
chapter:roam3_1_392:2,【霊符】シオン / 【霊符】スイレン / 【日月】ルナリア / 【日月】ソラリア,ch2_shion / ch2_suiren / ch2_lunaria / ch2_solaria,3808,100,100,100,1,
chapter:roam4_3_392:4,【返誓】ロスティア / 【返誓】アルテア / 【星刻】エイレーネ / 【星刻】イリデル,ch2_rostia / ch2_althea / ch2_eirene / ch2_iridelle,8944,100,100,100,1,
chapter:roam4_3_392:4,【剣姫】ネメシア / 【剣姫】エヴェリア / 【双鐘】フェルネ / 【双鐘】クラリス,ch2_nemesia / ch2_everia / ch2_ferne / ch2_clarisse,8944,100,100,100,1.02,
chapter:roam4_3_392:4,【鏡侍女】リュネ / 【鏡侍女】ロゼ / 【聖翼】アウレ / 【聖翼】ノエル,ch2_ryune / ch2_rose / ch2_aure / ch2_noelle,8944,100,100,100,2,
chapter:roam0_4_elite393:1,【鏡侍女】リュネ / 【鏡侍女】ロゼ / 【聖翼】アウレ / 【聖翼】ノエル,ch2_ryune / ch2_rose / ch2_aure / ch2_noelle,1208,100,100,100,1,
chapter:roam0_4_elite393:1,【双雷】カリスタ / 【双雷】ソレーヌ / 【薬毒】ミレア / 【薬毒】ヴィオラ,ch2_calista / ch2_solenne / ch2_mirea / ch2_viola,1208,100,100,100,1,
chapter:roam0_4_elite393:1,【硝子】セリア / 【硝子】カルミア / 封書の小剣姫ルメア / 夜灯の従騎フィオラ,ch2_seria / ch2_carmia / ch2_lumea / ch2_fiora,1208,100,100,100,1,
chapter:roam1_3_elite393:3,【鏡侍女】リュネ / 【鏡侍女】ロゼ / 【聖翼】アウレ / 【聖翼】ノエル,ch2_ryune / ch2_rose / ch2_aure / ch2_noelle,2240,100,100,100,1,
chapter:roam1_3_elite393:3,【双雷】カリスタ / 【双雷】ソレーヌ / 【薬毒】ミレア / 【薬毒】ヴィオラ,ch2_calista / ch2_solenne / ch2_mirea / ch2_viola,2240,100,100,100,1,
chapter:roam1_3_elite393:3,【霊符】シオン / 【霊符】スイレン / 【日月】ルナリア / 【日月】ソラリア,ch2_shion / ch2_suiren / ch2_lunaria / ch2_solaria,2240,100,100,100,1,
chapter:roam2_3_elite393:2,【鏡侍女】リュネ / 【鏡侍女】ロゼ / 【聖翼】アウレ / 【聖翼】ノエル,ch2_ryune / ch2_rose / ch2_aure / ch2_noelle,2700,100,100,100,1,
chapter:roam2_3_elite393:2,【双雷】カリスタ / 【双雷】ソレーヌ / 【薬毒】ミレア / 【薬毒】ヴィオラ,ch2_calista / ch2_solenne / ch2_mirea / ch2_viola,2700,100,100,100,1.01,
chapter:roam2_3_elite393:2,【霊符】シオン / 【霊符】スイレン / 【日月】ルナリア / 【日月】ソラリア,ch2_shion / ch2_suiren / ch2_lunaria / ch2_solaria,2700,100,100,100,1,
chapter:roam3_3_elite393:1,【霊符】シオン / 【霊符】スイレン / 【日月】ルナリア / 【日月】ソラリア,ch2_shion / ch2_suiren / ch2_lunaria / ch2_solaria,5520,100,100,100,2,
chapter:roam3_3_elite393:1,【返誓】ロスティア / 【返誓】アルテア / 【星刻】エイレーネ / 【星刻】イリデル,ch2_rostia / ch2_althea / ch2_eirene / ch2_iridelle,5520,100,100,100,1.79,
chapter:roam3_3_elite393:1,【星糸】セレス / 【星糸】ルミナ / 【誓姫】リリエット / 【誓姫】ロゼット,ch2_celes / ch2_lumina / ch2_lyriet / ch2_rosette,5520,100,100,100,2,
chapter:roam4_1_elite393:3,【霊符】シオン / 【霊符】スイレン / 【日月】ルナリア / 【日月】ソラリア,ch2_shion / ch2_suiren / ch2_lunaria / ch2_solaria,8960,100,100,100,2,
chapter:roam4_1_elite393:3,【返誓】ロスティア / 【返誓】アルテア / 【星刻】エイレーネ / 【星刻】イリデル,ch2_rostia / ch2_althea / ch2_eirene / ch2_iridelle,8960,100,100,100,1.58,
chapter:roam4_1_elite393:3,【剣姫】ネメシア / 【剣姫】エヴェリア / 【双鐘】フェルネ / 【双鐘】クラリス,ch2_nemesia / ch2_everia / ch2_ferne / ch2_clarisse,8960,100,100,100,2,
heroes:1,【霊符】シオン / 【霊符】スイレン / 【日月】ルナリア / 【日月】ソラリア,ch2_shion / ch2_suiren / ch2_lunaria / ch2_solaria,3000,100,100,100,3.33,
heroes:1,【双藤】ネヴィア / 【双藤】エルミナ / 【聖翼】アウレ / 【聖翼】ノエル,ch2_nevia / ch2_elmina / ch2_aure / ch2_noelle,3000,100,100,100,3.18,
heroes:1,【剣姫】ネメシア / 【剣姫】エヴェリア / 【双鐘】フェルネ / 【双鐘】クラリス,ch2_nemesia / ch2_everia / ch2_ferne / ch2_clarisse,3000,100,100,100,3.12,
heroes:9,【霊符】シオン / 【霊符】スイレン / 【日月】ルナリア / 【日月】ソラリア,ch2_shion / ch2_suiren / ch2_lunaria / ch2_solaria,5000,100,99,99.0,8.44,
heroes:9,【双藤】ネヴィア / 【双藤】エルミナ / 【聖翼】アウレ / 【聖翼】ノエル,ch2_nevia / ch2_elmina / ch2_aure / ch2_noelle,5000,100,97,97.0,9.96,
heroes:9,【剣姫】ネメシア / 【剣姫】エヴェリア / 【双鐘】フェルネ / 【双鐘】クラリス,ch2_nemesia / ch2_everia / ch2_ferne / ch2_clarisse,5000,100,100,100,7.07,
heroes:17,【霊符】シオン / 【霊符】スイレン / 【日月】ルナリア / 【日月】ソラリア,ch2_shion / ch2_suiren / ch2_lunaria / ch2_solaria,9000,100,100,100,7.41,
heroes:17,【双藤】ネヴィア / 【双藤】エルミナ / 【聖翼】アウレ / 【聖翼】ノエル,ch2_nevia / ch2_elmina / ch2_aure / ch2_noelle,9000,100,100,100,5.5,
heroes:17,【剣姫】ネメシア / 【剣姫】エヴェリア / 【双鐘】フェルネ / 【双鐘】クラリス,ch2_nemesia / ch2_everia / ch2_ferne / ch2_clarisse,9000,100,100,100,5.95,
campaign:7:boss,蒼歌姫セイレーネ / 根城兵ルートバスティオン / 冥哭霊ネクロシア / 雷迅鳥ヴォルトラプター,tide_siren / root_guard / wraith / thunder_raptor,210,100,100,100,3.47,
campaign:7:boss,灯幽霊ルクスファントム / 泥殻将グラブロス / 砂鉄蠍サンドレギオン / 紫電針獣,lantern_ghost / mud_crab / sand_scorpion / storm_quill_boar,210,100,100,100,3.17,
campaign:7:boss,霧海母ミストメドゥーサ / 雷針カブト / 宵眼梟ノクティス / 極光鎌虫,mist_jelly / thunder_shell_beetle / dusk_owl / aurora_mantis,210,100,100,100,3.12,
campaign:15:boss,日輪聖女ソラリア / 黒葬騎ディアブロス / 深海サルパ百鬼夜行 / 煉獄番犬ケルベロスイグナ,sun_priestess / dark_knight / pencilcase_parade / inferno_cerberus,450,100,100,100,1.07,
campaign:15:boss,氷樹姫ニヴルドリアード / 熔甲王マグマスカラベ / 雷衣術師エレノア / 禁海の断頭魚,frost_dryad / magma_beetle / volt_veil_arcanist / forbidden_paper_cutter,450,100,100,100,1.07,
campaign:15:boss,葬列司祭ネクロビショップ / 魔紋巨兵ルーンゴリアス / 深海魔皇オクトクラーケン / 紅蓮竜ドラグニール,grave_bishop / rune_golem / deep_octopus / dragon,450,100,100,100,2.03,
campaign:23:boss,日輪聖女ソラリア / 世界樹護王ユグドガルド / 深海サルパ百鬼夜行 / 雷帝獣ヴァジュラ,sun_priestess / world_tree_guardian / pencilcase_parade / thunder_emperor,690,100,100,100,1.62,
campaign:23:boss,氷樹姫ニヴルドリアード / 海嘯幼竜リヴァイアス / 雷衣術師エレノア / 海魔騎クラーケンロード,frost_dryad / leviathan_spawn / volt_veil_arcanist / kraken_knight,690,100,100,100,1.41,
campaign:23:boss,極光聖獣アウロラ / 金剛神機アダマント / 九天妖狐クズノハ / 虚無刃ヴォイドリーパー,aurora_unicorn / adamant_golem / nine_tail_fox / void_mantis,690,100,100,100,2.21,
campaign:31:boss,神託梟オラクルノクス / 地殻巨神テラコロッサス / 冥炎蝶ヘルモルフォ / 星辰機神アステリオン,oracle_owl / earth_colossus / hell_butterfly / star_automaton,930,100,100,100,1.01,
campaign:31:boss,極光聖獣アウロラ / 金剛神機アダマント / 氷界女帝グラシエラ / 戦慄騎ケンタウロス,aurora_unicorn / adamant_golem / glacier_queen / dread_centaur,930,100,100,100,1,
campaign:31:boss,日輪聖女ソラリア / 世界樹護王ユグドガルド / 日輪賢獣ソルスフィンクス / 翠命竜エメラルディア,sun_priestess / world_tree_guardian / solar_sphinx / jade_dragon,930,100,100,100,1.01,
campaign:39:boss,熾天聖セラフィエル / 凍鏡騎士グラシエル / 海皇姫ネレイディア / 魔皇ディアボロス,seraphim / frozen_mirror_knight / sea_empress / demon_lord,1170,100,100,100,2.29,
campaign:39:boss,神託梟オラクルノクス / 天穹鯨セレスティア / 冥毒九頭竜ヒュドラ / 創界粘神ジェネシス,oracle_owl / celestial_whale / abyssal_hydra / genesis_slime,1170,100,100,100,2.39,
campaign:39:boss,天角聖鹿セレススタッグ / 海嘯幼竜リヴァイアス / 日輪賢獣ソルスフィンクス / 戦慄騎ケンタウロス,sky_stag / leviathan_spawn / solar_sphinx / dread_centaur,1170,100,100,100,4.6,
campaign:47:boss,天翔聖馬ペガシエル / 翠嶺巨獣ベヒモルド / 海皇姫ネレイディア / 冥府皇ハデスノクス,celestial_pegasus / emerald_behemoth / sea_empress / underworld_king,1410,100,100,100,1.01,
campaign:47:boss,刻律機クロノギア / 凍鏡騎士グラシエル / 冥毒九頭竜ヒュドラ / 氷獄狼フェンリシア,time_keeper / frozen_mirror_knight / abyssal_hydra / frost_fenrir,1410,100,100,100,1.01,
campaign:47:boss,熾天聖セラフィエル / 天穹鯨セレスティア / 天嵐蛇王テンペストナーガ / 蝕界竜エクリプシア,seraphim / celestial_whale / tempest_serpent / eclipse_dragon,1410,100,100,100,1.02,
campaign:55:boss,刻律機クロノギア / 黒曜巨神オブシディア / 月仙兎アルミラージュ / 冥府皇ハデスノクス,time_keeper / obsidian_titan / moon_rabbit_sage / underworld_king,1650,100,100,100,1.5,
campaign:55:boss,熾天聖セラフィエル / 雷装機神デウスマキナ / 嵐海覇竜リヴァイオン / 氷獄狼フェンリシア,seraphim / mechanical_deity / storm_leviathan / frost_fenrir,1650,100,100,100,1.34,
campaign:55:boss,極光聖獣アウロラ / 凍鏡騎士グラシエル / 海皇姫ネレイディア / 雷霆麒麟ヴァジュラン,aurora_unicorn / frozen_mirror_knight / sea_empress / thunder_kirin,1650,100,100,100,1.42,
campaign:63:boss,森羅王ケルヌンノス / 玄天聖亀ゲンブロス / 星界賢王アストラスフィンクス / 雷冠竜ヴォルトレクス,forest_cernunnos / sacred_turtle / astral_sphinx / thunder_crown_dragon,1890,100,100,100,1.01,
campaign:63:boss,天翔聖馬ペガシエル / 黒曜巨神オブシディア / 晶界女帝クリスタリア / 太古竜エルドラグーン,celestial_pegasus / obsidian_titan / crystal_empress / ancient_dragon,1890,100,100,100,1.04,
campaign:63:boss,刻律機クロノギア / 雷装機神デウスマキナ / 夢幻竜モルフェドラ / 砂冥神アヌビス,time_keeper / mechanical_deity / dream_dragon / desert_anubis,1890,100,100,100,1.01,
campaign:71:boss,原初不死鳥フェニクシア / 獣界覇王ベヒモルク / 冥海竜皇リヴァイアサン / 黙示滅竜アポカリオン,primordial_phoenix / king_behemoth / abyssal_leviathan / apocalypse_dragon,2130,100,100,100,1,
campaign:71:boss,森羅王ケルヌンノス / 玄天聖亀ゲンブロス / ベチー / 天壊竜帝バハムート,forest_cernunnos / sacred_turtle / bechi / bahamut,2130,100,100,100,1,
campaign:71:boss,天翔聖馬ペガシエル / 黒曜巨神オブシディア / 星界賢王アストラスフィンクス / 極粘神オメガメルム,celestial_pegasus / obsidian_titan / astral_sphinx / omega_slime,2130,100,100,100,1,
campaign:79:boss,原初不死鳥フェニクシア / 終環蛇ヨルムンガルド / 堕天熾使アザリエル / 混沌魔皇カオスディア,primordial_phoenix / world_serpent / fallen_seraph / chaos_king,2370,100,100,100,1,
campaign:79:boss,森羅王ケルヌンノス / 獣界覇王ベヒモルク / 虚無皇ヴォイドレクス / 永劫戦姫エタルキア,forest_cernunnos / king_behemoth / void_emperor / eternal_valkyrie,2370,100,100,100,1.03,
campaign:79:boss,天翔聖馬ペガシエル / 玄天聖亀ゲンブロス / 冥海竜皇リヴァイアサン / 神滅機アーク・ノア,celestial_pegasus / sacred_turtle / abyssal_leviathan / god_machine_ark,2370,100,100,100,1.07,
campaign:85:boss,原初不死鳥フェニクシア / 創世巨神ジェネゴリア / 無窮九頭竜インフィニドラ / 天帝麒麟セイラン,primordial_phoenix / genesis_golem / infinite_hydra / celestial_kirin,2550,100,100,100,1.06,
campaign:85:boss,森羅王ケルヌンノス / 終環蛇ヨルムンガルド / 堕天熾使アザリエル / 死界覇王モルディウス,forest_cernunnos / world_serpent / fallen_seraph / death_lord,2550,100,100,100,1.05,
campaign:85:boss,天翔聖馬ペガシエル / 獣界覇王ベヒモルク / 虚無皇ヴォイドレクス / 混沌魔皇カオスディア,celestial_pegasus / king_behemoth / void_emperor / chaos_king,2550,100,100,100,1.01,
campaign:91:boss,月蝕狼ルナファング / 黒曜竜ヴァルグリム / 機神アークノヴァ / 星葬姫ルミナリア,light_sovereign / earth_sovereign / dark_sovereign / storm_sovereign,2730,100,100,100,1,
campaign:91:boss,原初不死鳥フェニクシア / 創世巨神ジェネゴリア / 氷界皇ニヴルシア / 天帝麒麟セイラン,primordial_phoenix / genesis_golem / frost_sovereign / celestial_kirin,2730,100,100,100,1.02,
campaign:91:boss,森羅王ケルヌンノス / 終環蛇ヨルムンガルド / 無窮九頭竜インフィニドラ / 死界覇王モルディウス,forest_cernunnos / world_serpent / infinite_hydra / death_lord,2730,100,100,100,1,
campaign:99:boss,原初不死鳥フェニクシア / 黒曜竜ヴァルグリム / 深淵海姫セイレーネ / 天帝麒麟セイラン,primordial_phoenix / earth_sovereign / time_dragon / celestial_kirin,2970,100,100,100,1.03,
campaign:99:boss,刻律機クロノギア / 獣界覇王ベヒモルク / 無窮九頭竜インフィニドラ / 永劫戦姫エタルキア,time_keeper / king_behemoth / infinite_hydra / eternal_valkyrie,2970,100,100,100,1.08,
campaign:99:boss,夢妖精ルミエラ / 暁剣姫アウレリア / 灰燼鬼カグラ / 虚無鯨アビサリス,fate_weaver / abyss_gatekeeper / nightmare_empress / crownless_hero,2970,100,100,100,1.29,
rematch:floor-boss-40,【鏡侍女】リュネ / 【鏡侍女】ロゼ / 【聖翼】アウレ / 【聖翼】ノエル,ch2_ryune / ch2_rose / ch2_aure / ch2_noelle,40,100,100,100,2,
rematch:floor-boss-40,【双雷】カリスタ / 【双雷】ソレーヌ / 【薬毒】ミレア / 【薬毒】ヴィオラ,ch2_calista / ch2_solenne / ch2_mirea / ch2_viola,40,100,100,100,2.01,
rematch:floor-boss-40,【霊符】シオン / 【霊符】スイレン / 【日月】ルナリア / 【日月】ソラリア,ch2_shion / ch2_suiren / ch2_lunaria / ch2_solaria,40,100,100,100,2,
rematch:floor-boss-130,【鏡侍女】リュネ / 【鏡侍女】ロゼ / 【聖翼】アウレ / 【聖翼】ノエル,ch2_ryune / ch2_rose / ch2_aure / ch2_noelle,130,100,100,100,2.01,
rematch:floor-boss-130,【双雷】カリスタ / 【双雷】ソレーヌ / 【薬毒】ミレア / 【薬毒】ヴィオラ,ch2_calista / ch2_solenne / ch2_mirea / ch2_viola,130,100,100,100,2.07,
rematch:floor-boss-130,【封鍵】メリオラ / 【封鍵】エリゼル / 【薔薇】ノクテル / 【薔薇】オーリアン,ch2_meliora / ch2_elyselle / ch2_noctelle / ch2_auriane,130,100,100,100,1.84,
rematch:floor-boss-220,【双雷】カリスタ / 【双雷】ソレーヌ / 【薬毒】ミレア / 【薬毒】ヴィオラ,ch2_calista / ch2_solenne / ch2_mirea / ch2_viola,220,100,100,100,2.79,
rematch:floor-boss-220,【双藤】ネヴィア / 【双藤】エルミナ / 【聖翼】アウレ / 【聖翼】ノエル,ch2_nevia / ch2_elmina / ch2_aure / ch2_noelle,220,100,100,100,2.75,
rematch:floor-boss-220,【返誓】ロスティア / 【返誓】アルテア / 【星刻】エイレーネ / 【星刻】イリデル,ch2_rostia / ch2_althea / ch2_eirene / ch2_iridelle,220,100,100,100,3.07,
rematch:floor-boss-310,【霊符】シオン / 【霊符】スイレン / 【日月】ルナリア / 【日月】ソラリア,ch2_shion / ch2_suiren / ch2_lunaria / ch2_solaria,310,100,100,100,1.89,
rematch:floor-boss-310,【竜姫】ドラシア / 【竜姫】リュシエ / 【薬毒】ミレア / 【薬毒】ヴィオラ,ch2_dracia / ch2_rucie / ch2_mirea / ch2_viola,310,100,100,100,1.96,
rematch:floor-boss-310,【星糸】セレス / 【星糸】ルミナ / 【誓姫】リリエット / 【誓姫】ロゼット,ch2_celes / ch2_lumina / ch2_lyriet / ch2_rosette,310,100,100,100,1.91,
rematch:floor-boss-390,【星糸】セレス / 【星糸】ルミナ / 【誓姫】リリエット / 【誓姫】ロゼット,ch2_celes / ch2_lumina / ch2_lyriet / ch2_rosette,390,100,100,100,10.43,
rematch:floor-boss-390,【月狐】カグラ / 【月狐】サヨ / 【双鐘】フェルネ / 【双鐘】クラリス,ch2_kagura / ch2_sayo / ch2_ferne / ch2_clarisse,390,100,99,99.0,9.7,
rematch:floor-boss-390,【竜姫】ドラシア / 【竜姫】リュシエ / 【薬毒】ミレア / 【薬毒】ヴィオラ,ch2_dracia / ch2_rucie / ch2_mirea / ch2_viola,390,100,99,99.0,9.03,
rematch:floor-boss-480,【星糸】セレス / 【星糸】ルミナ / 【誓姫】リリエット / 【誓姫】ロゼット,ch2_celes / ch2_lumina / ch2_lyriet / ch2_rosette,480,100,100,100,2.75,
rematch:floor-boss-480,【剣姫】ネメシア / 【剣姫】エヴェリア / 【双鐘】フェルネ / 【双鐘】クラリス,ch2_nemesia / ch2_everia / ch2_ferne / ch2_clarisse,480,100,100,100,2.52,
rematch:floor-boss-480,【鏡侍女】リュネ / 【鏡侍女】ロゼ / 【聖翼】アウレ / 【聖翼】ノエル,ch2_ryune / ch2_rose / ch2_aure / ch2_noelle,480,100,100,100,3.12,
rematch:floor-boss-570,【返誓】ロスティア / 【返誓】アルテア / 【星刻】エイレーネ / 【星刻】イリデル,ch2_rostia / ch2_althea / ch2_eirene / ch2_iridelle,570,100,100,100,2.57,
rematch:floor-boss-570,【星糸】セレス / 【星糸】ルミナ / 【誓姫】リリエット / 【誓姫】ロゼット,ch2_celes / ch2_lumina / ch2_lyriet / ch2_rosette,570,100,100,100,2.65,
rematch:floor-boss-570,【剣姫】ネメシア / 【剣姫】エヴェリア / 【双鐘】フェルネ / 【双鐘】クラリス,ch2_nemesia / ch2_everia / ch2_ferne / ch2_clarisse,570,100,100,100,2.33,
rematch:floor-boss-660,【返誓】ロスティア / 【返誓】アルテア / 【星刻】エイレーネ / 【星刻】イリデル,ch2_rostia / ch2_althea / ch2_eirene / ch2_iridelle,660,100,100,100,2.87,
rematch:floor-boss-660,【鏡侍女】リュネ / 【鏡侍女】ロゼ / 【聖翼】アウレ / 【聖翼】ノエル,ch2_ryune / ch2_rose / ch2_aure / ch2_noelle,660,100,100,100,3.35,
rematch:floor-boss-660,【霊符】シオン / 【霊符】スイレン / 【日月】ルナリア / 【日月】ソラリア,ch2_shion / ch2_suiren / ch2_lunaria / ch2_solaria,660,100,100,100,3.39,
rematch:floor-boss-750,【封鍵】メリオラ / 【封鍵】エリゼル / 【薔薇】ノクテル / 【薔薇】オーリアン,ch2_meliora / ch2_elyselle / ch2_noctelle / ch2_auriane,750,100,100,100,4.22,
rematch:floor-boss-750,【鏡侍女】リュネ / 【鏡侍女】ロゼ / 【聖翼】アウレ / 【聖翼】ノエル,ch2_ryune / ch2_rose / ch2_aure / ch2_noelle,750,100,100,100,5.63,
rematch:floor-boss-750,【霊符】シオン / 【霊符】スイレン / 【日月】ルナリア / 【日月】ソラリア,ch2_shion / ch2_suiren / ch2_lunaria / ch2_solaria,750,100,100,100,5.11,
rematch:floor-boss-840,【鏡侍女】リュネ / 【鏡侍女】ロゼ / 【聖翼】アウレ / 【聖翼】ノエル,ch2_ryune / ch2_rose / ch2_aure / ch2_noelle,840,100,88,88.0,3.38,
rematch:floor-boss-840,【霊符】シオン / 【霊符】スイレン / 【日月】ルナリア / 【日月】ソラリア,ch2_shion / ch2_suiren / ch2_lunaria / ch2_solaria,840,100,97,97.0,3.2,
rematch:floor-boss-840,【封鍵】メリオラ / 【封鍵】エリゼル / 【薔薇】ノクテル / 【薔薇】オーリアン,ch2_meliora / ch2_elyselle / ch2_noctelle / ch2_auriane,840,100,98,98.0,3.05,
rematch:floor-boss-930,【封鍵】メリオラ / 【封鍵】エリゼル / 【薔薇】ノクテル / 【薔薇】オーリアン,ch2_meliora / ch2_elyselle / ch2_noctelle / ch2_auriane,930,100,89,89.0,22.75,
rematch:floor-boss-930,【双藤】ネヴィア / 【双藤】エルミナ / 【聖翼】アウレ / 【聖翼】ノエル,ch2_nevia / ch2_elmina / ch2_aure / ch2_noelle,930,100,95,95.0,19.24,
rematch:floor-boss-930,【剣姫】ネメシア / 【剣姫】エヴェリア / 【双鐘】フェルネ / 【双鐘】クラリス,ch2_nemesia / ch2_everia / ch2_ferne / ch2_clarisse,930,100,100,100,8.12,
corridor:2,【鏡侍女】リュネ / 【鏡侍女】ロゼ / 【聖翼】アウレ / 【聖翼】ノエル,ch2_ryune / ch2_rose / ch2_aure / ch2_noelle,20,100,100,100,1.08,
corridor:2,【双雷】カリスタ / 【双雷】ソレーヌ / 【薬毒】ミレア / 【薬毒】ヴィオラ,ch2_calista / ch2_solenne / ch2_mirea / ch2_viola,20,100,100,100,1.06,
corridor:2,【霊符】シオン / 【霊符】スイレン / 【日月】ルナリア / 【日月】ソラリア,ch2_shion / ch2_suiren / ch2_lunaria / ch2_solaria,20,100,100,100,1.02,
corridor:10,【双藤】ネヴィア / 【双藤】エルミナ / 【聖翼】アウレ / 【聖翼】ノエル,ch2_nevia / ch2_elmina / ch2_aure / ch2_noelle,110,100,100,100,1.35,
corridor:10,【剣姫】ネメシア / 【剣姫】エヴェリア / 【双鐘】フェルネ / 【双鐘】クラリス,ch2_nemesia / ch2_everia / ch2_ferne / ch2_clarisse,110,100,100,100,1.1,
corridor:10,【鏡侍女】リュネ / 【鏡侍女】ロゼ / 【聖翼】アウレ / 【聖翼】ノエル,ch2_ryune / ch2_rose / ch2_aure / ch2_noelle,110,100,100,100,2,
corridor:18,【剣姫】ネメシア / 【剣姫】エヴェリア / 【双鐘】フェルネ / 【双鐘】クラリス,ch2_nemesia / ch2_everia / ch2_ferne / ch2_clarisse,190,100,100,100,1.38,
corridor:18,【封鍵】メリオラ / 【封鍵】エリゼル / 【薔薇】ノクテル / 【薔薇】オーリアン,ch2_meliora / ch2_elyselle / ch2_noctelle / ch2_auriane,190,100,100,100,2,
corridor:18,【月狐】カグラ / 【月狐】サヨ / 【双鐘】フェルネ / 【双鐘】クラリス,ch2_kagura / ch2_sayo / ch2_ferne / ch2_clarisse,190,100,100,100,2.06,
corridor:26,【竜姫】ドラシア / 【竜姫】リュシエ / 【薬毒】ミレア / 【薬毒】ヴィオラ,ch2_dracia / ch2_rucie / ch2_mirea / ch2_viola,280,100,100,100,1.87,
corridor:26,【返誓】ロスティア / 【返誓】アルテア / 【星刻】エイレーネ / 【星刻】イリデル,ch2_rostia / ch2_althea / ch2_eirene / ch2_iridelle,280,100,100,100,1.2,
corridor:26,【星糸】セレス / 【星糸】ルミナ / 【誓姫】リリエット / 【誓姫】ロゼット,ch2_celes / ch2_lumina / ch2_lyriet / ch2_rosette,280,100,100,100,1.87,
corridor:34,【封鍵】メリオラ / 【封鍵】エリゼル / 【薔薇】ノクテル / 【薔薇】オーリアン,ch2_meliora / ch2_elyselle / ch2_noctelle / ch2_auriane,370,100,100,100,2.08,
corridor:34,【返誓】ロスティア / 【返誓】アルテア / 【星刻】エイレーネ / 【星刻】イリデル,ch2_rostia / ch2_althea / ch2_eirene / ch2_iridelle,370,100,100,100,2.22,
corridor:34,【剣姫】ネメシア / 【剣姫】エヴェリア / 【双鐘】フェルネ / 【双鐘】クラリス,ch2_nemesia / ch2_everia / ch2_ferne / ch2_clarisse,370,100,100,100,2.05,
corridor:42,【鏡侍女】リュネ / 【鏡侍女】ロゼ / 【聖翼】アウレ / 【聖翼】ノエル,ch2_ryune / ch2_rose / ch2_aure / ch2_noelle,460,100,100,100,3.08,
corridor:42,【霊符】シオン / 【霊符】スイレン / 【日月】ルナリア / 【日月】ソラリア,ch2_shion / ch2_suiren / ch2_lunaria / ch2_solaria,460,100,100,100,3.12,
corridor:42,【封鍵】メリオラ / 【封鍵】エリゼル / 【薔薇】ノクテル / 【薔薇】オーリアン,ch2_meliora / ch2_elyselle / ch2_noctelle / ch2_auriane,460,100,100,100,2.59,
corridor:50,【星糸】セレス / 【星糸】ルミナ / 【誓姫】リリエット / 【誓姫】ロゼット,ch2_celes / ch2_lumina / ch2_lyriet / ch2_rosette,550,100,100,100,7.02,
corridor:50,【封鍵】メリオラ / 【封鍵】エリゼル / 【薔薇】ノクテル / 【薔薇】オーリアン,ch2_meliora / ch2_elyselle / ch2_noctelle / ch2_auriane,550,100,100,100,6.98,
corridor:50,【剣姫】ネメシア / 【剣姫】エヴェリア / 【双鐘】フェルネ / 【双鐘】クラリス,ch2_nemesia / ch2_everia / ch2_ferne / ch2_clarisse,550,100,100,100,5.33,
corridor:58,【双藤】ネヴィア / 【双藤】エルミナ / 【聖翼】アウレ / 【聖翼】ノエル,ch2_nevia / ch2_elmina / ch2_aure / ch2_noelle,640,100,99,99.0,1.99,
corridor:58,【双雷】カリスタ / 【双雷】ソレーヌ / 【薬毒】ミレア / 【薬毒】ヴィオラ,ch2_calista / ch2_solenne / ch2_mirea / ch2_viola,640,100,99,99.0,2.36,
corridor:58,【霊符】シオン / 【霊符】スイレン / 【日月】ルナリア / 【日月】ソラリア,ch2_shion / ch2_suiren / ch2_lunaria / ch2_solaria,640,100,98,98.0,2.1,
corridor:66,【剣姫】ネメシア / 【剣姫】エヴェリア / 【双鐘】フェルネ / 【双鐘】クラリス,ch2_nemesia / ch2_everia / ch2_ferne / ch2_clarisse,730,100,100,100,3.04,
corridor:66,【鏡侍女】リュネ / 【鏡侍女】ロゼ / 【聖翼】アウレ / 【聖翼】ノエル,ch2_ryune / ch2_rose / ch2_aure / ch2_noelle,730,100,100,100,6.31,
corridor:66,【霊符】シオン / 【霊符】スイレン / 【日月】ルナリア / 【日月】ソラリア,ch2_shion / ch2_suiren / ch2_lunaria / ch2_solaria,730,100,100,100,3.98,
corridor:74,【霊符】シオン / 【霊符】スイレン / 【日月】ルナリア / 【日月】ソラリア,ch2_shion / ch2_suiren / ch2_lunaria / ch2_solaria,820,100,100,100,2.14,
corridor:74,【封鍵】メリオラ / 【封鍵】エリゼル / 【薔薇】ノクテル / 【薔薇】オーリアン,ch2_meliora / ch2_elyselle / ch2_noctelle / ch2_auriane,820,100,100,100,2.01,
corridor:74,【双藤】ネヴィア / 【双藤】エルミナ / 【聖翼】アウレ / 【聖翼】ノエル,ch2_nevia / ch2_elmina / ch2_aure / ch2_noelle,820,100,100,100,1.96,
corridor:82,【竜姫】ドラシア / 【竜姫】リュシエ / 【薬毒】ミレア / 【薬毒】ヴィオラ,ch2_dracia / ch2_rucie / ch2_mirea / ch2_viola,910,100,60,60.0,14.56,
corridor:82,【剣姫】ネメシア / 【剣姫】エヴェリア / 【双鐘】フェルネ / 【双鐘】クラリス,ch2_nemesia / ch2_everia / ch2_ferne / ch2_clarisse,910,100,96,96.0,6.78,
corridor:82,【霊符】シオン / 【霊符】スイレン / 【日月】ルナリア / 【日月】ソラリア,ch2_shion / ch2_suiren / ch2_lunaria / ch2_solaria,910,100,74,74.0,9.79,
corridor:82,【星糸】セレス / 【星糸】ルミナ / 【誓姫】リリエット / 【誓姫】ロゼット,ch2_celes / ch2_lumina / ch2_lyriet / ch2_rosette,910,100,73,73.0,11.33,
corridor:90,【月狐】カグラ / 【月狐】サヨ / 【双鐘】フェルネ / 【双鐘】クラリス,ch2_kagura / ch2_sayo / ch2_ferne / ch2_clarisse,990,100,93,93.0,8.3,
corridor:90,【鏡侍女】リュネ / 【鏡侍女】ロゼ / 【聖翼】アウレ / 【聖翼】ノエル,ch2_ryune / ch2_rose / ch2_aure / ch2_noelle,990,100,80,80.0,16.31,
corridor:90,【霊符】シオン / 【霊符】スイレン / 【日月】ルナリア / 【日月】ソラリア,ch2_shion / ch2_suiren / ch2_lunaria / ch2_solaria,990,100,89,89.0,11.5,
corridor:98,【返誓】ロスティア / 【返誓】アルテア / 【星刻】エイレーネ / 【星刻】イリデル,ch2_rostia / ch2_althea / ch2_eirene / ch2_iridelle,7204,100,100,100,2.87,
corridor:98,【封鍵】メリオラ / 【封鍵】エリゼル / 【薔薇】ノクテル / 【薔薇】オーリアン,ch2_meliora / ch2_elyselle / ch2_noctelle / ch2_auriane,7204,100,100,100,3.03,
corridor:98,【月狐】カグラ / 【月狐】サヨ / 【双鐘】フェルネ / 【双鐘】クラリス,ch2_kagura / ch2_sayo / ch2_ferne / ch2_clarisse,7204,100,100,100,3.9,
corridor:106,【竜姫】ドラシア / 【竜姫】リュシエ / 【薬毒】ミレア / 【薬毒】ヴィオラ,ch2_dracia / ch2_rucie / ch2_mirea / ch2_viola,7780,100,98,98.0,2.77,
corridor:106,【月狐】カグラ / 【月狐】サヨ / 【双鐘】フェルネ / 【双鐘】クラリス,ch2_kagura / ch2_sayo / ch2_ferne / ch2_clarisse,7780,100,93,93.0,3.4,
corridor:106,【霊符】シオン / 【霊符】スイレン / 【日月】ルナリア / 【日月】ソラリア,ch2_shion / ch2_suiren / ch2_lunaria / ch2_solaria,7780,100,93,93.0,2.33,
team:2,【鏡侍女】リュネ / 【鏡侍女】ロゼ / 【聖翼】アウレ / 【聖翼】ノエル,ch2_ryune / ch2_rose / ch2_aure / ch2_noelle,111,100,100,100,1,
team:2,【双雷】カリスタ / 【双雷】ソレーヌ / 【薬毒】ミレア / 【薬毒】ヴィオラ,ch2_calista / ch2_solenne / ch2_mirea / ch2_viola,111,100,100,100,1.01,
team:2,【硝子】セリア / 【硝子】カルミア / 封書の小剣姫ルメア / 夜灯の従騎フィオラ,ch2_seria / ch2_carmia / ch2_lumea / ch2_fiora,111,100,100,100,1.06,
team:10,【霊符】シオン / 【霊符】スイレン / 【日月】ルナリア / 【日月】ソラリア,ch2_shion / ch2_suiren / ch2_lunaria / ch2_solaria,135,100,100,100,1,
team:10,【封鍵】メリオラ / 【封鍵】エリゼル / 【薔薇】ノクテル / 【薔薇】オーリアン,ch2_meliora / ch2_elyselle / ch2_noctelle / ch2_auriane,135,100,100,100,1,
team:10,【星糸】セレス / 【星糸】ルミナ / 【誓姫】リリエット / 【誓姫】ロゼット,ch2_celes / ch2_lumina / ch2_lyriet / ch2_rosette,135,100,100,100,1.02,
team:18,【剣姫】ネメシア / 【剣姫】エヴェリア / 【双鐘】フェルネ / 【双鐘】クラリス,ch2_nemesia / ch2_everia / ch2_ferne / ch2_clarisse,190,100,100,100,1.07,
team:18,【鏡侍女】リュネ / 【鏡侍女】ロゼ / 【聖翼】アウレ / 【聖翼】ノエル,ch2_ryune / ch2_rose / ch2_aure / ch2_noelle,190,100,100,100,2,
team:18,【霊符】シオン / 【霊符】スイレン / 【日月】ルナリア / 【日月】ソラリア,ch2_shion / ch2_suiren / ch2_lunaria / ch2_solaria,190,100,100,100,1.99,
team:26,【鏡侍女】リュネ / 【鏡侍女】ロゼ / 【聖翼】アウレ / 【聖翼】ノエル,ch2_ryune / ch2_rose / ch2_aure / ch2_noelle,280,100,100,100,2,
team:26,【双雷】カリスタ / 【双雷】ソレーヌ / 【薬毒】ミレア / 【薬毒】ヴィオラ,ch2_calista / ch2_solenne / ch2_mirea / ch2_viola,280,100,100,100,1.97,
team:26,【霊符】シオン / 【霊符】スイレン / 【日月】ルナリア / 【日月】ソラリア,ch2_shion / ch2_suiren / ch2_lunaria / ch2_solaria,280,100,100,100,1.86,
team:34,【返誓】ロスティア / 【返誓】アルテア / 【星刻】エイレーネ / 【星刻】イリデル,ch2_rostia / ch2_althea / ch2_eirene / ch2_iridelle,370,100,100,100,2.68,
team:34,【鏡侍女】リュネ / 【鏡侍女】ロゼ / 【聖翼】アウレ / 【聖翼】ノエル,ch2_ryune / ch2_rose / ch2_aure / ch2_noelle,370,100,100,100,3.02,
team:34,【霊符】シオン / 【霊符】スイレン / 【日月】ルナリア / 【日月】ソラリア,ch2_shion / ch2_suiren / ch2_lunaria / ch2_solaria,370,100,100,100,2.99,
team:42,【剣姫】ネメシア / 【剣姫】エヴェリア / 【双鐘】フェルネ / 【双鐘】クラリス,ch2_nemesia / ch2_everia / ch2_ferne / ch2_clarisse,460,100,100,100,3.22,
team:42,【封鍵】メリオラ / 【封鍵】エリゼル / 【薔薇】ノクテル / 【薔薇】オーリアン,ch2_meliora / ch2_elyselle / ch2_noctelle / ch2_auriane,460,100,100,100,4.22,
team:42,【霊符】シオン / 【霊符】スイレン / 【日月】ルナリア / 【日月】ソラリア,ch2_shion / ch2_suiren / ch2_lunaria / ch2_solaria,460,100,100,100,4.1,
team:50,【双藤】ネヴィア / 【双藤】エルミナ / 【聖翼】アウレ / 【聖翼】ノエル,ch2_nevia / ch2_elmina / ch2_aure / ch2_noelle,550,100,100,100,6.24,
team:50,【返誓】ロスティア / 【返誓】アルテア / 【星刻】エイレーネ / 【星刻】イリデル,ch2_rostia / ch2_althea / ch2_eirene / ch2_iridelle,550,100,100,100,6.77,
team:50,【剣姫】ネメシア / 【剣姫】エヴェリア / 【双鐘】フェルネ / 【双鐘】クラリス,ch2_nemesia / ch2_everia / ch2_ferne / ch2_clarisse,550,100,100,100,6.06,
team:58,【剣姫】ネメシア / 【剣姫】エヴェリア / 【双鐘】フェルネ / 【双鐘】クラリス,ch2_nemesia / ch2_everia / ch2_ferne / ch2_clarisse,640,100,100,100,1.82,
team:58,【鏡侍女】リュネ / 【鏡侍女】ロゼ / 【聖翼】アウレ / 【聖翼】ノエル,ch2_ryune / ch2_rose / ch2_aure / ch2_noelle,640,100,100,100,2.03,
team:58,【双雷】カリスタ / 【双雷】ソレーヌ / 【薬毒】ミレア / 【薬毒】ヴィオラ,ch2_calista / ch2_solenne / ch2_mirea / ch2_viola,640,100,100,100,2.31,
team:66,【星糸】セレス / 【星糸】ルミナ / 【誓姫】リリエット / 【誓姫】ロゼット,ch2_celes / ch2_lumina / ch2_lyriet / ch2_rosette,730,100,100,100,2.42,
team:66,【霊符】シオン / 【霊符】スイレン / 【日月】ルナリア / 【日月】ソラリア,ch2_shion / ch2_suiren / ch2_lunaria / ch2_solaria,730,100,100,100,2.78,
team:66,【双藤】ネヴィア / 【双藤】エルミナ / 【聖翼】アウレ / 【聖翼】ノエル,ch2_nevia / ch2_elmina / ch2_aure / ch2_noelle,730,100,100,100,2.93,
team:74,【封鍵】メリオラ / 【封鍵】エリゼル / 【薔薇】ノクテル / 【薔薇】オーリアン,ch2_meliora / ch2_elyselle / ch2_noctelle / ch2_auriane,820,100,100,100,1.28,
team:74,【双藤】ネヴィア / 【双藤】エルミナ / 【聖翼】アウレ / 【聖翼】ノエル,ch2_nevia / ch2_elmina / ch2_aure / ch2_noelle,820,100,100,100,1.65,
team:74,【返誓】ロスティア / 【返誓】アルテア / 【星刻】エイレーネ / 【星刻】イリデル,ch2_rostia / ch2_althea / ch2_eirene / ch2_iridelle,820,100,100,100,2,
team:82,【剣姫】ネメシア / 【剣姫】エヴェリア / 【双鐘】フェルネ / 【双鐘】クラリス,ch2_nemesia / ch2_everia / ch2_ferne / ch2_clarisse,910,100,100,100,3.44,
team:82,【霊符】シオン / 【霊符】スイレン / 【日月】ルナリア / 【日月】ソラリア,ch2_shion / ch2_suiren / ch2_lunaria / ch2_solaria,910,100,100,100,4.33,
team:82,【双藤】ネヴィア / 【双藤】エルミナ / 【聖翼】アウレ / 【聖翼】ノエル,ch2_nevia / ch2_elmina / ch2_aure / ch2_noelle,910,100,100,100,4.48,
team:90,【月狐】カグラ / 【月狐】サヨ / 【双鐘】フェルネ / 【双鐘】クラリス,ch2_kagura / ch2_sayo / ch2_ferne / ch2_clarisse,990,100,99,99.0,4.72,
team:90,【霊符】シオン / 【霊符】スイレン / 【日月】ルナリア / 【日月】ソラリア,ch2_shion / ch2_suiren / ch2_lunaria / ch2_solaria,990,100,97,97.0,7.2,
team:90,【双藤】ネヴィア / 【双藤】エルミナ / 【聖翼】アウレ / 【聖翼】ノエル,ch2_nevia / ch2_elmina / ch2_aure / ch2_noelle,990,100,100,100,6.84,
manual:abyss_wrath:manifest100,【鏡侍女】リュネ / 【鏡侍女】ロゼ / 【聖翼】アウレ / 【聖翼】ノエル,ch2_ryune / ch2_rose / ch2_aure / ch2_noelle,10000,100,100,100,1,
manual:abyss_wrath:manifest100,【双雷】カリスタ / 【双雷】ソレーヌ / 【薬毒】ミレア / 【薬毒】ヴィオラ,ch2_calista / ch2_solenne / ch2_mirea / ch2_viola,10000,100,100,100,1,
manual:abyss_wrath:manifest100,【硝子】セリア / 【硝子】カルミア / 封書の小剣姫ルメア / 夜灯の従騎フィオラ,ch2_seria / ch2_carmia / ch2_lumea / ch2_fiora,10000,100,100,100,1.04,
manual:abyss_sloth:manifest100,【鏡侍女】リュネ / 【鏡侍女】ロゼ / 【聖翼】アウレ / 【聖翼】ノエル,ch2_ryune / ch2_rose / ch2_aure / ch2_noelle,10000,100,100,100,1,
manual:abyss_sloth:manifest100,【双雷】カリスタ / 【双雷】ソレーヌ / 【薬毒】ミレア / 【薬毒】ヴィオラ,ch2_calista / ch2_solenne / ch2_mirea / ch2_viola,10000,100,100,100,1.04,
manual:abyss_sloth:manifest100,【霊符】シオン / 【霊符】スイレン / 【日月】ルナリア / 【日月】ソラリア,ch2_shion / ch2_suiren / ch2_lunaria / ch2_solaria,10000,100,100,100,1,
manual:abyss_lust:manifest100,【鏡侍女】リュネ / 【鏡侍女】ロゼ / 【聖翼】アウレ / 【聖翼】ノエル,ch2_ryune / ch2_rose / ch2_aure / ch2_noelle,10000,100,100,100,1.01,
manual:abyss_lust:manifest100,【双雷】カリスタ / 【双雷】ソレーヌ / 【薬毒】ミレア / 【薬毒】ヴィオラ,ch2_calista / ch2_solenne / ch2_mirea / ch2_viola,10000,100,100,100,1,
manual:abyss_lust:manifest100,【硝子】セリア / 【硝子】カルミア / 封書の小剣姫ルメア / 夜灯の従騎フィオラ,ch2_seria / ch2_carmia / ch2_lumea / ch2_fiora,10000,100,100,100,1.2,
manual:ten_time:manifest100,【双雷】カリスタ / 【双雷】ソレーヌ / 【薬毒】ミレア / 【薬毒】ヴィオラ,ch2_calista / ch2_solenne / ch2_mirea / ch2_viola,10000,100,100,100,1.56,
manual:ten_time:manifest100,【霊符】シオン / 【霊符】スイレン / 【日月】ルナリア / 【日月】ソラリア,ch2_shion / ch2_suiren / ch2_lunaria / ch2_solaria,10000,100,100,100,1.11,
manual:ten_time:manifest100,【封鍵】メリオラ / 【封鍵】エリゼル / 【薔薇】ノクテル / 【薔薇】オーリアン,ch2_meliora / ch2_elyselle / ch2_noctelle / ch2_auriane,10000,100,100,100,1.13,
manual:ten_life:manifest100,【霊符】シオン / 【霊符】スイレン / 【日月】ルナリア / 【日月】ソラリア,ch2_shion / ch2_suiren / ch2_lunaria / ch2_solaria,10000,100,100,100,1.11,
manual:ten_life:manifest100,【封鍵】メリオラ / 【封鍵】エリゼル / 【薔薇】ノクテル / 【薔薇】オーリアン,ch2_meliora / ch2_elyselle / ch2_noctelle / ch2_auriane,10000,100,100,100,1,
manual:ten_life:manifest100,【月狐】カグラ / 【月狐】サヨ / 【双鐘】フェルネ / 【双鐘】クラリス,ch2_kagura / ch2_sayo / ch2_ferne / ch2_clarisse,10000,100,100,100,1.01,
manual:ten_fate:manifest100,【鏡侍女】リュネ / 【鏡侍女】ロゼ / 【聖翼】アウレ / 【聖翼】ノエル,ch2_ryune / ch2_rose / ch2_aure / ch2_noelle,10000,100,100,100,1.77,
manual:ten_fate:manifest100,【霊符】シオン / 【霊符】スイレン / 【日月】ルナリア / 【日月】ソラリア,ch2_shion / ch2_suiren / ch2_lunaria / ch2_solaria,10000,100,100,100,1.36,
manual:ten_fate:manifest100,【竜姫】ドラシア / 【竜姫】リュシエ / 【薬毒】ミレア / 【薬毒】ヴィオラ,ch2_dracia / ch2_rucie / ch2_mirea / ch2_viola,10000,100,100,100,1.37,
manual:ten_dominion:manifest100,【鏡侍女】リュネ / 【鏡侍女】ロゼ / 【聖翼】アウレ / 【聖翼】ノエル,ch2_ryune / ch2_rose / ch2_aure / ch2_noelle,10000,100,100,100,1,
manual:ten_dominion:manifest100,【双雷】カリスタ / 【双雷】ソレーヌ / 【薬毒】ミレア / 【薬毒】ヴィオラ,ch2_calista / ch2_solenne / ch2_mirea / ch2_viola,10000,100,100,100,1.03,
manual:ten_dominion:manifest100,【霊符】シオン / 【霊符】スイレン / 【日月】ルナリア / 【日月】ソラリア,ch2_shion / ch2_suiren / ch2_lunaria / ch2_solaria,10000,100,100,100,1.01,
manual:ten_end:manifest100,【鏡侍女】リュネ / 【鏡侍女】ロゼ / 【聖翼】アウレ / 【聖翼】ノエル,ch2_ryune / ch2_rose / ch2_aure / ch2_noelle,10000,100,100,100,1.02,
manual:ten_end:manifest100,【双雷】カリスタ / 【双雷】ソレーヌ / 【薬毒】ミレア / 【薬毒】ヴィオラ,ch2_calista / ch2_solenne / ch2_mirea / ch2_viola,10000,100,100,100,1.01,
manual:ten_end:manifest100,【霊符】シオン / 【霊符】スイレン / 【日月】ルナリア / 【日月】ソラリア,ch2_shion / ch2_suiren / ch2_lunaria / ch2_solaria,10000,100,100,100,1.01,
chapter:a1_patrol:3,【鏡侍女】リュネ / 【鏡侍女】ロゼ / 【聖翼】アウレ / 【聖翼】ノエル,ch2_ryune / ch2_rose / ch2_aure / ch2_noelle,2156,100,100,100,1,
chapter:a1_patrol:3,【双雷】カリスタ / 【双雷】ソレーヌ / 【薬毒】ミレア / 【薬毒】ヴィオラ,ch2_calista / ch2_solenne / ch2_mirea / ch2_viola,2156,100,100,100,1,
chapter:a1_patrol:3,【霊符】シオン / 【霊符】スイレン / 【日月】ルナリア / 【日月】ソラリア,ch2_shion / ch2_suiren / ch2_lunaria / ch2_solaria,2156,100,100,100,1,
chapter:a1_west:5,【鏡侍女】リュネ / 【鏡侍女】ロゼ / 【聖翼】アウレ / 【聖翼】ノエル,ch2_ryune / ch2_rose / ch2_aure / ch2_noelle,2774,100,100,100,1,
chapter:a1_west:5,【双雷】カリスタ / 【双雷】ソレーヌ / 【薬毒】ミレア / 【薬毒】ヴィオラ,ch2_calista / ch2_solenne / ch2_mirea / ch2_viola,2774,100,100,100,1,
chapter:a1_west:5,【硝子】セリア / 【硝子】カルミア / 封書の小剣姫ルメア / 夜灯の従騎フィオラ,ch2_seria / ch2_carmia / ch2_lumea / ch2_fiora,2774,100,100,100,1.01,
chapter:a1_heart:1,【鏡侍女】リュネ / 【鏡侍女】ロゼ / 【聖翼】アウレ / 【聖翼】ノエル,ch2_ryune / ch2_rose / ch2_aure / ch2_noelle,1864,100,100,100,1.04,
chapter:a1_heart:1,【封鍵】メリオラ / 【封鍵】エリゼル / 【薔薇】ノクテル / 【薔薇】オーリアン,ch2_meliora / ch2_elyselle / ch2_noctelle / ch2_auriane,1864,100,100,100,1.01,
chapter:a1_heart:1,【双藤】ネヴィア / 【双藤】エルミナ / 【聖翼】アウレ / 【聖翼】ノエル,ch2_nevia / ch2_elmina / ch2_aure / ch2_noelle,1864,100,100,100,1.04,
chapter:a2_patrol:3,【鏡侍女】リュネ / 【鏡侍女】ロゼ / 【聖翼】アウレ / 【聖翼】ノエル,ch2_ryune / ch2_rose / ch2_aure / ch2_noelle,3080,100,100,100,1,
chapter:a2_patrol:3,【双雷】カリスタ / 【双雷】ソレーヌ / 【薬毒】ミレア / 【薬毒】ヴィオラ,ch2_calista / ch2_solenne / ch2_mirea / ch2_viola,3080,100,100,100,1,
chapter:a2_patrol:3,【硝子】セリア / 【硝子】カルミア / 封書の小剣姫ルメア / 夜灯の従騎フィオラ,ch2_seria / ch2_carmia / ch2_lumea / ch2_fiora,3080,100,100,100,1.03,
chapter:a2_west:5,【鏡侍女】リュネ / 【鏡侍女】ロゼ / 【聖翼】アウレ / 【聖翼】ノエル,ch2_ryune / ch2_rose / ch2_aure / ch2_noelle,3914,100,100,100,1,
chapter:a2_west:5,【双雷】カリスタ / 【双雷】ソレーヌ / 【薬毒】ミレア / 【薬毒】ヴィオラ,ch2_calista / ch2_solenne / ch2_mirea / ch2_viola,3914,100,100,100,1.01,
chapter:a2_west:5,【霊符】シオン / 【霊符】スイレン / 【日月】ルナリア / 【日月】ソラリア,ch2_shion / ch2_suiren / ch2_lunaria / ch2_solaria,3914,100,100,100,1,
chapter:a2_heart:1,【鏡侍女】リュネ / 【鏡侍女】ロゼ / 【聖翼】アウレ / 【聖翼】ノエル,ch2_ryune / ch2_rose / ch2_aure / ch2_noelle,2572,100,100,100,1.03,
chapter:a2_heart:1,【封鍵】メリオラ / 【封鍵】エリゼル / 【薔薇】ノクテル / 【薔薇】オーリアン,ch2_meliora / ch2_elyselle / ch2_noctelle / ch2_auriane,2572,100,100,100,1,
chapter:a2_heart:1,【双藤】ネヴィア / 【双藤】エルミナ / 【聖翼】アウレ / 【聖翼】ノエル,ch2_nevia / ch2_elmina / ch2_aure / ch2_noelle,2572,100,100,100,1.02,
chapter:a3_patrol:3,【鏡侍女】リュネ / 【鏡侍女】ロゼ / 【聖翼】アウレ / 【聖翼】ノエル,ch2_ryune / ch2_rose / ch2_aure / ch2_noelle,4312,100,100,100,1.03,
chapter:a3_patrol:3,【双雷】カリスタ / 【双雷】ソレーヌ / 【薬毒】ミレア / 【薬毒】ヴィオラ,ch2_calista / ch2_solenne / ch2_mirea / ch2_viola,4312,100,100,100,1.32,
chapter:a3_patrol:3,【霊符】シオン / 【霊符】スイレン / 【日月】ルナリア / 【日月】ソラリア,ch2_shion / ch2_suiren / ch2_lunaria / ch2_solaria,4312,100,100,100,1,
chapter:a3_west:5,【双雷】カリスタ / 【双雷】ソレーヌ / 【薬毒】ミレア / 【薬毒】ヴィオラ,ch2_calista / ch2_solenne / ch2_mirea / ch2_viola,5434,100,100,100,1.04,
chapter:a3_west:5,【霊符】シオン / 【霊符】スイレン / 【日月】ルナリア / 【日月】ソラリア,ch2_shion / ch2_suiren / ch2_lunaria / ch2_solaria,5434,100,100,100,1.01,
chapter:a3_west:5,【竜姫】ドラシア / 【竜姫】リュシエ / 【薬毒】ミレア / 【薬毒】ヴィオラ,ch2_dracia / ch2_rucie / ch2_mirea / ch2_viola,5434,100,100,100,1.02,
chapter:a3_heart:1,【剣姫】ネメシア / 【剣姫】エヴェリア / 【双鐘】フェルネ / 【双鐘】クラリス,ch2_nemesia / ch2_everia / ch2_ferne / ch2_clarisse,3516,100,100,100,3.48,
chapter:a3_heart:1,【封鍵】メリオラ / 【封鍵】エリゼル / 【薔薇】ノクテル / 【薔薇】オーリアン,ch2_meliora / ch2_elyselle / ch2_noctelle / ch2_auriane,3516,100,88,88.0,16.3,
chapter:a3_heart:1,【霊符】シオン / 【霊符】スイレン / 【日月】ルナリア / 【日月】ソラリア,ch2_shion / ch2_suiren / ch2_lunaria / ch2_solaria,3516,100,23,23.0,4.02,
chapter:a3_heart:1,【双藤】ネヴィア / 【双藤】エルミナ / 【聖翼】アウレ / 【聖翼】ノエル,ch2_nevia / ch2_elmina / ch2_aure / ch2_noelle,3516,100,2,2.0,7.53,
chapter:a3_heart:1,【返誓】ロスティア / 【返誓】アルテア / 【星刻】エイレーネ / 【星刻】イリデル,ch2_rostia / ch2_althea / ch2_eirene / ch2_iridelle,3516,100,94,94.0,6.73,
chapter:a4_patrol:3,【鏡侍女】リュネ / 【鏡侍女】ロゼ / 【聖翼】アウレ / 【聖翼】ノエル,ch2_ryune / ch2_rose / ch2_aure / ch2_noelle,5852,100,100,100,1,
chapter:a4_patrol:3,【双雷】カリスタ / 【双雷】ソレーヌ / 【薬毒】ミレア / 【薬毒】ヴィオラ,ch2_calista / ch2_solenne / ch2_mirea / ch2_viola,5852,100,100,100,1,
chapter:a4_patrol:3,【霊符】シオン / 【霊符】スイレン / 【日月】ルナリア / 【日月】ソラリア,ch2_shion / ch2_suiren / ch2_lunaria / ch2_solaria,5852,100,100,100,1,
chapter:a4_west:5,【双藤】ネヴィア / 【双藤】エルミナ / 【聖翼】アウレ / 【聖翼】ノエル,ch2_nevia / ch2_elmina / ch2_aure / ch2_noelle,7334,100,100,100,1.07,
chapter:a4_west:5,【星糸】セレス / 【星糸】ルミナ / 【誓姫】リリエット / 【誓姫】ロゼット,ch2_celes / ch2_lumina / ch2_lyriet / ch2_rosette,7334,100,100,100,1.06,
chapter:a4_west:5,【剣姫】ネメシア / 【剣姫】エヴェリア / 【双鐘】フェルネ / 【双鐘】クラリス,ch2_nemesia / ch2_everia / ch2_ferne / ch2_clarisse,7334,100,100,100,1.01,
chapter:a4_heart:1,【剣姫】ネメシア / 【剣姫】エヴェリア / 【双鐘】フェルネ / 【双鐘】クラリス,ch2_nemesia / ch2_everia / ch2_ferne / ch2_clarisse,4696,100,100,100,2.11,
chapter:a4_heart:1,【封鍵】メリオラ / 【封鍵】エリゼル / 【薔薇】ノクテル / 【薔薇】オーリアン,ch2_meliora / ch2_elyselle / ch2_noctelle / ch2_auriane,4696,100,100,100,3.97,
chapter:a4_heart:1,【返誓】ロスティア / 【返誓】アルテア / 【星刻】エイレーネ / 【星刻】イリデル,ch2_rostia / ch2_althea / ch2_eirene / ch2_iridelle,4696,100,100,100,2.98,
chapter:patrol:3,【鏡侍女】リュネ / 【鏡侍女】ロゼ / 【聖翼】アウレ / 【聖翼】ノエル,ch2_ryune / ch2_rose / ch2_aure / ch2_noelle,1617,100,100,100,1,
chapter:patrol:3,【双雷】カリスタ / 【双雷】ソレーヌ / 【薬毒】ミレア / 【薬毒】ヴィオラ,ch2_calista / ch2_solenne / ch2_mirea / ch2_viola,1617,100,100,100,1,
chapter:patrol:3,【硝子】セリア / 【硝子】カルミア / 封書の小剣姫ルメア / 夜灯の従騎フィオラ,ch2_seria / ch2_carmia / ch2_lumea / ch2_fiora,1617,100,100,100,1,
chapter:west:5,【鏡侍女】リュネ / 【鏡侍女】ロゼ / 【聖翼】アウレ / 【聖翼】ノエル,ch2_ryune / ch2_rose / ch2_aure / ch2_noelle,2090,100,100,100,1,
chapter:west:5,【双雷】カリスタ / 【双雷】ソレーヌ / 【薬毒】ミレア / 【薬毒】ヴィオラ,ch2_calista / ch2_solenne / ch2_mirea / ch2_viola,2090,100,100,100,1,
chapter:west:5,【硝子】セリア / 【硝子】カルミア / 封書の小剣姫ルメア / 夜灯の従騎フィオラ,ch2_seria / ch2_carmia / ch2_lumea / ch2_fiora,2090,100,100,100,1,
chapter:heart:1,【鏡侍女】リュネ / 【鏡侍女】ロゼ / 【聖翼】アウレ / 【聖翼】ノエル,ch2_ryune / ch2_rose / ch2_aure / ch2_noelle,1416,100,100,100,1,
chapter:heart:1,【双雷】カリスタ / 【双雷】ソレーヌ / 【薬毒】ミレア / 【薬毒】ヴィオラ,ch2_calista / ch2_solenne / ch2_mirea / ch2_viola,1416,100,100,100,1.01,
chapter:heart:1,【霊符】シオン / 【霊符】スイレン / 【日月】ルナリア / 【日月】ソラリア,ch2_shion / ch2_suiren / ch2_lunaria / ch2_solaria,1416,100,100,100,1,
chapter:vault0:3,【双雷】カリスタ / 【双雷】ソレーヌ / 【薬毒】ミレア / 【薬毒】ヴィオラ,ch2_calista / ch2_solenne / ch2_mirea / ch2_viola,2541,100,100,100,1.35,
chapter:vault0:3,【霊符】シオン / 【霊符】スイレン / 【日月】ルナリア / 【日月】ソラリア,ch2_shion / ch2_suiren / ch2_lunaria / ch2_solaria,2541,100,100,100,1.01,
chapter:vault0:3,【竜姫】ドラシア / 【竜姫】リュシエ / 【薬毒】ミレア / 【薬毒】ヴィオラ,ch2_dracia / ch2_rucie / ch2_mirea / ch2_viola,2541,100,100,100,1,
chapter:roam0_1:5,【鏡侍女】リュネ / 【鏡侍女】ロゼ / 【聖翼】アウレ / 【聖翼】ノエル,ch2_ryune / ch2_rose / ch2_aure / ch2_noelle,1995,100,100,100,1,
chapter:roam0_1:5,【双雷】カリスタ / 【双雷】ソレーヌ / 【薬毒】ミレア / 【薬毒】ヴィオラ,ch2_calista / ch2_solenne / ch2_mirea / ch2_viola,1995,100,100,100,1,
chapter:roam0_1:5,【硝子】セリア / 【硝子】カルミア / 封書の小剣姫ルメア / 夜灯の従騎フィオラ,ch2_seria / ch2_carmia / ch2_lumea / ch2_fiora,1995,100,100,100,1,
chapter:roam0_4:1,【鏡侍女】リュネ / 【鏡侍女】ロゼ / 【聖翼】アウレ / 【聖翼】ノエル,ch2_ryune / ch2_rose / ch2_aure / ch2_noelle,1239,100,100,100,1,
chapter:roam0_4:1,【双雷】カリスタ / 【双雷】ソレーヌ / 【薬毒】ミレア / 【薬毒】ヴィオラ,ch2_calista / ch2_solenne / ch2_mirea / ch2_viola,1239,100,100,100,1,
chapter:roam0_4:1,【硝子】セリア / 【硝子】カルミア / 封書の小剣姫ルメア / 夜灯の従騎フィオラ,ch2_seria / ch2_carmia / ch2_lumea / ch2_fiora,1239,100,100,100,1,
chapter:vault1:3,【星糸】セレス / 【星糸】ルミナ / 【誓姫】リリエット / 【誓姫】ロゼット,ch2_celes / ch2_lumina / ch2_lyriet / ch2_rosette,3557,100,100,100,1.05,
chapter:vault1:3,【剣姫】ネメシア / 【剣姫】エヴェリア / 【双鐘】フェルネ / 【双鐘】クラリス,ch2_nemesia / ch2_everia / ch2_ferne / ch2_clarisse,3557,100,100,100,1.03,
chapter:vault1:3,【鏡侍女】リュネ / 【鏡侍女】ロゼ / 【聖翼】アウレ / 【聖翼】ノエル,ch2_ryune / ch2_rose / ch2_aure / ch2_noelle,3557,100,100,100,2,
chapter:roam1_1:5,【霊符】シオン / 【霊符】スイレン / 【日月】ルナリア / 【日月】ソラリア,ch2_shion / ch2_suiren / ch2_lunaria / ch2_solaria,4940,100,100,100,1,
chapter:roam1_1:5,【双藤】ネヴィア / 【双藤】エルミナ / 【聖翼】アウレ / 【聖翼】ノエル,ch2_nevia / ch2_elmina / ch2_aure / ch2_noelle,4940,100,100,100,1.14,
chapter:roam1_1:5,【返誓】ロスティア / 【返誓】アルテア / 【星刻】エイレーネ / 【星刻】イリデル,ch2_rostia / ch2_althea / ch2_eirene / ch2_iridelle,4940,100,100,100,1.01,
chapter:roam1_4:1,【鏡侍女】リュネ / 【鏡侍女】ロゼ / 【聖翼】アウレ / 【聖翼】ノエル,ch2_ryune / ch2_rose / ch2_aure / ch2_noelle,1652,100,100,100,1,
chapter:roam1_4:1,【双雷】カリスタ / 【双雷】ソレーヌ / 【薬毒】ミレア / 【薬毒】ヴィオラ,ch2_calista / ch2_solenne / ch2_mirea / ch2_viola,1652,100,100,100,1,
chapter:roam1_4:1,【硝子】セリア / 【硝子】カルミア / 封書の小剣姫ルメア / 夜灯の従騎フィオラ,ch2_seria / ch2_carmia / ch2_lumea / ch2_fiora,1652,100,100,100,1,
chapter:vault2:3,【剣姫】ネメシア / 【剣姫】エヴェリア / 【双鐘】フェルネ / 【双鐘】クラリス,ch2_nemesia / ch2_everia / ch2_ferne / ch2_clarisse,5082,100,100,100,1,
chapter:vault2:3,【鏡侍女】リュネ / 【鏡侍女】ロゼ / 【聖翼】アウレ / 【聖翼】ノエル,ch2_ryune / ch2_rose / ch2_aure / ch2_noelle,5082,100,100,100,2,
chapter:vault2:3,【双雷】カリスタ / 【双雷】ソレーヌ / 【薬毒】ミレア / 【薬毒】ヴィオラ,ch2_calista / ch2_solenne / ch2_mirea / ch2_viola,5082,100,100,100,1.11,
chapter:roam2_1:5,【鏡侍女】リュネ / 【鏡侍女】ロゼ / 【聖翼】アウレ / 【聖翼】ノエル,ch2_ryune / ch2_rose / ch2_aure / ch2_noelle,3800,100,100,100,1,
chapter:roam2_1:5,【双雷】カリスタ / 【双雷】ソレーヌ / 【薬毒】ミレア / 【薬毒】ヴィオラ,ch2_calista / ch2_solenne / ch2_mirea / ch2_viola,3800,100,100,100,1,
chapter:roam2_1:5,【霊符】シオン / 【霊符】スイレン / 【日月】ルナリア / 【日月】ソラリア,ch2_shion / ch2_suiren / ch2_lunaria / ch2_solaria,3800,100,100,100,1,
chapter:roam2_4:1,【鏡侍女】リュネ / 【鏡侍女】ロゼ / 【聖翼】アウレ / 【聖翼】ノエル,ch2_ryune / ch2_rose / ch2_aure / ch2_noelle,2360,100,100,100,1,
chapter:roam2_4:1,【双雷】カリスタ / 【双雷】ソレーヌ / 【薬毒】ミレア / 【薬毒】ヴィオラ,ch2_calista / ch2_solenne / ch2_mirea / ch2_viola,2360,100,100,100,1,
chapter:roam2_4:1,【霊符】シオン / 【霊符】スイレン / 【日月】ルナリア / 【日月】ソラリア,ch2_shion / ch2_suiren / ch2_lunaria / ch2_solaria,2360,100,100,100,1,
chapter:vault3:3,【竜姫】ドラシア / 【竜姫】リュシエ / 【薬毒】ミレア / 【薬毒】ヴィオラ,ch2_dracia / ch2_rucie / ch2_mirea / ch2_viola,7115,100,100,100,2.46,
chapter:vault3:3,【双藤】ネヴィア / 【双藤】エルミナ / 【聖翼】アウレ / 【聖翼】ノエル,ch2_nevia / ch2_elmina / ch2_aure / ch2_noelle,7115,100,100,100,3,
chapter:vault3:3,【剣姫】ネメシア / 【剣姫】エヴェリア / 【双鐘】フェルネ / 【双鐘】クラリス,ch2_nemesia / ch2_everia / ch2_ferne / ch2_clarisse,7115,100,100,100,2.05,
chapter:roam3_1:5,【鏡侍女】リュネ / 【鏡侍女】ロゼ / 【聖翼】アウレ / 【聖翼】ノエル,ch2_ryune / ch2_rose / ch2_aure / ch2_noelle,5320,100,100,100,1,
chapter:roam3_1:5,【双雷】カリスタ / 【双雷】ソレーヌ / 【薬毒】ミレア / 【薬毒】ヴィオラ,ch2_calista / ch2_solenne / ch2_mirea / ch2_viola,5320,100,100,100,1,
chapter:roam3_1:5,【霊符】シオン / 【霊符】スイレン / 【日月】ルナリア / 【日月】ソラリア,ch2_shion / ch2_suiren / ch2_lunaria / ch2_solaria,5320,100,100,100,1,
chapter:roam3_4:1,【霊符】シオン / 【霊符】スイレン / 【日月】ルナリア / 【日月】ソラリア,ch2_shion / ch2_suiren / ch2_lunaria / ch2_solaria,5074,100,100,100,2,
chapter:roam3_4:1,【返誓】ロスティア / 【返誓】アルテア / 【星刻】エイレーネ / 【星刻】イリデル,ch2_rostia / ch2_althea / ch2_eirene / ch2_iridelle,5074,100,100,100,1.19,
chapter:roam3_4:1,【剣姫】ネメシア / 【剣姫】エヴェリア / 【双鐘】フェルネ / 【双鐘】クラリス,ch2_nemesia / ch2_everia / ch2_ferne / ch2_clarisse,5074,100,100,100,1.94,
chapter:vault4:3,【剣姫】ネメシア / 【剣姫】エヴェリア / 【双鐘】フェルネ / 【双鐘】クラリス,ch2_nemesia / ch2_everia / ch2_ferne / ch2_clarisse,9656,100,100,100,2,
chapter:vault4:3,【双藤】ネヴィア / 【双藤】エルミナ / 【聖翼】アウレ / 【聖翼】ノエル,ch2_nevia / ch2_elmina / ch2_aure / ch2_noelle,9656,100,100,100,3,
chapter:vault4:3,【星糸】セレス / 【星糸】ルミナ / 【誓姫】リリエット / 【誓姫】ロゼット,ch2_celes / ch2_lumina / ch2_lyriet / ch2_rosette,9656,100,100,100,2.03,
chapter:roam4_1:5,【霊符】シオン / 【霊符】スイレン / 【日月】ルナリア / 【日月】ソラリア,ch2_shion / ch2_suiren / ch2_lunaria / ch2_solaria,10000,100,100,100,2,
chapter:roam4_1:5,【返誓】ロスティア / 【返誓】アルテア / 【星刻】エイレーネ / 【星刻】イリデル,ch2_rostia / ch2_althea / ch2_eirene / ch2_iridelle,10000,100,100,100,1.16,
chapter:roam4_1:5,【星糸】セレス / 【星糸】ルミナ / 【誓姫】リリエット / 【誓姫】ロゼット,ch2_celes / ch2_lumina / ch2_lyriet / ch2_rosette,10000,100,100,100,2,
chapter:roam4_4:1,【霊符】シオン / 【霊符】スイレン / 【日月】ルナリア / 【日月】ソラリア,ch2_shion / ch2_suiren / ch2_lunaria / ch2_solaria,6372,100,100,100,2,
chapter:roam4_4:1,【星糸】セレス / 【星糸】ルミナ / 【誓姫】リリエット / 【誓姫】ロゼット,ch2_celes / ch2_lumina / ch2_lyriet / ch2_rosette,6372,100,100,100,2.1,
chapter:roam4_4:1,【剣姫】ネメシア / 【剣姫】エヴェリア / 【双鐘】フェルネ / 【双鐘】クラリス,ch2_nemesia / ch2_everia / ch2_ferne / ch2_clarisse,6372,100,100,100,2,
chapter:roam0_1_391:3,【鏡侍女】リュネ / 【鏡侍女】ロゼ / 【聖翼】アウレ / 【聖翼】ノエル,ch2_ryune / ch2_rose / ch2_aure / ch2_noelle,1617,100,100,100,1,
chapter:roam0_1_391:3,【双雷】カリスタ / 【双雷】ソレーヌ / 【薬毒】ミレア / 【薬毒】ヴィオラ,ch2_calista / ch2_solenne / ch2_mirea / ch2_viola,1617,100,100,100,1,
chapter:roam0_1_391:3,【硝子】セリア / 【硝子】カルミア / 封書の小剣姫ルメア / 夜灯の従騎フィオラ,ch2_seria / ch2_carmia / ch2_lumea / ch2_fiora,1617,100,100,100,1,
chapter:roam2_3_391:5,【鏡侍女】リュネ / 【鏡侍女】ロゼ / 【聖翼】アウレ / 【聖翼】ノエル,ch2_ryune / ch2_rose / ch2_aure / ch2_noelle,3800,100,100,100,1,
chapter:roam2_3_391:5,【双雷】カリスタ / 【双雷】ソレーヌ / 【薬毒】ミレア / 【薬毒】ヴィオラ,ch2_calista / ch2_solenne / ch2_mirea / ch2_viola,3800,100,100,100,1.01,
chapter:roam2_3_391:5,【硝子】セリア / 【硝子】カルミア / 封書の小剣姫ルメア / 夜灯の従騎フィオラ,ch2_seria / ch2_carmia / ch2_lumea / ch2_fiora,3800,100,100,100,1.01,
chapter:roam1_3_392:1,【鏡侍女】リュネ / 【鏡侍女】ロゼ / 【聖翼】アウレ / 【聖翼】ノエル,ch2_ryune / ch2_rose / ch2_aure / ch2_noelle,1652,100,100,100,1,
chapter:roam1_3_392:1,【双雷】カリスタ / 【双雷】ソレーヌ / 【薬毒】ミレア / 【薬毒】ヴィオラ,ch2_calista / ch2_solenne / ch2_mirea / ch2_viola,1652,100,100,100,1.01,
chapter:roam1_3_392:1,【硝子】セリア / 【硝子】カルミア / 封書の小剣姫ルメア / 夜灯の従騎フィオラ,ch2_seria / ch2_carmia / ch2_lumea / ch2_fiora,1652,100,100,100,1.05,
chapter:roam3_1_392:3,【鏡侍女】リュネ / 【鏡侍女】ロゼ / 【聖翼】アウレ / 【聖翼】ノエル,ch2_ryune / ch2_rose / ch2_aure / ch2_noelle,4312,100,100,100,1,
chapter:roam3_1_392:3,【双雷】カリスタ / 【双雷】ソレーヌ / 【薬毒】ミレア / 【薬毒】ヴィオラ,ch2_calista / ch2_solenne / ch2_mirea / ch2_viola,4312,100,100,100,1.01,
chapter:roam3_1_392:3,【霊符】シオン / 【霊符】スイレン / 【日月】ルナリア / 【日月】ソラリア,ch2_shion / ch2_suiren / ch2_lunaria / ch2_solaria,4312,100,100,100,1,
chapter:roam4_3_392:5,【返誓】ロスティア / 【返誓】アルテア / 【星刻】エイレーネ / 【星刻】イリデル,ch2_rostia / ch2_althea / ch2_eirene / ch2_iridelle,9880,100,100,100,1,
chapter:roam4_3_392:5,【剣姫】ネメシア / 【剣姫】エヴェリア / 【双鐘】フェルネ / 【双鐘】クラリス,ch2_nemesia / ch2_everia / ch2_ferne / ch2_clarisse,9880,100,100,100,1,
chapter:roam4_3_392:5,【鏡侍女】リュネ / 【鏡侍女】ロゼ / 【聖翼】アウレ / 【聖翼】ノエル,ch2_ryune / ch2_rose / ch2_aure / ch2_noelle,9880,100,100,100,2,
chapter:roam0_4_elite393:2,【鏡侍女】リュネ / 【鏡侍女】ロゼ / 【聖翼】アウレ / 【聖翼】ノエル,ch2_ryune / ch2_rose / ch2_aure / ch2_noelle,1418,100,100,100,1,
chapter:roam0_4_elite393:2,【双雷】カリスタ / 【双雷】ソレーヌ / 【薬毒】ミレア / 【薬毒】ヴィオラ,ch2_calista / ch2_solenne / ch2_mirea / ch2_viola,1418,100,100,100,1,
chapter:roam0_4_elite393:2,【硝子】セリア / 【硝子】カルミア / 封書の小剣姫ルメア / 夜灯の従騎フィオラ,ch2_seria / ch2_carmia / ch2_lumea / ch2_fiora,1418,100,100,100,1,
chapter:roam1_4_elite393:1,【鏡侍女】リュネ / 【鏡侍女】ロゼ / 【聖翼】アウレ / 【聖翼】ノエル,ch2_ryune / ch2_rose / ch2_aure / ch2_noelle,1610,100,100,100,1,
chapter:roam1_4_elite393:1,【双雷】カリスタ / 【双雷】ソレーヌ / 【薬毒】ミレア / 【薬毒】ヴィオラ,ch2_calista / ch2_solenne / ch2_mirea / ch2_viola,1610,100,100,100,1,
chapter:roam1_4_elite393:1,【霊符】シオン / 【霊符】スイレン / 【日月】ルナリア / 【日月】ソラリア,ch2_shion / ch2_suiren / ch2_lunaria / ch2_solaria,1610,100,100,100,1,
chapter:roam2_3_elite393:3,【鏡侍女】リュネ / 【鏡侍女】ロゼ / 【聖翼】アウレ / 【聖翼】ノエル,ch2_ryune / ch2_rose / ch2_aure / ch2_noelle,3200,100,100,100,1,
chapter:roam2_3_elite393:3,【双雷】カリスタ / 【双雷】ソレーヌ / 【薬毒】ミレア / 【薬毒】ヴィオラ,ch2_calista / ch2_solenne / ch2_mirea / ch2_viola,3200,100,100,100,1.01,
chapter:roam2_3_elite393:3,【霊符】シオン / 【霊符】スイレン / 【日月】ルナリア / 【日月】ソラリア,ch2_shion / ch2_suiren / ch2_lunaria / ch2_solaria,3200,100,100,100,1,
chapter:roam3_3_elite393:2,【霊符】シオン / 【霊符】スイレン / 【日月】ルナリア / 【日月】ソラリア,ch2_shion / ch2_suiren / ch2_lunaria / ch2_solaria,6480,100,100,100,2,
chapter:roam3_3_elite393:2,【封鍵】メリオラ / 【封鍵】エリゼル / 【薔薇】ノクテル / 【薔薇】オーリアン,ch2_meliora / ch2_elyselle / ch2_noctelle / ch2_auriane,6480,100,100,100,2,
chapter:roam3_3_elite393:2,【竜姫】ドラシア / 【竜姫】リュシエ / 【薬毒】ミレア / 【薬毒】ヴィオラ,ch2_dracia / ch2_rucie / ch2_mirea / ch2_viola,6480,100,100,100,2.01,
chapter:roam4_3_elite393:1,【霊符】シオン / 【霊符】スイレン / 【日月】ルナリア / 【日月】ソラリア,ch2_shion / ch2_suiren / ch2_lunaria / ch2_solaria,5980,100,100,100,2,
chapter:roam4_3_elite393:1,【返誓】ロスティア / 【返誓】アルテア / 【星刻】エイレーネ / 【星刻】イリデル,ch2_rostia / ch2_althea / ch2_eirene / ch2_iridelle,5980,100,100,100,1.7,
chapter:roam4_3_elite393:1,【星糸】セレス / 【星糸】ルミナ / 【誓姫】リリエット / 【誓姫】ロゼット,ch2_celes / ch2_lumina / ch2_lyriet / ch2_rosette,5980,100,100,100,2,
heroes:2,【霊符】シオン / 【霊符】スイレン / 【日月】ルナリア / 【日月】ソラリア,ch2_shion / ch2_suiren / ch2_lunaria / ch2_solaria,3000,100,100,100,4.36,
heroes:2,【双藤】ネヴィア / 【双藤】エルミナ / 【聖翼】アウレ / 【聖翼】ノエル,ch2_nevia / ch2_elmina / ch2_aure / ch2_noelle,3000,100,100,100,4.2,
heroes:2,【剣姫】ネメシア / 【剣姫】エヴェリア / 【双鐘】フェルネ / 【双鐘】クラリス,ch2_nemesia / ch2_everia / ch2_ferne / ch2_clarisse,3000,100,100,100,4.4,
heroes:10,【霊符】シオン / 【霊符】スイレン / 【日月】ルナリア / 【日月】ソラリア,ch2_shion / ch2_suiren / ch2_lunaria / ch2_solaria,5500,100,99,99.0,8.29,
heroes:10,【双藤】ネヴィア / 【双藤】エルミナ / 【聖翼】アウレ / 【聖翼】ノエル,ch2_nevia / ch2_elmina / ch2_aure / ch2_noelle,5500,100,99,99.0,7.58,
heroes:10,【剣姫】ネメシア / 【剣姫】エヴェリア / 【双鐘】フェルネ / 【双鐘】クラリス,ch2_nemesia / ch2_everia / ch2_ferne / ch2_clarisse,5500,100,100,100,6.88,
heroes:18,【霊符】シオン / 【霊符】スイレン / 【日月】ルナリア / 【日月】ソラリア,ch2_shion / ch2_suiren / ch2_lunaria / ch2_solaria,9500,100,100,100,6.89,
heroes:18,【双藤】ネヴィア / 【双藤】エルミナ / 【聖翼】アウレ / 【聖翼】ノエル,ch2_nevia / ch2_elmina / ch2_aure / ch2_noelle,9500,100,100,100,5.44,
heroes:18,【剣姫】ネメシア / 【剣姫】エヴェリア / 【双鐘】フェルネ / 【双鐘】クラリス,ch2_nemesia / ch2_everia / ch2_ferne / ch2_clarisse,9500,100,100,100,5.92,
campaign:8:boss,聖環精ルミナリエ / 根城兵ルートバスティオン / 焔妖狐イグナレナード / 炎冠獅レオイグニス,angelic_orb / root_guard / ember_fox / flame_lion,240,100,100,100,3.19,
campaign:8:boss,蒼歌姫セイレーネ / 鉄角王ミノスフェルム / 冥哭霊ネクロシア / 翡翠刃ジェイドリーパー,tide_siren / iron_minotaur / wraith / jade_mantis,240,100,100,100,3.31,
campaign:8:boss,霧海母ミストメドゥーサ / 苔王機モスゴリアス / 宵眼梟ノクティス / 鋏刃アビスロブスター,mist_jelly / moss_golem / dusk_owl / scissor_mantis,240,100,100,100,3.09,
campaign:16:boss,日輪聖女ソラリア / 海嘯幼竜リヴァイアス / 深海サルパ百鬼夜行 / 煉獄番犬ケルベロスイグナ,sun_priestess / leviathan_spawn / pencilcase_parade / inferno_cerberus,480,100,100,100,1,
campaign:16:boss,氷樹姫ニヴルドリアード / 黒葬騎ディアブロス / 雷衣術師エレノア / 禁海の断頭魚,frost_dryad / dark_knight / volt_veil_arcanist / forbidden_paper_cutter,480,100,100,100,1.02,
campaign:16:boss,天角聖鹿セレススタッグ / 熔甲王マグマスカラベ / 氷獄竜グレイシオン / 深海龍ネレイド,sky_stag / magma_beetle / frost_dragon / chalkboard_dragon,480,100,100,100,1.05,
campaign:24:boss,日輪聖女ソラリア / 世界樹護王ユグドガルド / 九天妖狐クズノハ / 虚無刃ヴォイドリーパー,sun_priestess / world_tree_guardian / nine_tail_fox / void_mantis,720,100,100,100,1.13,
campaign:24:boss,氷樹姫ニヴルドリアード / 海嘯幼竜リヴァイアス / 深海サルパ百鬼夜行 / 雷帝獣ヴァジュラ,frost_dryad / leviathan_spawn / pencilcase_parade / thunder_emperor,720,100,100,100,1.01,
campaign:24:boss,天角聖鹿セレススタッグ / 黒葬騎ディアブロス / 雷衣術師エレノア / 海魔騎クラーケンロード,sky_stag / dark_knight / volt_veil_arcanist / kraken_knight,720,100,100,100,1.01,
campaign:32:boss,神託梟オラクルノクス / 凍鏡騎士グラシエル / 天嵐蛇王テンペストナーガ / 天雷牙獣ライガルム,oracle_owl / frozen_mirror_knight / tempest_serpent / stormfang_behemoth,960,100,100,100,1.01,
campaign:32:boss,極光聖獣アウロラ / 地殻巨神テラコロッサス / 冥炎蝶ヘルモルフォ / 星辰機神アステリオン,aurora_unicorn / earth_colossus / hell_butterfly / star_automaton,960,100,100,100,1,
campaign:32:boss,日輪聖女ソラリア / 金剛神機アダマント / 氷界女帝グラシエラ / 戦慄騎ケンタウロス,sun_priestess / adamant_golem / glacier_queen / dread_centaur,960,100,100,100,1,
campaign:40:abyss_sloth,熾天聖セラフィエル / 凍鏡騎士グラシエル / 海皇姫ネレイディア / 雷霆麒麟ヴァジュラン,seraphim / frozen_mirror_knight / sea_empress / thunder_kirin,1200,100,100,100,2.45,
campaign:40:abyss_sloth,神託梟オラクルノクス / 天穹鯨セレスティア / 冥毒九頭竜ヒュドラ / 魔皇ディアボロス,oracle_owl / celestial_whale / abyssal_hydra / demon_lord,1200,100,100,100,2,
campaign:40:abyss_sloth,極光聖獣アウロラ / 地殻巨神テラコロッサス / 天嵐蛇王テンペストナーガ / 創界粘神ジェネシス,aurora_unicorn / earth_colossus / tempest_serpent / genesis_slime,1200,100,100,100,2.27,
campaign:48:boss,天翔聖馬ペガシエル / 雷装機神デウスマキナ / 海皇姫ネレイディア / 冥府皇ハデスノクス,celestial_pegasus / mechanical_deity / sea_empress / underworld_king,1440,100,100,100,1.03,
campaign:48:boss,刻律機クロノギア / 翠嶺巨獣ベヒモルド / 冥毒九頭竜ヒュドラ / 氷獄狼フェンリシア,time_keeper / emerald_behemoth / abyssal_hydra / frost_fenrir,1440,100,100,100,1,
campaign:48:boss,熾天聖セラフィエル / 凍鏡騎士グラシエル / 天嵐蛇王テンペストナーガ / 蝕界竜エクリプシア,seraphim / frozen_mirror_knight / tempest_serpent / eclipse_dragon,1440,100,100,100,1.01,
campaign:56:boss,天翔聖馬ペガシエル / 玄天聖亀ゲンブロス / 夢幻竜モルフェドラ / 混沌獣キメラカオス,celestial_pegasus / sacred_turtle / dream_dragon / chaos_chimera,1680,100,100,100,1,
campaign:56:boss,刻律機クロノギア / 黒曜巨神オブシディア / 月仙兎アルミラージュ / 日輪神鳥ソルガルーダ,time_keeper / obsidian_titan / moon_rabbit_sage / sun_garuda,1680,100,100,100,1,
campaign:56:boss,熾天聖セラフィエル / 雷装機神デウスマキナ / 嵐海覇竜リヴァイオン / 冥府皇ハデスノクス,seraphim / mechanical_deity / storm_leviathan / underworld_king,1680,100,100,100,1,
campaign:64:boss,森羅王ケルヌンノス / 玄天聖亀ゲンブロス / 星界賢王アストラスフィンクス / 雷冠竜ヴォルトレクス,forest_cernunnos / sacred_turtle / astral_sphinx / thunder_crown_dragon,1920,100,100,100,1.01,
campaign:64:boss,天翔聖馬ペガシエル / 黒曜巨神オブシディア / 晶界女帝クリスタリア / 太古竜エルドラグーン,celestial_pegasus / obsidian_titan / crystal_empress / ancient_dragon,1920,100,100,100,1,
campaign:64:boss,刻律機クロノギア / 雷装機神デウスマキナ / 夢幻竜モルフェドラ / 砂冥神アヌビス,time_keeper / mechanical_deity / dream_dragon / desert_anubis,1920,100,100,100,1,
campaign:72:boss,原初不死鳥フェニクシア / 獣界覇王ベヒモルク / 冥海竜皇リヴァイアサン / 黙示滅竜アポカリオン,primordial_phoenix / king_behemoth / abyssal_leviathan / apocalypse_dragon,2160,100,100,100,1,
campaign:72:boss,森羅王ケルヌンノス / 玄天聖亀ゲンブロス / ベチー / 天壊竜帝バハムート,forest_cernunnos / sacred_turtle / bechi / bahamut,2160,100,100,100,1,
campaign:72:boss,天翔聖馬ペガシエル / 黒曜巨神オブシディア / 星界賢王アストラスフィンクス / 極粘神オメガメルム,celestial_pegasus / obsidian_titan / astral_sphinx / omega_slime,2160,100,100,100,1,
campaign:80:ten_time,原初不死鳥フェニクシア / 創世巨神ジェネゴリア / 堕天熾使アザリエル / 混沌魔皇カオスディア,primordial_phoenix / genesis_golem / fallen_seraph / chaos_king,2400,100,100,100,1.02,
campaign:80:ten_time,森羅王ケルヌンノス / 終環蛇ヨルムンガルド / 虚無皇ヴォイドレクス / 永劫戦姫エタルキア,forest_cernunnos / world_serpent / void_emperor / eternal_valkyrie,2400,100,100,100,1.1,
campaign:80:ten_time,天翔聖馬ペガシエル / 獣界覇王ベヒモルク / 冥海竜皇リヴァイアサン / 神滅機アーク・ノア,celestial_pegasus / king_behemoth / abyssal_leviathan / god_machine_ark,2400,100,100,100,1.13,
campaign:86:boss,原初不死鳥フェニクシア / 創世巨神ジェネゴリア / 氷界皇ニヴルシア / 天帝麒麟セイラン,primordial_phoenix / genesis_golem / frost_sovereign / celestial_kirin,2580,100,100,100,1,
campaign:86:boss,森羅王ケルヌンノス / 終環蛇ヨルムンガルド / 無窮九頭竜インフィニドラ / 死界覇王モルディウス,forest_cernunnos / world_serpent / infinite_hydra / death_lord,2580,100,100,100,1,
campaign:86:boss,天翔聖馬ペガシエル / 獣界覇王ベヒモルク / 堕天熾使アザリエル / 混沌魔皇カオスディア,celestial_pegasus / king_behemoth / fallen_seraph / chaos_king,2580,100,100,100,1,
campaign:92:boss,月蝕狼ルナファング / 黒曜竜ヴァルグリム / 深淵海姫セイレーネ / 星葬姫ルミナリア,light_sovereign / earth_sovereign / time_dragon / storm_sovereign,2760,100,100,100,1,
campaign:92:boss,原初不死鳥フェニクシア / 創世巨神ジェネゴリア / 機神アークノヴァ / 天帝麒麟セイラン,primordial_phoenix / genesis_golem / dark_sovereign / celestial_kirin,2760,100,100,100,1.02,
campaign:92:boss,森羅王ケルヌンノス / 終環蛇ヨルムンガルド / 氷界皇ニヴルシア / 死界覇王モルディウス,forest_cernunnos / world_serpent / frost_sovereign / death_lord,2760,100,100,100,1.01,
campaign:100:ten_dominion,月蝕狼ルナファング / 天雷獅子レグルス / 翠嵐グリフォン / 星葬姫ルミナリア,light_sovereign / space_whale / dream_emperor / storm_sovereign,3000,100,100,100,1.05,
campaign:100:ten_dominion,原初不死鳥フェニクシア / 黒曜竜ヴァルグリム / 深淵海姫セイレーネ / 天帝麒麟セイラン,primordial_phoenix / earth_sovereign / time_dragon / celestial_kirin,3000,100,100,100,1.09,
campaign:100:ten_dominion,刻律機クロノギア / 獣界覇王ベヒモルク / 無窮九頭竜インフィニドラ / 永劫戦姫エタルキア,time_keeper / king_behemoth / infinite_hydra / eternal_valkyrie,3000,100,100,100,1.09,
rematch:floor-boss-50,【霊符】シオン / 【霊符】スイレン / 【日月】ルナリア / 【日月】ソラリア,ch2_shion / ch2_suiren / ch2_lunaria / ch2_solaria,50,100,100,100,2.24,
rematch:floor-boss-50,【封鍵】メリオラ / 【封鍵】エリゼル / 【薔薇】ノクテル / 【薔薇】オーリアン,ch2_meliora / ch2_elyselle / ch2_noctelle / ch2_auriane,50,100,100,100,2.18,
rematch:floor-boss-50,【双藤】ネヴィア / 【双藤】エルミナ / 【聖翼】アウレ / 【聖翼】ノエル,ch2_nevia / ch2_elmina / ch2_aure / ch2_noelle,50,100,100,100,2.38,
rematch:floor-boss-140,【剣姫】ネメシア / 【剣姫】エヴェリア / 【双鐘】フェルネ / 【双鐘】クラリス,ch2_nemesia / ch2_everia / ch2_ferne / ch2_clarisse,140,100,100,100,1.16,
rematch:floor-boss-140,【鏡侍女】リュネ / 【鏡侍女】ロゼ / 【聖翼】アウレ / 【聖翼】ノエル,ch2_ryune / ch2_rose / ch2_aure / ch2_noelle,140,100,100,100,2.01,
rematch:floor-boss-140,【双雷】カリスタ / 【双雷】ソレーヌ / 【薬毒】ミレア / 【薬毒】ヴィオラ,ch2_calista / ch2_solenne / ch2_mirea / ch2_viola,140,100,100,100,1.88,
rematch:floor-boss-230,【返誓】ロスティア / 【返誓】アルテア / 【星刻】エイレーネ / 【星刻】イリデル,ch2_rostia / ch2_althea / ch2_eirene / ch2_iridelle,230,100,100,100,2.52,
rematch:floor-boss-230,【剣姫】ネメシア / 【剣姫】エヴェリア / 【双鐘】フェルネ / 【双鐘】クラリス,ch2_nemesia / ch2_everia / ch2_ferne / ch2_clarisse,230,100,100,100,2.12,
rematch:floor-boss-230,【鏡侍女】リュネ / 【鏡侍女】ロゼ / 【聖翼】アウレ / 【聖翼】ノエル,ch2_ryune / ch2_rose / ch2_aure / ch2_noelle,230,100,100,100,3.31,
rematch:floor-boss-320,【霊符】シオン / 【霊符】スイレン / 【日月】ルナリア / 【日月】ソラリア,ch2_shion / ch2_suiren / ch2_lunaria / ch2_solaria,320,100,100,100,2.78,
rematch:floor-boss-320,【封鍵】メリオラ / 【封鍵】エリゼル / 【薔薇】ノクテル / 【薔薇】オーリアン,ch2_meliora / ch2_elyselle / ch2_noctelle / ch2_auriane,320,100,100,100,2.59,
rematch:floor-boss-320,【竜姫】ドラシア / 【竜姫】リュシエ / 【薬毒】ミレア / 【薬毒】ヴィオラ,ch2_dracia / ch2_rucie / ch2_mirea / ch2_viola,320,100,100,100,2.5,
rematch:floor-boss-410,【鏡侍女】リュネ / 【鏡侍女】ロゼ / 【聖翼】アウレ / 【聖翼】ノエル,ch2_ryune / ch2_rose / ch2_aure / ch2_noelle,410,100,100,100,2.1,
rematch:floor-boss-410,【双雷】カリスタ / 【双雷】ソレーヌ / 【薬毒】ミレア / 【薬毒】ヴィオラ,ch2_calista / ch2_solenne / ch2_mirea / ch2_viola,410,100,100,100,2.25,
rematch:floor-boss-410,【霊符】シオン / 【霊符】スイレン / 【日月】ルナリア / 【日月】ソラリア,ch2_shion / ch2_suiren / ch2_lunaria / ch2_solaria,410,100,100,100,2,
rematch:floor-boss-490,【返誓】ロスティア / 【返誓】アルテア / 【星刻】エイレーネ / 【星刻】イリデル,ch2_rostia / ch2_althea / ch2_eirene / ch2_iridelle,490,100,100,100,3.62,
rematch:floor-boss-490,【剣姫】ネメシア / 【剣姫】エヴェリア / 【双鐘】フェルネ / 【双鐘】クラリス,ch2_nemesia / ch2_everia / ch2_ferne / ch2_clarisse,490,100,100,100,2.37,
rematch:floor-boss-490,【封鍵】メリオラ / 【封鍵】エリゼル / 【薔薇】ノクテル / 【薔薇】オーリアン,ch2_meliora / ch2_elyselle / ch2_noctelle / ch2_auriane,490,100,100,100,4.29,
rematch:floor-boss-580,【竜姫】ドラシア / 【竜姫】リュシエ / 【薬毒】ミレア / 【薬毒】ヴィオラ,ch2_dracia / ch2_rucie / ch2_mirea / ch2_viola,580,100,100,100,2.14,
rematch:floor-boss-580,【剣姫】ネメシア / 【剣姫】エヴェリア / 【双鐘】フェルネ / 【双鐘】クラリス,ch2_nemesia / ch2_everia / ch2_ferne / ch2_clarisse,580,100,100,100,1.97,
rematch:floor-boss-580,【鏡侍女】リュネ / 【鏡侍女】ロゼ / 【聖翼】アウレ / 【聖翼】ノエル,ch2_ryune / ch2_rose / ch2_aure / ch2_noelle,580,100,100,100,2.2,
rematch:floor-boss-670,【封鍵】メリオラ / 【封鍵】エリゼル / 【薔薇】ノクテル / 【薔薇】オーリアン,ch2_meliora / ch2_elyselle / ch2_noctelle / ch2_auriane,670,100,100,100,2.81,
rematch:floor-boss-670,【双藤】ネヴィア / 【双藤】エルミナ / 【聖翼】アウレ / 【聖翼】ノエル,ch2_nevia / ch2_elmina / ch2_aure / ch2_noelle,670,100,99,99.0,2.85,
rematch:floor-boss-670,【返誓】ロスティア / 【返誓】アルテア / 【星刻】エイレーネ / 【星刻】イリデル,ch2_rostia / ch2_althea / ch2_eirene / ch2_iridelle,670,100,100,100,2.53,
rematch:floor-boss-760,【返誓】ロスティア / 【返誓】アルテア / 【星刻】エイレーネ / 【星刻】イリデル,ch2_rostia / ch2_althea / ch2_eirene / ch2_iridelle,760,100,100,100,3.02,
rematch:floor-boss-760,【鏡侍女】リュネ / 【鏡侍女】ロゼ / 【聖翼】アウレ / 【聖翼】ノエル,ch2_ryune / ch2_rose / ch2_aure / ch2_noelle,760,100,99,99.0,3.6,
rematch:floor-boss-760,【霊符】シオン / 【霊符】スイレン / 【日月】ルナリア / 【日月】ソラリア,ch2_shion / ch2_suiren / ch2_lunaria / ch2_solaria,760,100,100,100,3.11,
rematch:floor-boss-850,【封鍵】メリオラ / 【封鍵】エリゼル / 【薔薇】ノクテル / 【薔薇】オーリアン,ch2_meliora / ch2_elyselle / ch2_noctelle / ch2_auriane,850,100,99,99.0,9.12,
rematch:floor-boss-850,【剣姫】ネメシア / 【剣姫】エヴェリア / 【双鐘】フェルネ / 【双鐘】クラリス,ch2_nemesia / ch2_everia / ch2_ferne / ch2_clarisse,850,100,100,100,7.75,
rematch:floor-boss-850,【竜姫】ドラシア / 【竜姫】リュシエ / 【薬毒】ミレア / 【薬毒】ヴィオラ,ch2_dracia / ch2_rucie / ch2_mirea / ch2_viola,850,100,98,98.0,13.17,
rematch:floor-boss-940,【剣姫】ネメシア / 【剣姫】エヴェリア / 【双鐘】フェルネ / 【双鐘】クラリス,ch2_nemesia / ch2_everia / ch2_ferne / ch2_clarisse,940,100,98,98.0,3.44,
rematch:floor-boss-940,【鏡侍女】リュネ / 【鏡侍女】ロゼ / 【聖翼】アウレ / 【聖翼】ノエル,ch2_ryune / ch2_rose / ch2_aure / ch2_noelle,940,100,89,89.0,5.8,
rematch:floor-boss-940,【双雷】カリスタ / 【双雷】ソレーヌ / 【薬毒】ミレア / 【薬毒】ヴィオラ,ch2_calista / ch2_solenne / ch2_mirea / ch2_viola,940,100,80,80.0,6.55,
corridor:3,【鏡侍女】リュネ / 【鏡侍女】ロゼ / 【聖翼】アウレ / 【聖翼】ノエル,ch2_ryune / ch2_rose / ch2_aure / ch2_noelle,30,100,100,100,1,
corridor:3,【双雷】カリスタ / 【双雷】ソレーヌ / 【薬毒】ミレア / 【薬毒】ヴィオラ,ch2_calista / ch2_solenne / ch2_mirea / ch2_viola,30,100,100,100,1,
corridor:3,【霊符】シオン / 【霊符】スイレン / 【日月】ルナリア / 【日月】ソラリア,ch2_shion / ch2_suiren / ch2_lunaria / ch2_solaria,30,100,100,100,1,
corridor:11,【封鍵】メリオラ / 【封鍵】エリゼル / 【薔薇】ノクテル / 【薔薇】オーリアン,ch2_meliora / ch2_elyselle / ch2_noctelle / ch2_auriane,120,100,100,100,1.13,
corridor:11,【双藤】ネヴィア / 【双藤】エルミナ / 【聖翼】アウレ / 【聖翼】ノエル,ch2_nevia / ch2_elmina / ch2_aure / ch2_noelle,120,100,100,100,1.19,
corridor:11,【星糸】セレス / 【星糸】ルミナ / 【誓姫】リリエット / 【誓姫】ロゼット,ch2_celes / ch2_lumina / ch2_lyriet / ch2_rosette,120,100,100,100,1.18,
corridor:19,【封鍵】メリオラ / 【封鍵】エリゼル / 【薔薇】ノクテル / 【薔薇】オーリアン,ch2_meliora / ch2_elyselle / ch2_noctelle / ch2_auriane,210,100,100,100,1.61,
corridor:19,【剣姫】ネメシア / 【剣姫】エヴェリア / 【双鐘】フェルネ / 【双鐘】クラリス,ch2_nemesia / ch2_everia / ch2_ferne / ch2_clarisse,210,100,100,100,1.3,
corridor:19,【鏡侍女】リュネ / 【鏡侍女】ロゼ / 【聖翼】アウレ / 【聖翼】ノエル,ch2_ryune / ch2_rose / ch2_aure / ch2_noelle,210,100,100,100,2,
corridor:27,【剣姫】ネメシア / 【剣姫】エヴェリア / 【双鐘】フェルネ / 【双鐘】クラリス,ch2_nemesia / ch2_everia / ch2_ferne / ch2_clarisse,290,100,100,100,2.87,
corridor:27,【封鍵】メリオラ / 【封鍵】エリゼル / 【薔薇】ノクテル / 【薔薇】オーリアン,ch2_meliora / ch2_elyselle / ch2_noctelle / ch2_auriane,290,100,99,99.0,4.99,
corridor:27,【星糸】セレス / 【星糸】ルミナ / 【誓姫】リリエット / 【誓姫】ロゼット,ch2_celes / ch2_lumina / ch2_lyriet / ch2_rosette,290,100,99,99.0,5.04,
corridor:35,【鏡侍女】リュネ / 【鏡侍女】ロゼ / 【聖翼】アウレ / 【聖翼】ノエル,ch2_ryune / ch2_rose / ch2_aure / ch2_noelle,380,100,100,100,3.01,
corridor:35,【双雷】カリスタ / 【双雷】ソレーヌ / 【薬毒】ミレア / 【薬毒】ヴィオラ,ch2_calista / ch2_solenne / ch2_mirea / ch2_viola,380,100,100,100,4.28,
corridor:35,【霊符】シオン / 【霊符】スイレン / 【日月】ルナリア / 【日月】ソラリア,ch2_shion / ch2_suiren / ch2_lunaria / ch2_solaria,380,100,100,100,2.99,
corridor:43,【鏡侍女】リュネ / 【鏡侍女】ロゼ / 【聖翼】アウレ / 【聖翼】ノエル,ch2_ryune / ch2_rose / ch2_aure / ch2_noelle,470,100,100,100,2.69,
corridor:43,【霊符】シオン / 【霊符】スイレン / 【日月】ルナリア / 【日月】ソラリア,ch2_shion / ch2_suiren / ch2_lunaria / ch2_solaria,470,100,100,100,3,
corridor:43,【封鍵】メリオラ / 【封鍵】エリゼル / 【薔薇】ノクテル / 【薔薇】オーリアン,ch2_meliora / ch2_elyselle / ch2_noctelle / ch2_auriane,470,100,100,100,2.22,
corridor:51,【封鍵】メリオラ / 【封鍵】エリゼル / 【薔薇】ノクテル / 【薔薇】オーリアン,ch2_meliora / ch2_elyselle / ch2_noctelle / ch2_auriane,560,100,100,100,2.03,
corridor:51,【双藤】ネヴィア / 【双藤】エルミナ / 【聖翼】アウレ / 【聖翼】ノエル,ch2_nevia / ch2_elmina / ch2_aure / ch2_noelle,560,100,100,100,2.22,
corridor:51,【返誓】ロスティア / 【返誓】アルテア / 【星刻】エイレーネ / 【星刻】イリデル,ch2_rostia / ch2_althea / ch2_eirene / ch2_iridelle,560,100,100,100,2.23,
corridor:59,【封鍵】メリオラ / 【封鍵】エリゼル / 【薔薇】ノクテル / 【薔薇】オーリアン,ch2_meliora / ch2_elyselle / ch2_noctelle / ch2_auriane,650,100,100,100,4.2,
corridor:59,【双藤】ネヴィア / 【双藤】エルミナ / 【聖翼】アウレ / 【聖翼】ノエル,ch2_nevia / ch2_elmina / ch2_aure / ch2_noelle,650,100,100,100,4.99,
corridor:59,【剣姫】ネメシア / 【剣姫】エヴェリア / 【双鐘】フェルネ / 【双鐘】クラリス,ch2_nemesia / ch2_everia / ch2_ferne / ch2_clarisse,650,100,100,100,4.17,
corridor:67,【剣姫】ネメシア / 【剣姫】エヴェリア / 【双鐘】フェルネ / 【双鐘】クラリス,ch2_nemesia / ch2_everia / ch2_ferne / ch2_clarisse,740,100,100,100,2.36,
corridor:67,【霊符】シオン / 【霊符】スイレン / 【日月】ルナリア / 【日月】ソラリア,ch2_shion / ch2_suiren / ch2_lunaria / ch2_solaria,740,100,95,95.0,3.47,
corridor:67,【竜姫】ドラシア / 【竜姫】リュシエ / 【薬毒】ミレア / 【薬毒】ヴィオラ,ch2_dracia / ch2_rucie / ch2_mirea / ch2_viola,740,100,95,95.0,3.87,
corridor:75,【月狐】カグラ / 【月狐】サヨ / 【双鐘】フェルネ / 【双鐘】クラリス,ch2_kagura / ch2_sayo / ch2_ferne / ch2_clarisse,830,100,100,100,9.09,
corridor:75,【剣姫】ネメシア / 【剣姫】エヴェリア / 【双鐘】フェルネ / 【双鐘】クラリス,ch2_nemesia / ch2_everia / ch2_ferne / ch2_clarisse,830,100,100,100,7.87,
corridor:75,【鏡侍女】リュネ / 【鏡侍女】ロゼ / 【聖翼】アウレ / 【聖翼】ノエル,ch2_ryune / ch2_rose / ch2_aure / ch2_noelle,830,100,96,96.0,16.2,
corridor:83,【剣姫】ネメシア / 【剣姫】エヴェリア / 【双鐘】フェルネ / 【双鐘】クラリス,ch2_nemesia / ch2_everia / ch2_ferne / ch2_clarisse,920,100,100,100,5.1,
corridor:83,【封鍵】メリオラ / 【封鍵】エリゼル / 【薔薇】ノクテル / 【薔薇】オーリアン,ch2_meliora / ch2_elyselle / ch2_noctelle / ch2_auriane,920,100,100,100,5.36,
corridor:83,【霊符】シオン / 【霊符】スイレン / 【日月】ルナリア / 【日月】ソラリア,ch2_shion / ch2_suiren / ch2_lunaria / ch2_solaria,920,100,100,100,7.13,
corridor:91,【鏡侍女】リュネ / 【鏡侍女】ロゼ / 【聖翼】アウレ / 【聖翼】ノエル,ch2_ryune / ch2_rose / ch2_aure / ch2_noelle,6700,100,100,100,4.05,
corridor:91,【封鍵】メリオラ / 【封鍵】エリゼル / 【薔薇】ノクテル / 【薔薇】オーリアン,ch2_meliora / ch2_elyselle / ch2_noctelle / ch2_auriane,6700,100,100,100,4.23,
corridor:91,【双藤】ネヴィア / 【双藤】エルミナ / 【聖翼】アウレ / 【聖翼】ノエル,ch2_nevia / ch2_elmina / ch2_aure / ch2_noelle,6700,100,100,100,4.19,
corridor:99,【封鍵】メリオラ / 【封鍵】エリゼル / 【薔薇】ノクテル / 【薔薇】オーリアン,ch2_meliora / ch2_elyselle / ch2_noctelle / ch2_auriane,7276,100,98,98.0,4.13,
corridor:99,【剣姫】ネメシア / 【剣姫】エヴェリア / 【双鐘】フェルネ / 【双鐘】クラリス,ch2_nemesia / ch2_everia / ch2_ferne / ch2_clarisse,7276,100,99,99.0,3.71,
corridor:99,【双藤】ネヴィア / 【双藤】エルミナ / 【聖翼】アウレ / 【聖翼】ノエル,ch2_nevia / ch2_elmina / ch2_aure / ch2_noelle,7276,100,100,100,4.94,
corridor:107,【霊符】シオン / 【霊符】スイレン / 【日月】ルナリア / 【日月】ソラリア,ch2_shion / ch2_suiren / ch2_lunaria / ch2_solaria,7852,100,19,19.0,27.75,
corridor:107,【双藤】ネヴィア / 【双藤】エルミナ / 【聖翼】アウレ / 【聖翼】ノエル,ch2_nevia / ch2_elmina / ch2_aure / ch2_noelle,7852,100,29,29.0,20.28,
corridor:107,【剣姫】ネメシア / 【剣姫】エヴェリア / 【双鐘】フェルネ / 【双鐘】クラリス,ch2_nemesia / ch2_everia / ch2_ferne / ch2_clarisse,7852,100,24,24.0,31.88,
corridor:107,【封鍵】メリオラ / 【封鍵】エリゼル / 【薔薇】ノクテル / 【薔薇】オーリアン,ch2_meliora / ch2_elyselle / ch2_noctelle / ch2_auriane,7852,100,26,26.0,32.86,
corridor:107,【返誓】ロスティア / 【返誓】アルテア / 【星刻】エイレーネ / 【星刻】イリデル,ch2_rostia / ch2_althea / ch2_eirene / ch2_iridelle,7852,100,33,33.0,27.67,
corridor:107,【剣姫】ネメシア / 【剣姫】エヴェリア / 灰燭の呪術師セネラ / 鎖翼竜ヴェルグ,ch2_nemesia / ch2_everia / ch2_senela / ch2_velg,7852,100,21,21.0,31.22,
corridor:107,原初不死鳥フェニクシア / 黒曜竜ヴァルグリム / 深淵海姫セイレーネ / 天帝麒麟セイラン,primordial_phoenix / earth_sovereign / time_dragon / celestial_kirin,7852,100,54,54.0,26.41,
corridor:107,森羅王ケルヌンノス / 創世巨神ジェネゴリア / 機神アークノヴァ / 死界覇王モルディウス,forest_cernunnos / genesis_golem / dark_sovereign / death_lord,7852,100,26,26.0,36.65,
corridor:107,天翔聖馬ペガシエル / 終環蛇ヨルムンガルド / 氷界皇ニヴルシア / 混沌魔皇カオスディア,celestial_pegasus / world_serpent / frost_sovereign / chaos_king,7852,100,49,49.0,27.36,
corridor:107,【鏡侍女】リュネ / 【鏡侍女】ロゼ / 【聖翼】アウレ / 【聖翼】ノエル,ch2_ryune / ch2_rose / ch2_aure / ch2_noelle,7852,100,2,2.0,26.02,
corridor:107,【双雷】カリスタ / 【双雷】ソレーヌ / 【薬毒】ミレア / 【薬毒】ヴィオラ,ch2_calista / ch2_solenne / ch2_mirea / ch2_viola,7852,100,8,8.0,25.69,
corridor:107,【硝子】セリア / 【硝子】カルミア / 封書の小剣姫ルメア / 夜灯の従騎フィオラ,ch2_seria / ch2_carmia / ch2_lumea / ch2_fiora,7852,100,0,0,14.05,
corridor:107,【竜姫】ドラシア / 【竜姫】リュシエ / 【薬毒】ミレア / 【薬毒】ヴィオラ,ch2_dracia / ch2_rucie / ch2_mirea / ch2_viola,7852,100,18,18.0,31.2,
corridor:107,【月狐】カグラ / 【月狐】サヨ / 【双鐘】フェルネ / 【双鐘】クラリス,ch2_kagura / ch2_sayo / ch2_ferne / ch2_clarisse,7852,100,25,25.0,20.54,
corridor:107,【星糸】セレス / 【星糸】ルミナ / 【誓姫】リリエット / 【誓姫】ロゼット,ch2_celes / ch2_lumina / ch2_lyriet / ch2_rosette,7852,100,4,4.0,34.06,
corridor:107,【夢境】モリナ / 【夢境】エルミゼ / 【縫兎】リッカ / 【縫兎】リンネ,ch2_morina / ch2_elmize / ch2_rikka / ch2_rinne,7852,100,0,0,19.25,
corridor:107,【硝子】セリア / 【硝子】カルミア / 【聖翼】アウレ / 【聖翼】ノエル,ch2_seria / ch2_carmia / ch2_aure / ch2_noelle,7852,100,0,0,3.95,
corridor:107,【硝子】セリア / 【硝子】カルミア / 【双鐘】フェルネ / 【双鐘】クラリス,ch2_seria / ch2_carmia / ch2_ferne / ch2_clarisse,7852,100,3,3.0,30.92,
corridor:107,【双藤】ネヴィア / 【双藤】エルミナ / 【竜姫】ドラシア / 【竜姫】リュシエ,ch2_nevia / ch2_elmina / ch2_dracia / ch2_rucie,7852,100,55,55.0,18.59,
corridor:107,【薬毒】ミレア / 【薬毒】ヴィオラ / 封書の小剣姫ルメア / 鎖翼竜ヴェルグ,ch2_mirea / ch2_viola / ch2_lumea / ch2_velg,7852,100,0,0,36.94,
corridor:107,【聖翼】アウレ / 【聖翼】ノエル / 封書の小剣姫ルメア / 灰燭の呪術師セネラ,ch2_aure / ch2_noelle / ch2_lumea / ch2_senela,7852,100,0,0,28.87,
team:3,【鏡侍女】リュネ / 【鏡侍女】ロゼ / 【聖翼】アウレ / 【聖翼】ノエル,ch2_ryune / ch2_rose / ch2_aure / ch2_noelle,114,100,100,100,1,
team:3,【双雷】カリスタ / 【双雷】ソレーヌ / 【薬毒】ミレア / 【薬毒】ヴィオラ,ch2_calista / ch2_solenne / ch2_mirea / ch2_viola,114,100,100,100,1,
team:3,【硝子】セリア / 【硝子】カルミア / 封書の小剣姫ルメア / 夜灯の従騎フィオラ,ch2_seria / ch2_carmia / ch2_lumea / ch2_fiora,114,100,100,100,1.11,
team:11,【鏡侍女】リュネ / 【鏡侍女】ロゼ / 【聖翼】アウレ / 【聖翼】ノエル,ch2_ryune / ch2_rose / ch2_aure / ch2_noelle,132,100,100,100,1,
team:11,【霊符】シオン / 【霊符】スイレン / 【日月】ルナリア / 【日月】ソラリア,ch2_shion / ch2_suiren / ch2_lunaria / ch2_solaria,132,100,100,100,1,
team:11,【封鍵】メリオラ / 【封鍵】エリゼル / 【薔薇】ノクテル / 【薔薇】オーリアン,ch2_meliora / ch2_elyselle / ch2_noctelle / ch2_auriane,132,100,100,100,1,
team:19,【封鍵】メリオラ / 【封鍵】エリゼル / 【薔薇】ノクテル / 【薔薇】オーリアン,ch2_meliora / ch2_elyselle / ch2_noctelle / ch2_auriane,210,100,100,100,1.02,
team:19,【双藤】ネヴィア / 【双藤】エルミナ / 【聖翼】アウレ / 【聖翼】ノエル,ch2_nevia / ch2_elmina / ch2_aure / ch2_noelle,210,100,100,100,1.04,
team:19,【返誓】ロスティア / 【返誓】アルテア / 【星刻】エイレーネ / 【星刻】イリデル,ch2_rostia / ch2_althea / ch2_eirene / ch2_iridelle,210,100,100,100,1.4,
team:27,【月狐】カグラ / 【月狐】サヨ / 【双鐘】フェルネ / 【双鐘】クラリス,ch2_kagura / ch2_sayo / ch2_ferne / ch2_clarisse,290,100,100,100,4,
team:27,【星糸】セレス / 【星糸】ルミナ / 【誓姫】リリエット / 【誓姫】ロゼット,ch2_celes / ch2_lumina / ch2_lyriet / ch2_rosette,290,100,100,100,3.98,
team:27,【剣姫】ネメシア / 【剣姫】エヴェリア / 【双鐘】フェルネ / 【双鐘】クラリス,ch2_nemesia / ch2_everia / ch2_ferne / ch2_clarisse,290,100,100,100,2.9,
team:35,【鏡侍女】リュネ / 【鏡侍女】ロゼ / 【聖翼】アウレ / 【聖翼】ノエル,ch2_ryune / ch2_rose / ch2_aure / ch2_noelle,380,100,100,100,3.12,
team:35,【霊符】シオン / 【霊符】スイレン / 【日月】ルナリア / 【日月】ソラリア,ch2_shion / ch2_suiren / ch2_lunaria / ch2_solaria,380,100,100,100,3.22,
team:35,【封鍵】メリオラ / 【封鍵】エリゼル / 【薔薇】ノクテル / 【薔薇】オーリアン,ch2_meliora / ch2_elyselle / ch2_noctelle / ch2_auriane,380,100,100,100,3.1,
team:43,【鏡侍女】リュネ / 【鏡侍女】ロゼ / 【聖翼】アウレ / 【聖翼】ノエル,ch2_ryune / ch2_rose / ch2_aure / ch2_noelle,470,100,100,100,3.08,
team:43,【霊符】シオン / 【霊符】スイレン / 【日月】ルナリア / 【日月】ソラリア,ch2_shion / ch2_suiren / ch2_lunaria / ch2_solaria,470,100,100,100,3.14,
team:43,【封鍵】メリオラ / 【封鍵】エリゼル / 【薔薇】ノクテル / 【薔薇】オーリアン,ch2_meliora / ch2_elyselle / ch2_noctelle / ch2_auriane,470,100,100,100,3,
team:51,【霊符】シオン / 【霊符】スイレン / 【日月】ルナリア / 【日月】ソラリア,ch2_shion / ch2_suiren / ch2_lunaria / ch2_solaria,560,100,100,100,2.99,
team:51,【双藤】ネヴィア / 【双藤】エルミナ / 【聖翼】アウレ / 【聖翼】ノエル,ch2_nevia / ch2_elmina / ch2_aure / ch2_noelle,560,100,100,100,3.14,
team:51,【星糸】セレス / 【星糸】ルミナ / 【誓姫】リリエット / 【誓姫】ロゼット,ch2_celes / ch2_lumina / ch2_lyriet / ch2_rosette,560,100,100,100,2.35,
team:59,【剣姫】ネメシア / 【剣姫】エヴェリア / 【双鐘】フェルネ / 【双鐘】クラリス,ch2_nemesia / ch2_everia / ch2_ferne / ch2_clarisse,650,100,100,100,3.82,
team:59,【双藤】ネヴィア / 【双藤】エルミナ / 【聖翼】アウレ / 【聖翼】ノエル,ch2_nevia / ch2_elmina / ch2_aure / ch2_noelle,650,100,100,100,4.37,
team:59,【霊符】シオン / 【霊符】スイレン / 【日月】ルナリア / 【日月】ソラリア,ch2_shion / ch2_suiren / ch2_lunaria / ch2_solaria,650,100,100,100,5,
team:67,【封鍵】メリオラ / 【封鍵】エリゼル / 【薔薇】ノクテル / 【薔薇】オーリアン,ch2_meliora / ch2_elyselle / ch2_noctelle / ch2_auriane,740,100,100,100,2.31,
team:67,【双藤】ネヴィア / 【双藤】エルミナ / 【聖翼】アウレ / 【聖翼】ノエル,ch2_nevia / ch2_elmina / ch2_aure / ch2_noelle,740,100,100,100,2.19,
team:67,【星糸】セレス / 【星糸】ルミナ / 【誓姫】リリエット / 【誓姫】ロゼット,ch2_celes / ch2_lumina / ch2_lyriet / ch2_rosette,740,100,100,100,2.26,
team:75,【封鍵】メリオラ / 【封鍵】エリゼル / 【薔薇】ノクテル / 【薔薇】オーリアン,ch2_meliora / ch2_elyselle / ch2_noctelle / ch2_auriane,830,100,100,100,3.02,
team:75,【竜姫】ドラシア / 【竜姫】リュシエ / 【薬毒】ミレア / 【薬毒】ヴィオラ,ch2_dracia / ch2_rucie / ch2_mirea / ch2_viola,830,100,100,100,3.91,
team:75,【双藤】ネヴィア / 【双藤】エルミナ / 【聖翼】アウレ / 【聖翼】ノエル,ch2_nevia / ch2_elmina / ch2_aure / ch2_noelle,830,100,100,100,3.43,
team:83,【封鍵】メリオラ / 【封鍵】エリゼル / 【薔薇】ノクテル / 【薔薇】オーリアン,ch2_meliora / ch2_elyselle / ch2_noctelle / ch2_auriane,920,100,100,100,3.22,
team:83,【剣姫】ネメシア / 【剣姫】エヴェリア / 【双鐘】フェルネ / 【双鐘】クラリス,ch2_nemesia / ch2_everia / ch2_ferne / ch2_clarisse,920,100,100,100,3.01,
team:83,【双藤】ネヴィア / 【双藤】エルミナ / 【聖翼】アウレ / 【聖翼】ノエル,ch2_nevia / ch2_elmina / ch2_aure / ch2_noelle,920,100,100,100,3.72,
manual:abyss_gluttony:projection50,【鏡侍女】リュネ / 【鏡侍女】ロゼ / 【聖翼】アウレ / 【聖翼】ノエル,ch2_ryune / ch2_rose / ch2_aure / ch2_noelle,999,100,100,100,1,
manual:abyss_gluttony:projection50,【双雷】カリスタ / 【双雷】ソレーヌ / 【薬毒】ミレア / 【薬毒】ヴィオラ,ch2_calista / ch2_solenne / ch2_mirea / ch2_viola,999,100,100,100,1,
manual:abyss_gluttony:projection50,【霊符】シオン / 【霊符】スイレン / 【日月】ルナリア / 【日月】ソラリア,ch2_shion / ch2_suiren / ch2_lunaria / ch2_solaria,999,100,100,100,1,
manual:abyss_envy:projection50,【鏡侍女】リュネ / 【鏡侍女】ロゼ / 【聖翼】アウレ / 【聖翼】ノエル,ch2_ryune / ch2_rose / ch2_aure / ch2_noelle,999,100,100,100,2,
manual:abyss_envy:projection50,【双雷】カリスタ / 【双雷】ソレーヌ / 【薬毒】ミレア / 【薬毒】ヴィオラ,ch2_calista / ch2_solenne / ch2_mirea / ch2_viola,999,100,100,100,2,
manual:abyss_envy:projection50,【霊符】シオン / 【霊符】スイレン / 【日月】ルナリア / 【日月】ソラリア,ch2_shion / ch2_suiren / ch2_lunaria / ch2_solaria,999,100,100,100,2,
manual:abyss_greed:projection50,【鏡侍女】リュネ / 【鏡侍女】ロゼ / 【聖翼】アウレ / 【聖翼】ノエル,ch2_ryune / ch2_rose / ch2_aure / ch2_noelle,999,100,100,100,2,
manual:abyss_greed:projection50,【双雷】カリスタ / 【双雷】ソレーヌ / 【薬毒】ミレア / 【薬毒】ヴィオラ,ch2_calista / ch2_solenne / ch2_mirea / ch2_viola,999,100,100,100,2,
manual:abyss_greed:projection50,【霊符】シオン / 【霊符】スイレン / 【日月】ルナリア / 【日月】ソラリア,ch2_shion / ch2_suiren / ch2_lunaria / ch2_solaria,999,100,100,100,2,
manual:abyss_pride:projection50,【鏡侍女】リュネ / 【鏡侍女】ロゼ / 【聖翼】アウレ / 【聖翼】ノエル,ch2_ryune / ch2_rose / ch2_aure / ch2_noelle,999,100,100,100,1,
manual:abyss_pride:projection50,【双雷】カリスタ / 【双雷】ソレーヌ / 【薬毒】ミレア / 【薬毒】ヴィオラ,ch2_calista / ch2_solenne / ch2_mirea / ch2_viola,999,100,100,100,1.08,
manual:abyss_pride:projection50,【霊符】シオン / 【霊符】スイレン / 【日月】ルナリア / 【日月】ソラリア,ch2_shion / ch2_suiren / ch2_lunaria / ch2_solaria,999,100,100,100,1.03,
manual:ten_space:projection50,【霊符】シオン / 【霊符】スイレン / 【日月】ルナリア / 【日月】ソラリア,ch2_shion / ch2_suiren / ch2_lunaria / ch2_solaria,999,100,100,100,1.64,
manual:ten_space:projection50,【封鍵】メリオラ / 【封鍵】エリゼル / 【薔薇】ノクテル / 【薔薇】オーリアン,ch2_meliora / ch2_elyselle / ch2_noctelle / ch2_auriane,999,100,100,100,1.03,
manual:ten_space:projection50,【双藤】ネヴィア / 【双藤】エルミナ / 【聖翼】アウレ / 【聖翼】ノエル,ch2_nevia / ch2_elmina / ch2_aure / ch2_noelle,999,100,100,100,1.88,
manual:ten_death:projection50,【鏡侍女】リュネ / 【鏡侍女】ロゼ / 【聖翼】アウレ / 【聖翼】ノエル,ch2_ryune / ch2_rose / ch2_aure / ch2_noelle,999,100,100,100,1.09,
manual:ten_death:projection50,【霊符】シオン / 【霊符】スイレン / 【日月】ルナリア / 【日月】ソラリア,ch2_shion / ch2_suiren / ch2_lunaria / ch2_solaria,999,100,100,100,1.35,
manual:ten_death:projection50,【封鍵】メリオラ / 【封鍵】エリゼル / 【薔薇】ノクテル / 【薔薇】オーリアン,ch2_meliora / ch2_elyselle / ch2_noctelle / ch2_auriane,999,100,100,100,1.01,
manual:ten_chaos:projection50,【鏡侍女】リュネ / 【鏡侍女】ロゼ / 【聖翼】アウレ / 【聖翼】ノエル,ch2_ryune / ch2_rose / ch2_aure / ch2_noelle,999,100,100,100,2.13,
manual:ten_chaos:projection50,【霊符】シオン / 【霊符】スイレン / 【日月】ルナリア / 【日月】ソラリア,ch2_shion / ch2_suiren / ch2_lunaria / ch2_solaria,999,100,100,100,2.05,
manual:ten_chaos:projection50,【封鍵】メリオラ / 【封鍵】エリゼル / 【薔薇】ノクテル / 【薔薇】オーリアン,ch2_meliora / ch2_elyselle / ch2_noctelle / ch2_auriane,999,100,100,100,2.01,
manual:ten_creation:projection50,【霊符】シオン / 【霊符】スイレン / 【日月】ルナリア / 【日月】ソラリア,ch2_shion / ch2_suiren / ch2_lunaria / ch2_solaria,999,100,100,100,1.09,
manual:ten_creation:projection50,【封鍵】メリオラ / 【封鍵】エリゼル / 【薔薇】ノクテル / 【薔薇】オーリアン,ch2_meliora / ch2_elyselle / ch2_noctelle / ch2_auriane,999,100,100,100,1,
manual:ten_creation:projection50,【双藤】ネヴィア / 【双藤】エルミナ / 【聖翼】アウレ / 【聖翼】ノエル,ch2_nevia / ch2_elmina / ch2_aure / ch2_noelle,999,100,100,100,1.47,
manual:ten_divinity:projection50,【封鍵】メリオラ / 【封鍵】エリゼル / 【薔薇】ノクテル / 【薔薇】オーリアン,ch2_meliora / ch2_elyselle / ch2_noctelle / ch2_auriane,999,100,100,100,9.65,
manual:ten_divinity:projection50,【双藤】ネヴィア / 【双藤】エルミナ / 【聖翼】アウレ / 【聖翼】ノエル,ch2_nevia / ch2_elmina / ch2_aure / ch2_noelle,999,100,99,99.0,8.92,
manual:ten_divinity:projection50,【竜姫】ドラシア / 【竜姫】リュシエ / 【薬毒】ミレア / 【薬毒】ヴィオラ,ch2_dracia / ch2_rucie / ch2_mirea / ch2_viola,999,100,100,100,8.28,
chapter:a1_patrol:4,【鏡侍女】リュネ / 【鏡侍女】ロゼ / 【聖翼】アウレ / 【聖翼】ノエル,ch2_ryune / ch2_rose / ch2_aure / ch2_noelle,2408,100,100,100,1,
chapter:a1_patrol:4,【双雷】カリスタ / 【双雷】ソレーヌ / 【薬毒】ミレア / 【薬毒】ヴィオラ,ch2_calista / ch2_solenne / ch2_mirea / ch2_viola,2408,100,100,100,1,
chapter:a1_patrol:4,【霊符】シオン / 【霊符】スイレン / 【日月】ルナリア / 【日月】ソラリア,ch2_shion / ch2_suiren / ch2_lunaria / ch2_solaria,2408,100,100,100,1,
chapter:a1_east:0,【鏡侍女】リュネ / 【鏡侍女】ロゼ / 【聖翼】アウレ / 【聖翼】ノエル,ch2_ryune / ch2_rose / ch2_aure / ch2_noelle,1520,100,100,100,1,
chapter:a1_east:0,【双雷】カリスタ / 【双雷】ソレーヌ / 【薬毒】ミレア / 【薬毒】ヴィオラ,ch2_calista / ch2_solenne / ch2_mirea / ch2_viola,1520,100,100,100,1.02,
chapter:a1_east:0,【霊符】シオン / 【霊符】スイレン / 【日月】ルナリア / 【日月】ソラリア,ch2_shion / ch2_suiren / ch2_lunaria / ch2_solaria,1520,100,100,100,1,
chapter:a1_heart:2,【鏡侍女】リュネ / 【鏡侍女】ロゼ / 【聖翼】アウレ / 【聖翼】ノエル,ch2_ryune / ch2_rose / ch2_aure / ch2_noelle,2149,100,100,100,1,
chapter:a1_heart:2,【封鍵】メリオラ / 【封鍵】エリゼル / 【薔薇】ノクテル / 【薔薇】オーリアン,ch2_meliora / ch2_elyselle / ch2_noctelle / ch2_auriane,2149,100,100,100,1,
chapter:a1_heart:2,【双藤】ネヴィア / 【双藤】エルミナ / 【聖翼】アウレ / 【聖翼】ノエル,ch2_nevia / ch2_elmina / ch2_aure / ch2_noelle,2149,100,100,100,1.02,
chapter:a2_patrol:4,【鏡侍女】リュネ / 【鏡侍女】ロゼ / 【聖翼】アウレ / 【聖翼】ノエル,ch2_ryune / ch2_rose / ch2_aure / ch2_noelle,3440,100,100,100,1,
chapter:a2_patrol:4,【双雷】カリスタ / 【双雷】ソレーヌ / 【薬毒】ミレア / 【薬毒】ヴィオラ,ch2_calista / ch2_solenne / ch2_mirea / ch2_viola,3440,100,100,100,1,
chapter:a2_patrol:4,【硝子】セリア / 【硝子】カルミア / 封書の小剣姫ルメア / 夜灯の従騎フィオラ,ch2_seria / ch2_carmia / ch2_lumea / ch2_fiora,3440,100,100,100,1.02,
chapter:a2_east:0,【双雷】カリスタ / 【双雷】ソレーヌ / 【薬毒】ミレア / 【薬毒】ヴィオラ,ch2_calista / ch2_solenne / ch2_mirea / ch2_viola,2120,100,100,100,1.07,
chapter:a2_east:0,【霊符】シオン / 【霊符】スイレン / 【日月】ルナリア / 【日月】ソラリア,ch2_shion / ch2_suiren / ch2_lunaria / ch2_solaria,2120,100,100,100,1,
chapter:a2_east:0,【竜姫】ドラシア / 【竜姫】リュシエ / 【薬毒】ミレア / 【薬毒】ヴィオラ,ch2_dracia / ch2_rucie / ch2_mirea / ch2_viola,2120,100,100,100,1.01,
chapter:a2_heart:2,【鏡侍女】リュネ / 【鏡侍女】ロゼ / 【聖翼】アウレ / 【聖翼】ノエル,ch2_ryune / ch2_rose / ch2_aure / ch2_noelle,2965,100,100,100,1.02,
chapter:a2_heart:2,【封鍵】メリオラ / 【封鍵】エリゼル / 【薔薇】ノクテル / 【薔薇】オーリアン,ch2_meliora / ch2_elyselle / ch2_noctelle / ch2_auriane,2965,100,100,100,1,
chapter:a2_heart:2,【双藤】ネヴィア / 【双藤】エルミナ / 【聖翼】アウレ / 【聖翼】ノエル,ch2_nevia / ch2_elmina / ch2_aure / ch2_noelle,2965,100,100,100,1.02,
chapter:a3_patrol:4,【鏡侍女】リュネ / 【鏡侍女】ロゼ / 【聖翼】アウレ / 【聖翼】ノエル,ch2_ryune / ch2_rose / ch2_aure / ch2_noelle,4816,100,100,100,1,
chapter:a3_patrol:4,【双雷】カリスタ / 【双雷】ソレーヌ / 【薬毒】ミレア / 【薬毒】ヴィオラ,ch2_calista / ch2_solenne / ch2_mirea / ch2_viola,4816,100,100,100,1.26,
chapter:a3_patrol:4,【霊符】シオン / 【霊符】スイレン / 【日月】ルナリア / 【日月】ソラリア,ch2_shion / ch2_suiren / ch2_lunaria / ch2_solaria,4816,100,100,100,1,
chapter:a3_east:0,【霊符】シオン / 【霊符】スイレン / 【日月】ルナリア / 【日月】ソラリア,ch2_shion / ch2_suiren / ch2_lunaria / ch2_solaria,2920,100,100,100,1.12,
chapter:a3_east:0,【剣姫】ネメシア / 【剣姫】エヴェリア / 【双鐘】フェルネ / 【双鐘】クラリス,ch2_nemesia / ch2_everia / ch2_ferne / ch2_clarisse,2920,100,100,100,1.07,
chapter:a3_east:0,【竜姫】ドラシア / 【竜姫】リュシエ / 【薬毒】ミレア / 【薬毒】ヴィオラ,ch2_dracia / ch2_rucie / ch2_mirea / ch2_viola,2920,100,100,100,1.61,
chapter:a3_heart:2,【封鍵】メリオラ / 【封鍵】エリゼル / 【薔薇】ノクテル / 【薔薇】オーリアン,ch2_meliora / ch2_elyselle / ch2_noctelle / ch2_auriane,4053,100,93,93.0,12.33,
chapter:a3_heart:2,【剣姫】ネメシア / 【剣姫】エヴェリア / 【双鐘】フェルネ / 【双鐘】クラリス,ch2_nemesia / ch2_everia / ch2_ferne / ch2_clarisse,4053,100,100,100,4.01,
chapter:a3_heart:2,【鏡侍女】リュネ / 【鏡侍女】ロゼ / 【聖翼】アウレ / 【聖翼】ノエル,ch2_ryune / ch2_rose / ch2_aure / ch2_noelle,4053,100,99,99.0,10.18,
chapter:a4_patrol:4,【鏡侍女】リュネ / 【鏡侍女】ロゼ / 【聖翼】アウレ / 【聖翼】ノエル,ch2_ryune / ch2_rose / ch2_aure / ch2_noelle,6536,100,100,100,1,
chapter:a4_patrol:4,【双雷】カリスタ / 【双雷】ソレーヌ / 【薬毒】ミレア / 【薬毒】ヴィオラ,ch2_calista / ch2_solenne / ch2_mirea / ch2_viola,6536,100,100,100,1,
chapter:a4_patrol:4,【霊符】シオン / 【霊符】スイレン / 【日月】ルナリア / 【日月】ソラリア,ch2_shion / ch2_suiren / ch2_lunaria / ch2_solaria,6536,100,100,100,1,
chapter:a4_east:0,【剣姫】ネメシア / 【剣姫】エヴェリア / 【双鐘】フェルネ / 【双鐘】クラリス,ch2_nemesia / ch2_everia / ch2_ferne / ch2_clarisse,3920,100,100,100,1.08,
chapter:a4_east:0,【霊符】シオン / 【霊符】スイレン / 【日月】ルナリア / 【日月】ソラリア,ch2_shion / ch2_suiren / ch2_lunaria / ch2_solaria,3920,100,100,100,2,
chapter:a4_east:0,【返誓】ロスティア / 【返誓】アルテア / 【星刻】エイレーネ / 【星刻】イリデル,ch2_rostia / ch2_althea / ch2_eirene / ch2_iridelle,3920,100,100,100,1.49,
chapter:a4_heart:2,【霊符】シオン / 【霊符】スイレン / 【日月】ルナリア / 【日月】ソラリア,ch2_shion / ch2_suiren / ch2_lunaria / ch2_solaria,5413,100,100,100,2.01,
chapter:a4_heart:2,【剣姫】ネメシア / 【剣姫】エヴェリア / 【双鐘】フェルネ / 【双鐘】クラリス,ch2_nemesia / ch2_everia / ch2_ferne / ch2_clarisse,5413,100,100,100,2,
chapter:a4_heart:2,【封鍵】メリオラ / 【封鍵】エリゼル / 【薔薇】ノクテル / 【薔薇】オーリアン,ch2_meliora / ch2_elyselle / ch2_noctelle / ch2_auriane,5413,100,100,100,3,
chapter:patrol:4,【鏡侍女】リュネ / 【鏡侍女】ロゼ / 【聖翼】アウレ / 【聖翼】ノエル,ch2_ryune / ch2_rose / ch2_aure / ch2_noelle,1806,100,100,100,1,
chapter:patrol:4,【双雷】カリスタ / 【双雷】ソレーヌ / 【薬毒】ミレア / 【薬毒】ヴィオラ,ch2_calista / ch2_solenne / ch2_mirea / ch2_viola,1806,100,100,100,1,
chapter:patrol:4,【硝子】セリア / 【硝子】カルミア / 封書の小剣姫ルメア / 夜灯の従騎フィオラ,ch2_seria / ch2_carmia / ch2_lumea / ch2_fiora,1806,100,100,100,1,
chapter:east:0,【鏡侍女】リュネ / 【鏡侍女】ロゼ / 【聖翼】アウレ / 【聖翼】ノエル,ch2_ryune / ch2_rose / ch2_aure / ch2_noelle,1100,100,100,100,1,
chapter:east:0,【双雷】カリスタ / 【双雷】ソレーヌ / 【薬毒】ミレア / 【薬毒】ヴィオラ,ch2_calista / ch2_solenne / ch2_mirea / ch2_viola,1100,100,100,100,1,
chapter:east:0,【硝子】セリア / 【硝子】カルミア / 封書の小剣姫ルメア / 夜灯の従騎フィオラ,ch2_seria / ch2_carmia / ch2_lumea / ch2_fiora,1100,100,100,100,1.03,
chapter:heart:2,【鏡侍女】リュネ / 【鏡侍女】ロゼ / 【聖翼】アウレ / 【聖翼】ノエル,ch2_ryune / ch2_rose / ch2_aure / ch2_noelle,1632,100,100,100,1,
chapter:heart:2,【双雷】カリスタ / 【双雷】ソレーヌ / 【薬毒】ミレア / 【薬毒】ヴィオラ,ch2_calista / ch2_solenne / ch2_mirea / ch2_viola,1632,100,100,100,1.02,
chapter:heart:2,【霊符】シオン / 【霊符】スイレン / 【日月】ルナリア / 【日月】ソラリア,ch2_shion / ch2_suiren / ch2_lunaria / ch2_solaria,1632,100,100,100,1,
chapter:vault0:4,【鏡侍女】リュネ / 【鏡侍女】ロゼ / 【聖翼】アウレ / 【聖翼】ノエル,ch2_ryune / ch2_rose / ch2_aure / ch2_noelle,2838,100,100,100,1.11,
chapter:vault0:4,【双雷】カリスタ / 【双雷】ソレーヌ / 【薬毒】ミレア / 【薬毒】ヴィオラ,ch2_calista / ch2_solenne / ch2_mirea / ch2_viola,2838,100,100,100,1.94,
chapter:vault0:4,【霊符】シオン / 【霊符】スイレン / 【日月】ルナリア / 【日月】ソラリア,ch2_shion / ch2_suiren / ch2_lunaria / ch2_solaria,2838,100,100,100,1,
chapter:roam0_3:0,【鏡侍女】リュネ / 【鏡侍女】ロゼ / 【聖翼】アウレ / 【聖翼】ノエル,ch2_ryune / ch2_rose / ch2_aure / ch2_noelle,1050,100,100,100,1,
chapter:roam0_3:0,【双雷】カリスタ / 【双雷】ソレーヌ / 【薬毒】ミレア / 【薬毒】ヴィオラ,ch2_calista / ch2_solenne / ch2_mirea / ch2_viola,1050,100,100,100,1,
chapter:roam0_3:0,【硝子】セリア / 【硝子】カルミア / 封書の小剣姫ルメア / 夜灯の従騎フィオラ,ch2_seria / ch2_carmia / ch2_lumea / ch2_fiora,1050,100,100,100,1,
chapter:roam0_4:2,【鏡侍女】リュネ / 【鏡侍女】ロゼ / 【聖翼】アウレ / 【聖翼】ノエル,ch2_ryune / ch2_rose / ch2_aure / ch2_noelle,1428,100,100,100,1,
chapter:roam0_4:2,【双雷】カリスタ / 【双雷】ソレーヌ / 【薬毒】ミレア / 【薬毒】ヴィオラ,ch2_calista / ch2_solenne / ch2_mirea / ch2_viola,1428,100,100,100,1,
chapter:roam0_4:2,【硝子】セリア / 【硝子】カルミア / 封書の小剣姫ルメア / 夜灯の従騎フィオラ,ch2_seria / ch2_carmia / ch2_lumea / ch2_fiora,1428,100,100,100,1,
chapter:vault1:4,【星糸】セレス / 【星糸】ルミナ / 【誓姫】リリエット / 【誓姫】ロゼット,ch2_celes / ch2_lumina / ch2_lyriet / ch2_rosette,3973,100,100,100,1.05,
chapter:vault1:4,【剣姫】ネメシア / 【剣姫】エヴェリア / 【双鐘】フェルネ / 【双鐘】クラリス,ch2_nemesia / ch2_everia / ch2_ferne / ch2_clarisse,3973,100,100,100,1.01,
chapter:vault1:4,【鏡侍女】リュネ / 【鏡侍女】ロゼ / 【聖翼】アウレ / 【聖翼】ノエル,ch2_ryune / ch2_rose / ch2_aure / ch2_noelle,3973,100,100,100,2,
chapter:roam1_3:0,【鏡侍女】リュネ / 【鏡侍女】ロゼ / 【聖翼】アウレ / 【聖翼】ノエル,ch2_ryune / ch2_rose / ch2_aure / ch2_noelle,1400,100,100,100,1,
chapter:roam1_3:0,【双雷】カリスタ / 【双雷】ソレーヌ / 【薬毒】ミレア / 【薬毒】ヴィオラ,ch2_calista / ch2_solenne / ch2_mirea / ch2_viola,1400,100,100,100,1.01,
chapter:roam1_3:0,【封鍵】メリオラ / 【封鍵】エリゼル / 【薔薇】ノクテル / 【薔薇】オーリアン,ch2_meliora / ch2_elyselle / ch2_noctelle / ch2_auriane,1400,100,100,100,1,
chapter:roam1_4:2,【鏡侍女】リュネ / 【鏡侍女】ロゼ / 【聖翼】アウレ / 【聖翼】ノエル,ch2_ryune / ch2_rose / ch2_aure / ch2_noelle,1904,100,100,100,1,
chapter:roam1_4:2,【双雷】カリスタ / 【双雷】ソレーヌ / 【薬毒】ミレア / 【薬毒】ヴィオラ,ch2_calista / ch2_solenne / ch2_mirea / ch2_viola,1904,100,100,100,1,
chapter:roam1_4:2,【硝子】セリア / 【硝子】カルミア / 封書の小剣姫ルメア / 夜灯の従騎フィオラ,ch2_seria / ch2_carmia / ch2_lumea / ch2_fiora,1904,100,100,100,1,
chapter:vault2:4,【双雷】カリスタ / 【双雷】ソレーヌ / 【薬毒】ミレア / 【薬毒】ヴィオラ,ch2_calista / ch2_solenne / ch2_mirea / ch2_viola,5676,100,100,100,1.08,
chapter:vault2:4,【双藤】ネヴィア / 【双藤】エルミナ / 【聖翼】アウレ / 【聖翼】ノエル,ch2_nevia / ch2_elmina / ch2_aure / ch2_noelle,5676,100,100,100,1,
chapter:vault2:4,【剣姫】ネメシア / 【剣姫】エヴェリア / 【双鐘】フェルネ / 【双鐘】クラリス,ch2_nemesia / ch2_everia / ch2_ferne / ch2_clarisse,5676,100,100,100,1,
chapter:roam2_3:0,【鏡侍女】リュネ / 【鏡侍女】ロゼ / 【聖翼】アウレ / 【聖翼】ノエル,ch2_ryune / ch2_rose / ch2_aure / ch2_noelle,2000,100,100,100,1,
chapter:roam2_3:0,【双雷】カリスタ / 【双雷】ソレーヌ / 【薬毒】ミレア / 【薬毒】ヴィオラ,ch2_calista / ch2_solenne / ch2_mirea / ch2_viola,2000,100,100,100,1,
chapter:roam2_3:0,【霊符】シオン / 【霊符】スイレン / 【日月】ルナリア / 【日月】ソラリア,ch2_shion / ch2_suiren / ch2_lunaria / ch2_solaria,2000,100,100,100,1.93,
chapter:roam2_4:2,【鏡侍女】リュネ / 【鏡侍女】ロゼ / 【聖翼】アウレ / 【聖翼】ノエル,ch2_ryune / ch2_rose / ch2_aure / ch2_noelle,2720,100,100,100,1,
chapter:roam2_4:2,【双雷】カリスタ / 【双雷】ソレーヌ / 【薬毒】ミレア / 【薬毒】ヴィオラ,ch2_calista / ch2_solenne / ch2_mirea / ch2_viola,2720,100,100,100,1,
chapter:roam2_4:2,【硝子】セリア / 【硝子】カルミア / 封書の小剣姫ルメア / 夜灯の従騎フィオラ,ch2_seria / ch2_carmia / ch2_lumea / ch2_fiora,2720,100,100,100,1.04,
chapter:vault3:4,【返誓】ロスティア / 【返誓】アルテア / 【星刻】エイレーネ / 【星刻】イリデル,ch2_rostia / ch2_althea / ch2_eirene / ch2_iridelle,7946,100,100,100,2,
chapter:vault3:4,【剣姫】ネメシア / 【剣姫】エヴェリア / 【双鐘】フェルネ / 【双鐘】クラリス,ch2_nemesia / ch2_everia / ch2_ferne / ch2_clarisse,7946,100,100,100,2.03,
chapter:vault3:4,【霊符】シオン / 【霊符】スイレン / 【日月】ルナリア / 【日月】ソラリア,ch2_shion / ch2_suiren / ch2_lunaria / ch2_solaria,7946,100,100,100,2.05,
chapter:roam3_3:0,【霊符】シオン / 【霊符】スイレン / 【日月】ルナリア / 【日月】ソラリア,ch2_shion / ch2_suiren / ch2_lunaria / ch2_solaria,4800,100,100,100,2,
chapter:roam3_3:0,【竜姫】ドラシア / 【竜姫】リュシエ / 【薬毒】ミレア / 【薬毒】ヴィオラ,ch2_dracia / ch2_rucie / ch2_mirea / ch2_viola,4800,100,100,100,2.01,
chapter:roam3_3:0,【双藤】ネヴィア / 【双藤】エルミナ / 【聖翼】アウレ / 【聖翼】ノエル,ch2_nevia / ch2_elmina / ch2_aure / ch2_noelle,4800,100,100,100,2,
chapter:roam3_4:2,【霊符】シオン / 【霊符】スイレン / 【日月】ルナリア / 【日月】ソラリア,ch2_shion / ch2_suiren / ch2_lunaria / ch2_solaria,5848,100,100,100,2,
chapter:roam3_4:2,【竜姫】ドラシア / 【竜姫】リュシエ / 【薬毒】ミレア / 【薬毒】ヴィオラ,ch2_dracia / ch2_rucie / ch2_mirea / ch2_viola,5848,100,100,100,1.99,
chapter:roam3_4:2,【返誓】ロスティア / 【返誓】アルテア / 【星刻】エイレーネ / 【星刻】イリデル,ch2_rostia / ch2_althea / ch2_eirene / ch2_iridelle,5848,100,100,100,1.27,
chapter:vault4:4,【剣姫】ネメシア / 【剣姫】エヴェリア / 【双鐘】フェルネ / 【双鐘】クラリス,ch2_nemesia / ch2_everia / ch2_ferne / ch2_clarisse,10000,100,100,100,2,
chapter:vault4:4,【双藤】ネヴィア / 【双藤】エルミナ / 【聖翼】アウレ / 【聖翼】ノエル,ch2_nevia / ch2_elmina / ch2_aure / ch2_noelle,10000,100,100,100,2.64,
chapter:vault4:4,【星糸】セレス / 【星糸】ルミナ / 【誓姫】リリエット / 【誓姫】ロゼット,ch2_celes / ch2_lumina / ch2_lyriet / ch2_rosette,10000,100,100,100,2.02,
chapter:roam4_3:0,【霊符】シオン / 【霊符】スイレン / 【日月】ルナリア / 【日月】ソラリア,ch2_shion / ch2_suiren / ch2_lunaria / ch2_solaria,5200,100,100,100,2,
chapter:roam4_3:0,【返誓】ロスティア / 【返誓】アルテア / 【星刻】エイレーネ / 【星刻】イリデル,ch2_rostia / ch2_althea / ch2_eirene / ch2_iridelle,5200,100,100,100,1.65,
chapter:roam4_3:0,【剣姫】ネメシア / 【剣姫】エヴェリア / 【双鐘】フェルネ / 【双鐘】クラリス,ch2_nemesia / ch2_everia / ch2_ferne / ch2_clarisse,5200,100,100,100,2,
chapter:roam4_4:2,【霊符】シオン / 【霊符】スイレン / 【日月】ルナリア / 【日月】ソラリア,ch2_shion / ch2_suiren / ch2_lunaria / ch2_solaria,7344,100,100,100,2,
chapter:roam4_4:2,【返誓】ロスティア / 【返誓】アルテア / 【星刻】エイレーネ / 【星刻】イリデル,ch2_rostia / ch2_althea / ch2_eirene / ch2_iridelle,7344,100,100,100,1.15,
chapter:roam4_4:2,【星糸】セレス / 【星糸】ルミナ / 【誓姫】リリエット / 【誓姫】ロゼット,ch2_celes / ch2_lumina / ch2_lyriet / ch2_rosette,7344,100,100,100,2,
chapter:roam0_1_391:4,【鏡侍女】リュネ / 【鏡侍女】ロゼ / 【聖翼】アウレ / 【聖翼】ノエル,ch2_ryune / ch2_rose / ch2_aure / ch2_noelle,1806,100,100,100,1,
chapter:roam0_1_391:4,【双雷】カリスタ / 【双雷】ソレーヌ / 【薬毒】ミレア / 【薬毒】ヴィオラ,ch2_calista / ch2_solenne / ch2_mirea / ch2_viola,1806,100,100,100,1,
chapter:roam0_1_391:4,【硝子】セリア / 【硝子】カルミア / 封書の小剣姫ルメア / 夜灯の従騎フィオラ,ch2_seria / ch2_carmia / ch2_lumea / ch2_fiora,1806,100,100,100,1,
chapter:roam4_4_391:0,【霊符】シオン / 【霊符】スイレン / 【日月】ルナリア / 【日月】ソラリア,ch2_shion / ch2_suiren / ch2_lunaria / ch2_solaria,5400,100,100,100,2.16,
chapter:roam4_4_391:0,【封鍵】メリオラ / 【封鍵】エリゼル / 【薔薇】ノクテル / 【薔薇】オーリアン,ch2_meliora / ch2_elyselle / ch2_noctelle / ch2_auriane,5400,100,100,100,3,
chapter:roam4_4_391:0,【竜姫】ドラシア / 【竜姫】リュシエ / 【薬毒】ミレア / 【薬毒】ヴィオラ,ch2_dracia / ch2_rucie / ch2_mirea / ch2_viola,5400,100,100,100,3.19,
chapter:roam1_3_392:2,【鏡侍女】リュネ / 【鏡侍女】ロゼ / 【聖翼】アウレ / 【聖翼】ノエル,ch2_ryune / ch2_rose / ch2_aure / ch2_noelle,1904,100,100,100,1,
chapter:roam1_3_392:2,【封鍵】メリオラ / 【封鍵】エリゼル / 【薔薇】ノクテル / 【薔薇】オーリアン,ch2_meliora / ch2_elyselle / ch2_noctelle / ch2_auriane,1904,100,100,100,1,
chapter:roam1_3_392:2,【竜姫】ドラシア / 【竜姫】リュシエ / 【薬毒】ミレア / 【薬毒】ヴィオラ,ch2_dracia / ch2_rucie / ch2_mirea / ch2_viola,1904,100,100,100,1,
chapter:roam3_1_392:4,【鏡侍女】リュネ / 【鏡侍女】ロゼ / 【聖翼】アウレ / 【聖翼】ノエル,ch2_ryune / ch2_rose / ch2_aure / ch2_noelle,4816,100,100,100,1,
chapter:roam3_1_392:4,【双雷】カリスタ / 【双雷】ソレーヌ / 【薬毒】ミレア / 【薬毒】ヴィオラ,ch2_calista / ch2_solenne / ch2_mirea / ch2_viola,4816,100,100,100,1,
chapter:roam3_1_392:4,【霊符】シオン / 【霊符】スイレン / 【日月】ルナリア / 【日月】ソラリア,ch2_shion / ch2_suiren / ch2_lunaria / ch2_solaria,4816,100,100,100,1,
chapter:roam0_1_elite393:1,【鏡侍女】リュネ / 【鏡侍女】ロゼ / 【聖翼】アウレ / 【聖翼】ノエル,ch2_ryune / ch2_rose / ch2_aure / ch2_noelle,1208,100,100,100,1,
chapter:roam0_1_elite393:1,【双雷】カリスタ / 【双雷】ソレーヌ / 【薬毒】ミレア / 【薬毒】ヴィオラ,ch2_calista / ch2_solenne / ch2_mirea / ch2_viola,1208,100,100,100,1,
chapter:roam0_1_elite393:1,【硝子】セリア / 【硝子】カルミア / 封書の小剣姫ルメア / 夜灯の従騎フィオラ,ch2_seria / ch2_carmia / ch2_lumea / ch2_fiora,1208,100,100,100,1,
chapter:roam0_4_elite393:3,【鏡侍女】リュネ / 【鏡侍女】ロゼ / 【聖翼】アウレ / 【聖翼】ノエル,ch2_ryune / ch2_rose / ch2_aure / ch2_noelle,1680,100,100,100,1,
chapter:roam0_4_elite393:3,【双雷】カリスタ / 【双雷】ソレーヌ / 【薬毒】ミレア / 【薬毒】ヴィオラ,ch2_calista / ch2_solenne / ch2_mirea / ch2_viola,1680,100,100,100,1,
chapter:roam0_4_elite393:3,【硝子】セリア / 【硝子】カルミア / 封書の小剣姫ルメア / 夜灯の従騎フィオラ,ch2_seria / ch2_carmia / ch2_lumea / ch2_fiora,1680,100,100,100,1,
chapter:roam1_4_elite393:2,【鏡侍女】リュネ / 【鏡侍女】ロゼ / 【聖翼】アウレ / 【聖翼】ノエル,ch2_ryune / ch2_rose / ch2_aure / ch2_noelle,1890,100,100,100,1,
chapter:roam1_4_elite393:2,【双雷】カリスタ / 【双雷】ソレーヌ / 【薬毒】ミレア / 【薬毒】ヴィオラ,ch2_calista / ch2_solenne / ch2_mirea / ch2_viola,1890,100,100,100,1,
chapter:roam1_4_elite393:2,【硝子】セリア / 【硝子】カルミア / 封書の小剣姫ルメア / 夜灯の従騎フィオラ,ch2_seria / ch2_carmia / ch2_lumea / ch2_fiora,1890,100,100,100,1,
chapter:roam2_4_elite393:1,【鏡侍女】リュネ / 【鏡侍女】ロゼ / 【聖翼】アウレ / 【聖翼】ノエル,ch2_ryune / ch2_rose / ch2_aure / ch2_noelle,2300,100,100,100,1,
chapter:roam2_4_elite393:1,【双雷】カリスタ / 【双雷】ソレーヌ / 【薬毒】ミレア / 【薬毒】ヴィオラ,ch2_calista / ch2_solenne / ch2_mirea / ch2_viola,2300,100,100,100,1.01,
chapter:roam2_4_elite393:1,【封鍵】メリオラ / 【封鍵】エリゼル / 【薔薇】ノクテル / 【薔薇】オーリアン,ch2_meliora / ch2_elyselle / ch2_noctelle / ch2_auriane,2300,100,100,100,1,
chapter:roam3_3_elite393:3,【霊符】シオン / 【霊符】スイレン / 【日月】ルナリア / 【日月】ソラリア,ch2_shion / ch2_suiren / ch2_lunaria / ch2_solaria,7680,100,100,100,2,
chapter:roam3_3_elite393:3,【封鍵】メリオラ / 【封鍵】エリゼル / 【薔薇】ノクテル / 【薔薇】オーリアン,ch2_meliora / ch2_elyselle / ch2_noctelle / ch2_auriane,7680,100,100,100,2,
chapter:roam3_3_elite393:3,【竜姫】ドラシア / 【竜姫】リュシエ / 【薬毒】ミレア / 【薬毒】ヴィオラ,ch2_dracia / ch2_rucie / ch2_mirea / ch2_viola,7680,100,100,100,2.01,
chapter:roam4_3_elite393:2,【双雷】カリスタ / 【双雷】ソレーヌ / 【薬毒】ミレア / 【薬毒】ヴィオラ,ch2_calista / ch2_solenne / ch2_mirea / ch2_viola,7020,100,100,100,2.1,
chapter:roam4_3_elite393:2,【霊符】シオン / 【霊符】スイレン / 【日月】ルナリア / 【日月】ソラリア,ch2_shion / ch2_suiren / ch2_lunaria / ch2_solaria,7020,100,100,100,2,
chapter:roam4_3_elite393:2,【返誓】ロスティア / 【返誓】アルテア / 【星刻】エイレーネ / 【星刻】イリデル,ch2_rostia / ch2_althea / ch2_eirene / ch2_iridelle,7020,100,100,100,1.27,
heroes:3,【霊符】シオン / 【霊符】スイレン / 【日月】ルナリア / 【日月】ソラリア,ch2_shion / ch2_suiren / ch2_lunaria / ch2_solaria,3000,100,100,100,8.46,
heroes:3,【双藤】ネヴィア / 【双藤】エルミナ / 【聖翼】アウレ / 【聖翼】ノエル,ch2_nevia / ch2_elmina / ch2_aure / ch2_noelle,3000,100,100,100,5.15,
heroes:3,【剣姫】ネメシア / 【剣姫】エヴェリア / 【双鐘】フェルネ / 【双鐘】クラリス,ch2_nemesia / ch2_everia / ch2_ferne / ch2_clarisse,3000,100,100,100,5.96,
heroes:11,【霊符】シオン / 【霊符】スイレン / 【日月】ルナリア / 【日月】ソラリア,ch2_shion / ch2_suiren / ch2_lunaria / ch2_solaria,6000,100,98,98.0,8.12,
heroes:11,【双藤】ネヴィア / 【双藤】エルミナ / 【聖翼】アウレ / 【聖翼】ノエル,ch2_nevia / ch2_elmina / ch2_aure / ch2_noelle,6000,100,100,100,6.97,
heroes:11,【剣姫】ネメシア / 【剣姫】エヴェリア / 【双鐘】フェルネ / 【双鐘】クラリス,ch2_nemesia / ch2_everia / ch2_ferne / ch2_clarisse,6000,100,100,100,6.74,
heroes:19,【霊符】シオン / 【霊符】スイレン / 【日月】ルナリア / 【日月】ソラリア,ch2_shion / ch2_suiren / ch2_lunaria / ch2_solaria,10000,100,100,100,7.12,
heroes:19,【双藤】ネヴィア / 【双藤】エルミナ / 【聖翼】アウレ / 【聖翼】ノエル,ch2_nevia / ch2_elmina / ch2_aure / ch2_noelle,10000,100,100,100,5.34,
heroes:19,【剣姫】ネメシア / 【剣姫】エヴェリア / 【双鐘】フェルネ / 【双鐘】クラリス,ch2_nemesia / ch2_everia / ch2_ferne / ch2_clarisse,10000,100,100,100,5.78,
corridor:107,天翔聖馬ペガシエル / 終環蛇ヨルムンガルド / ベチー / 星葬姫ルミナリア,celestial_pegasus / world_serpent / bechi / storm_sovereign,7852,100,91,91.0,11.95,
corridor:107,原初不死鳥フェニクシア / 終環蛇ヨルムンガルド / 虚無鯨アビサリス / 永劫戦姫エタルキア,primordial_phoenix / world_serpent / crownless_hero / eternal_valkyrie,7852,100,77,77.0,18.36,
corridor:107,森羅王ケルヌンノス / 創世巨神ジェネゴリア / 虚無鯨アビサリス / 無窮九頭竜インフィニドラ,forest_cernunnos / genesis_golem / crownless_hero / infinite_hydra,7852,100,85,85.0,15.9,
corridor:107,熾天聖セラフィエル / 終環蛇ヨルムンガルド / 虚無鯨アビサリス / 星葬姫ルミナリア,seraphim / world_serpent / crownless_hero / storm_sovereign,7852,100,94,94.0,12.78,
corridor:85,原初不死鳥フェニクシア / 黒曜竜ヴァルグリム / 氷界皇ニヴルシア / 星葬姫ルミナリア,primordial_phoenix / earth_sovereign / frost_sovereign / storm_sovereign,940,100,65,65.0,11.74,
corridor:85,刻律機クロノギア / 獣界覇王ベヒモルク / ベチー / 星葬姫ルミナリア,time_keeper / king_behemoth / bechi / storm_sovereign,940,100,98,98.0,7.27,
corridor:85,原初不死鳥フェニクシア / 終環蛇ヨルムンガルド / 虚無鯨アビサリス / 永劫戦姫エタルキア,primordial_phoenix / world_serpent / crownless_hero / eternal_valkyrie,940,100,80,80.0,12.93,
campaign:100:ten_divinity,原初不死鳥フェニクシア / 終環蛇ヨルムンガルド / 氷界皇ニヴルシア / 星葬姫ルミナリア,primordial_phoenix / world_serpent / frost_sovereign / storm_sovereign,3000,100,79,79.0,16.28,
campaign:100:ten_divinity,刻律機クロノギア / 獣界覇王ベヒモルク / ベチー / 星葬姫ルミナリア,time_keeper / king_behemoth / bechi / storm_sovereign,3000,100,89,89.0,12.18,
campaign:100:ten_divinity,森羅王ケルヌンノス / 創世巨神ジェネゴリア / 虚無鯨アビサリス / 無窮九頭竜インフィニドラ,forest_cernunnos / genesis_golem / crownless_hero / infinite_hydra,3000,100,92,92.0,12.63,
campaign:100:ten_divinity,熾天聖セラフィエル / 終環蛇ヨルムンガルド / 虚無鯨アビサリス / 星葬姫ルミナリア,seraphim / world_serpent / crownless_hero / storm_sovereign,3000,100,95,95.0,10.63,
chapter:a1_heart:0,【剣姫】ネメシア / 【剣姫】エヴェリア / 灰燭の呪術師セネラ / 鎖翼竜ヴェルグ,ch2_nemesia / ch2_everia / ch2_senela / ch2_velg,1580,100,100,100,2.06,
chapter:a2_heart:0,【剣姫】ネメシア / 【剣姫】エヴェリア / 灰燭の呪術師セネラ / 鎖翼竜ヴェルグ,ch2_nemesia / ch2_everia / ch2_senela / ch2_velg,2180,100,100,100,2.02,
chapter:a3_heart:0,【剣姫】ネメシア / 【剣姫】エヴェリア / 灰燭の呪術師セネラ / 鎖翼竜ヴェルグ,ch2_nemesia / ch2_everia / ch2_senela / ch2_velg,2980,100,89,89.0,6.92,
chapter:a4_heart:0,【剣姫】ネメシア / 【剣姫】エヴェリア / 灰燭の呪術師セネラ / 鎖翼竜ヴェルグ,ch2_nemesia / ch2_everia / ch2_senela / ch2_velg,3980,100,93,93.0,3.16,
chapter:heart:0,【剣姫】ネメシア / 【剣姫】エヴェリア / 灰燭の呪術師セネラ / 鎖翼竜ヴェルグ,ch2_nemesia / ch2_everia / ch2_senela / ch2_velg,1200,100,100,100,1.09,
